,concept:name,time:timestamp,case:concept:name
0,c,1970-04-26 18:46:40,0
1,b,1970-04-26 18:46:41,0
2,e,1970-04-26 18:46:42,0
3,i,1970-04-26 18:46:43,0
4,n,1970-04-26 18:46:44,0
5,e,1970-04-26 18:46:45,1
6,f,1970-04-26 18:46:46,1
7,f,1970-04-26 18:46:47,1
8,f,1970-04-26 18:46:48,1
9,i,1970-04-26 18:46:49,1
10,m,1970-04-26 18:46:50,1
11,k,1970-04-26 18:46:51,1
12,m,1970-04-26 18:46:52,1
13,j,1970-04-26 18:46:53,1
14,m,1970-04-26 18:46:54,1
15,j,1970-04-26 18:46:55,1
16,l,1970-04-26 18:46:56,1
17,m,1970-04-26 18:46:57,1
18,j,1970-04-26 18:46:58,1
19,l,1970-04-26 18:46:59,1
20,l,1970-04-26 18:47:00,1
21,n,1970-04-26 18:47:01,1
22,b,1970-04-26 18:47:02,2
23,e,1970-04-26 18:47:03,2
24,f,1970-04-26 18:47:04,2
25,h,1970-04-26 18:47:05,2
26,f,1970-04-26 18:47:06,2
27,i,1970-04-26 18:47:07,2
28,j,1970-04-26 18:47:08,2
29,n,1970-04-26 18:47:09,2
30,d,1970-04-26 18:47:10,3
31,b,1970-04-26 18:47:11,3
32,d,1970-04-26 18:47:12,3
33,c,1970-04-26 18:47:13,3
34,e,1970-04-26 18:47:14,3
35,g,1970-04-26 18:47:15,3
36,i,1970-04-26 18:47:16,3
37,n,1970-04-26 18:47:17,3
38,e,1970-04-26 18:47:18,4
39,f,1970-04-26 18:47:19,4
40,f,1970-04-26 18:47:20,4
41,g,1970-04-26 18:47:21,4
42,i,1970-04-26 18:47:22,4
43,m,1970-04-26 18:47:23,4
44,m,1970-04-26 18:47:24,4
45,l,1970-04-26 18:47:25,4
46,n,1970-04-26 18:47:26,4
47,d,1970-04-26 18:47:27,5
48,d,1970-04-26 18:47:28,5
49,b,1970-04-26 18:47:29,5
50,b,1970-04-26 18:47:30,5
51,d,1970-04-26 18:47:31,5
52,b,1970-04-26 18:47:32,5
53,e,1970-04-26 18:47:33,5
54,g,1970-04-26 18:47:34,5
55,f,1970-04-26 18:47:35,5
56,f,1970-04-26 18:47:36,5
57,h,1970-04-26 18:47:37,5
58,i,1970-04-26 18:47:38,5
59,n,1970-04-26 18:47:39,5
60,c,1970-04-26 18:47:40,6
61,e,1970-04-26 18:47:41,6
62,i,1970-04-26 18:47:42,6
63,m,1970-04-26 18:47:43,6
64,j,1970-04-26 18:47:44,6
65,k,1970-04-26 18:47:45,6
66,l,1970-04-26 18:47:46,6
67,m,1970-04-26 18:47:47,6
68,n,1970-04-26 18:47:48,6
69,a,1970-04-26 18:47:49,7
70,c,1970-04-26 18:47:50,7
71,e,1970-04-26 18:47:51,7
72,i,1970-04-26 18:47:52,7
73,l,1970-04-26 18:47:53,7
74,n,1970-04-26 18:47:54,7
75,e,1970-04-26 18:47:55,8
76,h,1970-04-26 18:47:56,8
77,h,1970-04-26 18:47:57,8
78,i,1970-04-26 18:47:58,8
79,l,1970-04-26 18:47:59,8
80,m,1970-04-26 18:48:00,8
81,l,1970-04-26 18:48:01,8
82,m,1970-04-26 18:48:02,8
83,l,1970-04-26 18:48:03,8
84,j,1970-04-26 18:48:04,8
85,l,1970-04-26 18:48:05,8
86,m,1970-04-26 18:48:06,8
87,k,1970-04-26 18:48:07,8
88,m,1970-04-26 18:48:08,8
89,l,1970-04-26 18:48:09,8
90,m,1970-04-26 18:48:10,8
91,m,1970-04-26 18:48:11,8
92,m,1970-04-26 18:48:12,8
93,l,1970-04-26 18:48:13,8
94,n,1970-04-26 18:48:14,8
95,b,1970-04-26 18:48:15,9
96,e,1970-04-26 18:48:16,9
97,g,1970-04-26 18:48:17,9
98,f,1970-04-26 18:48:18,9
99,g,1970-04-26 18:48:19,9
100,h,1970-04-26 18:48:20,9
101,h,1970-04-26 18:48:21,9
102,f,1970-04-26 18:48:22,9
103,f,1970-04-26 18:48:23,9
104,g,1970-04-26 18:48:24,9
105,h,1970-04-26 18:48:25,9
106,h,1970-04-26 18:48:26,9
107,f,1970-04-26 18:48:27,9
108,h,1970-04-26 18:48:28,9
109,i,1970-04-26 18:48:29,9
110,j,1970-04-26 18:48:30,9
111,l,1970-04-26 18:48:31,9
112,j,1970-04-26 18:48:32,9
113,k,1970-04-26 18:48:33,9
114,m,1970-04-26 18:48:34,9
115,n,1970-04-26 18:48:35,9
116,e,1970-04-26 18:48:36,10
117,f,1970-04-26 18:48:37,10
118,g,1970-04-26 18:48:38,10
119,f,1970-04-26 18:48:39,10
120,h,1970-04-26 18:48:40,10
121,g,1970-04-26 18:48:41,10
122,h,1970-04-26 18:48:42,10
123,g,1970-04-26 18:48:43,10
124,i,1970-04-26 18:48:44,10
125,l,1970-04-26 18:48:45,10
126,m,1970-04-26 18:48:46,10
127,j,1970-04-26 18:48:47,10
128,l,1970-04-26 18:48:48,10
129,j,1970-04-26 18:48:49,10
130,j,1970-04-26 18:48:50,10
131,m,1970-04-26 18:48:51,10
132,k,1970-04-26 18:48:52,10
133,n,1970-04-26 18:48:53,10
134,a,1970-04-26 18:48:54,11
135,a,1970-04-26 18:48:55,11
136,b,1970-04-26 18:48:56,11
137,a,1970-04-26 18:48:57,11
138,d,1970-04-26 18:48:58,11
139,a,1970-04-26 18:48:59,11
140,c,1970-04-26 18:49:00,11
141,a,1970-04-26 18:49:01,11
142,a,1970-04-26 18:49:02,11
143,c,1970-04-26 18:49:03,11
144,c,1970-04-26 18:49:04,11
145,c,1970-04-26 18:49:05,11
146,c,1970-04-26 18:49:06,11
147,a,1970-04-26 18:49:07,11
148,e,1970-04-26 18:49:08,11
149,i,1970-04-26 18:49:09,11
150,l,1970-04-26 18:49:10,11
151,j,1970-04-26 18:49:11,11
152,n,1970-04-26 18:49:12,11
153,e,1970-04-26 18:49:13,12
154,f,1970-04-26 18:49:14,12
155,h,1970-04-26 18:49:15,12
156,g,1970-04-26 18:49:16,12
157,h,1970-04-26 18:49:17,12
158,i,1970-04-26 18:49:18,12
159,k,1970-04-26 18:49:19,12
160,n,1970-04-26 18:49:20,12
161,a,1970-04-26 18:49:21,13
162,e,1970-04-26 18:49:22,13
163,i,1970-04-26 18:49:23,13
164,k,1970-04-26 18:49:24,13
165,n,1970-04-26 18:49:25,13
166,e,1970-04-26 18:49:26,14
167,i,1970-04-26 18:49:27,14
168,l,1970-04-26 18:49:28,14
169,n,1970-04-26 18:49:29,14
170,b,1970-04-26 18:49:30,15
171,d,1970-04-26 18:49:31,15
172,b,1970-04-26 18:49:32,15
173,b,1970-04-26 18:49:33,15
174,d,1970-04-26 18:49:34,15
175,c,1970-04-26 18:49:35,15
176,e,1970-04-26 18:49:36,15
177,g,1970-04-26 18:49:37,15
178,h,1970-04-26 18:49:38,15
179,i,1970-04-26 18:49:39,15
180,l,1970-04-26 18:49:40,15
181,k,1970-04-26 18:49:41,15
182,l,1970-04-26 18:49:42,15
183,k,1970-04-26 18:49:43,15
184,j,1970-04-26 18:49:44,15
185,l,1970-04-26 18:49:45,15
186,m,1970-04-26 18:49:46,15
187,l,1970-04-26 18:49:47,15
188,l,1970-04-26 18:49:48,15
189,m,1970-04-26 18:49:49,15
190,j,1970-04-26 18:49:50,15
191,k,1970-04-26 18:49:51,15
192,n,1970-04-26 18:49:52,15
193,e,1970-04-26 18:49:53,16
194,i,1970-04-26 18:49:54,16
195,j,1970-04-26 18:49:55,16
196,m,1970-04-26 18:49:56,16
197,j,1970-04-26 18:49:57,16
198,m,1970-04-26 18:49:58,16
199,j,1970-04-26 18:49:59,16
200,k,1970-04-26 18:50:00,16
201,n,1970-04-26 18:50:01,16
202,d,1970-04-26 18:50:02,17
203,a,1970-04-26 18:50:03,17
204,e,1970-04-26 18:50:04,17
205,i,1970-04-26 18:50:05,17
206,m,1970-04-26 18:50:06,17
207,j,1970-04-26 18:50:07,17
208,j,1970-04-26 18:50:08,17
209,l,1970-04-26 18:50:09,17
210,l,1970-04-26 18:50:10,17
211,j,1970-04-26 18:50:11,17
212,m,1970-04-26 18:50:12,17
213,m,1970-04-26 18:50:13,17
214,m,1970-04-26 18:50:14,17
215,m,1970-04-26 18:50:15,17
216,k,1970-04-26 18:50:16,17
217,n,1970-04-26 18:50:17,17
218,e,1970-04-26 18:50:18,18
219,h,1970-04-26 18:50:19,18
220,h,1970-04-26 18:50:20,18
221,g,1970-04-26 18:50:21,18
222,f,1970-04-26 18:50:22,18
223,f,1970-04-26 18:50:23,18
224,f,1970-04-26 18:50:24,18
225,h,1970-04-26 18:50:25,18
226,f,1970-04-26 18:50:26,18
227,i,1970-04-26 18:50:27,18
228,k,1970-04-26 18:50:28,18
229,j,1970-04-26 18:50:29,18
230,j,1970-04-26 18:50:30,18
231,k,1970-04-26 18:50:31,18
232,j,1970-04-26 18:50:32,18
233,n,1970-04-26 18:50:33,18
234,b,1970-04-26 18:50:34,19
235,a,1970-04-26 18:50:35,19
236,d,1970-04-26 18:50:36,19
237,c,1970-04-26 18:50:37,19
238,e,1970-04-26 18:50:38,19
239,h,1970-04-26 18:50:39,19
240,g,1970-04-26 18:50:40,19
241,g,1970-04-26 18:50:41,19
242,h,1970-04-26 18:50:42,19
243,f,1970-04-26 18:50:43,19
244,i,1970-04-26 18:50:44,19
245,l,1970-04-26 18:50:45,19
246,l,1970-04-26 18:50:46,19
247,l,1970-04-26 18:50:47,19
248,n,1970-04-26 18:50:48,19
249,c,1970-04-26 18:50:49,20
250,c,1970-04-26 18:50:50,20
251,d,1970-04-26 18:50:51,20
252,a,1970-04-26 18:50:52,20
253,b,1970-04-26 18:50:53,20
254,c,1970-04-26 18:50:54,20
255,d,1970-04-26 18:50:55,20
256,d,1970-04-26 18:50:56,20
257,e,1970-04-26 18:50:57,20
258,f,1970-04-26 18:50:58,20
259,f,1970-04-26 18:50:59,20
260,h,1970-04-26 18:51:00,20
261,g,1970-04-26 18:51:01,20
262,f,1970-04-26 18:51:02,20
263,i,1970-04-26 18:51:03,20
264,k,1970-04-26 18:51:04,20
265,n,1970-04-26 18:51:05,20
266,a,1970-04-26 18:51:06,21
267,b,1970-04-26 18:51:07,21
268,e,1970-04-26 18:51:08,21
269,g,1970-04-26 18:51:09,21
270,f,1970-04-26 18:51:10,21
271,g,1970-04-26 18:51:11,21
272,h,1970-04-26 18:51:12,21
273,g,1970-04-26 18:51:13,21
274,i,1970-04-26 18:51:14,21
275,l,1970-04-26 18:51:15,21
276,l,1970-04-26 18:51:16,21
277,j,1970-04-26 18:51:17,21
278,l,1970-04-26 18:51:18,21
279,m,1970-04-26 18:51:19,21
280,m,1970-04-26 18:51:20,21
281,l,1970-04-26 18:51:21,21
282,l,1970-04-26 18:51:22,21
283,m,1970-04-26 18:51:23,21
284,j,1970-04-26 18:51:24,21
285,n,1970-04-26 18:51:25,21
286,c,1970-04-26 18:51:26,22
287,a,1970-04-26 18:51:27,22
288,d,1970-04-26 18:51:28,22
289,e,1970-04-26 18:51:29,22
290,f,1970-04-26 18:51:30,22
291,g,1970-04-26 18:51:31,22
292,f,1970-04-26 18:51:32,22
293,h,1970-04-26 18:51:33,22
294,g,1970-04-26 18:51:34,22
295,i,1970-04-26 18:51:35,22
296,k,1970-04-26 18:51:36,22
297,l,1970-04-26 18:51:37,22
298,j,1970-04-26 18:51:38,22
299,m,1970-04-26 18:51:39,22
300,n,1970-04-26 18:51:40,22
301,d,1970-04-26 18:51:41,23
302,c,1970-04-26 18:51:42,23
303,c,1970-04-26 18:51:43,23
304,a,1970-04-26 18:51:44,23
305,a,1970-04-26 18:51:45,23
306,b,1970-04-26 18:51:46,23
307,e,1970-04-26 18:51:47,23
308,f,1970-04-26 18:51:48,23
309,f,1970-04-26 18:51:49,23
310,g,1970-04-26 18:51:50,23
311,h,1970-04-26 18:51:51,23
312,f,1970-04-26 18:51:52,23
313,f,1970-04-26 18:51:53,23
314,g,1970-04-26 18:51:54,23
315,h,1970-04-26 18:51:55,23
316,f,1970-04-26 18:51:56,23
317,f,1970-04-26 18:51:57,23
318,h,1970-04-26 18:51:58,23
319,i,1970-04-26 18:51:59,23
320,m,1970-04-26 18:52:00,23
321,m,1970-04-26 18:52:01,23
322,j,1970-04-26 18:52:02,23
323,k,1970-04-26 18:52:03,23
324,j,1970-04-26 18:52:04,23
325,l,1970-04-26 18:52:05,23
326,l,1970-04-26 18:52:06,23
327,l,1970-04-26 18:52:07,23
328,m,1970-04-26 18:52:08,23
329,k,1970-04-26 18:52:09,23
330,n,1970-04-26 18:52:10,23
331,b,1970-04-26 18:52:11,24
332,c,1970-04-26 18:52:12,24
333,e,1970-04-26 18:52:13,24
334,h,1970-04-26 18:52:14,24
335,g,1970-04-26 18:52:15,24
336,g,1970-04-26 18:52:16,24
337,h,1970-04-26 18:52:17,24
338,g,1970-04-26 18:52:18,24
339,g,1970-04-26 18:52:19,24
340,g,1970-04-26 18:52:20,24
341,h,1970-04-26 18:52:21,24
342,f,1970-04-26 18:52:22,24
343,h,1970-04-26 18:52:23,24
344,g,1970-04-26 18:52:24,24
345,f,1970-04-26 18:52:25,24
346,i,1970-04-26 18:52:26,24
347,m,1970-04-26 18:52:27,24
348,l,1970-04-26 18:52:28,24
349,m,1970-04-26 18:52:29,24
350,n,1970-04-26 18:52:30,24
351,e,1970-04-26 18:52:31,25
352,i,1970-04-26 18:52:32,25
353,n,1970-04-26 18:52:33,25
354,d,1970-04-26 18:52:34,26
355,c,1970-04-26 18:52:35,26
356,b,1970-04-26 18:52:36,26
357,c,1970-04-26 18:52:37,26
358,a,1970-04-26 18:52:38,26
359,b,1970-04-26 18:52:39,26
360,c,1970-04-26 18:52:40,26
361,c,1970-04-26 18:52:41,26
362,c,1970-04-26 18:52:42,26
363,a,1970-04-26 18:52:43,26
364,c,1970-04-26 18:52:44,26
365,a,1970-04-26 18:52:45,26
366,d,1970-04-26 18:52:46,26
367,c,1970-04-26 18:52:47,26
368,d,1970-04-26 18:52:48,26
369,a,1970-04-26 18:52:49,26
370,e,1970-04-26 18:52:50,26
371,f,1970-04-26 18:52:51,26
372,i,1970-04-26 18:52:52,26
373,m,1970-04-26 18:52:53,26
374,n,1970-04-26 18:52:54,26
375,c,1970-04-26 18:52:55,27
376,b,1970-04-26 18:52:56,27
377,e,1970-04-26 18:52:57,27
378,f,1970-04-26 18:52:58,27
379,f,1970-04-26 18:52:59,27
380,g,1970-04-26 18:53:00,27
381,i,1970-04-26 18:53:01,27
382,j,1970-04-26 18:53:02,27
383,j,1970-04-26 18:53:03,27
384,k,1970-04-26 18:53:04,27
385,k,1970-04-26 18:53:05,27
386,n,1970-04-26 18:53:06,27
387,a,1970-04-26 18:53:07,28
388,c,1970-04-26 18:53:08,28
389,a,1970-04-26 18:53:09,28
390,d,1970-04-26 18:53:10,28
391,e,1970-04-26 18:53:11,28
392,g,1970-04-26 18:53:12,28
393,h,1970-04-26 18:53:13,28
394,h,1970-04-26 18:53:14,28
395,g,1970-04-26 18:53:15,28
396,h,1970-04-26 18:53:16,28
397,f,1970-04-26 18:53:17,28
398,g,1970-04-26 18:53:18,28
399,i,1970-04-26 18:53:19,28
400,m,1970-04-26 18:53:20,28
401,k,1970-04-26 18:53:21,28
402,l,1970-04-26 18:53:22,28
403,n,1970-04-26 18:53:23,28
404,b,1970-04-26 18:53:24,29
405,c,1970-04-26 18:53:25,29
406,e,1970-04-26 18:53:26,29
407,g,1970-04-26 18:53:27,29
408,i,1970-04-26 18:53:28,29
409,l,1970-04-26 18:53:29,29
410,n,1970-04-26 18:53:30,29
411,b,1970-04-26 18:53:31,30
412,b,1970-04-26 18:53:32,30
413,a,1970-04-26 18:53:33,30
414,d,1970-04-26 18:53:34,30
415,d,1970-04-26 18:53:35,30
416,e,1970-04-26 18:53:36,30
417,f,1970-04-26 18:53:37,30
418,h,1970-04-26 18:53:38,30
419,i,1970-04-26 18:53:39,30
420,m,1970-04-26 18:53:40,30
421,j,1970-04-26 18:53:41,30
422,l,1970-04-26 18:53:42,30
423,l,1970-04-26 18:53:43,30
424,j,1970-04-26 18:53:44,30
425,j,1970-04-26 18:53:45,30
426,m,1970-04-26 18:53:46,30
427,n,1970-04-26 18:53:47,30
428,a,1970-04-26 18:53:48,31
429,b,1970-04-26 18:53:49,31
430,b,1970-04-26 18:53:50,31
431,e,1970-04-26 18:53:51,31
432,i,1970-04-26 18:53:52,31
433,m,1970-04-26 18:53:53,31
434,n,1970-04-26 18:53:54,31
435,a,1970-04-26 18:53:55,32
436,e,1970-04-26 18:53:56,32
437,f,1970-04-26 18:53:57,32
438,g,1970-04-26 18:53:58,32
439,g,1970-04-26 18:53:59,32
440,g,1970-04-26 18:54:00,32
441,f,1970-04-26 18:54:01,32
442,h,1970-04-26 18:54:02,32
443,f,1970-04-26 18:54:03,32
444,h,1970-04-26 18:54:04,32
445,i,1970-04-26 18:54:05,32
446,m,1970-04-26 18:54:06,32
447,j,1970-04-26 18:54:07,32
448,k,1970-04-26 18:54:08,32
449,l,1970-04-26 18:54:09,32
450,k,1970-04-26 18:54:10,32
451,j,1970-04-26 18:54:11,32
452,m,1970-04-26 18:54:12,32
453,j,1970-04-26 18:54:13,32
454,j,1970-04-26 18:54:14,32
455,l,1970-04-26 18:54:15,32
456,n,1970-04-26 18:54:16,32
457,a,1970-04-26 18:54:17,33
458,b,1970-04-26 18:54:18,33
459,b,1970-04-26 18:54:19,33
460,c,1970-04-26 18:54:20,33
461,d,1970-04-26 18:54:21,33
462,c,1970-04-26 18:54:22,33
463,b,1970-04-26 18:54:23,33
464,e,1970-04-26 18:54:24,33
465,f,1970-04-26 18:54:25,33
466,f,1970-04-26 18:54:26,33
467,g,1970-04-26 18:54:27,33
468,f,1970-04-26 18:54:28,33
469,i,1970-04-26 18:54:29,33
470,m,1970-04-26 18:54:30,33
471,l,1970-04-26 18:54:31,33
472,n,1970-04-26 18:54:32,33
473,a,1970-04-26 18:54:33,34
474,b,1970-04-26 18:54:34,34
475,c,1970-04-26 18:54:35,34
476,c,1970-04-26 18:54:36,34
477,a,1970-04-26 18:54:37,34
478,c,1970-04-26 18:54:38,34
479,e,1970-04-26 18:54:39,34
480,h,1970-04-26 18:54:40,34
481,h,1970-04-26 18:54:41,34
482,i,1970-04-26 18:54:42,34
483,j,1970-04-26 18:54:43,34
484,k,1970-04-26 18:54:44,34
485,n,1970-04-26 18:54:45,34
486,b,1970-04-26 18:54:46,35
487,a,1970-04-26 18:54:47,35
488,e,1970-04-26 18:54:48,35
489,h,1970-04-26 18:54:49,35
490,h,1970-04-26 18:54:50,35
491,g,1970-04-26 18:54:51,35
492,f,1970-04-26 18:54:52,35
493,h,1970-04-26 18:54:53,35
494,h,1970-04-26 18:54:54,35
495,f,1970-04-26 18:54:55,35
496,h,1970-04-26 18:54:56,35
497,g,1970-04-26 18:54:57,35
498,i,1970-04-26 18:54:58,35
499,l,1970-04-26 18:54:59,35
500,j,1970-04-26 18:55:00,35
501,m,1970-04-26 18:55:01,35
502,n,1970-04-26 18:55:02,35
503,a,1970-04-26 18:55:03,36
504,d,1970-04-26 18:55:04,36
505,e,1970-04-26 18:55:05,36
506,g,1970-04-26 18:55:06,36
507,g,1970-04-26 18:55:07,36
508,h,1970-04-26 18:55:08,36
509,f,1970-04-26 18:55:09,36
510,h,1970-04-26 18:55:10,36
511,g,1970-04-26 18:55:11,36
512,f,1970-04-26 18:55:12,36
513,i,1970-04-26 18:55:13,36
514,k,1970-04-26 18:55:14,36
515,n,1970-04-26 18:55:15,36
516,b,1970-04-26 18:55:16,37
517,e,1970-04-26 18:55:17,37
518,h,1970-04-26 18:55:18,37
519,i,1970-04-26 18:55:19,37
520,j,1970-04-26 18:55:20,37
521,j,1970-04-26 18:55:21,37
522,k,1970-04-26 18:55:22,37
523,n,1970-04-26 18:55:23,37
524,a,1970-04-26 18:55:24,38
525,e,1970-04-26 18:55:25,38
526,h,1970-04-26 18:55:26,38
527,g,1970-04-26 18:55:27,38
528,f,1970-04-26 18:55:28,38
529,i,1970-04-26 18:55:29,38
530,l,1970-04-26 18:55:30,38
531,l,1970-04-26 18:55:31,38
532,j,1970-04-26 18:55:32,38
533,m,1970-04-26 18:55:33,38
534,n,1970-04-26 18:55:34,38
535,e,1970-04-26 18:55:35,39
536,h,1970-04-26 18:55:36,39
537,g,1970-04-26 18:55:37,39
538,i,1970-04-26 18:55:38,39
539,n,1970-04-26 18:55:39,39
540,d,1970-04-26 18:55:40,40
541,a,1970-04-26 18:55:41,40
542,e,1970-04-26 18:55:42,40
543,f,1970-04-26 18:55:43,40
544,i,1970-04-26 18:55:44,40
545,n,1970-04-26 18:55:45,40
546,a,1970-04-26 18:55:46,41
547,b,1970-04-26 18:55:47,41
548,e,1970-04-26 18:55:48,41
549,i,1970-04-26 18:55:49,41
550,m,1970-04-26 18:55:50,41
551,j,1970-04-26 18:55:51,41
552,m,1970-04-26 18:55:52,41
553,m,1970-04-26 18:55:53,41
554,n,1970-04-26 18:55:54,41
555,c,1970-04-26 18:55:55,42
556,b,1970-04-26 18:55:56,42
557,b,1970-04-26 18:55:57,42
558,a,1970-04-26 18:55:58,42
559,e,1970-04-26 18:55:59,42
560,f,1970-04-26 18:56:00,42
561,f,1970-04-26 18:56:01,42
562,h,1970-04-26 18:56:02,42
563,g,1970-04-26 18:56:03,42
564,f,1970-04-26 18:56:04,42
565,h,1970-04-26 18:56:05,42
566,h,1970-04-26 18:56:06,42
567,i,1970-04-26 18:56:07,42
568,m,1970-04-26 18:56:08,42
569,k,1970-04-26 18:56:09,42
570,n,1970-04-26 18:56:10,42
571,c,1970-04-26 18:56:11,43
572,a,1970-04-26 18:56:12,43
573,b,1970-04-26 18:56:13,43
574,e,1970-04-26 18:56:14,43
575,g,1970-04-26 18:56:15,43
576,h,1970-04-26 18:56:16,43
577,i,1970-04-26 18:56:17,43
578,j,1970-04-26 18:56:18,43
579,n,1970-04-26 18:56:19,43
580,d,1970-04-26 18:56:20,44
581,c,1970-04-26 18:56:21,44
582,b,1970-04-26 18:56:22,44
583,b,1970-04-26 18:56:23,44
584,a,1970-04-26 18:56:24,44
585,e,1970-04-26 18:56:25,44
586,g,1970-04-26 18:56:26,44
587,f,1970-04-26 18:56:27,44
588,f,1970-04-26 18:56:28,44
589,i,1970-04-26 18:56:29,44
590,j,1970-04-26 18:56:30,44
591,j,1970-04-26 18:56:31,44
592,l,1970-04-26 18:56:32,44
593,m,1970-04-26 18:56:33,44
594,k,1970-04-26 18:56:34,44
595,j,1970-04-26 18:56:35,44
596,k,1970-04-26 18:56:36,44
597,j,1970-04-26 18:56:37,44
598,k,1970-04-26 18:56:38,44
599,k,1970-04-26 18:56:39,44
600,j,1970-04-26 18:56:40,44
601,k,1970-04-26 18:56:41,44
602,l,1970-04-26 18:56:42,44
603,l,1970-04-26 18:56:43,44
604,j,1970-04-26 18:56:44,44
605,m,1970-04-26 18:56:45,44
606,l,1970-04-26 18:56:46,44
607,l,1970-04-26 18:56:47,44
608,m,1970-04-26 18:56:48,44
609,m,1970-04-26 18:56:49,44
610,j,1970-04-26 18:56:50,44
611,n,1970-04-26 18:56:51,44
612,c,1970-04-26 18:56:52,45
613,c,1970-04-26 18:56:53,45
614,a,1970-04-26 18:56:54,45
615,d,1970-04-26 18:56:55,45
616,b,1970-04-26 18:56:56,45
617,d,1970-04-26 18:56:57,45
618,b,1970-04-26 18:56:58,45
619,c,1970-04-26 18:56:59,45
620,d,1970-04-26 18:57:00,45
621,c,1970-04-26 18:57:01,45
622,d,1970-04-26 18:57:02,45
623,d,1970-04-26 18:57:03,45
624,d,1970-04-26 18:57:04,45
625,e,1970-04-26 18:57:05,45
626,i,1970-04-26 18:57:06,45
627,m,1970-04-26 18:57:07,45
628,k,1970-04-26 18:57:08,45
629,j,1970-04-26 18:57:09,45
630,m,1970-04-26 18:57:10,45
631,k,1970-04-26 18:57:11,45
632,j,1970-04-26 18:57:12,45
633,j,1970-04-26 18:57:13,45
634,j,1970-04-26 18:57:14,45
635,n,1970-04-26 18:57:15,45
636,d,1970-04-26 18:57:16,46
637,e,1970-04-26 18:57:17,46
638,h,1970-04-26 18:57:18,46
639,h,1970-04-26 18:57:19,46
640,f,1970-04-26 18:57:20,46
641,i,1970-04-26 18:57:21,46
642,j,1970-04-26 18:57:22,46
643,m,1970-04-26 18:57:23,46
644,j,1970-04-26 18:57:24,46
645,k,1970-04-26 18:57:25,46
646,n,1970-04-26 18:57:26,46
647,d,1970-04-26 18:57:27,47
648,e,1970-04-26 18:57:28,47
649,f,1970-04-26 18:57:29,47
650,g,1970-04-26 18:57:30,47
651,g,1970-04-26 18:57:31,47
652,h,1970-04-26 18:57:32,47
653,f,1970-04-26 18:57:33,47
654,i,1970-04-26 18:57:34,47
655,k,1970-04-26 18:57:35,47
656,l,1970-04-26 18:57:36,47
657,j,1970-04-26 18:57:37,47
658,n,1970-04-26 18:57:38,47
659,c,1970-04-26 18:57:39,48
660,e,1970-04-26 18:57:40,48
661,i,1970-04-26 18:57:41,48
662,m,1970-04-26 18:57:42,48
663,l,1970-04-26 18:57:43,48
664,l,1970-04-26 18:57:44,48
665,n,1970-04-26 18:57:45,48
666,a,1970-04-26 18:57:46,49
667,a,1970-04-26 18:57:47,49
668,c,1970-04-26 18:57:48,49
669,e,1970-04-26 18:57:49,49
670,g,1970-04-26 18:57:50,49
671,h,1970-04-26 18:57:51,49
672,i,1970-04-26 18:57:52,49
673,j,1970-04-26 18:57:53,49
674,k,1970-04-26 18:57:54,49
675,l,1970-04-26 18:57:55,49
676,m,1970-04-26 18:57:56,49
677,k,1970-04-26 18:57:57,49
678,k,1970-04-26 18:57:58,49
679,k,1970-04-26 18:57:59,49
680,l,1970-04-26 18:58:00,49
681,m,1970-04-26 18:58:01,49
682,m,1970-04-26 18:58:02,49
683,n,1970-04-26 18:58:03,49
684,b,1970-04-26 18:58:04,50
685,c,1970-04-26 18:58:05,50
686,b,1970-04-26 18:58:06,50
687,d,1970-04-26 18:58:07,50
688,e,1970-04-26 18:58:08,50
689,f,1970-04-26 18:58:09,50
690,g,1970-04-26 18:58:10,50
691,i,1970-04-26 18:58:11,50
692,n,1970-04-26 18:58:12,50
693,a,1970-04-26 18:58:13,51
694,a,1970-04-26 18:58:14,51
695,c,1970-04-26 18:58:15,51
696,c,1970-04-26 18:58:16,51
697,b,1970-04-26 18:58:17,51
698,e,1970-04-26 18:58:18,51
699,f,1970-04-26 18:58:19,51
700,g,1970-04-26 18:58:20,51
701,g,1970-04-26 18:58:21,51
702,i,1970-04-26 18:58:22,51
703,j,1970-04-26 18:58:23,51
704,l,1970-04-26 18:58:24,51
705,k,1970-04-26 18:58:25,51
706,l,1970-04-26 18:58:26,51
707,l,1970-04-26 18:58:27,51
708,k,1970-04-26 18:58:28,51
709,j,1970-04-26 18:58:29,51
710,j,1970-04-26 18:58:30,51
711,j,1970-04-26 18:58:31,51
712,l,1970-04-26 18:58:32,51
713,j,1970-04-26 18:58:33,51
714,m,1970-04-26 18:58:34,51
715,k,1970-04-26 18:58:35,51
716,l,1970-04-26 18:58:36,51
717,k,1970-04-26 18:58:37,51
718,m,1970-04-26 18:58:38,51
719,j,1970-04-26 18:58:39,51
720,l,1970-04-26 18:58:40,51
721,m,1970-04-26 18:58:41,51
722,n,1970-04-26 18:58:42,51
723,c,1970-04-26 18:58:43,52
724,c,1970-04-26 18:58:44,52
725,a,1970-04-26 18:58:45,52
726,d,1970-04-26 18:58:46,52
727,b,1970-04-26 18:58:47,52
728,c,1970-04-26 18:58:48,52
729,b,1970-04-26 18:58:49,52
730,c,1970-04-26 18:58:50,52
731,c,1970-04-26 18:58:51,52
732,a,1970-04-26 18:58:52,52
733,e,1970-04-26 18:58:53,52
734,h,1970-04-26 18:58:54,52
735,g,1970-04-26 18:58:55,52
736,f,1970-04-26 18:58:56,52
737,i,1970-04-26 18:58:57,52
738,n,1970-04-26 18:58:58,52
739,a,1970-04-26 18:58:59,53
740,b,1970-04-26 18:59:00,53
741,d,1970-04-26 18:59:01,53
742,c,1970-04-26 18:59:02,53
743,e,1970-04-26 18:59:03,53
744,i,1970-04-26 18:59:04,53
745,j,1970-04-26 18:59:05,53
746,j,1970-04-26 18:59:06,53
747,l,1970-04-26 18:59:07,53
748,n,1970-04-26 18:59:08,53
749,b,1970-04-26 18:59:09,54
750,e,1970-04-26 18:59:10,54
751,f,1970-04-26 18:59:11,54
752,h,1970-04-26 18:59:12,54
753,h,1970-04-26 18:59:13,54
754,i,1970-04-26 18:59:14,54
755,j,1970-04-26 18:59:15,54
756,j,1970-04-26 18:59:16,54
757,m,1970-04-26 18:59:17,54
758,j,1970-04-26 18:59:18,54
759,j,1970-04-26 18:59:19,54
760,k,1970-04-26 18:59:20,54
761,j,1970-04-26 18:59:21,54
762,l,1970-04-26 18:59:22,54
763,l,1970-04-26 18:59:23,54
764,m,1970-04-26 18:59:24,54
765,l,1970-04-26 18:59:25,54
766,l,1970-04-26 18:59:26,54
767,l,1970-04-26 18:59:27,54
768,l,1970-04-26 18:59:28,54
769,n,1970-04-26 18:59:29,54
770,d,1970-04-26 18:59:30,55
771,c,1970-04-26 18:59:31,55
772,c,1970-04-26 18:59:32,55
773,a,1970-04-26 18:59:33,55
774,c,1970-04-26 18:59:34,55
775,c,1970-04-26 18:59:35,55
776,d,1970-04-26 18:59:36,55
777,d,1970-04-26 18:59:37,55
778,a,1970-04-26 18:59:38,55
779,c,1970-04-26 18:59:39,55
780,d,1970-04-26 18:59:40,55
781,b,1970-04-26 18:59:41,55
782,a,1970-04-26 18:59:42,55
783,e,1970-04-26 18:59:43,55
784,g,1970-04-26 18:59:44,55
785,f,1970-04-26 18:59:45,55
786,h,1970-04-26 18:59:46,55
787,g,1970-04-26 18:59:47,55
788,g,1970-04-26 18:59:48,55
789,h,1970-04-26 18:59:49,55
790,i,1970-04-26 18:59:50,55
791,m,1970-04-26 18:59:51,55
792,n,1970-04-26 18:59:52,55
793,b,1970-04-26 18:59:53,56
794,d,1970-04-26 18:59:54,56
795,e,1970-04-26 18:59:55,56
796,h,1970-04-26 18:59:56,56
797,f,1970-04-26 18:59:57,56
798,g,1970-04-26 18:59:58,56
799,g,1970-04-26 18:59:59,56
800,h,1970-04-26 19:00:00,56
801,h,1970-04-26 19:00:01,56
802,g,1970-04-26 19:00:02,56
803,h,1970-04-26 19:00:03,56
804,g,1970-04-26 19:00:04,56
805,g,1970-04-26 19:00:05,56
806,g,1970-04-26 19:00:06,56
807,i,1970-04-26 19:00:07,56
808,j,1970-04-26 19:00:08,56
809,l,1970-04-26 19:00:09,56
810,j,1970-04-26 19:00:10,56
811,n,1970-04-26 19:00:11,56
812,c,1970-04-26 19:00:12,57
813,c,1970-04-26 19:00:13,57
814,e,1970-04-26 19:00:14,57
815,h,1970-04-26 19:00:15,57
816,f,1970-04-26 19:00:16,57
817,f,1970-04-26 19:00:17,57
818,f,1970-04-26 19:00:18,57
819,h,1970-04-26 19:00:19,57
820,f,1970-04-26 19:00:20,57
821,i,1970-04-26 19:00:21,57
822,n,1970-04-26 19:00:22,57
823,c,1970-04-26 19:00:23,58
824,c,1970-04-26 19:00:24,58
825,a,1970-04-26 19:00:25,58
826,e,1970-04-26 19:00:26,58
827,h,1970-04-26 19:00:27,58
828,g,1970-04-26 19:00:28,58
829,g,1970-04-26 19:00:29,58
830,h,1970-04-26 19:00:30,58
831,i,1970-04-26 19:00:31,58
832,k,1970-04-26 19:00:32,58
833,n,1970-04-26 19:00:33,58
834,a,1970-04-26 19:00:34,59
835,e,1970-04-26 19:00:35,59
836,g,1970-04-26 19:00:36,59
837,i,1970-04-26 19:00:37,59
838,m,1970-04-26 19:00:38,59
839,k,1970-04-26 19:00:39,59
840,m,1970-04-26 19:00:40,59
841,m,1970-04-26 19:00:41,59
842,k,1970-04-26 19:00:42,59
843,n,1970-04-26 19:00:43,59
844,d,1970-04-26 19:00:44,60
845,e,1970-04-26 19:00:45,60
846,f,1970-04-26 19:00:46,60
847,i,1970-04-26 19:00:47,60
848,n,1970-04-26 19:00:48,60
849,d,1970-04-26 19:00:49,61
850,b,1970-04-26 19:00:50,61
851,c,1970-04-26 19:00:51,61
852,a,1970-04-26 19:00:52,61
853,b,1970-04-26 19:00:53,61
854,d,1970-04-26 19:00:54,61
855,c,1970-04-26 19:00:55,61
856,c,1970-04-26 19:00:56,61
857,b,1970-04-26 19:00:57,61
858,c,1970-04-26 19:00:58,61
859,c,1970-04-26 19:00:59,61
860,d,1970-04-26 19:01:00,61
861,d,1970-04-26 19:01:01,61
862,c,1970-04-26 19:01:02,61
863,b,1970-04-26 19:01:03,61
864,c,1970-04-26 19:01:04,61
865,a,1970-04-26 19:01:05,61
866,c,1970-04-26 19:01:06,61
867,d,1970-04-26 19:01:07,61
868,c,1970-04-26 19:01:08,61
869,e,1970-04-26 19:01:09,61
870,h,1970-04-26 19:01:10,61
871,g,1970-04-26 19:01:11,61
872,h,1970-04-26 19:01:12,61
873,g,1970-04-26 19:01:13,61
874,f,1970-04-26 19:01:14,61
875,f,1970-04-26 19:01:15,61
876,i,1970-04-26 19:01:16,61
877,n,1970-04-26 19:01:17,61
878,d,1970-04-26 19:01:18,62
879,c,1970-04-26 19:01:19,62
880,c,1970-04-26 19:01:20,62
881,e,1970-04-26 19:01:21,62
882,g,1970-04-26 19:01:22,62
883,h,1970-04-26 19:01:23,62
884,f,1970-04-26 19:01:24,62
885,h,1970-04-26 19:01:25,62
886,h,1970-04-26 19:01:26,62
887,i,1970-04-26 19:01:27,62
888,j,1970-04-26 19:01:28,62
889,j,1970-04-26 19:01:29,62
890,n,1970-04-26 19:01:30,62
891,d,1970-04-26 19:01:31,63
892,b,1970-04-26 19:01:32,63
893,c,1970-04-26 19:01:33,63
894,d,1970-04-26 19:01:34,63
895,a,1970-04-26 19:01:35,63
896,a,1970-04-26 19:01:36,63
897,d,1970-04-26 19:01:37,63
898,a,1970-04-26 19:01:38,63
899,c,1970-04-26 19:01:39,63
900,e,1970-04-26 19:01:40,63
901,i,1970-04-26 19:01:41,63
902,m,1970-04-26 19:01:42,63
903,n,1970-04-26 19:01:43,63
904,b,1970-04-26 19:01:44,64
905,d,1970-04-26 19:01:45,64
906,b,1970-04-26 19:01:46,64
907,a,1970-04-26 19:01:47,64
908,a,1970-04-26 19:01:48,64
909,a,1970-04-26 19:01:49,64
910,b,1970-04-26 19:01:50,64
911,c,1970-04-26 19:01:51,64
912,c,1970-04-26 19:01:52,64
913,b,1970-04-26 19:01:53,64
914,a,1970-04-26 19:01:54,64
915,a,1970-04-26 19:01:55,64
916,d,1970-04-26 19:01:56,64
917,b,1970-04-26 19:01:57,64
918,c,1970-04-26 19:01:58,64
919,d,1970-04-26 19:01:59,64
920,b,1970-04-26 19:02:00,64
921,d,1970-04-26 19:02:01,64
922,c,1970-04-26 19:02:02,64
923,c,1970-04-26 19:02:03,64
924,b,1970-04-26 19:02:04,64
925,c,1970-04-26 19:02:05,64
926,b,1970-04-26 19:02:06,64
927,b,1970-04-26 19:02:07,64
928,c,1970-04-26 19:02:08,64
929,e,1970-04-26 19:02:09,64
930,g,1970-04-26 19:02:10,64
931,g,1970-04-26 19:02:11,64
932,h,1970-04-26 19:02:12,64
933,g,1970-04-26 19:02:13,64
934,f,1970-04-26 19:02:14,64
935,i,1970-04-26 19:02:15,64
936,n,1970-04-26 19:02:16,64
937,e,1970-04-26 19:02:17,65
938,h,1970-04-26 19:02:18,65
939,f,1970-04-26 19:02:19,65
940,h,1970-04-26 19:02:20,65
941,i,1970-04-26 19:02:21,65
942,m,1970-04-26 19:02:22,65
943,n,1970-04-26 19:02:23,65
944,a,1970-04-26 19:02:24,66
945,c,1970-04-26 19:02:25,66
946,c,1970-04-26 19:02:26,66
947,c,1970-04-26 19:02:27,66
948,d,1970-04-26 19:02:28,66
949,e,1970-04-26 19:02:29,66
950,g,1970-04-26 19:02:30,66
951,h,1970-04-26 19:02:31,66
952,i,1970-04-26 19:02:32,66
953,k,1970-04-26 19:02:33,66
954,k,1970-04-26 19:02:34,66
955,m,1970-04-26 19:02:35,66
956,j,1970-04-26 19:02:36,66
957,m,1970-04-26 19:02:37,66
958,j,1970-04-26 19:02:38,66
959,l,1970-04-26 19:02:39,66
960,l,1970-04-26 19:02:40,66
961,m,1970-04-26 19:02:41,66
962,n,1970-04-26 19:02:42,66
963,c,1970-04-26 19:02:43,67
964,b,1970-04-26 19:02:44,67
965,b,1970-04-26 19:02:45,67
966,e,1970-04-26 19:02:46,67
967,f,1970-04-26 19:02:47,67
968,f,1970-04-26 19:02:48,67
969,f,1970-04-26 19:02:49,67
970,f,1970-04-26 19:02:50,67
971,f,1970-04-26 19:02:51,67
972,i,1970-04-26 19:02:52,67
973,n,1970-04-26 19:02:53,67
974,d,1970-04-26 19:02:54,68
975,a,1970-04-26 19:02:55,68
976,a,1970-04-26 19:02:56,68
977,c,1970-04-26 19:02:57,68
978,e,1970-04-26 19:02:58,68
979,f,1970-04-26 19:02:59,68
980,i,1970-04-26 19:03:00,68
981,m,1970-04-26 19:03:01,68
982,m,1970-04-26 19:03:02,68
983,k,1970-04-26 19:03:03,68
984,m,1970-04-26 19:03:04,68
985,j,1970-04-26 19:03:05,68
986,k,1970-04-26 19:03:06,68
987,k,1970-04-26 19:03:07,68
988,k,1970-04-26 19:03:08,68
989,l,1970-04-26 19:03:09,68
990,j,1970-04-26 19:03:10,68
991,m,1970-04-26 19:03:11,68
992,k,1970-04-26 19:03:12,68
993,j,1970-04-26 19:03:13,68
994,n,1970-04-26 19:03:14,68
995,b,1970-04-26 19:03:15,69
996,d,1970-04-26 19:03:16,69
997,a,1970-04-26 19:03:17,69
998,c,1970-04-26 19:03:18,69
999,c,1970-04-26 19:03:19,69
1000,a,1970-04-26 19:03:20,69
1001,a,1970-04-26 19:03:21,69
1002,d,1970-04-26 19:03:22,69
1003,b,1970-04-26 19:03:23,69
1004,b,1970-04-26 19:03:24,69
1005,a,1970-04-26 19:03:25,69
1006,b,1970-04-26 19:03:26,69
1007,e,1970-04-26 19:03:27,69
1008,g,1970-04-26 19:03:28,69
1009,h,1970-04-26 19:03:29,69
1010,i,1970-04-26 19:03:30,69
1011,k,1970-04-26 19:03:31,69
1012,j,1970-04-26 19:03:32,69
1013,j,1970-04-26 19:03:33,69
1014,l,1970-04-26 19:03:34,69
1015,k,1970-04-26 19:03:35,69
1016,n,1970-04-26 19:03:36,69
1017,d,1970-04-26 19:03:37,70
1018,d,1970-04-26 19:03:38,70
1019,a,1970-04-26 19:03:39,70
1020,d,1970-04-26 19:03:40,70
1021,a,1970-04-26 19:03:41,70
1022,d,1970-04-26 19:03:42,70
1023,a,1970-04-26 19:03:43,70
1024,b,1970-04-26 19:03:44,70
1025,e,1970-04-26 19:03:45,70
1026,f,1970-04-26 19:03:46,70
1027,g,1970-04-26 19:03:47,70
1028,i,1970-04-26 19:03:48,70
1029,j,1970-04-26 19:03:49,70
1030,l,1970-04-26 19:03:50,70
1031,m,1970-04-26 19:03:51,70
1032,m,1970-04-26 19:03:52,70
1033,m,1970-04-26 19:03:53,70
1034,k,1970-04-26 19:03:54,70
1035,m,1970-04-26 19:03:55,70
1036,k,1970-04-26 19:03:56,70
1037,n,1970-04-26 19:03:57,70
1038,a,1970-04-26 19:03:58,71
1039,b,1970-04-26 19:03:59,71
1040,d,1970-04-26 19:04:00,71
1041,d,1970-04-26 19:04:01,71
1042,a,1970-04-26 19:04:02,71
1043,e,1970-04-26 19:04:03,71
1044,g,1970-04-26 19:04:04,71
1045,g,1970-04-26 19:04:05,71
1046,g,1970-04-26 19:04:06,71
1047,g,1970-04-26 19:04:07,71
1048,f,1970-04-26 19:04:08,71
1049,f,1970-04-26 19:04:09,71
1050,g,1970-04-26 19:04:10,71
1051,h,1970-04-26 19:04:11,71
1052,f,1970-04-26 19:04:12,71
1053,i,1970-04-26 19:04:13,71
1054,n,1970-04-26 19:04:14,71
1055,e,1970-04-26 19:04:15,72
1056,g,1970-04-26 19:04:16,72
1057,h,1970-04-26 19:04:17,72
1058,i,1970-04-26 19:04:18,72
1059,n,1970-04-26 19:04:19,72
1060,b,1970-04-26 19:04:20,73
1061,b,1970-04-26 19:04:21,73
1062,b,1970-04-26 19:04:22,73
1063,a,1970-04-26 19:04:23,73
1064,c,1970-04-26 19:04:24,73
1065,d,1970-04-26 19:04:25,73
1066,c,1970-04-26 19:04:26,73
1067,c,1970-04-26 19:04:27,73
1068,b,1970-04-26 19:04:28,73
1069,e,1970-04-26 19:04:29,73
1070,g,1970-04-26 19:04:30,73
1071,h,1970-04-26 19:04:31,73
1072,g,1970-04-26 19:04:32,73
1073,f,1970-04-26 19:04:33,73
1074,g,1970-04-26 19:04:34,73
1075,f,1970-04-26 19:04:35,73
1076,f,1970-04-26 19:04:36,73
1077,i,1970-04-26 19:04:37,73
1078,j,1970-04-26 19:04:38,73
1079,l,1970-04-26 19:04:39,73
1080,k,1970-04-26 19:04:40,73
1081,n,1970-04-26 19:04:41,73
1082,a,1970-04-26 19:04:42,74
1083,e,1970-04-26 19:04:43,74
1084,i,1970-04-26 19:04:44,74
1085,n,1970-04-26 19:04:45,74
1086,c,1970-04-26 19:04:46,75
1087,a,1970-04-26 19:04:47,75
1088,e,1970-04-26 19:04:48,75
1089,i,1970-04-26 19:04:49,75
1090,k,1970-04-26 19:04:50,75
1091,n,1970-04-26 19:04:51,75
1092,e,1970-04-26 19:04:52,76
1093,f,1970-04-26 19:04:53,76
1094,f,1970-04-26 19:04:54,76
1095,i,1970-04-26 19:04:55,76
1096,k,1970-04-26 19:04:56,76
1097,k,1970-04-26 19:04:57,76
1098,k,1970-04-26 19:04:58,76
1099,l,1970-04-26 19:04:59,76
1100,m,1970-04-26 19:05:00,76
1101,j,1970-04-26 19:05:01,76
1102,k,1970-04-26 19:05:02,76
1103,k,1970-04-26 19:05:03,76
1104,k,1970-04-26 19:05:04,76
1105,l,1970-04-26 19:05:05,76
1106,l,1970-04-26 19:05:06,76
1107,n,1970-04-26 19:05:07,76
1108,e,1970-04-26 19:05:08,77
1109,f,1970-04-26 19:05:09,77
1110,h,1970-04-26 19:05:10,77
1111,g,1970-04-26 19:05:11,77
1112,i,1970-04-26 19:05:12,77
1113,j,1970-04-26 19:05:13,77
1114,k,1970-04-26 19:05:14,77
1115,m,1970-04-26 19:05:15,77
1116,m,1970-04-26 19:05:16,77
1117,k,1970-04-26 19:05:17,77
1118,k,1970-04-26 19:05:18,77
1119,n,1970-04-26 19:05:19,77
1120,d,1970-04-26 19:05:20,78
1121,b,1970-04-26 19:05:21,78
1122,b,1970-04-26 19:05:22,78
1123,a,1970-04-26 19:05:23,78
1124,c,1970-04-26 19:05:24,78
1125,c,1970-04-26 19:05:25,78
1126,c,1970-04-26 19:05:26,78
1127,c,1970-04-26 19:05:27,78
1128,e,1970-04-26 19:05:28,78
1129,i,1970-04-26 19:05:29,78
1130,m,1970-04-26 19:05:30,78
1131,k,1970-04-26 19:05:31,78
1132,m,1970-04-26 19:05:32,78
1133,m,1970-04-26 19:05:33,78
1134,j,1970-04-26 19:05:34,78
1135,m,1970-04-26 19:05:35,78
1136,j,1970-04-26 19:05:36,78
1137,n,1970-04-26 19:05:37,78
1138,d,1970-04-26 19:05:38,79
1139,e,1970-04-26 19:05:39,79
1140,g,1970-04-26 19:05:40,79
1141,i,1970-04-26 19:05:41,79
1142,j,1970-04-26 19:05:42,79
1143,k,1970-04-26 19:05:43,79
1144,k,1970-04-26 19:05:44,79
1145,n,1970-04-26 19:05:45,79
1146,c,1970-04-26 19:05:46,80
1147,b,1970-04-26 19:05:47,80
1148,a,1970-04-26 19:05:48,80
1149,e,1970-04-26 19:05:49,80
1150,h,1970-04-26 19:05:50,80
1151,g,1970-04-26 19:05:51,80
1152,g,1970-04-26 19:05:52,80
1153,i,1970-04-26 19:05:53,80
1154,m,1970-04-26 19:05:54,80
1155,l,1970-04-26 19:05:55,80
1156,j,1970-04-26 19:05:56,80
1157,j,1970-04-26 19:05:57,80
1158,k,1970-04-26 19:05:58,80
1159,m,1970-04-26 19:05:59,80
1160,k,1970-04-26 19:06:00,80
1161,k,1970-04-26 19:06:01,80
1162,j,1970-04-26 19:06:02,80
1163,m,1970-04-26 19:06:03,80
1164,k,1970-04-26 19:06:04,80
1165,n,1970-04-26 19:06:05,80
1166,b,1970-04-26 19:06:06,81
1167,b,1970-04-26 19:06:07,81
1168,e,1970-04-26 19:06:08,81
1169,g,1970-04-26 19:06:09,81
1170,f,1970-04-26 19:06:10,81
1171,g,1970-04-26 19:06:11,81
1172,i,1970-04-26 19:06:12,81
1173,j,1970-04-26 19:06:13,81
1174,m,1970-04-26 19:06:14,81
1175,k,1970-04-26 19:06:15,81
1176,j,1970-04-26 19:06:16,81
1177,m,1970-04-26 19:06:17,81
1178,k,1970-04-26 19:06:18,81
1179,n,1970-04-26 19:06:19,81
1180,b,1970-04-26 19:06:20,82
1181,a,1970-04-26 19:06:21,82
1182,b,1970-04-26 19:06:22,82
1183,d,1970-04-26 19:06:23,82
1184,b,1970-04-26 19:06:24,82
1185,c,1970-04-26 19:06:25,82
1186,c,1970-04-26 19:06:26,82
1187,b,1970-04-26 19:06:27,82
1188,a,1970-04-26 19:06:28,82
1189,b,1970-04-26 19:06:29,82
1190,a,1970-04-26 19:06:30,82
1191,d,1970-04-26 19:06:31,82
1192,e,1970-04-26 19:06:32,82
1193,h,1970-04-26 19:06:33,82
1194,h,1970-04-26 19:06:34,82
1195,f,1970-04-26 19:06:35,82
1196,g,1970-04-26 19:06:36,82
1197,i,1970-04-26 19:06:37,82
1198,k,1970-04-26 19:06:38,82
1199,l,1970-04-26 19:06:39,82
1200,k,1970-04-26 19:06:40,82
1201,n,1970-04-26 19:06:41,82
1202,a,1970-04-26 19:06:42,83
1203,c,1970-04-26 19:06:43,83
1204,d,1970-04-26 19:06:44,83
1205,d,1970-04-26 19:06:45,83
1206,c,1970-04-26 19:06:46,83
1207,e,1970-04-26 19:06:47,83
1208,h,1970-04-26 19:06:48,83
1209,i,1970-04-26 19:06:49,83
1210,k,1970-04-26 19:06:50,83
1211,m,1970-04-26 19:06:51,83
1212,n,1970-04-26 19:06:52,83
1213,c,1970-04-26 19:06:53,84
1214,c,1970-04-26 19:06:54,84
1215,a,1970-04-26 19:06:55,84
1216,c,1970-04-26 19:06:56,84
1217,e,1970-04-26 19:06:57,84
1218,g,1970-04-26 19:06:58,84
1219,i,1970-04-26 19:06:59,84
1220,l,1970-04-26 19:07:00,84
1221,m,1970-04-26 19:07:01,84
1222,m,1970-04-26 19:07:02,84
1223,k,1970-04-26 19:07:03,84
1224,l,1970-04-26 19:07:04,84
1225,k,1970-04-26 19:07:05,84
1226,k,1970-04-26 19:07:06,84
1227,n,1970-04-26 19:07:07,84
1228,d,1970-04-26 19:07:08,85
1229,a,1970-04-26 19:07:09,85
1230,e,1970-04-26 19:07:10,85
1231,h,1970-04-26 19:07:11,85
1232,h,1970-04-26 19:07:12,85
1233,g,1970-04-26 19:07:13,85
1234,h,1970-04-26 19:07:14,85
1235,i,1970-04-26 19:07:15,85
1236,n,1970-04-26 19:07:16,85
1237,e,1970-04-26 19:07:17,86
1238,g,1970-04-26 19:07:18,86
1239,g,1970-04-26 19:07:19,86
1240,g,1970-04-26 19:07:20,86
1241,f,1970-04-26 19:07:21,86
1242,h,1970-04-26 19:07:22,86
1243,g,1970-04-26 19:07:23,86
1244,f,1970-04-26 19:07:24,86
1245,h,1970-04-26 19:07:25,86
1246,f,1970-04-26 19:07:26,86
1247,i,1970-04-26 19:07:27,86
1248,m,1970-04-26 19:07:28,86
1249,m,1970-04-26 19:07:29,86
1250,j,1970-04-26 19:07:30,86
1251,m,1970-04-26 19:07:31,86
1252,n,1970-04-26 19:07:32,86
1253,a,1970-04-26 19:07:33,87
1254,e,1970-04-26 19:07:34,87
1255,f,1970-04-26 19:07:35,87
1256,h,1970-04-26 19:07:36,87
1257,i,1970-04-26 19:07:37,87
1258,n,1970-04-26 19:07:38,87
1259,d,1970-04-26 19:07:39,88
1260,a,1970-04-26 19:07:40,88
1261,a,1970-04-26 19:07:41,88
1262,b,1970-04-26 19:07:42,88
1263,e,1970-04-26 19:07:43,88
1264,i,1970-04-26 19:07:44,88
1265,n,1970-04-26 19:07:45,88
1266,d,1970-04-26 19:07:46,89
1267,d,1970-04-26 19:07:47,89
1268,b,1970-04-26 19:07:48,89
1269,c,1970-04-26 19:07:49,89
1270,a,1970-04-26 19:07:50,89
1271,c,1970-04-26 19:07:51,89
1272,b,1970-04-26 19:07:52,89
1273,c,1970-04-26 19:07:53,89
1274,d,1970-04-26 19:07:54,89
1275,d,1970-04-26 19:07:55,89
1276,b,1970-04-26 19:07:56,89
1277,c,1970-04-26 19:07:57,89
1278,a,1970-04-26 19:07:58,89
1279,d,1970-04-26 19:07:59,89
1280,c,1970-04-26 19:08:00,89
1281,b,1970-04-26 19:08:01,89
1282,a,1970-04-26 19:08:02,89
1283,c,1970-04-26 19:08:03,89
1284,b,1970-04-26 19:08:04,89
1285,d,1970-04-26 19:08:05,89
1286,c,1970-04-26 19:08:06,89
1287,e,1970-04-26 19:08:07,89
1288,f,1970-04-26 19:08:08,89
1289,g,1970-04-26 19:08:09,89
1290,g,1970-04-26 19:08:10,89
1291,g,1970-04-26 19:08:11,89
1292,g,1970-04-26 19:08:12,89
1293,g,1970-04-26 19:08:13,89
1294,g,1970-04-26 19:08:14,89
1295,h,1970-04-26 19:08:15,89
1296,h,1970-04-26 19:08:16,89
1297,f,1970-04-26 19:08:17,89
1298,h,1970-04-26 19:08:18,89
1299,g,1970-04-26 19:08:19,89
1300,f,1970-04-26 19:08:20,89
1301,i,1970-04-26 19:08:21,89
1302,n,1970-04-26 19:08:22,89
1303,b,1970-04-26 19:08:23,90
1304,e,1970-04-26 19:08:24,90
1305,f,1970-04-26 19:08:25,90
1306,g,1970-04-26 19:08:26,90
1307,g,1970-04-26 19:08:27,90
1308,g,1970-04-26 19:08:28,90
1309,i,1970-04-26 19:08:29,90
1310,m,1970-04-26 19:08:30,90
1311,l,1970-04-26 19:08:31,90
1312,j,1970-04-26 19:08:32,90
1313,j,1970-04-26 19:08:33,90
1314,j,1970-04-26 19:08:34,90
1315,l,1970-04-26 19:08:35,90
1316,m,1970-04-26 19:08:36,90
1317,l,1970-04-26 19:08:37,90
1318,m,1970-04-26 19:08:38,90
1319,j,1970-04-26 19:08:39,90
1320,j,1970-04-26 19:08:40,90
1321,n,1970-04-26 19:08:41,90
1322,a,1970-04-26 19:08:42,91
1323,d,1970-04-26 19:08:43,91
1324,b,1970-04-26 19:08:44,91
1325,c,1970-04-26 19:08:45,91
1326,e,1970-04-26 19:08:46,91
1327,i,1970-04-26 19:08:47,91
1328,n,1970-04-26 19:08:48,91
1329,d,1970-04-26 19:08:49,92
1330,b,1970-04-26 19:08:50,92
1331,d,1970-04-26 19:08:51,92
1332,d,1970-04-26 19:08:52,92
1333,b,1970-04-26 19:08:53,92
1334,a,1970-04-26 19:08:54,92
1335,e,1970-04-26 19:08:55,92
1336,i,1970-04-26 19:08:56,92
1337,j,1970-04-26 19:08:57,92
1338,n,1970-04-26 19:08:58,92
1339,b,1970-04-26 19:08:59,93
1340,d,1970-04-26 19:09:00,93
1341,c,1970-04-26 19:09:01,93
1342,d,1970-04-26 19:09:02,93
1343,c,1970-04-26 19:09:03,93
1344,c,1970-04-26 19:09:04,93
1345,d,1970-04-26 19:09:05,93
1346,e,1970-04-26 19:09:06,93
1347,f,1970-04-26 19:09:07,93
1348,h,1970-04-26 19:09:08,93
1349,h,1970-04-26 19:09:09,93
1350,h,1970-04-26 19:09:10,93
1351,h,1970-04-26 19:09:11,93
1352,i,1970-04-26 19:09:12,93
1353,n,1970-04-26 19:09:13,93
1354,e,1970-04-26 19:09:14,94
1355,g,1970-04-26 19:09:15,94
1356,g,1970-04-26 19:09:16,94
1357,g,1970-04-26 19:09:17,94
1358,f,1970-04-26 19:09:18,94
1359,f,1970-04-26 19:09:19,94
1360,f,1970-04-26 19:09:20,94
1361,i,1970-04-26 19:09:21,94
1362,k,1970-04-26 19:09:22,94
1363,j,1970-04-26 19:09:23,94
1364,n,1970-04-26 19:09:24,94
1365,c,1970-04-26 19:09:25,95
1366,c,1970-04-26 19:09:26,95
1367,d,1970-04-26 19:09:27,95
1368,d,1970-04-26 19:09:28,95
1369,e,1970-04-26 19:09:29,95
1370,f,1970-04-26 19:09:30,95
1371,h,1970-04-26 19:09:31,95
1372,h,1970-04-26 19:09:32,95
1373,i,1970-04-26 19:09:33,95
1374,j,1970-04-26 19:09:34,95
1375,j,1970-04-26 19:09:35,95
1376,n,1970-04-26 19:09:36,95
1377,a,1970-04-26 19:09:37,96
1378,c,1970-04-26 19:09:38,96
1379,d,1970-04-26 19:09:39,96
1380,c,1970-04-26 19:09:40,96
1381,a,1970-04-26 19:09:41,96
1382,d,1970-04-26 19:09:42,96
1383,b,1970-04-26 19:09:43,96
1384,e,1970-04-26 19:09:44,96
1385,g,1970-04-26 19:09:45,96
1386,f,1970-04-26 19:09:46,96
1387,f,1970-04-26 19:09:47,96
1388,f,1970-04-26 19:09:48,96
1389,i,1970-04-26 19:09:49,96
1390,k,1970-04-26 19:09:50,96
1391,l,1970-04-26 19:09:51,96
1392,m,1970-04-26 19:09:52,96
1393,n,1970-04-26 19:09:53,96
1394,c,1970-04-26 19:09:54,97
1395,b,1970-04-26 19:09:55,97
1396,e,1970-04-26 19:09:56,97
1397,h,1970-04-26 19:09:57,97
1398,h,1970-04-26 19:09:58,97
1399,h,1970-04-26 19:09:59,97
1400,h,1970-04-26 19:10:00,97
1401,i,1970-04-26 19:10:01,97
1402,m,1970-04-26 19:10:02,97
1403,j,1970-04-26 19:10:03,97
1404,k,1970-04-26 19:10:04,97
1405,j,1970-04-26 19:10:05,97
1406,n,1970-04-26 19:10:06,97
1407,a,1970-04-26 19:10:07,98
1408,c,1970-04-26 19:10:08,98
1409,b,1970-04-26 19:10:09,98
1410,e,1970-04-26 19:10:10,98
1411,h,1970-04-26 19:10:11,98
1412,f,1970-04-26 19:10:12,98
1413,i,1970-04-26 19:10:13,98
1414,k,1970-04-26 19:10:14,98
1415,n,1970-04-26 19:10:15,98
1416,a,1970-04-26 19:10:16,99
1417,b,1970-04-26 19:10:17,99
1418,d,1970-04-26 19:10:18,99
1419,e,1970-04-26 19:10:19,99
1420,g,1970-04-26 19:10:20,99
1421,h,1970-04-26 19:10:21,99
1422,i,1970-04-26 19:10:22,99
1423,j,1970-04-26 19:10:23,99
1424,l,1970-04-26 19:10:24,99
1425,l,1970-04-26 19:10:25,99
1426,j,1970-04-26 19:10:26,99
1427,n,1970-04-26 19:10:27,99
1428,e,1970-04-26 19:10:28,100
1429,g,1970-04-26 19:10:29,100
1430,g,1970-04-26 19:10:30,100
1431,h,1970-04-26 19:10:31,100
1432,i,1970-04-26 19:10:32,100
1433,k,1970-04-26 19:10:33,100
1434,n,1970-04-26 19:10:34,100
1435,e,1970-04-26 19:10:35,101
1436,i,1970-04-26 19:10:36,101
1437,k,1970-04-26 19:10:37,101
1438,j,1970-04-26 19:10:38,101
1439,n,1970-04-26 19:10:39,101
1440,a,1970-04-26 19:10:40,102
1441,a,1970-04-26 19:10:41,102
1442,d,1970-04-26 19:10:42,102
1443,c,1970-04-26 19:10:43,102
1444,d,1970-04-26 19:10:44,102
1445,d,1970-04-26 19:10:45,102
1446,a,1970-04-26 19:10:46,102
1447,e,1970-04-26 19:10:47,102
1448,i,1970-04-26 19:10:48,102
1449,l,1970-04-26 19:10:49,102
1450,l,1970-04-26 19:10:50,102
1451,k,1970-04-26 19:10:51,102
1452,m,1970-04-26 19:10:52,102
1453,n,1970-04-26 19:10:53,102
1454,e,1970-04-26 19:10:54,103
1455,h,1970-04-26 19:10:55,103
1456,f,1970-04-26 19:10:56,103
1457,g,1970-04-26 19:10:57,103
1458,i,1970-04-26 19:10:58,103
1459,j,1970-04-26 19:10:59,103
1460,l,1970-04-26 19:11:00,103
1461,l,1970-04-26 19:11:01,103
1462,m,1970-04-26 19:11:02,103
1463,l,1970-04-26 19:11:03,103
1464,k,1970-04-26 19:11:04,103
1465,l,1970-04-26 19:11:05,103
1466,l,1970-04-26 19:11:06,103
1467,k,1970-04-26 19:11:07,103
1468,k,1970-04-26 19:11:08,103
1469,l,1970-04-26 19:11:09,103
1470,l,1970-04-26 19:11:10,103
1471,n,1970-04-26 19:11:11,103
1472,b,1970-04-26 19:11:12,104
1473,b,1970-04-26 19:11:13,104
1474,d,1970-04-26 19:11:14,104
1475,c,1970-04-26 19:11:15,104
1476,e,1970-04-26 19:11:16,104
1477,g,1970-04-26 19:11:17,104
1478,i,1970-04-26 19:11:18,104
1479,n,1970-04-26 19:11:19,104
1480,d,1970-04-26 19:11:20,105
1481,c,1970-04-26 19:11:21,105
1482,a,1970-04-26 19:11:22,105
1483,e,1970-04-26 19:11:23,105
1484,f,1970-04-26 19:11:24,105
1485,i,1970-04-26 19:11:25,105
1486,n,1970-04-26 19:11:26,105
1487,c,1970-04-26 19:11:27,106
1488,e,1970-04-26 19:11:28,106
1489,h,1970-04-26 19:11:29,106
1490,h,1970-04-26 19:11:30,106
1491,g,1970-04-26 19:11:31,106
1492,g,1970-04-26 19:11:32,106
1493,g,1970-04-26 19:11:33,106
1494,g,1970-04-26 19:11:34,106
1495,i,1970-04-26 19:11:35,106
1496,l,1970-04-26 19:11:36,106
1497,n,1970-04-26 19:11:37,106
1498,e,1970-04-26 19:11:38,107
1499,i,1970-04-26 19:11:39,107
1500,n,1970-04-26 19:11:40,107
1501,b,1970-04-26 19:11:41,108
1502,a,1970-04-26 19:11:42,108
1503,a,1970-04-26 19:11:43,108
1504,a,1970-04-26 19:11:44,108
1505,c,1970-04-26 19:11:45,108
1506,b,1970-04-26 19:11:46,108
1507,c,1970-04-26 19:11:47,108
1508,d,1970-04-26 19:11:48,108
1509,a,1970-04-26 19:11:49,108
1510,e,1970-04-26 19:11:50,108
1511,f,1970-04-26 19:11:51,108
1512,f,1970-04-26 19:11:52,108
1513,f,1970-04-26 19:11:53,108
1514,g,1970-04-26 19:11:54,108
1515,i,1970-04-26 19:11:55,108
1516,l,1970-04-26 19:11:56,108
1517,l,1970-04-26 19:11:57,108
1518,n,1970-04-26 19:11:58,108
1519,b,1970-04-26 19:11:59,109
1520,a,1970-04-26 19:12:00,109
1521,d,1970-04-26 19:12:01,109
1522,b,1970-04-26 19:12:02,109
1523,e,1970-04-26 19:12:03,109
1524,h,1970-04-26 19:12:04,109
1525,g,1970-04-26 19:12:05,109
1526,f,1970-04-26 19:12:06,109
1527,h,1970-04-26 19:12:07,109
1528,i,1970-04-26 19:12:08,109
1529,j,1970-04-26 19:12:09,109
1530,l,1970-04-26 19:12:10,109
1531,m,1970-04-26 19:12:11,109
1532,l,1970-04-26 19:12:12,109
1533,j,1970-04-26 19:12:13,109
1534,m,1970-04-26 19:12:14,109
1535,k,1970-04-26 19:12:15,109
1536,l,1970-04-26 19:12:16,109
1537,n,1970-04-26 19:12:17,109
1538,b,1970-04-26 19:12:18,110
1539,e,1970-04-26 19:12:19,110
1540,h,1970-04-26 19:12:20,110
1541,h,1970-04-26 19:12:21,110
1542,g,1970-04-26 19:12:22,110
1543,i,1970-04-26 19:12:23,110
1544,k,1970-04-26 19:12:24,110
1545,l,1970-04-26 19:12:25,110
1546,k,1970-04-26 19:12:26,110
1547,n,1970-04-26 19:12:27,110
1548,a,1970-04-26 19:12:28,111
1549,b,1970-04-26 19:12:29,111
1550,b,1970-04-26 19:12:30,111
1551,b,1970-04-26 19:12:31,111
1552,e,1970-04-26 19:12:32,111
1553,f,1970-04-26 19:12:33,111
1554,g,1970-04-26 19:12:34,111
1555,h,1970-04-26 19:12:35,111
1556,f,1970-04-26 19:12:36,111
1557,h,1970-04-26 19:12:37,111
1558,h,1970-04-26 19:12:38,111
1559,f,1970-04-26 19:12:39,111
1560,h,1970-04-26 19:12:40,111
1561,h,1970-04-26 19:12:41,111
1562,g,1970-04-26 19:12:42,111
1563,f,1970-04-26 19:12:43,111
1564,i,1970-04-26 19:12:44,111
1565,n,1970-04-26 19:12:45,111
1566,b,1970-04-26 19:12:46,112
1567,a,1970-04-26 19:12:47,112
1568,c,1970-04-26 19:12:48,112
1569,e,1970-04-26 19:12:49,112
1570,h,1970-04-26 19:12:50,112
1571,h,1970-04-26 19:12:51,112
1572,h,1970-04-26 19:12:52,112
1573,i,1970-04-26 19:12:53,112
1574,n,1970-04-26 19:12:54,112
1575,c,1970-04-26 19:12:55,113
1576,c,1970-04-26 19:12:56,113
1577,e,1970-04-26 19:12:57,113
1578,g,1970-04-26 19:12:58,113
1579,f,1970-04-26 19:12:59,113
1580,g,1970-04-26 19:13:00,113
1581,f,1970-04-26 19:13:01,113
1582,g,1970-04-26 19:13:02,113
1583,h,1970-04-26 19:13:03,113
1584,f,1970-04-26 19:13:04,113
1585,f,1970-04-26 19:13:05,113
1586,g,1970-04-26 19:13:06,113
1587,i,1970-04-26 19:13:07,113
1588,k,1970-04-26 19:13:08,113
1589,n,1970-04-26 19:13:09,113
1590,d,1970-04-26 19:13:10,114
1591,e,1970-04-26 19:13:11,114
1592,h,1970-04-26 19:13:12,114
1593,f,1970-04-26 19:13:13,114
1594,i,1970-04-26 19:13:14,114
1595,j,1970-04-26 19:13:15,114
1596,j,1970-04-26 19:13:16,114
1597,n,1970-04-26 19:13:17,114
1598,b,1970-04-26 19:13:18,115
1599,e,1970-04-26 19:13:19,115
1600,g,1970-04-26 19:13:20,115
1601,f,1970-04-26 19:13:21,115
1602,g,1970-04-26 19:13:22,115
1603,i,1970-04-26 19:13:23,115
1604,k,1970-04-26 19:13:24,115
1605,j,1970-04-26 19:13:25,115
1606,l,1970-04-26 19:13:26,115
1607,n,1970-04-26 19:13:27,115
1608,d,1970-04-26 19:13:28,116
1609,e,1970-04-26 19:13:29,116
1610,f,1970-04-26 19:13:30,116
1611,g,1970-04-26 19:13:31,116
1612,h,1970-04-26 19:13:32,116
1613,h,1970-04-26 19:13:33,116
1614,g,1970-04-26 19:13:34,116
1615,g,1970-04-26 19:13:35,116
1616,i,1970-04-26 19:13:36,116
1617,j,1970-04-26 19:13:37,116
1618,k,1970-04-26 19:13:38,116
1619,m,1970-04-26 19:13:39,116
1620,k,1970-04-26 19:13:40,116
1621,m,1970-04-26 19:13:41,116
1622,n,1970-04-26 19:13:42,116
1623,c,1970-04-26 19:13:43,117
1624,e,1970-04-26 19:13:44,117
1625,h,1970-04-26 19:13:45,117
1626,h,1970-04-26 19:13:46,117
1627,h,1970-04-26 19:13:47,117
1628,f,1970-04-26 19:13:48,117
1629,h,1970-04-26 19:13:49,117
1630,g,1970-04-26 19:13:50,117
1631,f,1970-04-26 19:13:51,117
1632,h,1970-04-26 19:13:52,117
1633,f,1970-04-26 19:13:53,117
1634,h,1970-04-26 19:13:54,117
1635,f,1970-04-26 19:13:55,117
1636,h,1970-04-26 19:13:56,117
1637,f,1970-04-26 19:13:57,117
1638,g,1970-04-26 19:13:58,117
1639,g,1970-04-26 19:13:59,117
1640,i,1970-04-26 19:14:00,117
1641,j,1970-04-26 19:14:01,117
1642,k,1970-04-26 19:14:02,117
1643,j,1970-04-26 19:14:03,117
1644,l,1970-04-26 19:14:04,117
1645,k,1970-04-26 19:14:05,117
1646,j,1970-04-26 19:14:06,117
1647,k,1970-04-26 19:14:07,117
1648,m,1970-04-26 19:14:08,117
1649,n,1970-04-26 19:14:09,117
1650,e,1970-04-26 19:14:10,118
1651,f,1970-04-26 19:14:11,118
1652,f,1970-04-26 19:14:12,118
1653,g,1970-04-26 19:14:13,118
1654,f,1970-04-26 19:14:14,118
1655,f,1970-04-26 19:14:15,118
1656,f,1970-04-26 19:14:16,118
1657,h,1970-04-26 19:14:17,118
1658,h,1970-04-26 19:14:18,118
1659,f,1970-04-26 19:14:19,118
1660,f,1970-04-26 19:14:20,118
1661,g,1970-04-26 19:14:21,118
1662,g,1970-04-26 19:14:22,118
1663,f,1970-04-26 19:14:23,118
1664,f,1970-04-26 19:14:24,118
1665,f,1970-04-26 19:14:25,118
1666,h,1970-04-26 19:14:26,118
1667,h,1970-04-26 19:14:27,118
1668,f,1970-04-26 19:14:28,118
1669,i,1970-04-26 19:14:29,118
1670,j,1970-04-26 19:14:30,118
1671,m,1970-04-26 19:14:31,118
1672,m,1970-04-26 19:14:32,118
1673,l,1970-04-26 19:14:33,118
1674,n,1970-04-26 19:14:34,118
1675,e,1970-04-26 19:14:35,119
1676,i,1970-04-26 19:14:36,119
1677,n,1970-04-26 19:14:37,119
1678,c,1970-04-26 19:14:38,120
1679,d,1970-04-26 19:14:39,120
1680,c,1970-04-26 19:14:40,120
1681,b,1970-04-26 19:14:41,120
1682,a,1970-04-26 19:14:42,120
1683,a,1970-04-26 19:14:43,120
1684,b,1970-04-26 19:14:44,120
1685,c,1970-04-26 19:14:45,120
1686,d,1970-04-26 19:14:46,120
1687,b,1970-04-26 19:14:47,120
1688,b,1970-04-26 19:14:48,120
1689,a,1970-04-26 19:14:49,120
1690,d,1970-04-26 19:14:50,120
1691,d,1970-04-26 19:14:51,120
1692,e,1970-04-26 19:14:52,120
1693,i,1970-04-26 19:14:53,120
1694,l,1970-04-26 19:14:54,120
1695,l,1970-04-26 19:14:55,120
1696,m,1970-04-26 19:14:56,120
1697,l,1970-04-26 19:14:57,120
1698,n,1970-04-26 19:14:58,120
1699,a,1970-04-26 19:14:59,121
1700,c,1970-04-26 19:15:00,121
1701,d,1970-04-26 19:15:01,121
1702,d,1970-04-26 19:15:02,121
1703,c,1970-04-26 19:15:03,121
1704,c,1970-04-26 19:15:04,121
1705,a,1970-04-26 19:15:05,121
1706,c,1970-04-26 19:15:06,121
1707,b,1970-04-26 19:15:07,121
1708,d,1970-04-26 19:15:08,121
1709,d,1970-04-26 19:15:09,121
1710,b,1970-04-26 19:15:10,121
1711,b,1970-04-26 19:15:11,121
1712,a,1970-04-26 19:15:12,121
1713,b,1970-04-26 19:15:13,121
1714,a,1970-04-26 19:15:14,121
1715,e,1970-04-26 19:15:15,121
1716,i,1970-04-26 19:15:16,121
1717,n,1970-04-26 19:15:17,121
1718,a,1970-04-26 19:15:18,122
1719,c,1970-04-26 19:15:19,122
1720,c,1970-04-26 19:15:20,122
1721,a,1970-04-26 19:15:21,122
1722,e,1970-04-26 19:15:22,122
1723,g,1970-04-26 19:15:23,122
1724,i,1970-04-26 19:15:24,122
1725,m,1970-04-26 19:15:25,122
1726,l,1970-04-26 19:15:26,122
1727,n,1970-04-26 19:15:27,122
1728,b,1970-04-26 19:15:28,123
1729,c,1970-04-26 19:15:29,123
1730,c,1970-04-26 19:15:30,123
1731,b,1970-04-26 19:15:31,123
1732,b,1970-04-26 19:15:32,123
1733,d,1970-04-26 19:15:33,123
1734,c,1970-04-26 19:15:34,123
1735,d,1970-04-26 19:15:35,123
1736,c,1970-04-26 19:15:36,123
1737,d,1970-04-26 19:15:37,123
1738,d,1970-04-26 19:15:38,123
1739,d,1970-04-26 19:15:39,123
1740,e,1970-04-26 19:15:40,123
1741,g,1970-04-26 19:15:41,123
1742,f,1970-04-26 19:15:42,123
1743,g,1970-04-26 19:15:43,123
1744,i,1970-04-26 19:15:44,123
1745,n,1970-04-26 19:15:45,123
1746,a,1970-04-26 19:15:46,124
1747,d,1970-04-26 19:15:47,124
1748,c,1970-04-26 19:15:48,124
1749,a,1970-04-26 19:15:49,124
1750,a,1970-04-26 19:15:50,124
1751,b,1970-04-26 19:15:51,124
1752,a,1970-04-26 19:15:52,124
1753,b,1970-04-26 19:15:53,124
1754,d,1970-04-26 19:15:54,124
1755,e,1970-04-26 19:15:55,124
1756,i,1970-04-26 19:15:56,124
1757,n,1970-04-26 19:15:57,124
1758,c,1970-04-26 19:15:58,125
1759,e,1970-04-26 19:15:59,125
1760,h,1970-04-26 19:16:00,125
1761,h,1970-04-26 19:16:01,125
1762,i,1970-04-26 19:16:02,125
1763,n,1970-04-26 19:16:03,125
1764,d,1970-04-26 19:16:04,126
1765,a,1970-04-26 19:16:05,126
1766,d,1970-04-26 19:16:06,126
1767,e,1970-04-26 19:16:07,126
1768,g,1970-04-26 19:16:08,126
1769,f,1970-04-26 19:16:09,126
1770,h,1970-04-26 19:16:10,126
1771,g,1970-04-26 19:16:11,126
1772,g,1970-04-26 19:16:12,126
1773,g,1970-04-26 19:16:13,126
1774,g,1970-04-26 19:16:14,126
1775,i,1970-04-26 19:16:15,126
1776,j,1970-04-26 19:16:16,126
1777,m,1970-04-26 19:16:17,126
1778,j,1970-04-26 19:16:18,126
1779,n,1970-04-26 19:16:19,126
1780,d,1970-04-26 19:16:20,127
1781,b,1970-04-26 19:16:21,127
1782,e,1970-04-26 19:16:22,127
1783,f,1970-04-26 19:16:23,127
1784,f,1970-04-26 19:16:24,127
1785,g,1970-04-26 19:16:25,127
1786,i,1970-04-26 19:16:26,127
1787,l,1970-04-26 19:16:27,127
1788,m,1970-04-26 19:16:28,127
1789,j,1970-04-26 19:16:29,127
1790,k,1970-04-26 19:16:30,127
1791,l,1970-04-26 19:16:31,127
1792,m,1970-04-26 19:16:32,127
1793,m,1970-04-26 19:16:33,127
1794,j,1970-04-26 19:16:34,127
1795,m,1970-04-26 19:16:35,127
1796,m,1970-04-26 19:16:36,127
1797,l,1970-04-26 19:16:37,127
1798,j,1970-04-26 19:16:38,127
1799,m,1970-04-26 19:16:39,127
1800,k,1970-04-26 19:16:40,127
1801,k,1970-04-26 19:16:41,127
1802,l,1970-04-26 19:16:42,127
1803,n,1970-04-26 19:16:43,127
1804,a,1970-04-26 19:16:44,128
1805,e,1970-04-26 19:16:45,128
1806,h,1970-04-26 19:16:46,128
1807,g,1970-04-26 19:16:47,128
1808,i,1970-04-26 19:16:48,128
1809,l,1970-04-26 19:16:49,128
1810,n,1970-04-26 19:16:50,128
1811,b,1970-04-26 19:16:51,129
1812,e,1970-04-26 19:16:52,129
1813,g,1970-04-26 19:16:53,129
1814,i,1970-04-26 19:16:54,129
1815,m,1970-04-26 19:16:55,129
1816,j,1970-04-26 19:16:56,129
1817,k,1970-04-26 19:16:57,129
1818,m,1970-04-26 19:16:58,129
1819,m,1970-04-26 19:16:59,129
1820,n,1970-04-26 19:17:00,129
1821,b,1970-04-26 19:17:01,130
1822,e,1970-04-26 19:17:02,130
1823,f,1970-04-26 19:17:03,130
1824,f,1970-04-26 19:17:04,130
1825,i,1970-04-26 19:17:05,130
1826,j,1970-04-26 19:17:06,130
1827,n,1970-04-26 19:17:07,130
1828,e,1970-04-26 19:17:08,131
1829,h,1970-04-26 19:17:09,131
1830,i,1970-04-26 19:17:10,131
1831,j,1970-04-26 19:17:11,131
1832,m,1970-04-26 19:17:12,131
1833,n,1970-04-26 19:17:13,131
1834,e,1970-04-26 19:17:14,132
1835,i,1970-04-26 19:17:15,132
1836,n,1970-04-26 19:17:16,132
1837,c,1970-04-26 19:17:17,133
1838,b,1970-04-26 19:17:18,133
1839,e,1970-04-26 19:17:19,133
1840,g,1970-04-26 19:17:20,133
1841,g,1970-04-26 19:17:21,133
1842,h,1970-04-26 19:17:22,133
1843,h,1970-04-26 19:17:23,133
1844,h,1970-04-26 19:17:24,133
1845,f,1970-04-26 19:17:25,133
1846,f,1970-04-26 19:17:26,133
1847,f,1970-04-26 19:17:27,133
1848,f,1970-04-26 19:17:28,133
1849,i,1970-04-26 19:17:29,133
1850,l,1970-04-26 19:17:30,133
1851,l,1970-04-26 19:17:31,133
1852,l,1970-04-26 19:17:32,133
1853,j,1970-04-26 19:17:33,133
1854,m,1970-04-26 19:17:34,133
1855,l,1970-04-26 19:17:35,133
1856,k,1970-04-26 19:17:36,133
1857,m,1970-04-26 19:17:37,133
1858,m,1970-04-26 19:17:38,133
1859,k,1970-04-26 19:17:39,133
1860,k,1970-04-26 19:17:40,133
1861,n,1970-04-26 19:17:41,133
1862,a,1970-04-26 19:17:42,134
1863,a,1970-04-26 19:17:43,134
1864,d,1970-04-26 19:17:44,134
1865,d,1970-04-26 19:17:45,134
1866,a,1970-04-26 19:17:46,134
1867,e,1970-04-26 19:17:47,134
1868,h,1970-04-26 19:17:48,134
1869,i,1970-04-26 19:17:49,134
1870,k,1970-04-26 19:17:50,134
1871,j,1970-04-26 19:17:51,134
1872,j,1970-04-26 19:17:52,134
1873,j,1970-04-26 19:17:53,134
1874,j,1970-04-26 19:17:54,134
1875,n,1970-04-26 19:17:55,134
1876,b,1970-04-26 19:17:56,135
1877,b,1970-04-26 19:17:57,135
1878,a,1970-04-26 19:17:58,135
1879,d,1970-04-26 19:17:59,135
1880,b,1970-04-26 19:18:00,135
1881,a,1970-04-26 19:18:01,135
1882,c,1970-04-26 19:18:02,135
1883,b,1970-04-26 19:18:03,135
1884,b,1970-04-26 19:18:04,135
1885,d,1970-04-26 19:18:05,135
1886,a,1970-04-26 19:18:06,135
1887,c,1970-04-26 19:18:07,135
1888,e,1970-04-26 19:18:08,135
1889,i,1970-04-26 19:18:09,135
1890,k,1970-04-26 19:18:10,135
1891,k,1970-04-26 19:18:11,135
1892,j,1970-04-26 19:18:12,135
1893,n,1970-04-26 19:18:13,135
1894,a,1970-04-26 19:18:14,136
1895,b,1970-04-26 19:18:15,136
1896,e,1970-04-26 19:18:16,136
1897,h,1970-04-26 19:18:17,136
1898,h,1970-04-26 19:18:18,136
1899,i,1970-04-26 19:18:19,136
1900,n,1970-04-26 19:18:20,136
1901,e,1970-04-26 19:18:21,137
1902,i,1970-04-26 19:18:22,137
1903,j,1970-04-26 19:18:23,137
1904,l,1970-04-26 19:18:24,137
1905,m,1970-04-26 19:18:25,137
1906,k,1970-04-26 19:18:26,137
1907,l,1970-04-26 19:18:27,137
1908,k,1970-04-26 19:18:28,137
1909,m,1970-04-26 19:18:29,137
1910,k,1970-04-26 19:18:30,137
1911,j,1970-04-26 19:18:31,137
1912,j,1970-04-26 19:18:32,137
1913,l,1970-04-26 19:18:33,137
1914,j,1970-04-26 19:18:34,137
1915,j,1970-04-26 19:18:35,137
1916,l,1970-04-26 19:18:36,137
1917,n,1970-04-26 19:18:37,137
1918,a,1970-04-26 19:18:38,138
1919,b,1970-04-26 19:18:39,138
1920,c,1970-04-26 19:18:40,138
1921,a,1970-04-26 19:18:41,138
1922,a,1970-04-26 19:18:42,138
1923,b,1970-04-26 19:18:43,138
1924,c,1970-04-26 19:18:44,138
1925,b,1970-04-26 19:18:45,138
1926,b,1970-04-26 19:18:46,138
1927,d,1970-04-26 19:18:47,138
1928,b,1970-04-26 19:18:48,138
1929,b,1970-04-26 19:18:49,138
1930,d,1970-04-26 19:18:50,138
1931,a,1970-04-26 19:18:51,138
1932,a,1970-04-26 19:18:52,138
1933,a,1970-04-26 19:18:53,138
1934,a,1970-04-26 19:18:54,138
1935,b,1970-04-26 19:18:55,138
1936,b,1970-04-26 19:18:56,138
1937,e,1970-04-26 19:18:57,138
1938,h,1970-04-26 19:18:58,138
1939,g,1970-04-26 19:18:59,138
1940,i,1970-04-26 19:19:00,138
1941,k,1970-04-26 19:19:01,138
1942,n,1970-04-26 19:19:02,138
1943,b,1970-04-26 19:19:03,139
1944,d,1970-04-26 19:19:04,139
1945,b,1970-04-26 19:19:05,139
1946,b,1970-04-26 19:19:06,139
1947,e,1970-04-26 19:19:07,139
1948,i,1970-04-26 19:19:08,139
1949,j,1970-04-26 19:19:09,139
1950,m,1970-04-26 19:19:10,139
1951,k,1970-04-26 19:19:11,139
1952,l,1970-04-26 19:19:12,139
1953,k,1970-04-26 19:19:13,139
1954,l,1970-04-26 19:19:14,139
1955,n,1970-04-26 19:19:15,139
1956,c,1970-04-26 19:19:16,140
1957,c,1970-04-26 19:19:17,140
1958,e,1970-04-26 19:19:18,140
1959,h,1970-04-26 19:19:19,140
1960,f,1970-04-26 19:19:20,140
1961,h,1970-04-26 19:19:21,140
1962,h,1970-04-26 19:19:22,140
1963,i,1970-04-26 19:19:23,140
1964,n,1970-04-26 19:19:24,140
1965,c,1970-04-26 19:19:25,141
1966,d,1970-04-26 19:19:26,141
1967,c,1970-04-26 19:19:27,141
1968,a,1970-04-26 19:19:28,141
1969,a,1970-04-26 19:19:29,141
1970,d,1970-04-26 19:19:30,141
1971,d,1970-04-26 19:19:31,141
1972,d,1970-04-26 19:19:32,141
1973,c,1970-04-26 19:19:33,141
1974,e,1970-04-26 19:19:34,141
1975,i,1970-04-26 19:19:35,141
1976,m,1970-04-26 19:19:36,141
1977,k,1970-04-26 19:19:37,141
1978,m,1970-04-26 19:19:38,141
1979,m,1970-04-26 19:19:39,141
1980,n,1970-04-26 19:19:40,141
1981,b,1970-04-26 19:19:41,142
1982,a,1970-04-26 19:19:42,142
1983,e,1970-04-26 19:19:43,142
1984,f,1970-04-26 19:19:44,142
1985,h,1970-04-26 19:19:45,142
1986,f,1970-04-26 19:19:46,142
1987,g,1970-04-26 19:19:47,142
1988,f,1970-04-26 19:19:48,142
1989,g,1970-04-26 19:19:49,142
1990,g,1970-04-26 19:19:50,142
1991,g,1970-04-26 19:19:51,142
1992,h,1970-04-26 19:19:52,142
1993,f,1970-04-26 19:19:53,142
1994,f,1970-04-26 19:19:54,142
1995,h,1970-04-26 19:19:55,142
1996,f,1970-04-26 19:19:56,142
1997,f,1970-04-26 19:19:57,142
1998,h,1970-04-26 19:19:58,142
1999,f,1970-04-26 19:19:59,142
2000,i,1970-04-26 19:20:00,142
2001,l,1970-04-26 19:20:01,142
2002,k,1970-04-26 19:20:02,142
2003,k,1970-04-26 19:20:03,142
2004,k,1970-04-26 19:20:04,142
2005,n,1970-04-26 19:20:05,142
2006,c,1970-04-26 19:20:06,143
2007,d,1970-04-26 19:20:07,143
2008,e,1970-04-26 19:20:08,143
2009,i,1970-04-26 19:20:09,143
2010,l,1970-04-26 19:20:10,143
2011,l,1970-04-26 19:20:11,143
2012,k,1970-04-26 19:20:12,143
2013,l,1970-04-26 19:20:13,143
2014,m,1970-04-26 19:20:14,143
2015,n,1970-04-26 19:20:15,143
2016,b,1970-04-26 19:20:16,144
2017,a,1970-04-26 19:20:17,144
2018,b,1970-04-26 19:20:18,144
2019,c,1970-04-26 19:20:19,144
2020,c,1970-04-26 19:20:20,144
2021,a,1970-04-26 19:20:21,144
2022,e,1970-04-26 19:20:22,144
2023,h,1970-04-26 19:20:23,144
2024,h,1970-04-26 19:20:24,144
2025,h,1970-04-26 19:20:25,144
2026,g,1970-04-26 19:20:26,144
2027,g,1970-04-26 19:20:27,144
2028,f,1970-04-26 19:20:28,144
2029,h,1970-04-26 19:20:29,144
2030,f,1970-04-26 19:20:30,144
2031,h,1970-04-26 19:20:31,144
2032,i,1970-04-26 19:20:32,144
2033,j,1970-04-26 19:20:33,144
2034,m,1970-04-26 19:20:34,144
2035,j,1970-04-26 19:20:35,144
2036,j,1970-04-26 19:20:36,144
2037,n,1970-04-26 19:20:37,144
2038,a,1970-04-26 19:20:38,145
2039,d,1970-04-26 19:20:39,145
2040,a,1970-04-26 19:20:40,145
2041,a,1970-04-26 19:20:41,145
2042,c,1970-04-26 19:20:42,145
2043,b,1970-04-26 19:20:43,145
2044,d,1970-04-26 19:20:44,145
2045,d,1970-04-26 19:20:45,145
2046,c,1970-04-26 19:20:46,145
2047,a,1970-04-26 19:20:47,145
2048,b,1970-04-26 19:20:48,145
2049,b,1970-04-26 19:20:49,145
2050,b,1970-04-26 19:20:50,145
2051,c,1970-04-26 19:20:51,145
2052,a,1970-04-26 19:20:52,145
2053,b,1970-04-26 19:20:53,145
2054,a,1970-04-26 19:20:54,145
2055,b,1970-04-26 19:20:55,145
2056,e,1970-04-26 19:20:56,145
2057,g,1970-04-26 19:20:57,145
2058,i,1970-04-26 19:20:58,145
2059,n,1970-04-26 19:20:59,145
2060,b,1970-04-26 19:21:00,146
2061,a,1970-04-26 19:21:01,146
2062,c,1970-04-26 19:21:02,146
2063,d,1970-04-26 19:21:03,146
2064,c,1970-04-26 19:21:04,146
2065,b,1970-04-26 19:21:05,146
2066,d,1970-04-26 19:21:06,146
2067,b,1970-04-26 19:21:07,146
2068,b,1970-04-26 19:21:08,146
2069,c,1970-04-26 19:21:09,146
2070,e,1970-04-26 19:21:10,146
2071,f,1970-04-26 19:21:11,146
2072,f,1970-04-26 19:21:12,146
2073,i,1970-04-26 19:21:13,146
2074,k,1970-04-26 19:21:14,146
2075,j,1970-04-26 19:21:15,146
2076,k,1970-04-26 19:21:16,146
2077,j,1970-04-26 19:21:17,146
2078,j,1970-04-26 19:21:18,146
2079,m,1970-04-26 19:21:19,146
2080,m,1970-04-26 19:21:20,146
2081,j,1970-04-26 19:21:21,146
2082,j,1970-04-26 19:21:22,146
2083,j,1970-04-26 19:21:23,146
2084,n,1970-04-26 19:21:24,146
2085,c,1970-04-26 19:21:25,147
2086,d,1970-04-26 19:21:26,147
2087,c,1970-04-26 19:21:27,147
2088,c,1970-04-26 19:21:28,147
2089,d,1970-04-26 19:21:29,147
2090,c,1970-04-26 19:21:30,147
2091,e,1970-04-26 19:21:31,147
2092,g,1970-04-26 19:21:32,147
2093,h,1970-04-26 19:21:33,147
2094,h,1970-04-26 19:21:34,147
2095,i,1970-04-26 19:21:35,147
2096,m,1970-04-26 19:21:36,147
2097,n,1970-04-26 19:21:37,147
2098,a,1970-04-26 19:21:38,148
2099,b,1970-04-26 19:21:39,148
2100,c,1970-04-26 19:21:40,148
2101,a,1970-04-26 19:21:41,148
2102,e,1970-04-26 19:21:42,148
2103,f,1970-04-26 19:21:43,148
2104,f,1970-04-26 19:21:44,148
2105,h,1970-04-26 19:21:45,148
2106,h,1970-04-26 19:21:46,148
2107,g,1970-04-26 19:21:47,148
2108,h,1970-04-26 19:21:48,148
2109,g,1970-04-26 19:21:49,148
2110,f,1970-04-26 19:21:50,148
2111,g,1970-04-26 19:21:51,148
2112,g,1970-04-26 19:21:52,148
2113,f,1970-04-26 19:21:53,148
2114,i,1970-04-26 19:21:54,148
2115,m,1970-04-26 19:21:55,148
2116,l,1970-04-26 19:21:56,148
2117,l,1970-04-26 19:21:57,148
2118,l,1970-04-26 19:21:58,148
2119,m,1970-04-26 19:21:59,148
2120,l,1970-04-26 19:22:00,148
2121,l,1970-04-26 19:22:01,148
2122,j,1970-04-26 19:22:02,148
2123,n,1970-04-26 19:22:03,148
2124,b,1970-04-26 19:22:04,149
2125,c,1970-04-26 19:22:05,149
2126,b,1970-04-26 19:22:06,149
2127,b,1970-04-26 19:22:07,149
2128,c,1970-04-26 19:22:08,149
2129,a,1970-04-26 19:22:09,149
2130,d,1970-04-26 19:22:10,149
2131,c,1970-04-26 19:22:11,149
2132,e,1970-04-26 19:22:12,149
2133,g,1970-04-26 19:22:13,149
2134,h,1970-04-26 19:22:14,149
2135,g,1970-04-26 19:22:15,149
2136,h,1970-04-26 19:22:16,149
2137,i,1970-04-26 19:22:17,149
2138,k,1970-04-26 19:22:18,149
2139,k,1970-04-26 19:22:19,149
2140,m,1970-04-26 19:22:20,149
2141,m,1970-04-26 19:22:21,149
2142,m,1970-04-26 19:22:22,149
2143,m,1970-04-26 19:22:23,149
2144,k,1970-04-26 19:22:24,149
2145,k,1970-04-26 19:22:25,149
2146,l,1970-04-26 19:22:26,149
2147,m,1970-04-26 19:22:27,149
2148,j,1970-04-26 19:22:28,149
2149,j,1970-04-26 19:22:29,149
2150,j,1970-04-26 19:22:30,149
2151,j,1970-04-26 19:22:31,149
2152,j,1970-04-26 19:22:32,149
2153,j,1970-04-26 19:22:33,149
2154,m,1970-04-26 19:22:34,149
2155,n,1970-04-26 19:22:35,149
2156,d,1970-04-26 19:22:36,150
2157,a,1970-04-26 19:22:37,150
2158,b,1970-04-26 19:22:38,150
2159,c,1970-04-26 19:22:39,150
2160,d,1970-04-26 19:22:40,150
2161,e,1970-04-26 19:22:41,150
2162,h,1970-04-26 19:22:42,150
2163,i,1970-04-26 19:22:43,150
2164,k,1970-04-26 19:22:44,150
2165,j,1970-04-26 19:22:45,150
2166,m,1970-04-26 19:22:46,150
2167,j,1970-04-26 19:22:47,150
2168,l,1970-04-26 19:22:48,150
2169,m,1970-04-26 19:22:49,150
2170,n,1970-04-26 19:22:50,150
2171,d,1970-04-26 19:22:51,151
2172,a,1970-04-26 19:22:52,151
2173,d,1970-04-26 19:22:53,151
2174,c,1970-04-26 19:22:54,151
2175,e,1970-04-26 19:22:55,151
2176,i,1970-04-26 19:22:56,151
2177,n,1970-04-26 19:22:57,151
2178,b,1970-04-26 19:22:58,152
2179,e,1970-04-26 19:22:59,152
2180,g,1970-04-26 19:23:00,152
2181,g,1970-04-26 19:23:01,152
2182,g,1970-04-26 19:23:02,152
2183,i,1970-04-26 19:23:03,152
2184,k,1970-04-26 19:23:04,152
2185,j,1970-04-26 19:23:05,152
2186,m,1970-04-26 19:23:06,152
2187,n,1970-04-26 19:23:07,152
2188,a,1970-04-26 19:23:08,153
2189,c,1970-04-26 19:23:09,153
2190,b,1970-04-26 19:23:10,153
2191,d,1970-04-26 19:23:11,153
2192,c,1970-04-26 19:23:12,153
2193,d,1970-04-26 19:23:13,153
2194,e,1970-04-26 19:23:14,153
2195,g,1970-04-26 19:23:15,153
2196,i,1970-04-26 19:23:16,153
2197,j,1970-04-26 19:23:17,153
2198,l,1970-04-26 19:23:18,153
2199,l,1970-04-26 19:23:19,153
2200,n,1970-04-26 19:23:20,153
2201,d,1970-04-26 19:23:21,154
2202,d,1970-04-26 19:23:22,154
2203,a,1970-04-26 19:23:23,154
2204,d,1970-04-26 19:23:24,154
2205,a,1970-04-26 19:23:25,154
2206,b,1970-04-26 19:23:26,154
2207,d,1970-04-26 19:23:27,154
2208,d,1970-04-26 19:23:28,154
2209,b,1970-04-26 19:23:29,154
2210,b,1970-04-26 19:23:30,154
2211,e,1970-04-26 19:23:31,154
2212,h,1970-04-26 19:23:32,154
2213,h,1970-04-26 19:23:33,154
2214,g,1970-04-26 19:23:34,154
2215,g,1970-04-26 19:23:35,154
2216,i,1970-04-26 19:23:36,154
2217,l,1970-04-26 19:23:37,154
2218,m,1970-04-26 19:23:38,154
2219,l,1970-04-26 19:23:39,154
2220,l,1970-04-26 19:23:40,154
2221,k,1970-04-26 19:23:41,154
2222,m,1970-04-26 19:23:42,154
2223,j,1970-04-26 19:23:43,154
2224,k,1970-04-26 19:23:44,154
2225,n,1970-04-26 19:23:45,154
2226,a,1970-04-26 19:23:46,155
2227,a,1970-04-26 19:23:47,155
2228,d,1970-04-26 19:23:48,155
2229,a,1970-04-26 19:23:49,155
2230,e,1970-04-26 19:23:50,155
2231,h,1970-04-26 19:23:51,155
2232,h,1970-04-26 19:23:52,155
2233,g,1970-04-26 19:23:53,155
2234,f,1970-04-26 19:23:54,155
2235,f,1970-04-26 19:23:55,155
2236,g,1970-04-26 19:23:56,155
2237,g,1970-04-26 19:23:57,155
2238,h,1970-04-26 19:23:58,155
2239,h,1970-04-26 19:23:59,155
2240,g,1970-04-26 19:24:00,155
2241,i,1970-04-26 19:24:01,155
2242,n,1970-04-26 19:24:02,155
2243,b,1970-04-26 19:24:03,156
2244,a,1970-04-26 19:24:04,156
2245,b,1970-04-26 19:24:05,156
2246,b,1970-04-26 19:24:06,156
2247,e,1970-04-26 19:24:07,156
2248,f,1970-04-26 19:24:08,156
2249,h,1970-04-26 19:24:09,156
2250,h,1970-04-26 19:24:10,156
2251,h,1970-04-26 19:24:11,156
2252,g,1970-04-26 19:24:12,156
2253,i,1970-04-26 19:24:13,156
2254,l,1970-04-26 19:24:14,156
2255,n,1970-04-26 19:24:15,156
2256,a,1970-04-26 19:24:16,157
2257,d,1970-04-26 19:24:17,157
2258,a,1970-04-26 19:24:18,157
2259,c,1970-04-26 19:24:19,157
2260,a,1970-04-26 19:24:20,157
2261,e,1970-04-26 19:24:21,157
2262,h,1970-04-26 19:24:22,157
2263,g,1970-04-26 19:24:23,157
2264,h,1970-04-26 19:24:24,157
2265,i,1970-04-26 19:24:25,157
2266,m,1970-04-26 19:24:26,157
2267,j,1970-04-26 19:24:27,157
2268,n,1970-04-26 19:24:28,157
2269,b,1970-04-26 19:24:29,158
2270,b,1970-04-26 19:24:30,158
2271,c,1970-04-26 19:24:31,158
2272,e,1970-04-26 19:24:32,158
2273,i,1970-04-26 19:24:33,158
2274,k,1970-04-26 19:24:34,158
2275,n,1970-04-26 19:24:35,158
2276,c,1970-04-26 19:24:36,159
2277,b,1970-04-26 19:24:37,159
2278,a,1970-04-26 19:24:38,159
2279,c,1970-04-26 19:24:39,159
2280,a,1970-04-26 19:24:40,159
2281,c,1970-04-26 19:24:41,159
2282,d,1970-04-26 19:24:42,159
2283,c,1970-04-26 19:24:43,159
2284,e,1970-04-26 19:24:44,159
2285,g,1970-04-26 19:24:45,159
2286,h,1970-04-26 19:24:46,159
2287,h,1970-04-26 19:24:47,159
2288,h,1970-04-26 19:24:48,159
2289,i,1970-04-26 19:24:49,159
2290,m,1970-04-26 19:24:50,159
2291,k,1970-04-26 19:24:51,159
2292,k,1970-04-26 19:24:52,159
2293,l,1970-04-26 19:24:53,159
2294,j,1970-04-26 19:24:54,159
2295,l,1970-04-26 19:24:55,159
2296,m,1970-04-26 19:24:56,159
2297,m,1970-04-26 19:24:57,159
2298,k,1970-04-26 19:24:58,159
2299,l,1970-04-26 19:24:59,159
2300,m,1970-04-26 19:25:00,159
2301,k,1970-04-26 19:25:01,159
2302,n,1970-04-26 19:25:02,159
2303,c,1970-04-26 19:25:03,160
2304,a,1970-04-26 19:25:04,160
2305,c,1970-04-26 19:25:05,160
2306,e,1970-04-26 19:25:06,160
2307,i,1970-04-26 19:25:07,160
2308,m,1970-04-26 19:25:08,160
2309,m,1970-04-26 19:25:09,160
2310,n,1970-04-26 19:25:10,160
2311,d,1970-04-26 19:25:11,161
2312,a,1970-04-26 19:25:12,161
2313,e,1970-04-26 19:25:13,161
2314,f,1970-04-26 19:25:14,161
2315,f,1970-04-26 19:25:15,161
2316,g,1970-04-26 19:25:16,161
2317,i,1970-04-26 19:25:17,161
2318,n,1970-04-26 19:25:18,161
2319,e,1970-04-26 19:25:19,162
2320,i,1970-04-26 19:25:20,162
2321,m,1970-04-26 19:25:21,162
2322,l,1970-04-26 19:25:22,162
2323,m,1970-04-26 19:25:23,162
2324,m,1970-04-26 19:25:24,162
2325,l,1970-04-26 19:25:25,162
2326,n,1970-04-26 19:25:26,162
2327,c,1970-04-26 19:25:27,163
2328,a,1970-04-26 19:25:28,163
2329,b,1970-04-26 19:25:29,163
2330,e,1970-04-26 19:25:30,163
2331,h,1970-04-26 19:25:31,163
2332,h,1970-04-26 19:25:32,163
2333,i,1970-04-26 19:25:33,163
2334,k,1970-04-26 19:25:34,163
2335,m,1970-04-26 19:25:35,163
2336,m,1970-04-26 19:25:36,163
2337,n,1970-04-26 19:25:37,163
2338,e,1970-04-26 19:25:38,164
2339,h,1970-04-26 19:25:39,164
2340,g,1970-04-26 19:25:40,164
2341,f,1970-04-26 19:25:41,164
2342,g,1970-04-26 19:25:42,164
2343,h,1970-04-26 19:25:43,164
2344,f,1970-04-26 19:25:44,164
2345,g,1970-04-26 19:25:45,164
2346,f,1970-04-26 19:25:46,164
2347,g,1970-04-26 19:25:47,164
2348,f,1970-04-26 19:25:48,164
2349,i,1970-04-26 19:25:49,164
2350,k,1970-04-26 19:25:50,164
2351,m,1970-04-26 19:25:51,164
2352,l,1970-04-26 19:25:52,164
2353,j,1970-04-26 19:25:53,164
2354,n,1970-04-26 19:25:54,164
2355,d,1970-04-26 19:25:55,165
2356,c,1970-04-26 19:25:56,165
2357,b,1970-04-26 19:25:57,165
2358,b,1970-04-26 19:25:58,165
2359,b,1970-04-26 19:25:59,165
2360,b,1970-04-26 19:26:00,165
2361,a,1970-04-26 19:26:01,165
2362,d,1970-04-26 19:26:02,165
2363,a,1970-04-26 19:26:03,165
2364,b,1970-04-26 19:26:04,165
2365,c,1970-04-26 19:26:05,165
2366,b,1970-04-26 19:26:06,165
2367,b,1970-04-26 19:26:07,165
2368,b,1970-04-26 19:26:08,165
2369,b,1970-04-26 19:26:09,165
2370,a,1970-04-26 19:26:10,165
2371,c,1970-04-26 19:26:11,165
2372,d,1970-04-26 19:26:12,165
2373,c,1970-04-26 19:26:13,165
2374,e,1970-04-26 19:26:14,165
2375,i,1970-04-26 19:26:15,165
2376,n,1970-04-26 19:26:16,165
2377,a,1970-04-26 19:26:17,166
2378,e,1970-04-26 19:26:18,166
2379,f,1970-04-26 19:26:19,166
2380,g,1970-04-26 19:26:20,166
2381,g,1970-04-26 19:26:21,166
2382,i,1970-04-26 19:26:22,166
2383,j,1970-04-26 19:26:23,166
2384,m,1970-04-26 19:26:24,166
2385,m,1970-04-26 19:26:25,166
2386,j,1970-04-26 19:26:26,166
2387,n,1970-04-26 19:26:27,166
2388,a,1970-04-26 19:26:28,167
2389,e,1970-04-26 19:26:29,167
2390,f,1970-04-26 19:26:30,167
2391,f,1970-04-26 19:26:31,167
2392,f,1970-04-26 19:26:32,167
2393,g,1970-04-26 19:26:33,167
2394,i,1970-04-26 19:26:34,167
2395,m,1970-04-26 19:26:35,167
2396,m,1970-04-26 19:26:36,167
2397,n,1970-04-26 19:26:37,167
2398,a,1970-04-26 19:26:38,168
2399,d,1970-04-26 19:26:39,168
2400,e,1970-04-26 19:26:40,168
2401,f,1970-04-26 19:26:41,168
2402,h,1970-04-26 19:26:42,168
2403,h,1970-04-26 19:26:43,168
2404,i,1970-04-26 19:26:44,168
2405,n,1970-04-26 19:26:45,168
2406,b,1970-04-26 19:26:46,169
2407,b,1970-04-26 19:26:47,169
2408,b,1970-04-26 19:26:48,169
2409,d,1970-04-26 19:26:49,169
2410,b,1970-04-26 19:26:50,169
2411,b,1970-04-26 19:26:51,169
2412,a,1970-04-26 19:26:52,169
2413,a,1970-04-26 19:26:53,169
2414,e,1970-04-26 19:26:54,169
2415,h,1970-04-26 19:26:55,169
2416,g,1970-04-26 19:26:56,169
2417,g,1970-04-26 19:26:57,169
2418,g,1970-04-26 19:26:58,169
2419,i,1970-04-26 19:26:59,169
2420,n,1970-04-26 19:27:00,169
2421,c,1970-04-26 19:27:01,170
2422,b,1970-04-26 19:27:02,170
2423,b,1970-04-26 19:27:03,170
2424,e,1970-04-26 19:27:04,170
2425,i,1970-04-26 19:27:05,170
2426,k,1970-04-26 19:27:06,170
2427,m,1970-04-26 19:27:07,170
2428,l,1970-04-26 19:27:08,170
2429,n,1970-04-26 19:27:09,170
2430,a,1970-04-26 19:27:10,171
2431,c,1970-04-26 19:27:11,171
2432,b,1970-04-26 19:27:12,171
2433,a,1970-04-26 19:27:13,171
2434,a,1970-04-26 19:27:14,171
2435,d,1970-04-26 19:27:15,171
2436,b,1970-04-26 19:27:16,171
2437,e,1970-04-26 19:27:17,171
2438,i,1970-04-26 19:27:18,171
2439,l,1970-04-26 19:27:19,171
2440,l,1970-04-26 19:27:20,171
2441,n,1970-04-26 19:27:21,171
2442,e,1970-04-26 19:27:22,172
2443,g,1970-04-26 19:27:23,172
2444,h,1970-04-26 19:27:24,172
2445,f,1970-04-26 19:27:25,172
2446,g,1970-04-26 19:27:26,172
2447,i,1970-04-26 19:27:27,172
2448,j,1970-04-26 19:27:28,172
2449,m,1970-04-26 19:27:29,172
2450,n,1970-04-26 19:27:30,172
2451,c,1970-04-26 19:27:31,173
2452,b,1970-04-26 19:27:32,173
2453,e,1970-04-26 19:27:33,173
2454,g,1970-04-26 19:27:34,173
2455,g,1970-04-26 19:27:35,173
2456,i,1970-04-26 19:27:36,173
2457,l,1970-04-26 19:27:37,173
2458,k,1970-04-26 19:27:38,173
2459,m,1970-04-26 19:27:39,173
2460,j,1970-04-26 19:27:40,173
2461,m,1970-04-26 19:27:41,173
2462,l,1970-04-26 19:27:42,173
2463,n,1970-04-26 19:27:43,173
2464,e,1970-04-26 19:27:44,174
2465,f,1970-04-26 19:27:45,174
2466,h,1970-04-26 19:27:46,174
2467,f,1970-04-26 19:27:47,174
2468,g,1970-04-26 19:27:48,174
2469,i,1970-04-26 19:27:49,174
2470,n,1970-04-26 19:27:50,174
2471,e,1970-04-26 19:27:51,175
2472,f,1970-04-26 19:27:52,175
2473,h,1970-04-26 19:27:53,175
2474,i,1970-04-26 19:27:54,175
2475,j,1970-04-26 19:27:55,175
2476,k,1970-04-26 19:27:56,175
2477,k,1970-04-26 19:27:57,175
2478,n,1970-04-26 19:27:58,175
2479,a,1970-04-26 19:27:59,176
2480,c,1970-04-26 19:28:00,176
2481,a,1970-04-26 19:28:01,176
2482,d,1970-04-26 19:28:02,176
2483,a,1970-04-26 19:28:03,176
2484,b,1970-04-26 19:28:04,176
2485,c,1970-04-26 19:28:05,176
2486,b,1970-04-26 19:28:06,176
2487,a,1970-04-26 19:28:07,176
2488,a,1970-04-26 19:28:08,176
2489,b,1970-04-26 19:28:09,176
2490,b,1970-04-26 19:28:10,176
2491,d,1970-04-26 19:28:11,176
2492,c,1970-04-26 19:28:12,176
2493,d,1970-04-26 19:28:13,176
2494,a,1970-04-26 19:28:14,176
2495,c,1970-04-26 19:28:15,176
2496,b,1970-04-26 19:28:16,176
2497,d,1970-04-26 19:28:17,176
2498,c,1970-04-26 19:28:18,176
2499,b,1970-04-26 19:28:19,176
2500,b,1970-04-26 19:28:20,176
2501,c,1970-04-26 19:28:21,176
2502,d,1970-04-26 19:28:22,176
2503,a,1970-04-26 19:28:23,176
2504,d,1970-04-26 19:28:24,176
2505,b,1970-04-26 19:28:25,176
2506,e,1970-04-26 19:28:26,176
2507,i,1970-04-26 19:28:27,176
2508,n,1970-04-26 19:28:28,176
2509,e,1970-04-26 19:28:29,177
2510,f,1970-04-26 19:28:30,177
2511,g,1970-04-26 19:28:31,177
2512,g,1970-04-26 19:28:32,177
2513,g,1970-04-26 19:28:33,177
2514,h,1970-04-26 19:28:34,177
2515,g,1970-04-26 19:28:35,177
2516,h,1970-04-26 19:28:36,177
2517,i,1970-04-26 19:28:37,177
2518,j,1970-04-26 19:28:38,177
2519,j,1970-04-26 19:28:39,177
2520,k,1970-04-26 19:28:40,177
2521,m,1970-04-26 19:28:41,177
2522,l,1970-04-26 19:28:42,177
2523,k,1970-04-26 19:28:43,177
2524,k,1970-04-26 19:28:44,177
2525,l,1970-04-26 19:28:45,177
2526,j,1970-04-26 19:28:46,177
2527,n,1970-04-26 19:28:47,177
2528,c,1970-04-26 19:28:48,178
2529,e,1970-04-26 19:28:49,178
2530,f,1970-04-26 19:28:50,178
2531,g,1970-04-26 19:28:51,178
2532,g,1970-04-26 19:28:52,178
2533,h,1970-04-26 19:28:53,178
2534,g,1970-04-26 19:28:54,178
2535,f,1970-04-26 19:28:55,178
2536,g,1970-04-26 19:28:56,178
2537,i,1970-04-26 19:28:57,178
2538,n,1970-04-26 19:28:58,178
2539,b,1970-04-26 19:28:59,179
2540,b,1970-04-26 19:29:00,179
2541,c,1970-04-26 19:29:01,179
2542,e,1970-04-26 19:29:02,179
2543,f,1970-04-26 19:29:03,179
2544,f,1970-04-26 19:29:04,179
2545,f,1970-04-26 19:29:05,179
2546,h,1970-04-26 19:29:06,179
2547,i,1970-04-26 19:29:07,179
2548,m,1970-04-26 19:29:08,179
2549,m,1970-04-26 19:29:09,179
2550,m,1970-04-26 19:29:10,179
2551,n,1970-04-26 19:29:11,179
2552,e,1970-04-26 19:29:12,180
2553,g,1970-04-26 19:29:13,180
2554,g,1970-04-26 19:29:14,180
2555,h,1970-04-26 19:29:15,180
2556,i,1970-04-26 19:29:16,180
2557,k,1970-04-26 19:29:17,180
2558,j,1970-04-26 19:29:18,180
2559,l,1970-04-26 19:29:19,180
2560,k,1970-04-26 19:29:20,180
2561,j,1970-04-26 19:29:21,180
2562,j,1970-04-26 19:29:22,180
2563,j,1970-04-26 19:29:23,180
2564,m,1970-04-26 19:29:24,180
2565,k,1970-04-26 19:29:25,180
2566,k,1970-04-26 19:29:26,180
2567,m,1970-04-26 19:29:27,180
2568,n,1970-04-26 19:29:28,180
2569,d,1970-04-26 19:29:29,181
2570,b,1970-04-26 19:29:30,181
2571,b,1970-04-26 19:29:31,181
2572,e,1970-04-26 19:29:32,181
2573,i,1970-04-26 19:29:33,181
2574,l,1970-04-26 19:29:34,181
2575,m,1970-04-26 19:29:35,181
2576,l,1970-04-26 19:29:36,181
2577,m,1970-04-26 19:29:37,181
2578,k,1970-04-26 19:29:38,181
2579,m,1970-04-26 19:29:39,181
2580,j,1970-04-26 19:29:40,181
2581,k,1970-04-26 19:29:41,181
2582,n,1970-04-26 19:29:42,181
2583,a,1970-04-26 19:29:43,182
2584,e,1970-04-26 19:29:44,182
2585,i,1970-04-26 19:29:45,182
2586,n,1970-04-26 19:29:46,182
2587,e,1970-04-26 19:29:47,183
2588,g,1970-04-26 19:29:48,183
2589,g,1970-04-26 19:29:49,183
2590,f,1970-04-26 19:29:50,183
2591,h,1970-04-26 19:29:51,183
2592,g,1970-04-26 19:29:52,183
2593,f,1970-04-26 19:29:53,183
2594,g,1970-04-26 19:29:54,183
2595,f,1970-04-26 19:29:55,183
2596,f,1970-04-26 19:29:56,183
2597,i,1970-04-26 19:29:57,183
2598,l,1970-04-26 19:29:58,183
2599,n,1970-04-26 19:29:59,183
2600,b,1970-04-26 19:30:00,184
2601,c,1970-04-26 19:30:01,184
2602,c,1970-04-26 19:30:02,184
2603,d,1970-04-26 19:30:03,184
2604,b,1970-04-26 19:30:04,184
2605,d,1970-04-26 19:30:05,184
2606,d,1970-04-26 19:30:06,184
2607,d,1970-04-26 19:30:07,184
2608,b,1970-04-26 19:30:08,184
2609,d,1970-04-26 19:30:09,184
2610,e,1970-04-26 19:30:10,184
2611,g,1970-04-26 19:30:11,184
2612,i,1970-04-26 19:30:12,184
2613,l,1970-04-26 19:30:13,184
2614,k,1970-04-26 19:30:14,184
2615,n,1970-04-26 19:30:15,184
2616,a,1970-04-26 19:30:16,185
2617,b,1970-04-26 19:30:17,185
2618,c,1970-04-26 19:30:18,185
2619,c,1970-04-26 19:30:19,185
2620,a,1970-04-26 19:30:20,185
2621,b,1970-04-26 19:30:21,185
2622,b,1970-04-26 19:30:22,185
2623,c,1970-04-26 19:30:23,185
2624,c,1970-04-26 19:30:24,185
2625,e,1970-04-26 19:30:25,185
2626,g,1970-04-26 19:30:26,185
2627,f,1970-04-26 19:30:27,185
2628,f,1970-04-26 19:30:28,185
2629,i,1970-04-26 19:30:29,185
2630,j,1970-04-26 19:30:30,185
2631,k,1970-04-26 19:30:31,185
2632,j,1970-04-26 19:30:32,185
2633,k,1970-04-26 19:30:33,185
2634,n,1970-04-26 19:30:34,185
2635,e,1970-04-26 19:30:35,186
2636,h,1970-04-26 19:30:36,186
2637,g,1970-04-26 19:30:37,186
2638,i,1970-04-26 19:30:38,186
2639,l,1970-04-26 19:30:39,186
2640,n,1970-04-26 19:30:40,186
2641,d,1970-04-26 19:30:41,187
2642,a,1970-04-26 19:30:42,187
2643,c,1970-04-26 19:30:43,187
2644,a,1970-04-26 19:30:44,187
2645,c,1970-04-26 19:30:45,187
2646,a,1970-04-26 19:30:46,187
2647,e,1970-04-26 19:30:47,187
2648,h,1970-04-26 19:30:48,187
2649,h,1970-04-26 19:30:49,187
2650,f,1970-04-26 19:30:50,187
2651,g,1970-04-26 19:30:51,187
2652,f,1970-04-26 19:30:52,187
2653,i,1970-04-26 19:30:53,187
2654,j,1970-04-26 19:30:54,187
2655,j,1970-04-26 19:30:55,187
2656,l,1970-04-26 19:30:56,187
2657,k,1970-04-26 19:30:57,187
2658,n,1970-04-26 19:30:58,187
2659,b,1970-04-26 19:30:59,188
2660,c,1970-04-26 19:31:00,188
2661,e,1970-04-26 19:31:01,188
2662,h,1970-04-26 19:31:02,188
2663,f,1970-04-26 19:31:03,188
2664,h,1970-04-26 19:31:04,188
2665,g,1970-04-26 19:31:05,188
2666,g,1970-04-26 19:31:06,188
2667,f,1970-04-26 19:31:07,188
2668,g,1970-04-26 19:31:08,188
2669,g,1970-04-26 19:31:09,188
2670,f,1970-04-26 19:31:10,188
2671,i,1970-04-26 19:31:11,188
2672,l,1970-04-26 19:31:12,188
2673,l,1970-04-26 19:31:13,188
2674,l,1970-04-26 19:31:14,188
2675,l,1970-04-26 19:31:15,188
2676,m,1970-04-26 19:31:16,188
2677,m,1970-04-26 19:31:17,188
2678,k,1970-04-26 19:31:18,188
2679,l,1970-04-26 19:31:19,188
2680,l,1970-04-26 19:31:20,188
2681,k,1970-04-26 19:31:21,188
2682,n,1970-04-26 19:31:22,188
2683,e,1970-04-26 19:31:23,189
2684,h,1970-04-26 19:31:24,189
2685,f,1970-04-26 19:31:25,189
2686,h,1970-04-26 19:31:26,189
2687,h,1970-04-26 19:31:27,189
2688,g,1970-04-26 19:31:28,189
2689,f,1970-04-26 19:31:29,189
2690,h,1970-04-26 19:31:30,189
2691,g,1970-04-26 19:31:31,189
2692,h,1970-04-26 19:31:32,189
2693,h,1970-04-26 19:31:33,189
2694,g,1970-04-26 19:31:34,189
2695,f,1970-04-26 19:31:35,189
2696,f,1970-04-26 19:31:36,189
2697,h,1970-04-26 19:31:37,189
2698,f,1970-04-26 19:31:38,189
2699,f,1970-04-26 19:31:39,189
2700,i,1970-04-26 19:31:40,189
2701,k,1970-04-26 19:31:41,189
2702,j,1970-04-26 19:31:42,189
2703,n,1970-04-26 19:31:43,189
2704,a,1970-04-26 19:31:44,190
2705,d,1970-04-26 19:31:45,190
2706,c,1970-04-26 19:31:46,190
2707,e,1970-04-26 19:31:47,190
2708,i,1970-04-26 19:31:48,190
2709,j,1970-04-26 19:31:49,190
2710,k,1970-04-26 19:31:50,190
2711,m,1970-04-26 19:31:51,190
2712,j,1970-04-26 19:31:52,190
2713,l,1970-04-26 19:31:53,190
2714,n,1970-04-26 19:31:54,190
2715,d,1970-04-26 19:31:55,191
2716,d,1970-04-26 19:31:56,191
2717,a,1970-04-26 19:31:57,191
2718,a,1970-04-26 19:31:58,191
2719,c,1970-04-26 19:31:59,191
2720,c,1970-04-26 19:32:00,191
2721,b,1970-04-26 19:32:01,191
2722,c,1970-04-26 19:32:02,191
2723,b,1970-04-26 19:32:03,191
2724,d,1970-04-26 19:32:04,191
2725,a,1970-04-26 19:32:05,191
2726,b,1970-04-26 19:32:06,191
2727,a,1970-04-26 19:32:07,191
2728,e,1970-04-26 19:32:08,191
2729,f,1970-04-26 19:32:09,191
2730,h,1970-04-26 19:32:10,191
2731,h,1970-04-26 19:32:11,191
2732,g,1970-04-26 19:32:12,191
2733,i,1970-04-26 19:32:13,191
2734,n,1970-04-26 19:32:14,191
2735,d,1970-04-26 19:32:15,192
2736,c,1970-04-26 19:32:16,192
2737,a,1970-04-26 19:32:17,192
2738,a,1970-04-26 19:32:18,192
2739,e,1970-04-26 19:32:19,192
2740,f,1970-04-26 19:32:20,192
2741,g,1970-04-26 19:32:21,192
2742,f,1970-04-26 19:32:22,192
2743,g,1970-04-26 19:32:23,192
2744,i,1970-04-26 19:32:24,192
2745,k,1970-04-26 19:32:25,192
2746,j,1970-04-26 19:32:26,192
2747,m,1970-04-26 19:32:27,192
2748,m,1970-04-26 19:32:28,192
2749,l,1970-04-26 19:32:29,192
2750,m,1970-04-26 19:32:30,192
2751,l,1970-04-26 19:32:31,192
2752,n,1970-04-26 19:32:32,192
2753,b,1970-04-26 19:32:33,193
2754,e,1970-04-26 19:32:34,193
2755,f,1970-04-26 19:32:35,193
2756,i,1970-04-26 19:32:36,193
2757,k,1970-04-26 19:32:37,193
2758,n,1970-04-26 19:32:38,193
2759,e,1970-04-26 19:32:39,194
2760,f,1970-04-26 19:32:40,194
2761,i,1970-04-26 19:32:41,194
2762,n,1970-04-26 19:32:42,194
2763,c,1970-04-26 19:32:43,195
2764,b,1970-04-26 19:32:44,195
2765,e,1970-04-26 19:32:45,195
2766,g,1970-04-26 19:32:46,195
2767,i,1970-04-26 19:32:47,195
2768,k,1970-04-26 19:32:48,195
2769,k,1970-04-26 19:32:49,195
2770,k,1970-04-26 19:32:50,195
2771,j,1970-04-26 19:32:51,195
2772,j,1970-04-26 19:32:52,195
2773,k,1970-04-26 19:32:53,195
2774,n,1970-04-26 19:32:54,195
2775,e,1970-04-26 19:32:55,196
2776,f,1970-04-26 19:32:56,196
2777,f,1970-04-26 19:32:57,196
2778,f,1970-04-26 19:32:58,196
2779,h,1970-04-26 19:32:59,196
2780,i,1970-04-26 19:33:00,196
2781,m,1970-04-26 19:33:01,196
2782,n,1970-04-26 19:33:02,196
2783,e,1970-04-26 19:33:03,197
2784,h,1970-04-26 19:33:04,197
2785,i,1970-04-26 19:33:05,197
2786,j,1970-04-26 19:33:06,197
2787,k,1970-04-26 19:33:07,197
2788,m,1970-04-26 19:33:08,197
2789,j,1970-04-26 19:33:09,197
2790,l,1970-04-26 19:33:10,197
2791,l,1970-04-26 19:33:11,197
2792,k,1970-04-26 19:33:12,197
2793,l,1970-04-26 19:33:13,197
2794,j,1970-04-26 19:33:14,197
2795,n,1970-04-26 19:33:15,197
2796,c,1970-04-26 19:33:16,198
2797,e,1970-04-26 19:33:17,198
2798,i,1970-04-26 19:33:18,198
2799,j,1970-04-26 19:33:19,198
2800,m,1970-04-26 19:33:20,198
2801,n,1970-04-26 19:33:21,198
2802,c,1970-04-26 19:33:22,199
2803,a,1970-04-26 19:33:23,199
2804,b,1970-04-26 19:33:24,199
2805,b,1970-04-26 19:33:25,199
2806,d,1970-04-26 19:33:26,199
2807,d,1970-04-26 19:33:27,199
2808,a,1970-04-26 19:33:28,199
2809,b,1970-04-26 19:33:29,199
2810,e,1970-04-26 19:33:30,199
2811,h,1970-04-26 19:33:31,199
2812,g,1970-04-26 19:33:32,199
2813,g,1970-04-26 19:33:33,199
2814,g,1970-04-26 19:33:34,199
2815,f,1970-04-26 19:33:35,199
2816,f,1970-04-26 19:33:36,199
2817,i,1970-04-26 19:33:37,199
2818,m,1970-04-26 19:33:38,199
2819,k,1970-04-26 19:33:39,199
2820,n,1970-04-26 19:33:40,199
2821,d,1970-04-26 19:33:41,200
2822,b,1970-04-26 19:33:42,200
2823,a,1970-04-26 19:33:43,200
2824,c,1970-04-26 19:33:44,200
2825,d,1970-04-26 19:33:45,200
2826,a,1970-04-26 19:33:46,200
2827,e,1970-04-26 19:33:47,200
2828,h,1970-04-26 19:33:48,200
2829,i,1970-04-26 19:33:49,200
2830,k,1970-04-26 19:33:50,200
2831,n,1970-04-26 19:33:51,200
2832,d,1970-04-26 19:33:52,201
2833,d,1970-04-26 19:33:53,201
2834,a,1970-04-26 19:33:54,201
2835,b,1970-04-26 19:33:55,201
2836,b,1970-04-26 19:33:56,201
2837,c,1970-04-26 19:33:57,201
2838,e,1970-04-26 19:33:58,201
2839,f,1970-04-26 19:33:59,201
2840,f,1970-04-26 19:34:00,201
2841,h,1970-04-26 19:34:01,201
2842,f,1970-04-26 19:34:02,201
2843,i,1970-04-26 19:34:03,201
2844,j,1970-04-26 19:34:04,201
2845,l,1970-04-26 19:34:05,201
2846,k,1970-04-26 19:34:06,201
2847,j,1970-04-26 19:34:07,201
2848,k,1970-04-26 19:34:08,201
2849,j,1970-04-26 19:34:09,201
2850,n,1970-04-26 19:34:10,201
2851,d,1970-04-26 19:34:11,202
2852,b,1970-04-26 19:34:12,202
2853,e,1970-04-26 19:34:13,202
2854,h,1970-04-26 19:34:14,202
2855,f,1970-04-26 19:34:15,202
2856,i,1970-04-26 19:34:16,202
2857,m,1970-04-26 19:34:17,202
2858,m,1970-04-26 19:34:18,202
2859,j,1970-04-26 19:34:19,202
2860,j,1970-04-26 19:34:20,202
2861,l,1970-04-26 19:34:21,202
2862,m,1970-04-26 19:34:22,202
2863,n,1970-04-26 19:34:23,202
2864,c,1970-04-26 19:34:24,203
2865,b,1970-04-26 19:34:25,203
2866,c,1970-04-26 19:34:26,203
2867,d,1970-04-26 19:34:27,203
2868,d,1970-04-26 19:34:28,203
2869,b,1970-04-26 19:34:29,203
2870,b,1970-04-26 19:34:30,203
2871,a,1970-04-26 19:34:31,203
2872,b,1970-04-26 19:34:32,203
2873,e,1970-04-26 19:34:33,203
2874,h,1970-04-26 19:34:34,203
2875,i,1970-04-26 19:34:35,203
2876,k,1970-04-26 19:34:36,203
2877,k,1970-04-26 19:34:37,203
2878,l,1970-04-26 19:34:38,203
2879,l,1970-04-26 19:34:39,203
2880,n,1970-04-26 19:34:40,203
2881,b,1970-04-26 19:34:41,204
2882,e,1970-04-26 19:34:42,204
2883,h,1970-04-26 19:34:43,204
2884,g,1970-04-26 19:34:44,204
2885,f,1970-04-26 19:34:45,204
2886,i,1970-04-26 19:34:46,204
2887,n,1970-04-26 19:34:47,204
2888,d,1970-04-26 19:34:48,205
2889,b,1970-04-26 19:34:49,205
2890,c,1970-04-26 19:34:50,205
2891,c,1970-04-26 19:34:51,205
2892,c,1970-04-26 19:34:52,205
2893,d,1970-04-26 19:34:53,205
2894,b,1970-04-26 19:34:54,205
2895,d,1970-04-26 19:34:55,205
2896,a,1970-04-26 19:34:56,205
2897,a,1970-04-26 19:34:57,205
2898,b,1970-04-26 19:34:58,205
2899,a,1970-04-26 19:34:59,205
2900,d,1970-04-26 19:35:00,205
2901,e,1970-04-26 19:35:01,205
2902,i,1970-04-26 19:35:02,205
2903,j,1970-04-26 19:35:03,205
2904,m,1970-04-26 19:35:04,205
2905,m,1970-04-26 19:35:05,205
2906,n,1970-04-26 19:35:06,205
2907,e,1970-04-26 19:35:07,206
2908,f,1970-04-26 19:35:08,206
2909,i,1970-04-26 19:35:09,206
2910,l,1970-04-26 19:35:10,206
2911,l,1970-04-26 19:35:11,206
2912,n,1970-04-26 19:35:12,206
2913,e,1970-04-26 19:35:13,207
2914,h,1970-04-26 19:35:14,207
2915,i,1970-04-26 19:35:15,207
2916,j,1970-04-26 19:35:16,207
2917,m,1970-04-26 19:35:17,207
2918,j,1970-04-26 19:35:18,207
2919,n,1970-04-26 19:35:19,207
2920,b,1970-04-26 19:35:20,208
2921,d,1970-04-26 19:35:21,208
2922,c,1970-04-26 19:35:22,208
2923,d,1970-04-26 19:35:23,208
2924,a,1970-04-26 19:35:24,208
2925,b,1970-04-26 19:35:25,208
2926,e,1970-04-26 19:35:26,208
2927,h,1970-04-26 19:35:27,208
2928,g,1970-04-26 19:35:28,208
2929,i,1970-04-26 19:35:29,208
2930,n,1970-04-26 19:35:30,208
2931,c,1970-04-26 19:35:31,209
2932,a,1970-04-26 19:35:32,209
2933,c,1970-04-26 19:35:33,209
2934,b,1970-04-26 19:35:34,209
2935,c,1970-04-26 19:35:35,209
2936,b,1970-04-26 19:35:36,209
2937,c,1970-04-26 19:35:37,209
2938,c,1970-04-26 19:35:38,209
2939,a,1970-04-26 19:35:39,209
2940,e,1970-04-26 19:35:40,209
2941,g,1970-04-26 19:35:41,209
2942,h,1970-04-26 19:35:42,209
2943,f,1970-04-26 19:35:43,209
2944,h,1970-04-26 19:35:44,209
2945,f,1970-04-26 19:35:45,209
2946,i,1970-04-26 19:35:46,209
2947,k,1970-04-26 19:35:47,209
2948,m,1970-04-26 19:35:48,209
2949,l,1970-04-26 19:35:49,209
2950,j,1970-04-26 19:35:50,209
2951,m,1970-04-26 19:35:51,209
2952,m,1970-04-26 19:35:52,209
2953,l,1970-04-26 19:35:53,209
2954,l,1970-04-26 19:35:54,209
2955,l,1970-04-26 19:35:55,209
2956,n,1970-04-26 19:35:56,209
2957,e,1970-04-26 19:35:57,210
2958,g,1970-04-26 19:35:58,210
2959,i,1970-04-26 19:35:59,210
2960,n,1970-04-26 19:36:00,210
2961,c,1970-04-26 19:36:01,211
2962,d,1970-04-26 19:36:02,211
2963,a,1970-04-26 19:36:03,211
2964,d,1970-04-26 19:36:04,211
2965,c,1970-04-26 19:36:05,211
2966,d,1970-04-26 19:36:06,211
2967,a,1970-04-26 19:36:07,211
2968,c,1970-04-26 19:36:08,211
2969,b,1970-04-26 19:36:09,211
2970,d,1970-04-26 19:36:10,211
2971,a,1970-04-26 19:36:11,211
2972,b,1970-04-26 19:36:12,211
2973,c,1970-04-26 19:36:13,211
2974,b,1970-04-26 19:36:14,211
2975,e,1970-04-26 19:36:15,211
2976,h,1970-04-26 19:36:16,211
2977,i,1970-04-26 19:36:17,211
2978,j,1970-04-26 19:36:18,211
2979,n,1970-04-26 19:36:19,211
2980,e,1970-04-26 19:36:20,212
2981,h,1970-04-26 19:36:21,212
2982,i,1970-04-26 19:36:22,212
2983,l,1970-04-26 19:36:23,212
2984,m,1970-04-26 19:36:24,212
2985,l,1970-04-26 19:36:25,212
2986,k,1970-04-26 19:36:26,212
2987,n,1970-04-26 19:36:27,212
2988,a,1970-04-26 19:36:28,213
2989,a,1970-04-26 19:36:29,213
2990,a,1970-04-26 19:36:30,213
2991,b,1970-04-26 19:36:31,213
2992,e,1970-04-26 19:36:32,213
2993,i,1970-04-26 19:36:33,213
2994,m,1970-04-26 19:36:34,213
2995,n,1970-04-26 19:36:35,213
2996,d,1970-04-26 19:36:36,214
2997,a,1970-04-26 19:36:37,214
2998,a,1970-04-26 19:36:38,214
2999,b,1970-04-26 19:36:39,214
3000,d,1970-04-26 19:36:40,214
3001,a,1970-04-26 19:36:41,214
3002,c,1970-04-26 19:36:42,214
3003,a,1970-04-26 19:36:43,214
3004,b,1970-04-26 19:36:44,214
3005,e,1970-04-26 19:36:45,214
3006,f,1970-04-26 19:36:46,214
3007,g,1970-04-26 19:36:47,214
3008,h,1970-04-26 19:36:48,214
3009,f,1970-04-26 19:36:49,214
3010,i,1970-04-26 19:36:50,214
3011,m,1970-04-26 19:36:51,214
3012,n,1970-04-26 19:36:52,214
3013,c,1970-04-26 19:36:53,215
3014,a,1970-04-26 19:36:54,215
3015,c,1970-04-26 19:36:55,215
3016,a,1970-04-26 19:36:56,215
3017,c,1970-04-26 19:36:57,215
3018,d,1970-04-26 19:36:58,215
3019,c,1970-04-26 19:36:59,215
3020,c,1970-04-26 19:37:00,215
3021,e,1970-04-26 19:37:01,215
3022,f,1970-04-26 19:37:02,215
3023,f,1970-04-26 19:37:03,215
3024,h,1970-04-26 19:37:04,215
3025,g,1970-04-26 19:37:05,215
3026,f,1970-04-26 19:37:06,215
3027,i,1970-04-26 19:37:07,215
3028,k,1970-04-26 19:37:08,215
3029,n,1970-04-26 19:37:09,215
3030,e,1970-04-26 19:37:10,216
3031,g,1970-04-26 19:37:11,216
3032,h,1970-04-26 19:37:12,216
3033,i,1970-04-26 19:37:13,216
3034,m,1970-04-26 19:37:14,216
3035,k,1970-04-26 19:37:15,216
3036,k,1970-04-26 19:37:16,216
3037,m,1970-04-26 19:37:17,216
3038,k,1970-04-26 19:37:18,216
3039,l,1970-04-26 19:37:19,216
3040,m,1970-04-26 19:37:20,216
3041,k,1970-04-26 19:37:21,216
3042,n,1970-04-26 19:37:22,216
3043,a,1970-04-26 19:37:23,217
3044,a,1970-04-26 19:37:24,217
3045,d,1970-04-26 19:37:25,217
3046,e,1970-04-26 19:37:26,217
3047,g,1970-04-26 19:37:27,217
3048,f,1970-04-26 19:37:28,217
3049,f,1970-04-26 19:37:29,217
3050,i,1970-04-26 19:37:30,217
3051,l,1970-04-26 19:37:31,217
3052,j,1970-04-26 19:37:32,217
3053,n,1970-04-26 19:37:33,217
3054,c,1970-04-26 19:37:34,218
3055,b,1970-04-26 19:37:35,218
3056,c,1970-04-26 19:37:36,218
3057,d,1970-04-26 19:37:37,218
3058,a,1970-04-26 19:37:38,218
3059,c,1970-04-26 19:37:39,218
3060,c,1970-04-26 19:37:40,218
3061,a,1970-04-26 19:37:41,218
3062,c,1970-04-26 19:37:42,218
3063,c,1970-04-26 19:37:43,218
3064,d,1970-04-26 19:37:44,218
3065,c,1970-04-26 19:37:45,218
3066,d,1970-04-26 19:37:46,218
3067,d,1970-04-26 19:37:47,218
3068,b,1970-04-26 19:37:48,218
3069,d,1970-04-26 19:37:49,218
3070,b,1970-04-26 19:37:50,218
3071,a,1970-04-26 19:37:51,218
3072,e,1970-04-26 19:37:52,218
3073,g,1970-04-26 19:37:53,218
3074,g,1970-04-26 19:37:54,218
3075,f,1970-04-26 19:37:55,218
3076,g,1970-04-26 19:37:56,218
3077,i,1970-04-26 19:37:57,218
3078,m,1970-04-26 19:37:58,218
3079,k,1970-04-26 19:37:59,218
3080,j,1970-04-26 19:38:00,218
3081,n,1970-04-26 19:38:01,218
3082,d,1970-04-26 19:38:02,219
3083,c,1970-04-26 19:38:03,219
3084,a,1970-04-26 19:38:04,219
3085,d,1970-04-26 19:38:05,219
3086,d,1970-04-26 19:38:06,219
3087,c,1970-04-26 19:38:07,219
3088,c,1970-04-26 19:38:08,219
3089,c,1970-04-26 19:38:09,219
3090,a,1970-04-26 19:38:10,219
3091,a,1970-04-26 19:38:11,219
3092,b,1970-04-26 19:38:12,219
3093,b,1970-04-26 19:38:13,219
3094,b,1970-04-26 19:38:14,219
3095,c,1970-04-26 19:38:15,219
3096,d,1970-04-26 19:38:16,219
3097,a,1970-04-26 19:38:17,219
3098,c,1970-04-26 19:38:18,219
3099,a,1970-04-26 19:38:19,219
3100,b,1970-04-26 19:38:20,219
3101,c,1970-04-26 19:38:21,219
3102,a,1970-04-26 19:38:22,219
3103,e,1970-04-26 19:38:23,219
3104,i,1970-04-26 19:38:24,219
3105,n,1970-04-26 19:38:25,219
3106,a,1970-04-26 19:38:26,220
3107,d,1970-04-26 19:38:27,220
3108,a,1970-04-26 19:38:28,220
3109,d,1970-04-26 19:38:29,220
3110,d,1970-04-26 19:38:30,220
3111,c,1970-04-26 19:38:31,220
3112,c,1970-04-26 19:38:32,220
3113,a,1970-04-26 19:38:33,220
3114,d,1970-04-26 19:38:34,220
3115,b,1970-04-26 19:38:35,220
3116,e,1970-04-26 19:38:36,220
3117,i,1970-04-26 19:38:37,220
3118,j,1970-04-26 19:38:38,220
3119,n,1970-04-26 19:38:39,220
3120,b,1970-04-26 19:38:40,221
3121,c,1970-04-26 19:38:41,221
3122,e,1970-04-26 19:38:42,221
3123,i,1970-04-26 19:38:43,221
3124,m,1970-04-26 19:38:44,221
3125,m,1970-04-26 19:38:45,221
3126,k,1970-04-26 19:38:46,221
3127,k,1970-04-26 19:38:47,221
3128,l,1970-04-26 19:38:48,221
3129,l,1970-04-26 19:38:49,221
3130,l,1970-04-26 19:38:50,221
3131,j,1970-04-26 19:38:51,221
3132,m,1970-04-26 19:38:52,221
3133,j,1970-04-26 19:38:53,221
3134,n,1970-04-26 19:38:54,221
3135,c,1970-04-26 19:38:55,222
3136,b,1970-04-26 19:38:56,222
3137,e,1970-04-26 19:38:57,222
3138,i,1970-04-26 19:38:58,222
3139,l,1970-04-26 19:38:59,222
3140,m,1970-04-26 19:39:00,222
3141,m,1970-04-26 19:39:01,222
3142,n,1970-04-26 19:39:02,222
3143,e,1970-04-26 19:39:03,223
3144,g,1970-04-26 19:39:04,223
3145,g,1970-04-26 19:39:05,223
3146,g,1970-04-26 19:39:06,223
3147,f,1970-04-26 19:39:07,223
3148,g,1970-04-26 19:39:08,223
3149,g,1970-04-26 19:39:09,223
3150,h,1970-04-26 19:39:10,223
3151,g,1970-04-26 19:39:11,223
3152,h,1970-04-26 19:39:12,223
3153,h,1970-04-26 19:39:13,223
3154,g,1970-04-26 19:39:14,223
3155,i,1970-04-26 19:39:15,223
3156,k,1970-04-26 19:39:16,223
3157,k,1970-04-26 19:39:17,223
3158,k,1970-04-26 19:39:18,223
3159,n,1970-04-26 19:39:19,223
3160,e,1970-04-26 19:39:20,224
3161,g,1970-04-26 19:39:21,224
3162,f,1970-04-26 19:39:22,224
3163,f,1970-04-26 19:39:23,224
3164,i,1970-04-26 19:39:24,224
3165,n,1970-04-26 19:39:25,224
3166,c,1970-04-26 19:39:26,225
3167,a,1970-04-26 19:39:27,225
3168,a,1970-04-26 19:39:28,225
3169,a,1970-04-26 19:39:29,225
3170,a,1970-04-26 19:39:30,225
3171,b,1970-04-26 19:39:31,225
3172,e,1970-04-26 19:39:32,225
3173,i,1970-04-26 19:39:33,225
3174,k,1970-04-26 19:39:34,225
3175,l,1970-04-26 19:39:35,225
3176,k,1970-04-26 19:39:36,225
3177,n,1970-04-26 19:39:37,225
3178,c,1970-04-26 19:39:38,226
3179,d,1970-04-26 19:39:39,226
3180,b,1970-04-26 19:39:40,226
3181,c,1970-04-26 19:39:41,226
3182,d,1970-04-26 19:39:42,226
3183,a,1970-04-26 19:39:43,226
3184,a,1970-04-26 19:39:44,226
3185,a,1970-04-26 19:39:45,226
3186,e,1970-04-26 19:39:46,226
3187,i,1970-04-26 19:39:47,226
3188,l,1970-04-26 19:39:48,226
3189,l,1970-04-26 19:39:49,226
3190,n,1970-04-26 19:39:50,226
3191,b,1970-04-26 19:39:51,227
3192,c,1970-04-26 19:39:52,227
3193,a,1970-04-26 19:39:53,227
3194,b,1970-04-26 19:39:54,227
3195,e,1970-04-26 19:39:55,227
3196,g,1970-04-26 19:39:56,227
3197,i,1970-04-26 19:39:57,227
3198,k,1970-04-26 19:39:58,227
3199,m,1970-04-26 19:39:59,227
3200,k,1970-04-26 19:40:00,227
3201,n,1970-04-26 19:40:01,227
3202,a,1970-04-26 19:40:02,228
3203,c,1970-04-26 19:40:03,228
3204,e,1970-04-26 19:40:04,228
3205,g,1970-04-26 19:40:05,228
3206,i,1970-04-26 19:40:06,228
3207,k,1970-04-26 19:40:07,228
3208,k,1970-04-26 19:40:08,228
3209,k,1970-04-26 19:40:09,228
3210,k,1970-04-26 19:40:10,228
3211,l,1970-04-26 19:40:11,228
3212,k,1970-04-26 19:40:12,228
3213,m,1970-04-26 19:40:13,228
3214,l,1970-04-26 19:40:14,228
3215,k,1970-04-26 19:40:15,228
3216,n,1970-04-26 19:40:16,228
3217,e,1970-04-26 19:40:17,229
3218,g,1970-04-26 19:40:18,229
3219,g,1970-04-26 19:40:19,229
3220,i,1970-04-26 19:40:20,229
3221,n,1970-04-26 19:40:21,229
3222,e,1970-04-26 19:40:22,230
3223,i,1970-04-26 19:40:23,230
3224,m,1970-04-26 19:40:24,230
3225,k,1970-04-26 19:40:25,230
3226,k,1970-04-26 19:40:26,230
3227,m,1970-04-26 19:40:27,230
3228,l,1970-04-26 19:40:28,230
3229,n,1970-04-26 19:40:29,230
3230,c,1970-04-26 19:40:30,231
3231,c,1970-04-26 19:40:31,231
3232,a,1970-04-26 19:40:32,231
3233,d,1970-04-26 19:40:33,231
3234,b,1970-04-26 19:40:34,231
3235,d,1970-04-26 19:40:35,231
3236,d,1970-04-26 19:40:36,231
3237,a,1970-04-26 19:40:37,231
3238,b,1970-04-26 19:40:38,231
3239,c,1970-04-26 19:40:39,231
3240,c,1970-04-26 19:40:40,231
3241,e,1970-04-26 19:40:41,231
3242,g,1970-04-26 19:40:42,231
3243,g,1970-04-26 19:40:43,231
3244,f,1970-04-26 19:40:44,231
3245,i,1970-04-26 19:40:45,231
3246,k,1970-04-26 19:40:46,231
3247,l,1970-04-26 19:40:47,231
3248,n,1970-04-26 19:40:48,231
3249,e,1970-04-26 19:40:49,232
3250,g,1970-04-26 19:40:50,232
3251,i,1970-04-26 19:40:51,232
3252,n,1970-04-26 19:40:52,232
3253,d,1970-04-26 19:40:53,233
3254,c,1970-04-26 19:40:54,233
3255,e,1970-04-26 19:40:55,233
3256,i,1970-04-26 19:40:56,233
3257,m,1970-04-26 19:40:57,233
3258,n,1970-04-26 19:40:58,233
3259,c,1970-04-26 19:40:59,234
3260,c,1970-04-26 19:41:00,234
3261,d,1970-04-26 19:41:01,234
3262,d,1970-04-26 19:41:02,234
3263,c,1970-04-26 19:41:03,234
3264,c,1970-04-26 19:41:04,234
3265,e,1970-04-26 19:41:05,234
3266,g,1970-04-26 19:41:06,234
3267,i,1970-04-26 19:41:07,234
3268,m,1970-04-26 19:41:08,234
3269,j,1970-04-26 19:41:09,234
3270,l,1970-04-26 19:41:10,234
3271,l,1970-04-26 19:41:11,234
3272,l,1970-04-26 19:41:12,234
3273,j,1970-04-26 19:41:13,234
3274,n,1970-04-26 19:41:14,234
3275,a,1970-04-26 19:41:15,235
3276,d,1970-04-26 19:41:16,235
3277,d,1970-04-26 19:41:17,235
3278,a,1970-04-26 19:41:18,235
3279,c,1970-04-26 19:41:19,235
3280,c,1970-04-26 19:41:20,235
3281,b,1970-04-26 19:41:21,235
3282,d,1970-04-26 19:41:22,235
3283,c,1970-04-26 19:41:23,235
3284,d,1970-04-26 19:41:24,235
3285,b,1970-04-26 19:41:25,235
3286,d,1970-04-26 19:41:26,235
3287,e,1970-04-26 19:41:27,235
3288,g,1970-04-26 19:41:28,235
3289,i,1970-04-26 19:41:29,235
3290,m,1970-04-26 19:41:30,235
3291,n,1970-04-26 19:41:31,235
3292,a,1970-04-26 19:41:32,236
3293,b,1970-04-26 19:41:33,236
3294,c,1970-04-26 19:41:34,236
3295,d,1970-04-26 19:41:35,236
3296,a,1970-04-26 19:41:36,236
3297,a,1970-04-26 19:41:37,236
3298,d,1970-04-26 19:41:38,236
3299,d,1970-04-26 19:41:39,236
3300,e,1970-04-26 19:41:40,236
3301,i,1970-04-26 19:41:41,236
3302,k,1970-04-26 19:41:42,236
3303,n,1970-04-26 19:41:43,236
3304,a,1970-04-26 19:41:44,237
3305,b,1970-04-26 19:41:45,237
3306,c,1970-04-26 19:41:46,237
3307,e,1970-04-26 19:41:47,237
3308,i,1970-04-26 19:41:48,237
3309,m,1970-04-26 19:41:49,237
3310,k,1970-04-26 19:41:50,237
3311,n,1970-04-26 19:41:51,237
3312,d,1970-04-26 19:41:52,238
3313,a,1970-04-26 19:41:53,238
3314,c,1970-04-26 19:41:54,238
3315,c,1970-04-26 19:41:55,238
3316,a,1970-04-26 19:41:56,238
3317,a,1970-04-26 19:41:57,238
3318,e,1970-04-26 19:41:58,238
3319,i,1970-04-26 19:41:59,238
3320,m,1970-04-26 19:42:00,238
3321,k,1970-04-26 19:42:01,238
3322,m,1970-04-26 19:42:02,238
3323,l,1970-04-26 19:42:03,238
3324,m,1970-04-26 19:42:04,238
3325,m,1970-04-26 19:42:05,238
3326,l,1970-04-26 19:42:06,238
3327,m,1970-04-26 19:42:07,238
3328,l,1970-04-26 19:42:08,238
3329,k,1970-04-26 19:42:09,238
3330,k,1970-04-26 19:42:10,238
3331,n,1970-04-26 19:42:11,238
3332,c,1970-04-26 19:42:12,239
3333,e,1970-04-26 19:42:13,239
3334,h,1970-04-26 19:42:14,239
3335,h,1970-04-26 19:42:15,239
3336,f,1970-04-26 19:42:16,239
3337,h,1970-04-26 19:42:17,239
3338,f,1970-04-26 19:42:18,239
3339,h,1970-04-26 19:42:19,239
3340,i,1970-04-26 19:42:20,239
3341,m,1970-04-26 19:42:21,239
3342,k,1970-04-26 19:42:22,239
3343,j,1970-04-26 19:42:23,239
3344,j,1970-04-26 19:42:24,239
3345,l,1970-04-26 19:42:25,239
3346,n,1970-04-26 19:42:26,239
3347,e,1970-04-26 19:42:27,240
3348,h,1970-04-26 19:42:28,240
3349,f,1970-04-26 19:42:29,240
3350,h,1970-04-26 19:42:30,240
3351,i,1970-04-26 19:42:31,240
3352,k,1970-04-26 19:42:32,240
3353,j,1970-04-26 19:42:33,240
3354,j,1970-04-26 19:42:34,240
3355,m,1970-04-26 19:42:35,240
3356,j,1970-04-26 19:42:36,240
3357,n,1970-04-26 19:42:37,240
3358,a,1970-04-26 19:42:38,241
3359,c,1970-04-26 19:42:39,241
3360,c,1970-04-26 19:42:40,241
3361,e,1970-04-26 19:42:41,241
3362,g,1970-04-26 19:42:42,241
3363,g,1970-04-26 19:42:43,241
3364,g,1970-04-26 19:42:44,241
3365,h,1970-04-26 19:42:45,241
3366,g,1970-04-26 19:42:46,241
3367,i,1970-04-26 19:42:47,241
3368,m,1970-04-26 19:42:48,241
3369,l,1970-04-26 19:42:49,241
3370,j,1970-04-26 19:42:50,241
3371,j,1970-04-26 19:42:51,241
3372,n,1970-04-26 19:42:52,241
3373,e,1970-04-26 19:42:53,242
3374,h,1970-04-26 19:42:54,242
3375,i,1970-04-26 19:42:55,242
3376,k,1970-04-26 19:42:56,242
3377,l,1970-04-26 19:42:57,242
3378,k,1970-04-26 19:42:58,242
3379,n,1970-04-26 19:42:59,242
3380,a,1970-04-26 19:43:00,243
3381,c,1970-04-26 19:43:01,243
3382,b,1970-04-26 19:43:02,243
3383,b,1970-04-26 19:43:03,243
3384,d,1970-04-26 19:43:04,243
3385,e,1970-04-26 19:43:05,243
3386,i,1970-04-26 19:43:06,243
3387,l,1970-04-26 19:43:07,243
3388,n,1970-04-26 19:43:08,243
3389,e,1970-04-26 19:43:09,244
3390,i,1970-04-26 19:43:10,244
3391,m,1970-04-26 19:43:11,244
3392,n,1970-04-26 19:43:12,244
3393,d,1970-04-26 19:43:13,245
3394,b,1970-04-26 19:43:14,245
3395,d,1970-04-26 19:43:15,245
3396,b,1970-04-26 19:43:16,245
3397,e,1970-04-26 19:43:17,245
3398,h,1970-04-26 19:43:18,245
3399,i,1970-04-26 19:43:19,245
3400,j,1970-04-26 19:43:20,245
3401,l,1970-04-26 19:43:21,245
3402,k,1970-04-26 19:43:22,245
3403,j,1970-04-26 19:43:23,245
3404,j,1970-04-26 19:43:24,245
3405,k,1970-04-26 19:43:25,245
3406,n,1970-04-26 19:43:26,245
3407,a,1970-04-26 19:43:27,246
3408,d,1970-04-26 19:43:28,246
3409,c,1970-04-26 19:43:29,246
3410,b,1970-04-26 19:43:30,246
3411,a,1970-04-26 19:43:31,246
3412,d,1970-04-26 19:43:32,246
3413,c,1970-04-26 19:43:33,246
3414,c,1970-04-26 19:43:34,246
3415,a,1970-04-26 19:43:35,246
3416,b,1970-04-26 19:43:36,246
3417,d,1970-04-26 19:43:37,246
3418,b,1970-04-26 19:43:38,246
3419,d,1970-04-26 19:43:39,246
3420,e,1970-04-26 19:43:40,246
3421,g,1970-04-26 19:43:41,246
3422,i,1970-04-26 19:43:42,246
3423,n,1970-04-26 19:43:43,246
3424,a,1970-04-26 19:43:44,247
3425,e,1970-04-26 19:43:45,247
3426,i,1970-04-26 19:43:46,247
3427,l,1970-04-26 19:43:47,247
3428,m,1970-04-26 19:43:48,247
3429,n,1970-04-26 19:43:49,247
3430,b,1970-04-26 19:43:50,248
3431,b,1970-04-26 19:43:51,248
3432,d,1970-04-26 19:43:52,248
3433,e,1970-04-26 19:43:53,248
3434,i,1970-04-26 19:43:54,248
3435,l,1970-04-26 19:43:55,248
3436,k,1970-04-26 19:43:56,248
3437,k,1970-04-26 19:43:57,248
3438,j,1970-04-26 19:43:58,248
3439,m,1970-04-26 19:43:59,248
3440,j,1970-04-26 19:44:00,248
3441,k,1970-04-26 19:44:01,248
3442,n,1970-04-26 19:44:02,248
3443,b,1970-04-26 19:44:03,249
3444,b,1970-04-26 19:44:04,249
3445,e,1970-04-26 19:44:05,249
3446,i,1970-04-26 19:44:06,249
3447,m,1970-04-26 19:44:07,249
3448,m,1970-04-26 19:44:08,249
3449,n,1970-04-26 19:44:09,249
3450,e,1970-04-26 19:44:10,250
3451,f,1970-04-26 19:44:11,250
3452,f,1970-04-26 19:44:12,250
3453,h,1970-04-26 19:44:13,250
3454,g,1970-04-26 19:44:14,250
3455,h,1970-04-26 19:44:15,250
3456,i,1970-04-26 19:44:16,250
3457,m,1970-04-26 19:44:17,250
3458,k,1970-04-26 19:44:18,250
3459,m,1970-04-26 19:44:19,250
3460,n,1970-04-26 19:44:20,250
3461,b,1970-04-26 19:44:21,251
3462,d,1970-04-26 19:44:22,251
3463,e,1970-04-26 19:44:23,251
3464,f,1970-04-26 19:44:24,251
3465,h,1970-04-26 19:44:25,251
3466,g,1970-04-26 19:44:26,251
3467,f,1970-04-26 19:44:27,251
3468,g,1970-04-26 19:44:28,251
3469,f,1970-04-26 19:44:29,251
3470,h,1970-04-26 19:44:30,251
3471,f,1970-04-26 19:44:31,251
3472,h,1970-04-26 19:44:32,251
3473,h,1970-04-26 19:44:33,251
3474,f,1970-04-26 19:44:34,251
3475,i,1970-04-26 19:44:35,251
3476,n,1970-04-26 19:44:36,251
3477,c,1970-04-26 19:44:37,252
3478,d,1970-04-26 19:44:38,252
3479,c,1970-04-26 19:44:39,252
3480,a,1970-04-26 19:44:40,252
3481,c,1970-04-26 19:44:41,252
3482,b,1970-04-26 19:44:42,252
3483,e,1970-04-26 19:44:43,252
3484,g,1970-04-26 19:44:44,252
3485,f,1970-04-26 19:44:45,252
3486,g,1970-04-26 19:44:46,252
3487,f,1970-04-26 19:44:47,252
3488,i,1970-04-26 19:44:48,252
3489,j,1970-04-26 19:44:49,252
3490,m,1970-04-26 19:44:50,252
3491,m,1970-04-26 19:44:51,252
3492,n,1970-04-26 19:44:52,252
3493,c,1970-04-26 19:44:53,253
3494,e,1970-04-26 19:44:54,253
3495,h,1970-04-26 19:44:55,253
3496,g,1970-04-26 19:44:56,253
3497,h,1970-04-26 19:44:57,253
3498,f,1970-04-26 19:44:58,253
3499,i,1970-04-26 19:44:59,253
3500,j,1970-04-26 19:45:00,253
3501,l,1970-04-26 19:45:01,253
3502,j,1970-04-26 19:45:02,253
3503,j,1970-04-26 19:45:03,253
3504,k,1970-04-26 19:45:04,253
3505,k,1970-04-26 19:45:05,253
3506,l,1970-04-26 19:45:06,253
3507,n,1970-04-26 19:45:07,253
3508,c,1970-04-26 19:45:08,254
3509,d,1970-04-26 19:45:09,254
3510,b,1970-04-26 19:45:10,254
3511,b,1970-04-26 19:45:11,254
3512,e,1970-04-26 19:45:12,254
3513,i,1970-04-26 19:45:13,254
3514,j,1970-04-26 19:45:14,254
3515,n,1970-04-26 19:45:15,254
3516,e,1970-04-26 19:45:16,255
3517,i,1970-04-26 19:45:17,255
3518,l,1970-04-26 19:45:18,255
3519,l,1970-04-26 19:45:19,255
3520,j,1970-04-26 19:45:20,255
3521,m,1970-04-26 19:45:21,255
3522,m,1970-04-26 19:45:22,255
3523,j,1970-04-26 19:45:23,255
3524,l,1970-04-26 19:45:24,255
3525,j,1970-04-26 19:45:25,255
3526,m,1970-04-26 19:45:26,255
3527,n,1970-04-26 19:45:27,255
3528,d,1970-04-26 19:45:28,256
3529,d,1970-04-26 19:45:29,256
3530,e,1970-04-26 19:45:30,256
3531,i,1970-04-26 19:45:31,256
3532,m,1970-04-26 19:45:32,256
3533,l,1970-04-26 19:45:33,256
3534,n,1970-04-26 19:45:34,256
3535,d,1970-04-26 19:45:35,257
3536,c,1970-04-26 19:45:36,257
3537,d,1970-04-26 19:45:37,257
3538,a,1970-04-26 19:45:38,257
3539,b,1970-04-26 19:45:39,257
3540,b,1970-04-26 19:45:40,257
3541,c,1970-04-26 19:45:41,257
3542,d,1970-04-26 19:45:42,257
3543,d,1970-04-26 19:45:43,257
3544,b,1970-04-26 19:45:44,257
3545,e,1970-04-26 19:45:45,257
3546,g,1970-04-26 19:45:46,257
3547,i,1970-04-26 19:45:47,257
3548,m,1970-04-26 19:45:48,257
3549,k,1970-04-26 19:45:49,257
3550,n,1970-04-26 19:45:50,257
3551,e,1970-04-26 19:45:51,258
3552,g,1970-04-26 19:45:52,258
3553,h,1970-04-26 19:45:53,258
3554,i,1970-04-26 19:45:54,258
3555,m,1970-04-26 19:45:55,258
3556,l,1970-04-26 19:45:56,258
3557,j,1970-04-26 19:45:57,258
3558,k,1970-04-26 19:45:58,258
3559,n,1970-04-26 19:45:59,258
3560,e,1970-04-26 19:46:00,259
3561,i,1970-04-26 19:46:01,259
3562,n,1970-04-26 19:46:02,259
3563,c,1970-04-26 19:46:03,260
3564,d,1970-04-26 19:46:04,260
3565,e,1970-04-26 19:46:05,260
3566,h,1970-04-26 19:46:06,260
3567,h,1970-04-26 19:46:07,260
3568,g,1970-04-26 19:46:08,260
3569,i,1970-04-26 19:46:09,260
3570,k,1970-04-26 19:46:10,260
3571,m,1970-04-26 19:46:11,260
3572,m,1970-04-26 19:46:12,260
3573,l,1970-04-26 19:46:13,260
3574,l,1970-04-26 19:46:14,260
3575,m,1970-04-26 19:46:15,260
3576,l,1970-04-26 19:46:16,260
3577,n,1970-04-26 19:46:17,260
3578,c,1970-04-26 19:46:18,261
3579,b,1970-04-26 19:46:19,261
3580,c,1970-04-26 19:46:20,261
3581,c,1970-04-26 19:46:21,261
3582,c,1970-04-26 19:46:22,261
3583,e,1970-04-26 19:46:23,261
3584,h,1970-04-26 19:46:24,261
3585,f,1970-04-26 19:46:25,261
3586,g,1970-04-26 19:46:26,261
3587,g,1970-04-26 19:46:27,261
3588,h,1970-04-26 19:46:28,261
3589,f,1970-04-26 19:46:29,261
3590,i,1970-04-26 19:46:30,261
3591,l,1970-04-26 19:46:31,261
3592,k,1970-04-26 19:46:32,261
3593,l,1970-04-26 19:46:33,261
3594,k,1970-04-26 19:46:34,261
3595,k,1970-04-26 19:46:35,261
3596,m,1970-04-26 19:46:36,261
3597,m,1970-04-26 19:46:37,261
3598,m,1970-04-26 19:46:38,261
3599,m,1970-04-26 19:46:39,261
3600,m,1970-04-26 19:46:40,261
3601,j,1970-04-26 19:46:41,261
3602,l,1970-04-26 19:46:42,261
3603,k,1970-04-26 19:46:43,261
3604,j,1970-04-26 19:46:44,261
3605,l,1970-04-26 19:46:45,261
3606,n,1970-04-26 19:46:46,261
3607,d,1970-04-26 19:46:47,262
3608,e,1970-04-26 19:46:48,262
3609,f,1970-04-26 19:46:49,262
3610,g,1970-04-26 19:46:50,262
3611,f,1970-04-26 19:46:51,262
3612,f,1970-04-26 19:46:52,262
3613,h,1970-04-26 19:46:53,262
3614,g,1970-04-26 19:46:54,262
3615,g,1970-04-26 19:46:55,262
3616,g,1970-04-26 19:46:56,262
3617,h,1970-04-26 19:46:57,262
3618,i,1970-04-26 19:46:58,262
3619,n,1970-04-26 19:46:59,262
3620,b,1970-04-26 19:47:00,263
3621,b,1970-04-26 19:47:01,263
3622,e,1970-04-26 19:47:02,263
3623,f,1970-04-26 19:47:03,263
3624,f,1970-04-26 19:47:04,263
3625,h,1970-04-26 19:47:05,263
3626,f,1970-04-26 19:47:06,263
3627,g,1970-04-26 19:47:07,263
3628,f,1970-04-26 19:47:08,263
3629,h,1970-04-26 19:47:09,263
3630,g,1970-04-26 19:47:10,263
3631,f,1970-04-26 19:47:11,263
3632,g,1970-04-26 19:47:12,263
3633,g,1970-04-26 19:47:13,263
3634,f,1970-04-26 19:47:14,263
3635,h,1970-04-26 19:47:15,263
3636,i,1970-04-26 19:47:16,263
3637,m,1970-04-26 19:47:17,263
3638,n,1970-04-26 19:47:18,263
3639,c,1970-04-26 19:47:19,264
3640,e,1970-04-26 19:47:20,264
3641,h,1970-04-26 19:47:21,264
3642,g,1970-04-26 19:47:22,264
3643,f,1970-04-26 19:47:23,264
3644,f,1970-04-26 19:47:24,264
3645,h,1970-04-26 19:47:25,264
3646,f,1970-04-26 19:47:26,264
3647,g,1970-04-26 19:47:27,264
3648,g,1970-04-26 19:47:28,264
3649,f,1970-04-26 19:47:29,264
3650,g,1970-04-26 19:47:30,264
3651,h,1970-04-26 19:47:31,264
3652,f,1970-04-26 19:47:32,264
3653,g,1970-04-26 19:47:33,264
3654,f,1970-04-26 19:47:34,264
3655,g,1970-04-26 19:47:35,264
3656,h,1970-04-26 19:47:36,264
3657,g,1970-04-26 19:47:37,264
3658,h,1970-04-26 19:47:38,264
3659,g,1970-04-26 19:47:39,264
3660,f,1970-04-26 19:47:40,264
3661,i,1970-04-26 19:47:41,264
3662,k,1970-04-26 19:47:42,264
3663,j,1970-04-26 19:47:43,264
3664,l,1970-04-26 19:47:44,264
3665,j,1970-04-26 19:47:45,264
3666,l,1970-04-26 19:47:46,264
3667,n,1970-04-26 19:47:47,264
3668,d,1970-04-26 19:47:48,265
3669,c,1970-04-26 19:47:49,265
3670,b,1970-04-26 19:47:50,265
3671,c,1970-04-26 19:47:51,265
3672,e,1970-04-26 19:47:52,265
3673,i,1970-04-26 19:47:53,265
3674,l,1970-04-26 19:47:54,265
3675,k,1970-04-26 19:47:55,265
3676,j,1970-04-26 19:47:56,265
3677,l,1970-04-26 19:47:57,265
3678,l,1970-04-26 19:47:58,265
3679,n,1970-04-26 19:47:59,265
3680,a,1970-04-26 19:48:00,266
3681,d,1970-04-26 19:48:01,266
3682,e,1970-04-26 19:48:02,266
3683,i,1970-04-26 19:48:03,266
3684,l,1970-04-26 19:48:04,266
3685,j,1970-04-26 19:48:05,266
3686,n,1970-04-26 19:48:06,266
3687,a,1970-04-26 19:48:07,267
3688,a,1970-04-26 19:48:08,267
3689,d,1970-04-26 19:48:09,267
3690,b,1970-04-26 19:48:10,267
3691,b,1970-04-26 19:48:11,267
3692,c,1970-04-26 19:48:12,267
3693,a,1970-04-26 19:48:13,267
3694,c,1970-04-26 19:48:14,267
3695,b,1970-04-26 19:48:15,267
3696,c,1970-04-26 19:48:16,267
3697,d,1970-04-26 19:48:17,267
3698,c,1970-04-26 19:48:18,267
3699,e,1970-04-26 19:48:19,267
3700,i,1970-04-26 19:48:20,267
3701,n,1970-04-26 19:48:21,267
3702,b,1970-04-26 19:48:22,268
3703,d,1970-04-26 19:48:23,268
3704,e,1970-04-26 19:48:24,268
3705,f,1970-04-26 19:48:25,268
3706,h,1970-04-26 19:48:26,268
3707,i,1970-04-26 19:48:27,268
3708,m,1970-04-26 19:48:28,268
3709,l,1970-04-26 19:48:29,268
3710,j,1970-04-26 19:48:30,268
3711,m,1970-04-26 19:48:31,268
3712,j,1970-04-26 19:48:32,268
3713,j,1970-04-26 19:48:33,268
3714,m,1970-04-26 19:48:34,268
3715,k,1970-04-26 19:48:35,268
3716,l,1970-04-26 19:48:36,268
3717,m,1970-04-26 19:48:37,268
3718,l,1970-04-26 19:48:38,268
3719,k,1970-04-26 19:48:39,268
3720,m,1970-04-26 19:48:40,268
3721,m,1970-04-26 19:48:41,268
3722,m,1970-04-26 19:48:42,268
3723,k,1970-04-26 19:48:43,268
3724,n,1970-04-26 19:48:44,268
3725,d,1970-04-26 19:48:45,269
3726,a,1970-04-26 19:48:46,269
3727,c,1970-04-26 19:48:47,269
3728,d,1970-04-26 19:48:48,269
3729,e,1970-04-26 19:48:49,269
3730,g,1970-04-26 19:48:50,269
3731,h,1970-04-26 19:48:51,269
3732,h,1970-04-26 19:48:52,269
3733,g,1970-04-26 19:48:53,269
3734,g,1970-04-26 19:48:54,269
3735,i,1970-04-26 19:48:55,269
3736,j,1970-04-26 19:48:56,269
3737,k,1970-04-26 19:48:57,269
3738,n,1970-04-26 19:48:58,269
3739,b,1970-04-26 19:48:59,270
3740,a,1970-04-26 19:49:00,270
3741,d,1970-04-26 19:49:01,270
3742,a,1970-04-26 19:49:02,270
3743,a,1970-04-26 19:49:03,270
3744,d,1970-04-26 19:49:04,270
3745,d,1970-04-26 19:49:05,270
3746,d,1970-04-26 19:49:06,270
3747,e,1970-04-26 19:49:07,270
3748,g,1970-04-26 19:49:08,270
3749,i,1970-04-26 19:49:09,270
3750,m,1970-04-26 19:49:10,270
3751,l,1970-04-26 19:49:11,270
3752,l,1970-04-26 19:49:12,270
3753,n,1970-04-26 19:49:13,270
3754,b,1970-04-26 19:49:14,271
3755,d,1970-04-26 19:49:15,271
3756,c,1970-04-26 19:49:16,271
3757,a,1970-04-26 19:49:17,271
3758,b,1970-04-26 19:49:18,271
3759,d,1970-04-26 19:49:19,271
3760,c,1970-04-26 19:49:20,271
3761,e,1970-04-26 19:49:21,271
3762,h,1970-04-26 19:49:22,271
3763,g,1970-04-26 19:49:23,271
3764,h,1970-04-26 19:49:24,271
3765,g,1970-04-26 19:49:25,271
3766,h,1970-04-26 19:49:26,271
3767,h,1970-04-26 19:49:27,271
3768,f,1970-04-26 19:49:28,271
3769,i,1970-04-26 19:49:29,271
3770,j,1970-04-26 19:49:30,271
3771,j,1970-04-26 19:49:31,271
3772,k,1970-04-26 19:49:32,271
3773,j,1970-04-26 19:49:33,271
3774,n,1970-04-26 19:49:34,271
3775,c,1970-04-26 19:49:35,272
3776,e,1970-04-26 19:49:36,272
3777,h,1970-04-26 19:49:37,272
3778,i,1970-04-26 19:49:38,272
3779,n,1970-04-26 19:49:39,272
3780,a,1970-04-26 19:49:40,273
3781,e,1970-04-26 19:49:41,273
3782,h,1970-04-26 19:49:42,273
3783,h,1970-04-26 19:49:43,273
3784,h,1970-04-26 19:49:44,273
3785,i,1970-04-26 19:49:45,273
3786,k,1970-04-26 19:49:46,273
3787,l,1970-04-26 19:49:47,273
3788,j,1970-04-26 19:49:48,273
3789,j,1970-04-26 19:49:49,273
3790,n,1970-04-26 19:49:50,273
3791,e,1970-04-26 19:49:51,274
3792,g,1970-04-26 19:49:52,274
3793,h,1970-04-26 19:49:53,274
3794,i,1970-04-26 19:49:54,274
3795,k,1970-04-26 19:49:55,274
3796,n,1970-04-26 19:49:56,274
3797,a,1970-04-26 19:49:57,275
3798,d,1970-04-26 19:49:58,275
3799,b,1970-04-26 19:49:59,275
3800,d,1970-04-26 19:50:00,275
3801,e,1970-04-26 19:50:01,275
3802,g,1970-04-26 19:50:02,275
3803,f,1970-04-26 19:50:03,275
3804,i,1970-04-26 19:50:04,275
3805,n,1970-04-26 19:50:05,275
3806,e,1970-04-26 19:50:06,276
3807,f,1970-04-26 19:50:07,276
3808,g,1970-04-26 19:50:08,276
3809,f,1970-04-26 19:50:09,276
3810,h,1970-04-26 19:50:10,276
3811,f,1970-04-26 19:50:11,276
3812,g,1970-04-26 19:50:12,276
3813,i,1970-04-26 19:50:13,276
3814,l,1970-04-26 19:50:14,276
3815,m,1970-04-26 19:50:15,276
3816,n,1970-04-26 19:50:16,276
3817,c,1970-04-26 19:50:17,277
3818,a,1970-04-26 19:50:18,277
3819,c,1970-04-26 19:50:19,277
3820,e,1970-04-26 19:50:20,277
3821,i,1970-04-26 19:50:21,277
3822,l,1970-04-26 19:50:22,277
3823,k,1970-04-26 19:50:23,277
3824,n,1970-04-26 19:50:24,277
3825,d,1970-04-26 19:50:25,278
3826,d,1970-04-26 19:50:26,278
3827,c,1970-04-26 19:50:27,278
3828,c,1970-04-26 19:50:28,278
3829,d,1970-04-26 19:50:29,278
3830,d,1970-04-26 19:50:30,278
3831,a,1970-04-26 19:50:31,278
3832,c,1970-04-26 19:50:32,278
3833,e,1970-04-26 19:50:33,278
3834,i,1970-04-26 19:50:34,278
3835,l,1970-04-26 19:50:35,278
3836,m,1970-04-26 19:50:36,278
3837,k,1970-04-26 19:50:37,278
3838,m,1970-04-26 19:50:38,278
3839,n,1970-04-26 19:50:39,278
3840,d,1970-04-26 19:50:40,279
3841,c,1970-04-26 19:50:41,279
3842,e,1970-04-26 19:50:42,279
3843,f,1970-04-26 19:50:43,279
3844,i,1970-04-26 19:50:44,279
3845,j,1970-04-26 19:50:45,279
3846,l,1970-04-26 19:50:46,279
3847,j,1970-04-26 19:50:47,279
3848,n,1970-04-26 19:50:48,279
3849,c,1970-04-26 19:50:49,280
3850,a,1970-04-26 19:50:50,280
3851,e,1970-04-26 19:50:51,280
3852,i,1970-04-26 19:50:52,280
3853,k,1970-04-26 19:50:53,280
3854,l,1970-04-26 19:50:54,280
3855,n,1970-04-26 19:50:55,280
3856,e,1970-04-26 19:50:56,281
3857,i,1970-04-26 19:50:57,281
3858,n,1970-04-26 19:50:58,281
3859,a,1970-04-26 19:50:59,282
3860,d,1970-04-26 19:51:00,282
3861,d,1970-04-26 19:51:01,282
3862,a,1970-04-26 19:51:02,282
3863,a,1970-04-26 19:51:03,282
3864,c,1970-04-26 19:51:04,282
3865,e,1970-04-26 19:51:05,282
3866,f,1970-04-26 19:51:06,282
3867,i,1970-04-26 19:51:07,282
3868,m,1970-04-26 19:51:08,282
3869,m,1970-04-26 19:51:09,282
3870,j,1970-04-26 19:51:10,282
3871,n,1970-04-26 19:51:11,282
3872,c,1970-04-26 19:51:12,283
3873,e,1970-04-26 19:51:13,283
3874,i,1970-04-26 19:51:14,283
3875,j,1970-04-26 19:51:15,283
3876,n,1970-04-26 19:51:16,283
3877,d,1970-04-26 19:51:17,284
3878,b,1970-04-26 19:51:18,284
3879,b,1970-04-26 19:51:19,284
3880,b,1970-04-26 19:51:20,284
3881,b,1970-04-26 19:51:21,284
3882,b,1970-04-26 19:51:22,284
3883,a,1970-04-26 19:51:23,284
3884,b,1970-04-26 19:51:24,284
3885,a,1970-04-26 19:51:25,284
3886,e,1970-04-26 19:51:26,284
3887,f,1970-04-26 19:51:27,284
3888,f,1970-04-26 19:51:28,284
3889,h,1970-04-26 19:51:29,284
3890,g,1970-04-26 19:51:30,284
3891,f,1970-04-26 19:51:31,284
3892,f,1970-04-26 19:51:32,284
3893,g,1970-04-26 19:51:33,284
3894,h,1970-04-26 19:51:34,284
3895,f,1970-04-26 19:51:35,284
3896,h,1970-04-26 19:51:36,284
3897,h,1970-04-26 19:51:37,284
3898,h,1970-04-26 19:51:38,284
3899,g,1970-04-26 19:51:39,284
3900,f,1970-04-26 19:51:40,284
3901,i,1970-04-26 19:51:41,284
3902,l,1970-04-26 19:51:42,284
3903,n,1970-04-26 19:51:43,284
3904,a,1970-04-26 19:51:44,285
3905,d,1970-04-26 19:51:45,285
3906,c,1970-04-26 19:51:46,285
3907,c,1970-04-26 19:51:47,285
3908,e,1970-04-26 19:51:48,285
3909,g,1970-04-26 19:51:49,285
3910,i,1970-04-26 19:51:50,285
3911,l,1970-04-26 19:51:51,285
3912,j,1970-04-26 19:51:52,285
3913,l,1970-04-26 19:51:53,285
3914,n,1970-04-26 19:51:54,285
3915,e,1970-04-26 19:51:55,286
3916,h,1970-04-26 19:51:56,286
3917,g,1970-04-26 19:51:57,286
3918,h,1970-04-26 19:51:58,286
3919,i,1970-04-26 19:51:59,286
3920,j,1970-04-26 19:52:00,286
3921,k,1970-04-26 19:52:01,286
3922,j,1970-04-26 19:52:02,286
3923,j,1970-04-26 19:52:03,286
3924,k,1970-04-26 19:52:04,286
3925,l,1970-04-26 19:52:05,286
3926,m,1970-04-26 19:52:06,286
3927,n,1970-04-26 19:52:07,286
3928,b,1970-04-26 19:52:08,287
3929,a,1970-04-26 19:52:09,287
3930,d,1970-04-26 19:52:10,287
3931,d,1970-04-26 19:52:11,287
3932,c,1970-04-26 19:52:12,287
3933,d,1970-04-26 19:52:13,287
3934,e,1970-04-26 19:52:14,287
3935,f,1970-04-26 19:52:15,287
3936,h,1970-04-26 19:52:16,287
3937,g,1970-04-26 19:52:17,287
3938,f,1970-04-26 19:52:18,287
3939,i,1970-04-26 19:52:19,287
3940,m,1970-04-26 19:52:20,287
3941,n,1970-04-26 19:52:21,287
3942,d,1970-04-26 19:52:22,288
3943,d,1970-04-26 19:52:23,288
3944,d,1970-04-26 19:52:24,288
3945,e,1970-04-26 19:52:25,288
3946,f,1970-04-26 19:52:26,288
3947,g,1970-04-26 19:52:27,288
3948,f,1970-04-26 19:52:28,288
3949,g,1970-04-26 19:52:29,288
3950,h,1970-04-26 19:52:30,288
3951,h,1970-04-26 19:52:31,288
3952,f,1970-04-26 19:52:32,288
3953,i,1970-04-26 19:52:33,288
3954,l,1970-04-26 19:52:34,288
3955,k,1970-04-26 19:52:35,288
3956,m,1970-04-26 19:52:36,288
3957,l,1970-04-26 19:52:37,288
3958,n,1970-04-26 19:52:38,288
3959,c,1970-04-26 19:52:39,289
3960,b,1970-04-26 19:52:40,289
3961,b,1970-04-26 19:52:41,289
3962,c,1970-04-26 19:52:42,289
3963,c,1970-04-26 19:52:43,289
3964,c,1970-04-26 19:52:44,289
3965,b,1970-04-26 19:52:45,289
3966,a,1970-04-26 19:52:46,289
3967,b,1970-04-26 19:52:47,289
3968,b,1970-04-26 19:52:48,289
3969,d,1970-04-26 19:52:49,289
3970,c,1970-04-26 19:52:50,289
3971,b,1970-04-26 19:52:51,289
3972,e,1970-04-26 19:52:52,289
3973,i,1970-04-26 19:52:53,289
3974,k,1970-04-26 19:52:54,289
3975,m,1970-04-26 19:52:55,289
3976,k,1970-04-26 19:52:56,289
3977,l,1970-04-26 19:52:57,289
3978,m,1970-04-26 19:52:58,289
3979,k,1970-04-26 19:52:59,289
3980,j,1970-04-26 19:53:00,289
3981,l,1970-04-26 19:53:01,289
3982,l,1970-04-26 19:53:02,289
3983,j,1970-04-26 19:53:03,289
3984,l,1970-04-26 19:53:04,289
3985,m,1970-04-26 19:53:05,289
3986,k,1970-04-26 19:53:06,289
3987,m,1970-04-26 19:53:07,289
3988,l,1970-04-26 19:53:08,289
3989,m,1970-04-26 19:53:09,289
3990,j,1970-04-26 19:53:10,289
3991,j,1970-04-26 19:53:11,289
3992,j,1970-04-26 19:53:12,289
3993,k,1970-04-26 19:53:13,289
3994,k,1970-04-26 19:53:14,289
3995,k,1970-04-26 19:53:15,289
3996,m,1970-04-26 19:53:16,289
3997,l,1970-04-26 19:53:17,289
3998,l,1970-04-26 19:53:18,289
3999,j,1970-04-26 19:53:19,289
4000,m,1970-04-26 19:53:20,289
4001,k,1970-04-26 19:53:21,289
4002,j,1970-04-26 19:53:22,289
4003,j,1970-04-26 19:53:23,289
4004,m,1970-04-26 19:53:24,289
4005,n,1970-04-26 19:53:25,289
4006,b,1970-04-26 19:53:26,290
4007,e,1970-04-26 19:53:27,290
4008,h,1970-04-26 19:53:28,290
4009,g,1970-04-26 19:53:29,290
4010,i,1970-04-26 19:53:30,290
4011,j,1970-04-26 19:53:31,290
4012,l,1970-04-26 19:53:32,290
4013,m,1970-04-26 19:53:33,290
4014,k,1970-04-26 19:53:34,290
4015,l,1970-04-26 19:53:35,290
4016,m,1970-04-26 19:53:36,290
4017,j,1970-04-26 19:53:37,290
4018,m,1970-04-26 19:53:38,290
4019,k,1970-04-26 19:53:39,290
4020,l,1970-04-26 19:53:40,290
4021,l,1970-04-26 19:53:41,290
4022,k,1970-04-26 19:53:42,290
4023,l,1970-04-26 19:53:43,290
4024,k,1970-04-26 19:53:44,290
4025,m,1970-04-26 19:53:45,290
4026,m,1970-04-26 19:53:46,290
4027,n,1970-04-26 19:53:47,290
4028,c,1970-04-26 19:53:48,291
4029,d,1970-04-26 19:53:49,291
4030,d,1970-04-26 19:53:50,291
4031,a,1970-04-26 19:53:51,291
4032,b,1970-04-26 19:53:52,291
4033,b,1970-04-26 19:53:53,291
4034,d,1970-04-26 19:53:54,291
4035,c,1970-04-26 19:53:55,291
4036,e,1970-04-26 19:53:56,291
4037,g,1970-04-26 19:53:57,291
4038,g,1970-04-26 19:53:58,291
4039,i,1970-04-26 19:53:59,291
4040,j,1970-04-26 19:54:00,291
4041,m,1970-04-26 19:54:01,291
4042,m,1970-04-26 19:54:02,291
4043,n,1970-04-26 19:54:03,291
4044,e,1970-04-26 19:54:04,292
4045,f,1970-04-26 19:54:05,292
4046,f,1970-04-26 19:54:06,292
4047,g,1970-04-26 19:54:07,292
4048,h,1970-04-26 19:54:08,292
4049,g,1970-04-26 19:54:09,292
4050,g,1970-04-26 19:54:10,292
4051,g,1970-04-26 19:54:11,292
4052,g,1970-04-26 19:54:12,292
4053,h,1970-04-26 19:54:13,292
4054,g,1970-04-26 19:54:14,292
4055,f,1970-04-26 19:54:15,292
4056,g,1970-04-26 19:54:16,292
4057,f,1970-04-26 19:54:17,292
4058,h,1970-04-26 19:54:18,292
4059,f,1970-04-26 19:54:19,292
4060,g,1970-04-26 19:54:20,292
4061,i,1970-04-26 19:54:21,292
4062,j,1970-04-26 19:54:22,292
4063,n,1970-04-26 19:54:23,292
4064,d,1970-04-26 19:54:24,293
4065,c,1970-04-26 19:54:25,293
4066,c,1970-04-26 19:54:26,293
4067,d,1970-04-26 19:54:27,293
4068,d,1970-04-26 19:54:28,293
4069,e,1970-04-26 19:54:29,293
4070,g,1970-04-26 19:54:30,293
4071,f,1970-04-26 19:54:31,293
4072,f,1970-04-26 19:54:32,293
4073,f,1970-04-26 19:54:33,293
4074,i,1970-04-26 19:54:34,293
4075,m,1970-04-26 19:54:35,293
4076,j,1970-04-26 19:54:36,293
4077,j,1970-04-26 19:54:37,293
4078,k,1970-04-26 19:54:38,293
4079,k,1970-04-26 19:54:39,293
4080,m,1970-04-26 19:54:40,293
4081,j,1970-04-26 19:54:41,293
4082,j,1970-04-26 19:54:42,293
4083,l,1970-04-26 19:54:43,293
4084,l,1970-04-26 19:54:44,293
4085,k,1970-04-26 19:54:45,293
4086,n,1970-04-26 19:54:46,293
4087,d,1970-04-26 19:54:47,294
4088,b,1970-04-26 19:54:48,294
4089,d,1970-04-26 19:54:49,294
4090,e,1970-04-26 19:54:50,294
4091,h,1970-04-26 19:54:51,294
4092,g,1970-04-26 19:54:52,294
4093,h,1970-04-26 19:54:53,294
4094,h,1970-04-26 19:54:54,294
4095,i,1970-04-26 19:54:55,294
4096,l,1970-04-26 19:54:56,294
4097,l,1970-04-26 19:54:57,294
4098,k,1970-04-26 19:54:58,294
4099,k,1970-04-26 19:54:59,294
4100,n,1970-04-26 19:55:00,294
4101,a,1970-04-26 19:55:01,295
4102,e,1970-04-26 19:55:02,295
4103,g,1970-04-26 19:55:03,295
4104,g,1970-04-26 19:55:04,295
4105,f,1970-04-26 19:55:05,295
4106,f,1970-04-26 19:55:06,295
4107,g,1970-04-26 19:55:07,295
4108,i,1970-04-26 19:55:08,295
4109,l,1970-04-26 19:55:09,295
4110,m,1970-04-26 19:55:10,295
4111,l,1970-04-26 19:55:11,295
4112,m,1970-04-26 19:55:12,295
4113,l,1970-04-26 19:55:13,295
4114,l,1970-04-26 19:55:14,295
4115,n,1970-04-26 19:55:15,295
4116,b,1970-04-26 19:55:16,296
4117,a,1970-04-26 19:55:17,296
4118,e,1970-04-26 19:55:18,296
4119,f,1970-04-26 19:55:19,296
4120,i,1970-04-26 19:55:20,296
4121,k,1970-04-26 19:55:21,296
4122,l,1970-04-26 19:55:22,296
4123,n,1970-04-26 19:55:23,296
4124,b,1970-04-26 19:55:24,297
4125,b,1970-04-26 19:55:25,297
4126,b,1970-04-26 19:55:26,297
4127,b,1970-04-26 19:55:27,297
4128,b,1970-04-26 19:55:28,297
4129,b,1970-04-26 19:55:29,297
4130,a,1970-04-26 19:55:30,297
4131,b,1970-04-26 19:55:31,297
4132,c,1970-04-26 19:55:32,297
4133,e,1970-04-26 19:55:33,297
4134,i,1970-04-26 19:55:34,297
4135,k,1970-04-26 19:55:35,297
4136,k,1970-04-26 19:55:36,297
4137,j,1970-04-26 19:55:37,297
4138,l,1970-04-26 19:55:38,297
4139,m,1970-04-26 19:55:39,297
4140,l,1970-04-26 19:55:40,297
4141,k,1970-04-26 19:55:41,297
4142,l,1970-04-26 19:55:42,297
4143,l,1970-04-26 19:55:43,297
4144,l,1970-04-26 19:55:44,297
4145,m,1970-04-26 19:55:45,297
4146,k,1970-04-26 19:55:46,297
4147,l,1970-04-26 19:55:47,297
4148,j,1970-04-26 19:55:48,297
4149,l,1970-04-26 19:55:49,297
4150,j,1970-04-26 19:55:50,297
4151,j,1970-04-26 19:55:51,297
4152,k,1970-04-26 19:55:52,297
4153,n,1970-04-26 19:55:53,297
4154,c,1970-04-26 19:55:54,298
4155,e,1970-04-26 19:55:55,298
4156,h,1970-04-26 19:55:56,298
4157,g,1970-04-26 19:55:57,298
4158,h,1970-04-26 19:55:58,298
4159,f,1970-04-26 19:55:59,298
4160,f,1970-04-26 19:56:00,298
4161,f,1970-04-26 19:56:01,298
4162,h,1970-04-26 19:56:02,298
4163,f,1970-04-26 19:56:03,298
4164,g,1970-04-26 19:56:04,298
4165,g,1970-04-26 19:56:05,298
4166,g,1970-04-26 19:56:06,298
4167,i,1970-04-26 19:56:07,298
4168,m,1970-04-26 19:56:08,298
4169,j,1970-04-26 19:56:09,298
4170,j,1970-04-26 19:56:10,298
4171,n,1970-04-26 19:56:11,298
4172,e,1970-04-26 19:56:12,299
4173,h,1970-04-26 19:56:13,299
4174,f,1970-04-26 19:56:14,299
4175,g,1970-04-26 19:56:15,299
4176,g,1970-04-26 19:56:16,299
4177,i,1970-04-26 19:56:17,299
4178,j,1970-04-26 19:56:18,299
4179,j,1970-04-26 19:56:19,299
4180,j,1970-04-26 19:56:20,299
4181,m,1970-04-26 19:56:21,299
4182,k,1970-04-26 19:56:22,299
4183,j,1970-04-26 19:56:23,299
4184,n,1970-04-26 19:56:24,299
4185,c,1970-04-26 19:56:25,300
4186,d,1970-04-26 19:56:26,300
4187,b,1970-04-26 19:56:27,300
4188,b,1970-04-26 19:56:28,300
4189,a,1970-04-26 19:56:29,300
4190,c,1970-04-26 19:56:30,300
4191,d,1970-04-26 19:56:31,300
4192,e,1970-04-26 19:56:32,300
4193,h,1970-04-26 19:56:33,300
4194,h,1970-04-26 19:56:34,300
4195,f,1970-04-26 19:56:35,300
4196,i,1970-04-26 19:56:36,300
4197,j,1970-04-26 19:56:37,300
4198,l,1970-04-26 19:56:38,300
4199,n,1970-04-26 19:56:39,300
4200,b,1970-04-26 19:56:40,301
4201,d,1970-04-26 19:56:41,301
4202,b,1970-04-26 19:56:42,301
4203,e,1970-04-26 19:56:43,301
4204,i,1970-04-26 19:56:44,301
4205,k,1970-04-26 19:56:45,301
4206,m,1970-04-26 19:56:46,301
4207,j,1970-04-26 19:56:47,301
4208,n,1970-04-26 19:56:48,301
4209,c,1970-04-26 19:56:49,302
4210,c,1970-04-26 19:56:50,302
4211,b,1970-04-26 19:56:51,302
4212,d,1970-04-26 19:56:52,302
4213,a,1970-04-26 19:56:53,302
4214,d,1970-04-26 19:56:54,302
4215,d,1970-04-26 19:56:55,302
4216,b,1970-04-26 19:56:56,302
4217,c,1970-04-26 19:56:57,302
4218,c,1970-04-26 19:56:58,302
4219,e,1970-04-26 19:56:59,302
4220,f,1970-04-26 19:57:00,302
4221,g,1970-04-26 19:57:01,302
4222,f,1970-04-26 19:57:02,302
4223,f,1970-04-26 19:57:03,302
4224,h,1970-04-26 19:57:04,302
4225,f,1970-04-26 19:57:05,302
4226,h,1970-04-26 19:57:06,302
4227,f,1970-04-26 19:57:07,302
4228,i,1970-04-26 19:57:08,302
4229,k,1970-04-26 19:57:09,302
4230,j,1970-04-26 19:57:10,302
4231,k,1970-04-26 19:57:11,302
4232,j,1970-04-26 19:57:12,302
4233,k,1970-04-26 19:57:13,302
4234,l,1970-04-26 19:57:14,302
4235,n,1970-04-26 19:57:15,302
4236,a,1970-04-26 19:57:16,303
4237,c,1970-04-26 19:57:17,303
4238,a,1970-04-26 19:57:18,303
4239,c,1970-04-26 19:57:19,303
4240,b,1970-04-26 19:57:20,303
4241,e,1970-04-26 19:57:21,303
4242,f,1970-04-26 19:57:22,303
4243,f,1970-04-26 19:57:23,303
4244,g,1970-04-26 19:57:24,303
4245,h,1970-04-26 19:57:25,303
4246,h,1970-04-26 19:57:26,303
4247,h,1970-04-26 19:57:27,303
4248,f,1970-04-26 19:57:28,303
4249,h,1970-04-26 19:57:29,303
4250,g,1970-04-26 19:57:30,303
4251,g,1970-04-26 19:57:31,303
4252,f,1970-04-26 19:57:32,303
4253,f,1970-04-26 19:57:33,303
4254,i,1970-04-26 19:57:34,303
4255,n,1970-04-26 19:57:35,303
4256,a,1970-04-26 19:57:36,304
4257,d,1970-04-26 19:57:37,304
4258,d,1970-04-26 19:57:38,304
4259,d,1970-04-26 19:57:39,304
4260,a,1970-04-26 19:57:40,304
4261,a,1970-04-26 19:57:41,304
4262,b,1970-04-26 19:57:42,304
4263,e,1970-04-26 19:57:43,304
4264,h,1970-04-26 19:57:44,304
4265,g,1970-04-26 19:57:45,304
4266,f,1970-04-26 19:57:46,304
4267,h,1970-04-26 19:57:47,304
4268,h,1970-04-26 19:57:48,304
4269,h,1970-04-26 19:57:49,304
4270,i,1970-04-26 19:57:50,304
4271,j,1970-04-26 19:57:51,304
4272,j,1970-04-26 19:57:52,304
4273,n,1970-04-26 19:57:53,304
4274,a,1970-04-26 19:57:54,305
4275,d,1970-04-26 19:57:55,305
4276,a,1970-04-26 19:57:56,305
4277,a,1970-04-26 19:57:57,305
4278,d,1970-04-26 19:57:58,305
4279,c,1970-04-26 19:57:59,305
4280,e,1970-04-26 19:58:00,305
4281,g,1970-04-26 19:58:01,305
4282,g,1970-04-26 19:58:02,305
4283,h,1970-04-26 19:58:03,305
4284,i,1970-04-26 19:58:04,305
4285,m,1970-04-26 19:58:05,305
4286,n,1970-04-26 19:58:06,305
4287,a,1970-04-26 19:58:07,306
4288,d,1970-04-26 19:58:08,306
4289,c,1970-04-26 19:58:09,306
4290,b,1970-04-26 19:58:10,306
4291,a,1970-04-26 19:58:11,306
4292,a,1970-04-26 19:58:12,306
4293,e,1970-04-26 19:58:13,306
4294,h,1970-04-26 19:58:14,306
4295,i,1970-04-26 19:58:15,306
4296,m,1970-04-26 19:58:16,306
4297,l,1970-04-26 19:58:17,306
4298,k,1970-04-26 19:58:18,306
4299,m,1970-04-26 19:58:19,306
4300,n,1970-04-26 19:58:20,306
4301,c,1970-04-26 19:58:21,307
4302,e,1970-04-26 19:58:22,307
4303,g,1970-04-26 19:58:23,307
4304,h,1970-04-26 19:58:24,307
4305,h,1970-04-26 19:58:25,307
4306,f,1970-04-26 19:58:26,307
4307,f,1970-04-26 19:58:27,307
4308,h,1970-04-26 19:58:28,307
4309,i,1970-04-26 19:58:29,307
4310,m,1970-04-26 19:58:30,307
4311,j,1970-04-26 19:58:31,307
4312,l,1970-04-26 19:58:32,307
4313,j,1970-04-26 19:58:33,307
4314,m,1970-04-26 19:58:34,307
4315,n,1970-04-26 19:58:35,307
4316,e,1970-04-26 19:58:36,308
4317,i,1970-04-26 19:58:37,308
4318,j,1970-04-26 19:58:38,308
4319,n,1970-04-26 19:58:39,308
4320,d,1970-04-26 19:58:40,309
4321,c,1970-04-26 19:58:41,309
4322,c,1970-04-26 19:58:42,309
4323,a,1970-04-26 19:58:43,309
4324,d,1970-04-26 19:58:44,309
4325,a,1970-04-26 19:58:45,309
4326,d,1970-04-26 19:58:46,309
4327,c,1970-04-26 19:58:47,309
4328,c,1970-04-26 19:58:48,309
4329,e,1970-04-26 19:58:49,309
4330,g,1970-04-26 19:58:50,309
4331,f,1970-04-26 19:58:51,309
4332,h,1970-04-26 19:58:52,309
4333,g,1970-04-26 19:58:53,309
4334,f,1970-04-26 19:58:54,309
4335,h,1970-04-26 19:58:55,309
4336,i,1970-04-26 19:58:56,309
4337,m,1970-04-26 19:58:57,309
4338,l,1970-04-26 19:58:58,309
4339,l,1970-04-26 19:58:59,309
4340,k,1970-04-26 19:59:00,309
4341,n,1970-04-26 19:59:01,309
4342,d,1970-04-26 19:59:02,310
4343,b,1970-04-26 19:59:03,310
4344,e,1970-04-26 19:59:04,310
4345,f,1970-04-26 19:59:05,310
4346,h,1970-04-26 19:59:06,310
4347,h,1970-04-26 19:59:07,310
4348,g,1970-04-26 19:59:08,310
4349,i,1970-04-26 19:59:09,310
4350,j,1970-04-26 19:59:10,310
4351,k,1970-04-26 19:59:11,310
4352,j,1970-04-26 19:59:12,310
4353,l,1970-04-26 19:59:13,310
4354,l,1970-04-26 19:59:14,310
4355,k,1970-04-26 19:59:15,310
4356,n,1970-04-26 19:59:16,310
4357,a,1970-04-26 19:59:17,311
4358,c,1970-04-26 19:59:18,311
4359,b,1970-04-26 19:59:19,311
4360,d,1970-04-26 19:59:20,311
4361,d,1970-04-26 19:59:21,311
4362,c,1970-04-26 19:59:22,311
4363,b,1970-04-26 19:59:23,311
4364,a,1970-04-26 19:59:24,311
4365,d,1970-04-26 19:59:25,311
4366,c,1970-04-26 19:59:26,311
4367,a,1970-04-26 19:59:27,311
4368,d,1970-04-26 19:59:28,311
4369,d,1970-04-26 19:59:29,311
4370,c,1970-04-26 19:59:30,311
4371,b,1970-04-26 19:59:31,311
4372,c,1970-04-26 19:59:32,311
4373,c,1970-04-26 19:59:33,311
4374,e,1970-04-26 19:59:34,311
4375,h,1970-04-26 19:59:35,311
4376,f,1970-04-26 19:59:36,311
4377,h,1970-04-26 19:59:37,311
4378,f,1970-04-26 19:59:38,311
4379,h,1970-04-26 19:59:39,311
4380,g,1970-04-26 19:59:40,311
4381,h,1970-04-26 19:59:41,311
4382,i,1970-04-26 19:59:42,311
4383,k,1970-04-26 19:59:43,311
4384,m,1970-04-26 19:59:44,311
4385,k,1970-04-26 19:59:45,311
4386,m,1970-04-26 19:59:46,311
4387,m,1970-04-26 19:59:47,311
4388,m,1970-04-26 19:59:48,311
4389,j,1970-04-26 19:59:49,311
4390,j,1970-04-26 19:59:50,311
4391,n,1970-04-26 19:59:51,311
4392,e,1970-04-26 19:59:52,312
4393,i,1970-04-26 19:59:53,312
4394,n,1970-04-26 19:59:54,312
4395,a,1970-04-26 19:59:55,313
4396,d,1970-04-26 19:59:56,313
4397,a,1970-04-26 19:59:57,313
4398,a,1970-04-26 19:59:58,313
4399,a,1970-04-26 19:59:59,313
4400,d,1970-04-26 20:00:00,313
4401,b,1970-04-26 20:00:01,313
4402,d,1970-04-26 20:00:02,313
4403,c,1970-04-26 20:00:03,313
4404,c,1970-04-26 20:00:04,313
4405,a,1970-04-26 20:00:05,313
4406,b,1970-04-26 20:00:06,313
4407,c,1970-04-26 20:00:07,313
4408,b,1970-04-26 20:00:08,313
4409,b,1970-04-26 20:00:09,313
4410,d,1970-04-26 20:00:10,313
4411,a,1970-04-26 20:00:11,313
4412,e,1970-04-26 20:00:12,313
4413,g,1970-04-26 20:00:13,313
4414,g,1970-04-26 20:00:14,313
4415,f,1970-04-26 20:00:15,313
4416,g,1970-04-26 20:00:16,313
4417,h,1970-04-26 20:00:17,313
4418,i,1970-04-26 20:00:18,313
4419,j,1970-04-26 20:00:19,313
4420,j,1970-04-26 20:00:20,313
4421,m,1970-04-26 20:00:21,313
4422,l,1970-04-26 20:00:22,313
4423,n,1970-04-26 20:00:23,313
4424,a,1970-04-26 20:00:24,314
4425,b,1970-04-26 20:00:25,314
4426,b,1970-04-26 20:00:26,314
4427,c,1970-04-26 20:00:27,314
4428,a,1970-04-26 20:00:28,314
4429,e,1970-04-26 20:00:29,314
4430,g,1970-04-26 20:00:30,314
4431,f,1970-04-26 20:00:31,314
4432,g,1970-04-26 20:00:32,314
4433,g,1970-04-26 20:00:33,314
4434,h,1970-04-26 20:00:34,314
4435,h,1970-04-26 20:00:35,314
4436,f,1970-04-26 20:00:36,314
4437,f,1970-04-26 20:00:37,314
4438,g,1970-04-26 20:00:38,314
4439,f,1970-04-26 20:00:39,314
4440,g,1970-04-26 20:00:40,314
4441,h,1970-04-26 20:00:41,314
4442,f,1970-04-26 20:00:42,314
4443,f,1970-04-26 20:00:43,314
4444,g,1970-04-26 20:00:44,314
4445,i,1970-04-26 20:00:45,314
4446,l,1970-04-26 20:00:46,314
4447,m,1970-04-26 20:00:47,314
4448,j,1970-04-26 20:00:48,314
4449,l,1970-04-26 20:00:49,314
4450,j,1970-04-26 20:00:50,314
4451,n,1970-04-26 20:00:51,314
4452,e,1970-04-26 20:00:52,315
4453,f,1970-04-26 20:00:53,315
4454,g,1970-04-26 20:00:54,315
4455,f,1970-04-26 20:00:55,315
4456,h,1970-04-26 20:00:56,315
4457,g,1970-04-26 20:00:57,315
4458,i,1970-04-26 20:00:58,315
4459,j,1970-04-26 20:00:59,315
4460,m,1970-04-26 20:01:00,315
4461,m,1970-04-26 20:01:01,315
4462,m,1970-04-26 20:01:02,315
4463,l,1970-04-26 20:01:03,315
4464,l,1970-04-26 20:01:04,315
4465,l,1970-04-26 20:01:05,315
4466,n,1970-04-26 20:01:06,315
4467,e,1970-04-26 20:01:07,316
4468,i,1970-04-26 20:01:08,316
4469,n,1970-04-26 20:01:09,316
4470,b,1970-04-26 20:01:10,317
4471,b,1970-04-26 20:01:11,317
4472,b,1970-04-26 20:01:12,317
4473,b,1970-04-26 20:01:13,317
4474,a,1970-04-26 20:01:14,317
4475,c,1970-04-26 20:01:15,317
4476,d,1970-04-26 20:01:16,317
4477,a,1970-04-26 20:01:17,317
4478,a,1970-04-26 20:01:18,317
4479,e,1970-04-26 20:01:19,317
4480,h,1970-04-26 20:01:20,317
4481,i,1970-04-26 20:01:21,317
4482,j,1970-04-26 20:01:22,317
4483,n,1970-04-26 20:01:23,317
4484,a,1970-04-26 20:01:24,318
4485,e,1970-04-26 20:01:25,318
4486,g,1970-04-26 20:01:26,318
4487,i,1970-04-26 20:01:27,318
4488,m,1970-04-26 20:01:28,318
4489,k,1970-04-26 20:01:29,318
4490,l,1970-04-26 20:01:30,318
4491,m,1970-04-26 20:01:31,318
4492,m,1970-04-26 20:01:32,318
4493,l,1970-04-26 20:01:33,318
4494,j,1970-04-26 20:01:34,318
4495,l,1970-04-26 20:01:35,318
4496,k,1970-04-26 20:01:36,318
4497,j,1970-04-26 20:01:37,318
4498,j,1970-04-26 20:01:38,318
4499,m,1970-04-26 20:01:39,318
4500,l,1970-04-26 20:01:40,318
4501,l,1970-04-26 20:01:41,318
4502,k,1970-04-26 20:01:42,318
4503,k,1970-04-26 20:01:43,318
4504,m,1970-04-26 20:01:44,318
4505,k,1970-04-26 20:01:45,318
4506,k,1970-04-26 20:01:46,318
4507,l,1970-04-26 20:01:47,318
4508,j,1970-04-26 20:01:48,318
4509,m,1970-04-26 20:01:49,318
4510,n,1970-04-26 20:01:50,318
4511,b,1970-04-26 20:01:51,319
4512,c,1970-04-26 20:01:52,319
4513,e,1970-04-26 20:01:53,319
4514,g,1970-04-26 20:01:54,319
4515,i,1970-04-26 20:01:55,319
4516,m,1970-04-26 20:01:56,319
4517,n,1970-04-26 20:01:57,319
4518,b,1970-04-26 20:01:58,320
4519,d,1970-04-26 20:01:59,320
4520,b,1970-04-26 20:02:00,320
4521,b,1970-04-26 20:02:01,320
4522,e,1970-04-26 20:02:02,320
4523,f,1970-04-26 20:02:03,320
4524,h,1970-04-26 20:02:04,320
4525,i,1970-04-26 20:02:05,320
4526,j,1970-04-26 20:02:06,320
4527,n,1970-04-26 20:02:07,320
4528,c,1970-04-26 20:02:08,321
4529,b,1970-04-26 20:02:09,321
4530,d,1970-04-26 20:02:10,321
4531,d,1970-04-26 20:02:11,321
4532,b,1970-04-26 20:02:12,321
4533,c,1970-04-26 20:02:13,321
4534,c,1970-04-26 20:02:14,321
4535,c,1970-04-26 20:02:15,321
4536,b,1970-04-26 20:02:16,321
4537,a,1970-04-26 20:02:17,321
4538,e,1970-04-26 20:02:18,321
4539,i,1970-04-26 20:02:19,321
4540,l,1970-04-26 20:02:20,321
4541,n,1970-04-26 20:02:21,321
4542,c,1970-04-26 20:02:22,322
4543,d,1970-04-26 20:02:23,322
4544,b,1970-04-26 20:02:24,322
4545,b,1970-04-26 20:02:25,322
4546,e,1970-04-26 20:02:26,322
4547,i,1970-04-26 20:02:27,322
4548,k,1970-04-26 20:02:28,322
4549,k,1970-04-26 20:02:29,322
4550,l,1970-04-26 20:02:30,322
4551,n,1970-04-26 20:02:31,322
4552,c,1970-04-26 20:02:32,323
4553,d,1970-04-26 20:02:33,323
4554,a,1970-04-26 20:02:34,323
4555,d,1970-04-26 20:02:35,323
4556,d,1970-04-26 20:02:36,323
4557,c,1970-04-26 20:02:37,323
4558,c,1970-04-26 20:02:38,323
4559,c,1970-04-26 20:02:39,323
4560,d,1970-04-26 20:02:40,323
4561,c,1970-04-26 20:02:41,323
4562,a,1970-04-26 20:02:42,323
4563,b,1970-04-26 20:02:43,323
4564,e,1970-04-26 20:02:44,323
4565,f,1970-04-26 20:02:45,323
4566,i,1970-04-26 20:02:46,323
4567,j,1970-04-26 20:02:47,323
4568,j,1970-04-26 20:02:48,323
4569,m,1970-04-26 20:02:49,323
4570,n,1970-04-26 20:02:50,323
4571,a,1970-04-26 20:02:51,324
4572,b,1970-04-26 20:02:52,324
4573,e,1970-04-26 20:02:53,324
4574,f,1970-04-26 20:02:54,324
4575,g,1970-04-26 20:02:55,324
4576,i,1970-04-26 20:02:56,324
4577,l,1970-04-26 20:02:57,324
4578,n,1970-04-26 20:02:58,324
4579,e,1970-04-26 20:02:59,325
4580,i,1970-04-26 20:03:00,325
4581,m,1970-04-26 20:03:01,325
4582,m,1970-04-26 20:03:02,325
4583,l,1970-04-26 20:03:03,325
4584,m,1970-04-26 20:03:04,325
4585,m,1970-04-26 20:03:05,325
4586,j,1970-04-26 20:03:06,325
4587,j,1970-04-26 20:03:07,325
4588,l,1970-04-26 20:03:08,325
4589,m,1970-04-26 20:03:09,325
4590,n,1970-04-26 20:03:10,325
4591,a,1970-04-26 20:03:11,326
4592,b,1970-04-26 20:03:12,326
4593,e,1970-04-26 20:03:13,326
4594,f,1970-04-26 20:03:14,326
4595,g,1970-04-26 20:03:15,326
4596,f,1970-04-26 20:03:16,326
4597,h,1970-04-26 20:03:17,326
4598,i,1970-04-26 20:03:18,326
4599,l,1970-04-26 20:03:19,326
4600,m,1970-04-26 20:03:20,326
4601,n,1970-04-26 20:03:21,326
4602,e,1970-04-26 20:03:22,327
4603,f,1970-04-26 20:03:23,327
4604,g,1970-04-26 20:03:24,327
4605,h,1970-04-26 20:03:25,327
4606,i,1970-04-26 20:03:26,327
4607,n,1970-04-26 20:03:27,327
4608,a,1970-04-26 20:03:28,328
4609,d,1970-04-26 20:03:29,328
4610,a,1970-04-26 20:03:30,328
4611,a,1970-04-26 20:03:31,328
4612,b,1970-04-26 20:03:32,328
4613,b,1970-04-26 20:03:33,328
4614,e,1970-04-26 20:03:34,328
4615,h,1970-04-26 20:03:35,328
4616,i,1970-04-26 20:03:36,328
4617,j,1970-04-26 20:03:37,328
4618,m,1970-04-26 20:03:38,328
4619,j,1970-04-26 20:03:39,328
4620,k,1970-04-26 20:03:40,328
4621,m,1970-04-26 20:03:41,328
4622,k,1970-04-26 20:03:42,328
4623,k,1970-04-26 20:03:43,328
4624,n,1970-04-26 20:03:44,328
4625,c,1970-04-26 20:03:45,329
4626,d,1970-04-26 20:03:46,329
4627,b,1970-04-26 20:03:47,329
4628,e,1970-04-26 20:03:48,329
4629,i,1970-04-26 20:03:49,329
4630,j,1970-04-26 20:03:50,329
4631,m,1970-04-26 20:03:51,329
4632,n,1970-04-26 20:03:52,329
4633,b,1970-04-26 20:03:53,330
4634,c,1970-04-26 20:03:54,330
4635,e,1970-04-26 20:03:55,330
4636,g,1970-04-26 20:03:56,330
4637,g,1970-04-26 20:03:57,330
4638,h,1970-04-26 20:03:58,330
4639,h,1970-04-26 20:03:59,330
4640,h,1970-04-26 20:04:00,330
4641,h,1970-04-26 20:04:01,330
4642,g,1970-04-26 20:04:02,330
4643,g,1970-04-26 20:04:03,330
4644,g,1970-04-26 20:04:04,330
4645,f,1970-04-26 20:04:05,330
4646,i,1970-04-26 20:04:06,330
4647,j,1970-04-26 20:04:07,330
4648,m,1970-04-26 20:04:08,330
4649,j,1970-04-26 20:04:09,330
4650,l,1970-04-26 20:04:10,330
4651,m,1970-04-26 20:04:11,330
4652,n,1970-04-26 20:04:12,330
4653,d,1970-04-26 20:04:13,331
4654,e,1970-04-26 20:04:14,331
4655,i,1970-04-26 20:04:15,331
4656,l,1970-04-26 20:04:16,331
4657,j,1970-04-26 20:04:17,331
4658,k,1970-04-26 20:04:18,331
4659,j,1970-04-26 20:04:19,331
4660,m,1970-04-26 20:04:20,331
4661,j,1970-04-26 20:04:21,331
4662,l,1970-04-26 20:04:22,331
4663,n,1970-04-26 20:04:23,331
4664,d,1970-04-26 20:04:24,332
4665,e,1970-04-26 20:04:25,332
4666,h,1970-04-26 20:04:26,332
4667,g,1970-04-26 20:04:27,332
4668,g,1970-04-26 20:04:28,332
4669,i,1970-04-26 20:04:29,332
4670,k,1970-04-26 20:04:30,332
4671,k,1970-04-26 20:04:31,332
4672,k,1970-04-26 20:04:32,332
4673,k,1970-04-26 20:04:33,332
4674,n,1970-04-26 20:04:34,332
4675,d,1970-04-26 20:04:35,333
4676,d,1970-04-26 20:04:36,333
4677,c,1970-04-26 20:04:37,333
4678,d,1970-04-26 20:04:38,333
4679,c,1970-04-26 20:04:39,333
4680,c,1970-04-26 20:04:40,333
4681,b,1970-04-26 20:04:41,333
4682,a,1970-04-26 20:04:42,333
4683,e,1970-04-26 20:04:43,333
4684,i,1970-04-26 20:04:44,333
4685,j,1970-04-26 20:04:45,333
4686,k,1970-04-26 20:04:46,333
4687,j,1970-04-26 20:04:47,333
4688,j,1970-04-26 20:04:48,333
4689,m,1970-04-26 20:04:49,333
4690,k,1970-04-26 20:04:50,333
4691,n,1970-04-26 20:04:51,333
4692,c,1970-04-26 20:04:52,334
4693,a,1970-04-26 20:04:53,334
4694,a,1970-04-26 20:04:54,334
4695,a,1970-04-26 20:04:55,334
4696,c,1970-04-26 20:04:56,334
4697,b,1970-04-26 20:04:57,334
4698,e,1970-04-26 20:04:58,334
4699,h,1970-04-26 20:04:59,334
4700,h,1970-04-26 20:05:00,334
4701,i,1970-04-26 20:05:01,334
4702,m,1970-04-26 20:05:02,334
4703,l,1970-04-26 20:05:03,334
4704,k,1970-04-26 20:05:04,334
4705,k,1970-04-26 20:05:05,334
4706,m,1970-04-26 20:05:06,334
4707,m,1970-04-26 20:05:07,334
4708,l,1970-04-26 20:05:08,334
4709,l,1970-04-26 20:05:09,334
4710,k,1970-04-26 20:05:10,334
4711,j,1970-04-26 20:05:11,334
4712,n,1970-04-26 20:05:12,334
4713,b,1970-04-26 20:05:13,335
4714,e,1970-04-26 20:05:14,335
4715,h,1970-04-26 20:05:15,335
4716,h,1970-04-26 20:05:16,335
4717,g,1970-04-26 20:05:17,335
4718,h,1970-04-26 20:05:18,335
4719,f,1970-04-26 20:05:19,335
4720,g,1970-04-26 20:05:20,335
4721,i,1970-04-26 20:05:21,335
4722,l,1970-04-26 20:05:22,335
4723,n,1970-04-26 20:05:23,335
4724,d,1970-04-26 20:05:24,336
4725,c,1970-04-26 20:05:25,336
4726,b,1970-04-26 20:05:26,336
4727,b,1970-04-26 20:05:27,336
4728,d,1970-04-26 20:05:28,336
4729,c,1970-04-26 20:05:29,336
4730,b,1970-04-26 20:05:30,336
4731,c,1970-04-26 20:05:31,336
4732,c,1970-04-26 20:05:32,336
4733,e,1970-04-26 20:05:33,336
4734,g,1970-04-26 20:05:34,336
4735,f,1970-04-26 20:05:35,336
4736,f,1970-04-26 20:05:36,336
4737,g,1970-04-26 20:05:37,336
4738,f,1970-04-26 20:05:38,336
4739,f,1970-04-26 20:05:39,336
4740,g,1970-04-26 20:05:40,336
4741,f,1970-04-26 20:05:41,336
4742,f,1970-04-26 20:05:42,336
4743,g,1970-04-26 20:05:43,336
4744,h,1970-04-26 20:05:44,336
4745,g,1970-04-26 20:05:45,336
4746,g,1970-04-26 20:05:46,336
4747,g,1970-04-26 20:05:47,336
4748,i,1970-04-26 20:05:48,336
4749,k,1970-04-26 20:05:49,336
4750,k,1970-04-26 20:05:50,336
4751,m,1970-04-26 20:05:51,336
4752,j,1970-04-26 20:05:52,336
4753,l,1970-04-26 20:05:53,336
4754,l,1970-04-26 20:05:54,336
4755,l,1970-04-26 20:05:55,336
4756,j,1970-04-26 20:05:56,336
4757,k,1970-04-26 20:05:57,336
4758,l,1970-04-26 20:05:58,336
4759,n,1970-04-26 20:05:59,336
4760,c,1970-04-26 20:06:00,337
4761,c,1970-04-26 20:06:01,337
4762,b,1970-04-26 20:06:02,337
4763,c,1970-04-26 20:06:03,337
4764,a,1970-04-26 20:06:04,337
4765,b,1970-04-26 20:06:05,337
4766,e,1970-04-26 20:06:06,337
4767,f,1970-04-26 20:06:07,337
4768,g,1970-04-26 20:06:08,337
4769,h,1970-04-26 20:06:09,337
4770,g,1970-04-26 20:06:10,337
4771,g,1970-04-26 20:06:11,337
4772,h,1970-04-26 20:06:12,337
4773,f,1970-04-26 20:06:13,337
4774,f,1970-04-26 20:06:14,337
4775,f,1970-04-26 20:06:15,337
4776,g,1970-04-26 20:06:16,337
4777,f,1970-04-26 20:06:17,337
4778,f,1970-04-26 20:06:18,337
4779,g,1970-04-26 20:06:19,337
4780,g,1970-04-26 20:06:20,337
4781,f,1970-04-26 20:06:21,337
4782,g,1970-04-26 20:06:22,337
4783,g,1970-04-26 20:06:23,337
4784,f,1970-04-26 20:06:24,337
4785,h,1970-04-26 20:06:25,337
4786,h,1970-04-26 20:06:26,337
4787,h,1970-04-26 20:06:27,337
4788,h,1970-04-26 20:06:28,337
4789,f,1970-04-26 20:06:29,337
4790,f,1970-04-26 20:06:30,337
4791,i,1970-04-26 20:06:31,337
4792,n,1970-04-26 20:06:32,337
4793,e,1970-04-26 20:06:33,338
4794,g,1970-04-26 20:06:34,338
4795,f,1970-04-26 20:06:35,338
4796,f,1970-04-26 20:06:36,338
4797,g,1970-04-26 20:06:37,338
4798,g,1970-04-26 20:06:38,338
4799,h,1970-04-26 20:06:39,338
4800,i,1970-04-26 20:06:40,338
4801,k,1970-04-26 20:06:41,338
4802,k,1970-04-26 20:06:42,338
4803,k,1970-04-26 20:06:43,338
4804,m,1970-04-26 20:06:44,338
4805,n,1970-04-26 20:06:45,338
4806,c,1970-04-26 20:06:46,339
4807,a,1970-04-26 20:06:47,339
4808,a,1970-04-26 20:06:48,339
4809,d,1970-04-26 20:06:49,339
4810,b,1970-04-26 20:06:50,339
4811,d,1970-04-26 20:06:51,339
4812,a,1970-04-26 20:06:52,339
4813,e,1970-04-26 20:06:53,339
4814,i,1970-04-26 20:06:54,339
4815,k,1970-04-26 20:06:55,339
4816,l,1970-04-26 20:06:56,339
4817,n,1970-04-26 20:06:57,339
4818,b,1970-04-26 20:06:58,340
4819,c,1970-04-26 20:06:59,340
4820,c,1970-04-26 20:07:00,340
4821,b,1970-04-26 20:07:01,340
4822,b,1970-04-26 20:07:02,340
4823,b,1970-04-26 20:07:03,340
4824,b,1970-04-26 20:07:04,340
4825,b,1970-04-26 20:07:05,340
4826,b,1970-04-26 20:07:06,340
4827,e,1970-04-26 20:07:07,340
4828,i,1970-04-26 20:07:08,340
4829,m,1970-04-26 20:07:09,340
4830,n,1970-04-26 20:07:10,340
4831,d,1970-04-26 20:07:11,341
4832,c,1970-04-26 20:07:12,341
4833,c,1970-04-26 20:07:13,341
4834,a,1970-04-26 20:07:14,341
4835,d,1970-04-26 20:07:15,341
4836,b,1970-04-26 20:07:16,341
4837,d,1970-04-26 20:07:17,341
4838,e,1970-04-26 20:07:18,341
4839,i,1970-04-26 20:07:19,341
4840,m,1970-04-26 20:07:20,341
4841,m,1970-04-26 20:07:21,341
4842,k,1970-04-26 20:07:22,341
4843,m,1970-04-26 20:07:23,341
4844,l,1970-04-26 20:07:24,341
4845,n,1970-04-26 20:07:25,341
4846,a,1970-04-26 20:07:26,342
4847,a,1970-04-26 20:07:27,342
4848,c,1970-04-26 20:07:28,342
4849,a,1970-04-26 20:07:29,342
4850,e,1970-04-26 20:07:30,342
4851,i,1970-04-26 20:07:31,342
4852,m,1970-04-26 20:07:32,342
4853,k,1970-04-26 20:07:33,342
4854,k,1970-04-26 20:07:34,342
4855,l,1970-04-26 20:07:35,342
4856,n,1970-04-26 20:07:36,342
4857,d,1970-04-26 20:07:37,343
4858,b,1970-04-26 20:07:38,343
4859,c,1970-04-26 20:07:39,343
4860,e,1970-04-26 20:07:40,343
4861,h,1970-04-26 20:07:41,343
4862,h,1970-04-26 20:07:42,343
4863,i,1970-04-26 20:07:43,343
4864,l,1970-04-26 20:07:44,343
4865,n,1970-04-26 20:07:45,343
4866,b,1970-04-26 20:07:46,344
4867,a,1970-04-26 20:07:47,344
4868,c,1970-04-26 20:07:48,344
4869,b,1970-04-26 20:07:49,344
4870,d,1970-04-26 20:07:50,344
4871,c,1970-04-26 20:07:51,344
4872,e,1970-04-26 20:07:52,344
4873,g,1970-04-26 20:07:53,344
4874,i,1970-04-26 20:07:54,344
4875,n,1970-04-26 20:07:55,344
4876,a,1970-04-26 20:07:56,345
4877,d,1970-04-26 20:07:57,345
4878,c,1970-04-26 20:07:58,345
4879,a,1970-04-26 20:07:59,345
4880,b,1970-04-26 20:08:00,345
4881,e,1970-04-26 20:08:01,345
4882,h,1970-04-26 20:08:02,345
4883,i,1970-04-26 20:08:03,345
4884,m,1970-04-26 20:08:04,345
4885,k,1970-04-26 20:08:05,345
4886,n,1970-04-26 20:08:06,345
4887,a,1970-04-26 20:08:07,346
4888,d,1970-04-26 20:08:08,346
4889,d,1970-04-26 20:08:09,346
4890,b,1970-04-26 20:08:10,346
4891,b,1970-04-26 20:08:11,346
4892,d,1970-04-26 20:08:12,346
4893,d,1970-04-26 20:08:13,346
4894,d,1970-04-26 20:08:14,346
4895,d,1970-04-26 20:08:15,346
4896,e,1970-04-26 20:08:16,346
4897,g,1970-04-26 20:08:17,346
4898,f,1970-04-26 20:08:18,346
4899,i,1970-04-26 20:08:19,346
4900,k,1970-04-26 20:08:20,346
4901,l,1970-04-26 20:08:21,346
4902,k,1970-04-26 20:08:22,346
4903,l,1970-04-26 20:08:23,346
4904,k,1970-04-26 20:08:24,346
4905,l,1970-04-26 20:08:25,346
4906,m,1970-04-26 20:08:26,346
4907,n,1970-04-26 20:08:27,346
4908,a,1970-04-26 20:08:28,347
4909,a,1970-04-26 20:08:29,347
4910,a,1970-04-26 20:08:30,347
4911,a,1970-04-26 20:08:31,347
4912,b,1970-04-26 20:08:32,347
4913,c,1970-04-26 20:08:33,347
4914,e,1970-04-26 20:08:34,347
4915,g,1970-04-26 20:08:35,347
4916,i,1970-04-26 20:08:36,347
4917,n,1970-04-26 20:08:37,347
4918,d,1970-04-26 20:08:38,348
4919,a,1970-04-26 20:08:39,348
4920,a,1970-04-26 20:08:40,348
4921,b,1970-04-26 20:08:41,348
4922,d,1970-04-26 20:08:42,348
4923,e,1970-04-26 20:08:43,348
4924,g,1970-04-26 20:08:44,348
4925,g,1970-04-26 20:08:45,348
4926,g,1970-04-26 20:08:46,348
4927,g,1970-04-26 20:08:47,348
4928,f,1970-04-26 20:08:48,348
4929,g,1970-04-26 20:08:49,348
4930,f,1970-04-26 20:08:50,348
4931,g,1970-04-26 20:08:51,348
4932,h,1970-04-26 20:08:52,348
4933,h,1970-04-26 20:08:53,348
4934,i,1970-04-26 20:08:54,348
4935,k,1970-04-26 20:08:55,348
4936,m,1970-04-26 20:08:56,348
4937,k,1970-04-26 20:08:57,348
4938,j,1970-04-26 20:08:58,348
4939,n,1970-04-26 20:08:59,348
4940,d,1970-04-26 20:09:00,349
4941,e,1970-04-26 20:09:01,349
4942,f,1970-04-26 20:09:02,349
4943,i,1970-04-26 20:09:03,349
4944,m,1970-04-26 20:09:04,349
4945,n,1970-04-26 20:09:05,349
4946,a,1970-04-26 20:09:06,350
4947,d,1970-04-26 20:09:07,350
4948,d,1970-04-26 20:09:08,350
4949,a,1970-04-26 20:09:09,350
4950,e,1970-04-26 20:09:10,350
4951,g,1970-04-26 20:09:11,350
4952,f,1970-04-26 20:09:12,350
4953,h,1970-04-26 20:09:13,350
4954,h,1970-04-26 20:09:14,350
4955,h,1970-04-26 20:09:15,350
4956,i,1970-04-26 20:09:16,350
4957,l,1970-04-26 20:09:17,350
4958,n,1970-04-26 20:09:18,350
4959,a,1970-04-26 20:09:19,351
4960,b,1970-04-26 20:09:20,351
4961,c,1970-04-26 20:09:21,351
4962,d,1970-04-26 20:09:22,351
4963,e,1970-04-26 20:09:23,351
4964,i,1970-04-26 20:09:24,351
4965,n,1970-04-26 20:09:25,351
4966,a,1970-04-26 20:09:26,352
4967,c,1970-04-26 20:09:27,352
4968,d,1970-04-26 20:09:28,352
4969,e,1970-04-26 20:09:29,352
4970,f,1970-04-26 20:09:30,352
4971,i,1970-04-26 20:09:31,352
4972,n,1970-04-26 20:09:32,352
4973,a,1970-04-26 20:09:33,353
4974,b,1970-04-26 20:09:34,353
4975,d,1970-04-26 20:09:35,353
4976,c,1970-04-26 20:09:36,353
4977,d,1970-04-26 20:09:37,353
4978,b,1970-04-26 20:09:38,353
4979,e,1970-04-26 20:09:39,353
4980,h,1970-04-26 20:09:40,353
4981,i,1970-04-26 20:09:41,353
4982,m,1970-04-26 20:09:42,353
4983,k,1970-04-26 20:09:43,353
4984,l,1970-04-26 20:09:44,353
4985,l,1970-04-26 20:09:45,353
4986,l,1970-04-26 20:09:46,353
4987,k,1970-04-26 20:09:47,353
4988,k,1970-04-26 20:09:48,353
4989,m,1970-04-26 20:09:49,353
4990,n,1970-04-26 20:09:50,353
4991,b,1970-04-26 20:09:51,354
4992,e,1970-04-26 20:09:52,354
4993,g,1970-04-26 20:09:53,354
4994,h,1970-04-26 20:09:54,354
4995,h,1970-04-26 20:09:55,354
4996,g,1970-04-26 20:09:56,354
4997,i,1970-04-26 20:09:57,354
4998,n,1970-04-26 20:09:58,354
4999,c,1970-04-26 20:09:59,355
5000,e,1970-04-26 20:10:00,355
5001,f,1970-04-26 20:10:01,355
5002,f,1970-04-26 20:10:02,355
5003,f,1970-04-26 20:10:03,355
5004,h,1970-04-26 20:10:04,355
5005,i,1970-04-26 20:10:05,355
5006,j,1970-04-26 20:10:06,355
5007,m,1970-04-26 20:10:07,355
5008,j,1970-04-26 20:10:08,355
5009,k,1970-04-26 20:10:09,355
5010,k,1970-04-26 20:10:10,355
5011,k,1970-04-26 20:10:11,355
5012,m,1970-04-26 20:10:12,355
5013,m,1970-04-26 20:10:13,355
5014,j,1970-04-26 20:10:14,355
5015,k,1970-04-26 20:10:15,355
5016,l,1970-04-26 20:10:16,355
5017,k,1970-04-26 20:10:17,355
5018,m,1970-04-26 20:10:18,355
5019,m,1970-04-26 20:10:19,355
5020,l,1970-04-26 20:10:20,355
5021,j,1970-04-26 20:10:21,355
5022,l,1970-04-26 20:10:22,355
5023,j,1970-04-26 20:10:23,355
5024,m,1970-04-26 20:10:24,355
5025,l,1970-04-26 20:10:25,355
5026,l,1970-04-26 20:10:26,355
5027,n,1970-04-26 20:10:27,355
5028,b,1970-04-26 20:10:28,356
5029,c,1970-04-26 20:10:29,356
5030,a,1970-04-26 20:10:30,356
5031,e,1970-04-26 20:10:31,356
5032,g,1970-04-26 20:10:32,356
5033,f,1970-04-26 20:10:33,356
5034,h,1970-04-26 20:10:34,356
5035,i,1970-04-26 20:10:35,356
5036,n,1970-04-26 20:10:36,356
5037,e,1970-04-26 20:10:37,357
5038,f,1970-04-26 20:10:38,357
5039,h,1970-04-26 20:10:39,357
5040,h,1970-04-26 20:10:40,357
5041,h,1970-04-26 20:10:41,357
5042,f,1970-04-26 20:10:42,357
5043,g,1970-04-26 20:10:43,357
5044,g,1970-04-26 20:10:44,357
5045,h,1970-04-26 20:10:45,357
5046,f,1970-04-26 20:10:46,357
5047,g,1970-04-26 20:10:47,357
5048,i,1970-04-26 20:10:48,357
5049,n,1970-04-26 20:10:49,357
5050,c,1970-04-26 20:10:50,358
5051,e,1970-04-26 20:10:51,358
5052,f,1970-04-26 20:10:52,358
5053,i,1970-04-26 20:10:53,358
5054,j,1970-04-26 20:10:54,358
5055,n,1970-04-26 20:10:55,358
5056,e,1970-04-26 20:10:56,359
5057,i,1970-04-26 20:10:57,359
5058,j,1970-04-26 20:10:58,359
5059,j,1970-04-26 20:10:59,359
5060,l,1970-04-26 20:11:00,359
5061,j,1970-04-26 20:11:01,359
5062,m,1970-04-26 20:11:02,359
5063,j,1970-04-26 20:11:03,359
5064,l,1970-04-26 20:11:04,359
5065,m,1970-04-26 20:11:05,359
5066,j,1970-04-26 20:11:06,359
5067,n,1970-04-26 20:11:07,359
5068,d,1970-04-26 20:11:08,360
5069,d,1970-04-26 20:11:09,360
5070,b,1970-04-26 20:11:10,360
5071,e,1970-04-26 20:11:11,360
5072,g,1970-04-26 20:11:12,360
5073,g,1970-04-26 20:11:13,360
5074,f,1970-04-26 20:11:14,360
5075,h,1970-04-26 20:11:15,360
5076,i,1970-04-26 20:11:16,360
5077,n,1970-04-26 20:11:17,360
5078,a,1970-04-26 20:11:18,361
5079,b,1970-04-26 20:11:19,361
5080,d,1970-04-26 20:11:20,361
5081,c,1970-04-26 20:11:21,361
5082,a,1970-04-26 20:11:22,361
5083,c,1970-04-26 20:11:23,361
5084,e,1970-04-26 20:11:24,361
5085,h,1970-04-26 20:11:25,361
5086,h,1970-04-26 20:11:26,361
5087,f,1970-04-26 20:11:27,361
5088,f,1970-04-26 20:11:28,361
5089,f,1970-04-26 20:11:29,361
5090,f,1970-04-26 20:11:30,361
5091,h,1970-04-26 20:11:31,361
5092,f,1970-04-26 20:11:32,361
5093,i,1970-04-26 20:11:33,361
5094,l,1970-04-26 20:11:34,361
5095,j,1970-04-26 20:11:35,361
5096,j,1970-04-26 20:11:36,361
5097,l,1970-04-26 20:11:37,361
5098,n,1970-04-26 20:11:38,361
5099,b,1970-04-26 20:11:39,362
5100,b,1970-04-26 20:11:40,362
5101,c,1970-04-26 20:11:41,362
5102,e,1970-04-26 20:11:42,362
5103,h,1970-04-26 20:11:43,362
5104,h,1970-04-26 20:11:44,362
5105,f,1970-04-26 20:11:45,362
5106,i,1970-04-26 20:11:46,362
5107,k,1970-04-26 20:11:47,362
5108,l,1970-04-26 20:11:48,362
5109,l,1970-04-26 20:11:49,362
5110,m,1970-04-26 20:11:50,362
5111,j,1970-04-26 20:11:51,362
5112,n,1970-04-26 20:11:52,362
5113,a,1970-04-26 20:11:53,363
5114,c,1970-04-26 20:11:54,363
5115,c,1970-04-26 20:11:55,363
5116,d,1970-04-26 20:11:56,363
5117,e,1970-04-26 20:11:57,363
5118,f,1970-04-26 20:11:58,363
5119,h,1970-04-26 20:11:59,363
5120,f,1970-04-26 20:12:00,363
5121,h,1970-04-26 20:12:01,363
5122,h,1970-04-26 20:12:02,363
5123,h,1970-04-26 20:12:03,363
5124,h,1970-04-26 20:12:04,363
5125,g,1970-04-26 20:12:05,363
5126,f,1970-04-26 20:12:06,363
5127,g,1970-04-26 20:12:07,363
5128,i,1970-04-26 20:12:08,363
5129,l,1970-04-26 20:12:09,363
5130,k,1970-04-26 20:12:10,363
5131,l,1970-04-26 20:12:11,363
5132,k,1970-04-26 20:12:12,363
5133,k,1970-04-26 20:12:13,363
5134,m,1970-04-26 20:12:14,363
5135,l,1970-04-26 20:12:15,363
5136,m,1970-04-26 20:12:16,363
5137,l,1970-04-26 20:12:17,363
5138,k,1970-04-26 20:12:18,363
5139,n,1970-04-26 20:12:19,363
5140,a,1970-04-26 20:12:20,364
5141,d,1970-04-26 20:12:21,364
5142,d,1970-04-26 20:12:22,364
5143,a,1970-04-26 20:12:23,364
5144,e,1970-04-26 20:12:24,364
5145,h,1970-04-26 20:12:25,364
5146,h,1970-04-26 20:12:26,364
5147,i,1970-04-26 20:12:27,364
5148,j,1970-04-26 20:12:28,364
5149,j,1970-04-26 20:12:29,364
5150,k,1970-04-26 20:12:30,364
5151,j,1970-04-26 20:12:31,364
5152,m,1970-04-26 20:12:32,364
5153,m,1970-04-26 20:12:33,364
5154,j,1970-04-26 20:12:34,364
5155,m,1970-04-26 20:12:35,364
5156,l,1970-04-26 20:12:36,364
5157,n,1970-04-26 20:12:37,364
5158,e,1970-04-26 20:12:38,365
5159,h,1970-04-26 20:12:39,365
5160,h,1970-04-26 20:12:40,365
5161,f,1970-04-26 20:12:41,365
5162,f,1970-04-26 20:12:42,365
5163,i,1970-04-26 20:12:43,365
5164,n,1970-04-26 20:12:44,365
5165,a,1970-04-26 20:12:45,366
5166,c,1970-04-26 20:12:46,366
5167,c,1970-04-26 20:12:47,366
5168,c,1970-04-26 20:12:48,366
5169,a,1970-04-26 20:12:49,366
5170,d,1970-04-26 20:12:50,366
5171,a,1970-04-26 20:12:51,366
5172,b,1970-04-26 20:12:52,366
5173,a,1970-04-26 20:12:53,366
5174,b,1970-04-26 20:12:54,366
5175,e,1970-04-26 20:12:55,366
5176,g,1970-04-26 20:12:56,366
5177,i,1970-04-26 20:12:57,366
5178,k,1970-04-26 20:12:58,366
5179,l,1970-04-26 20:12:59,366
5180,n,1970-04-26 20:13:00,366
5181,d,1970-04-26 20:13:01,367
5182,a,1970-04-26 20:13:02,367
5183,d,1970-04-26 20:13:03,367
5184,c,1970-04-26 20:13:04,367
5185,b,1970-04-26 20:13:05,367
5186,c,1970-04-26 20:13:06,367
5187,e,1970-04-26 20:13:07,367
5188,f,1970-04-26 20:13:08,367
5189,i,1970-04-26 20:13:09,367
5190,j,1970-04-26 20:13:10,367
5191,l,1970-04-26 20:13:11,367
5192,m,1970-04-26 20:13:12,367
5193,l,1970-04-26 20:13:13,367
5194,n,1970-04-26 20:13:14,367
5195,e,1970-04-26 20:13:15,368
5196,h,1970-04-26 20:13:16,368
5197,g,1970-04-26 20:13:17,368
5198,g,1970-04-26 20:13:18,368
5199,h,1970-04-26 20:13:19,368
5200,i,1970-04-26 20:13:20,368
5201,m,1970-04-26 20:13:21,368
5202,l,1970-04-26 20:13:22,368
5203,j,1970-04-26 20:13:23,368
5204,m,1970-04-26 20:13:24,368
5205,j,1970-04-26 20:13:25,368
5206,l,1970-04-26 20:13:26,368
5207,k,1970-04-26 20:13:27,368
5208,m,1970-04-26 20:13:28,368
5209,k,1970-04-26 20:13:29,368
5210,n,1970-04-26 20:13:30,368
5211,e,1970-04-26 20:13:31,369
5212,f,1970-04-26 20:13:32,369
5213,h,1970-04-26 20:13:33,369
5214,g,1970-04-26 20:13:34,369
5215,f,1970-04-26 20:13:35,369
5216,i,1970-04-26 20:13:36,369
5217,k,1970-04-26 20:13:37,369
5218,j,1970-04-26 20:13:38,369
5219,j,1970-04-26 20:13:39,369
5220,j,1970-04-26 20:13:40,369
5221,n,1970-04-26 20:13:41,369
5222,c,1970-04-26 20:13:42,370
5223,e,1970-04-26 20:13:43,370
5224,g,1970-04-26 20:13:44,370
5225,i,1970-04-26 20:13:45,370
5226,l,1970-04-26 20:13:46,370
5227,k,1970-04-26 20:13:47,370
5228,l,1970-04-26 20:13:48,370
5229,m,1970-04-26 20:13:49,370
5230,j,1970-04-26 20:13:50,370
5231,m,1970-04-26 20:13:51,370
5232,k,1970-04-26 20:13:52,370
5233,j,1970-04-26 20:13:53,370
5234,m,1970-04-26 20:13:54,370
5235,l,1970-04-26 20:13:55,370
5236,l,1970-04-26 20:13:56,370
5237,l,1970-04-26 20:13:57,370
5238,n,1970-04-26 20:13:58,370
5239,c,1970-04-26 20:13:59,371
5240,a,1970-04-26 20:14:00,371
5241,d,1970-04-26 20:14:01,371
5242,a,1970-04-26 20:14:02,371
5243,e,1970-04-26 20:14:03,371
5244,h,1970-04-26 20:14:04,371
5245,h,1970-04-26 20:14:05,371
5246,f,1970-04-26 20:14:06,371
5247,g,1970-04-26 20:14:07,371
5248,i,1970-04-26 20:14:08,371
5249,j,1970-04-26 20:14:09,371
5250,m,1970-04-26 20:14:10,371
5251,k,1970-04-26 20:14:11,371
5252,j,1970-04-26 20:14:12,371
5253,m,1970-04-26 20:14:13,371
5254,m,1970-04-26 20:14:14,371
5255,m,1970-04-26 20:14:15,371
5256,l,1970-04-26 20:14:16,371
5257,m,1970-04-26 20:14:17,371
5258,l,1970-04-26 20:14:18,371
5259,m,1970-04-26 20:14:19,371
5260,k,1970-04-26 20:14:20,371
5261,k,1970-04-26 20:14:21,371
5262,n,1970-04-26 20:14:22,371
5263,c,1970-04-26 20:14:23,372
5264,d,1970-04-26 20:14:24,372
5265,b,1970-04-26 20:14:25,372
5266,c,1970-04-26 20:14:26,372
5267,c,1970-04-26 20:14:27,372
5268,a,1970-04-26 20:14:28,372
5269,a,1970-04-26 20:14:29,372
5270,e,1970-04-26 20:14:30,372
5271,i,1970-04-26 20:14:31,372
5272,j,1970-04-26 20:14:32,372
5273,n,1970-04-26 20:14:33,372
5274,b,1970-04-26 20:14:34,373
5275,b,1970-04-26 20:14:35,373
5276,a,1970-04-26 20:14:36,373
5277,b,1970-04-26 20:14:37,373
5278,b,1970-04-26 20:14:38,373
5279,d,1970-04-26 20:14:39,373
5280,d,1970-04-26 20:14:40,373
5281,e,1970-04-26 20:14:41,373
5282,g,1970-04-26 20:14:42,373
5283,g,1970-04-26 20:14:43,373
5284,f,1970-04-26 20:14:44,373
5285,h,1970-04-26 20:14:45,373
5286,f,1970-04-26 20:14:46,373
5287,f,1970-04-26 20:14:47,373
5288,f,1970-04-26 20:14:48,373
5289,g,1970-04-26 20:14:49,373
5290,h,1970-04-26 20:14:50,373
5291,g,1970-04-26 20:14:51,373
5292,h,1970-04-26 20:14:52,373
5293,g,1970-04-26 20:14:53,373
5294,i,1970-04-26 20:14:54,373
5295,l,1970-04-26 20:14:55,373
5296,j,1970-04-26 20:14:56,373
5297,l,1970-04-26 20:14:57,373
5298,j,1970-04-26 20:14:58,373
5299,k,1970-04-26 20:14:59,373
5300,k,1970-04-26 20:15:00,373
5301,m,1970-04-26 20:15:01,373
5302,k,1970-04-26 20:15:02,373
5303,n,1970-04-26 20:15:03,373
5304,e,1970-04-26 20:15:04,374
5305,g,1970-04-26 20:15:05,374
5306,i,1970-04-26 20:15:06,374
5307,m,1970-04-26 20:15:07,374
5308,n,1970-04-26 20:15:08,374
5309,a,1970-04-26 20:15:09,375
5310,a,1970-04-26 20:15:10,375
5311,e,1970-04-26 20:15:11,375
5312,i,1970-04-26 20:15:12,375
5313,j,1970-04-26 20:15:13,375
5314,m,1970-04-26 20:15:14,375
5315,m,1970-04-26 20:15:15,375
5316,m,1970-04-26 20:15:16,375
5317,n,1970-04-26 20:15:17,375
5318,d,1970-04-26 20:15:18,376
5319,e,1970-04-26 20:15:19,376
5320,g,1970-04-26 20:15:20,376
5321,i,1970-04-26 20:15:21,376
5322,k,1970-04-26 20:15:22,376
5323,n,1970-04-26 20:15:23,376
5324,b,1970-04-26 20:15:24,377
5325,d,1970-04-26 20:15:25,377
5326,e,1970-04-26 20:15:26,377
5327,f,1970-04-26 20:15:27,377
5328,h,1970-04-26 20:15:28,377
5329,i,1970-04-26 20:15:29,377
5330,j,1970-04-26 20:15:30,377
5331,m,1970-04-26 20:15:31,377
5332,j,1970-04-26 20:15:32,377
5333,j,1970-04-26 20:15:33,377
5334,k,1970-04-26 20:15:34,377
5335,j,1970-04-26 20:15:35,377
5336,j,1970-04-26 20:15:36,377
5337,m,1970-04-26 20:15:37,377
5338,l,1970-04-26 20:15:38,377
5339,n,1970-04-26 20:15:39,377
5340,e,1970-04-26 20:15:40,378
5341,g,1970-04-26 20:15:41,378
5342,i,1970-04-26 20:15:42,378
5343,m,1970-04-26 20:15:43,378
5344,k,1970-04-26 20:15:44,378
5345,k,1970-04-26 20:15:45,378
5346,l,1970-04-26 20:15:46,378
5347,k,1970-04-26 20:15:47,378
5348,m,1970-04-26 20:15:48,378
5349,m,1970-04-26 20:15:49,378
5350,l,1970-04-26 20:15:50,378
5351,k,1970-04-26 20:15:51,378
5352,n,1970-04-26 20:15:52,378
5353,e,1970-04-26 20:15:53,379
5354,g,1970-04-26 20:15:54,379
5355,f,1970-04-26 20:15:55,379
5356,h,1970-04-26 20:15:56,379
5357,h,1970-04-26 20:15:57,379
5358,i,1970-04-26 20:15:58,379
5359,l,1970-04-26 20:15:59,379
5360,l,1970-04-26 20:16:00,379
5361,k,1970-04-26 20:16:01,379
5362,k,1970-04-26 20:16:02,379
5363,n,1970-04-26 20:16:03,379
5364,c,1970-04-26 20:16:04,380
5365,b,1970-04-26 20:16:05,380
5366,a,1970-04-26 20:16:06,380
5367,e,1970-04-26 20:16:07,380
5368,g,1970-04-26 20:16:08,380
5369,f,1970-04-26 20:16:09,380
5370,i,1970-04-26 20:16:10,380
5371,k,1970-04-26 20:16:11,380
5372,m,1970-04-26 20:16:12,380
5373,m,1970-04-26 20:16:13,380
5374,j,1970-04-26 20:16:14,380
5375,n,1970-04-26 20:16:15,380
5376,d,1970-04-26 20:16:16,381
5377,a,1970-04-26 20:16:17,381
5378,a,1970-04-26 20:16:18,381
5379,e,1970-04-26 20:16:19,381
5380,i,1970-04-26 20:16:20,381
5381,k,1970-04-26 20:16:21,381
5382,m,1970-04-26 20:16:22,381
5383,k,1970-04-26 20:16:23,381
5384,j,1970-04-26 20:16:24,381
5385,m,1970-04-26 20:16:25,381
5386,m,1970-04-26 20:16:26,381
5387,m,1970-04-26 20:16:27,381
5388,m,1970-04-26 20:16:28,381
5389,k,1970-04-26 20:16:29,381
5390,k,1970-04-26 20:16:30,381
5391,m,1970-04-26 20:16:31,381
5392,k,1970-04-26 20:16:32,381
5393,n,1970-04-26 20:16:33,381
5394,c,1970-04-26 20:16:34,382
5395,d,1970-04-26 20:16:35,382
5396,b,1970-04-26 20:16:36,382
5397,b,1970-04-26 20:16:37,382
5398,a,1970-04-26 20:16:38,382
5399,c,1970-04-26 20:16:39,382
5400,e,1970-04-26 20:16:40,382
5401,i,1970-04-26 20:16:41,382
5402,k,1970-04-26 20:16:42,382
5403,m,1970-04-26 20:16:43,382
5404,l,1970-04-26 20:16:44,382
5405,n,1970-04-26 20:16:45,382
5406,b,1970-04-26 20:16:46,383
5407,d,1970-04-26 20:16:47,383
5408,c,1970-04-26 20:16:48,383
5409,e,1970-04-26 20:16:49,383
5410,g,1970-04-26 20:16:50,383
5411,i,1970-04-26 20:16:51,383
5412,k,1970-04-26 20:16:52,383
5413,l,1970-04-26 20:16:53,383
5414,k,1970-04-26 20:16:54,383
5415,m,1970-04-26 20:16:55,383
5416,m,1970-04-26 20:16:56,383
5417,n,1970-04-26 20:16:57,383
5418,c,1970-04-26 20:16:58,384
5419,b,1970-04-26 20:16:59,384
5420,a,1970-04-26 20:17:00,384
5421,c,1970-04-26 20:17:01,384
5422,a,1970-04-26 20:17:02,384
5423,a,1970-04-26 20:17:03,384
5424,e,1970-04-26 20:17:04,384
5425,g,1970-04-26 20:17:05,384
5426,f,1970-04-26 20:17:06,384
5427,i,1970-04-26 20:17:07,384
5428,j,1970-04-26 20:17:08,384
5429,k,1970-04-26 20:17:09,384
5430,n,1970-04-26 20:17:10,384
5431,c,1970-04-26 20:17:11,385
5432,e,1970-04-26 20:17:12,385
5433,f,1970-04-26 20:17:13,385
5434,i,1970-04-26 20:17:14,385
5435,m,1970-04-26 20:17:15,385
5436,k,1970-04-26 20:17:16,385
5437,j,1970-04-26 20:17:17,385
5438,j,1970-04-26 20:17:18,385
5439,l,1970-04-26 20:17:19,385
5440,m,1970-04-26 20:17:20,385
5441,j,1970-04-26 20:17:21,385
5442,l,1970-04-26 20:17:22,385
5443,l,1970-04-26 20:17:23,385
5444,l,1970-04-26 20:17:24,385
5445,j,1970-04-26 20:17:25,385
5446,l,1970-04-26 20:17:26,385
5447,n,1970-04-26 20:17:27,385
5448,b,1970-04-26 20:17:28,386
5449,b,1970-04-26 20:17:29,386
5450,d,1970-04-26 20:17:30,386
5451,a,1970-04-26 20:17:31,386
5452,b,1970-04-26 20:17:32,386
5453,c,1970-04-26 20:17:33,386
5454,b,1970-04-26 20:17:34,386
5455,b,1970-04-26 20:17:35,386
5456,a,1970-04-26 20:17:36,386
5457,d,1970-04-26 20:17:37,386
5458,c,1970-04-26 20:17:38,386
5459,a,1970-04-26 20:17:39,386
5460,b,1970-04-26 20:17:40,386
5461,d,1970-04-26 20:17:41,386
5462,e,1970-04-26 20:17:42,386
5463,f,1970-04-26 20:17:43,386
5464,h,1970-04-26 20:17:44,386
5465,f,1970-04-26 20:17:45,386
5466,h,1970-04-26 20:17:46,386
5467,i,1970-04-26 20:17:47,386
5468,k,1970-04-26 20:17:48,386
5469,j,1970-04-26 20:17:49,386
5470,l,1970-04-26 20:17:50,386
5471,j,1970-04-26 20:17:51,386
5472,m,1970-04-26 20:17:52,386
5473,n,1970-04-26 20:17:53,386
5474,d,1970-04-26 20:17:54,387
5475,a,1970-04-26 20:17:55,387
5476,d,1970-04-26 20:17:56,387
5477,c,1970-04-26 20:17:57,387
5478,c,1970-04-26 20:17:58,387
5479,d,1970-04-26 20:17:59,387
5480,e,1970-04-26 20:18:00,387
5481,g,1970-04-26 20:18:01,387
5482,i,1970-04-26 20:18:02,387
5483,k,1970-04-26 20:18:03,387
5484,m,1970-04-26 20:18:04,387
5485,k,1970-04-26 20:18:05,387
5486,j,1970-04-26 20:18:06,387
5487,n,1970-04-26 20:18:07,387
5488,a,1970-04-26 20:18:08,388
5489,d,1970-04-26 20:18:09,388
5490,b,1970-04-26 20:18:10,388
5491,b,1970-04-26 20:18:11,388
5492,d,1970-04-26 20:18:12,388
5493,d,1970-04-26 20:18:13,388
5494,e,1970-04-26 20:18:14,388
5495,g,1970-04-26 20:18:15,388
5496,g,1970-04-26 20:18:16,388
5497,i,1970-04-26 20:18:17,388
5498,k,1970-04-26 20:18:18,388
5499,l,1970-04-26 20:18:19,388
5500,m,1970-04-26 20:18:20,388
5501,j,1970-04-26 20:18:21,388
5502,l,1970-04-26 20:18:22,388
5503,n,1970-04-26 20:18:23,388
5504,b,1970-04-26 20:18:24,389
5505,c,1970-04-26 20:18:25,389
5506,c,1970-04-26 20:18:26,389
5507,e,1970-04-26 20:18:27,389
5508,g,1970-04-26 20:18:28,389
5509,g,1970-04-26 20:18:29,389
5510,h,1970-04-26 20:18:30,389
5511,f,1970-04-26 20:18:31,389
5512,i,1970-04-26 20:18:32,389
5513,n,1970-04-26 20:18:33,389
5514,b,1970-04-26 20:18:34,390
5515,a,1970-04-26 20:18:35,390
5516,a,1970-04-26 20:18:36,390
5517,a,1970-04-26 20:18:37,390
5518,e,1970-04-26 20:18:38,390
5519,g,1970-04-26 20:18:39,390
5520,g,1970-04-26 20:18:40,390
5521,f,1970-04-26 20:18:41,390
5522,f,1970-04-26 20:18:42,390
5523,f,1970-04-26 20:18:43,390
5524,h,1970-04-26 20:18:44,390
5525,g,1970-04-26 20:18:45,390
5526,h,1970-04-26 20:18:46,390
5527,g,1970-04-26 20:18:47,390
5528,f,1970-04-26 20:18:48,390
5529,i,1970-04-26 20:18:49,390
5530,n,1970-04-26 20:18:50,390
5531,a,1970-04-26 20:18:51,391
5532,e,1970-04-26 20:18:52,391
5533,f,1970-04-26 20:18:53,391
5534,f,1970-04-26 20:18:54,391
5535,f,1970-04-26 20:18:55,391
5536,g,1970-04-26 20:18:56,391
5537,i,1970-04-26 20:18:57,391
5538,j,1970-04-26 20:18:58,391
5539,m,1970-04-26 20:18:59,391
5540,m,1970-04-26 20:19:00,391
5541,k,1970-04-26 20:19:01,391
5542,l,1970-04-26 20:19:02,391
5543,l,1970-04-26 20:19:03,391
5544,k,1970-04-26 20:19:04,391
5545,m,1970-04-26 20:19:05,391
5546,m,1970-04-26 20:19:06,391
5547,j,1970-04-26 20:19:07,391
5548,l,1970-04-26 20:19:08,391
5549,l,1970-04-26 20:19:09,391
5550,j,1970-04-26 20:19:10,391
5551,n,1970-04-26 20:19:11,391
5552,a,1970-04-26 20:19:12,392
5553,c,1970-04-26 20:19:13,392
5554,e,1970-04-26 20:19:14,392
5555,i,1970-04-26 20:19:15,392
5556,m,1970-04-26 20:19:16,392
5557,k,1970-04-26 20:19:17,392
5558,n,1970-04-26 20:19:18,392
5559,c,1970-04-26 20:19:19,393
5560,a,1970-04-26 20:19:20,393
5561,d,1970-04-26 20:19:21,393
5562,d,1970-04-26 20:19:22,393
5563,d,1970-04-26 20:19:23,393
5564,c,1970-04-26 20:19:24,393
5565,e,1970-04-26 20:19:25,393
5566,i,1970-04-26 20:19:26,393
5567,m,1970-04-26 20:19:27,393
5568,m,1970-04-26 20:19:28,393
5569,j,1970-04-26 20:19:29,393
5570,l,1970-04-26 20:19:30,393
5571,j,1970-04-26 20:19:31,393
5572,j,1970-04-26 20:19:32,393
5573,k,1970-04-26 20:19:33,393
5574,n,1970-04-26 20:19:34,393
5575,a,1970-04-26 20:19:35,394
5576,d,1970-04-26 20:19:36,394
5577,a,1970-04-26 20:19:37,394
5578,c,1970-04-26 20:19:38,394
5579,e,1970-04-26 20:19:39,394
5580,h,1970-04-26 20:19:40,394
5581,f,1970-04-26 20:19:41,394
5582,h,1970-04-26 20:19:42,394
5583,f,1970-04-26 20:19:43,394
5584,f,1970-04-26 20:19:44,394
5585,f,1970-04-26 20:19:45,394
5586,i,1970-04-26 20:19:46,394
5587,n,1970-04-26 20:19:47,394
5588,d,1970-04-26 20:19:48,395
5589,a,1970-04-26 20:19:49,395
5590,e,1970-04-26 20:19:50,395
5591,h,1970-04-26 20:19:51,395
5592,f,1970-04-26 20:19:52,395
5593,i,1970-04-26 20:19:53,395
5594,m,1970-04-26 20:19:54,395
5595,n,1970-04-26 20:19:55,395
5596,e,1970-04-26 20:19:56,396
5597,i,1970-04-26 20:19:57,396
5598,k,1970-04-26 20:19:58,396
5599,m,1970-04-26 20:19:59,396
5600,j,1970-04-26 20:20:00,396
5601,m,1970-04-26 20:20:01,396
5602,k,1970-04-26 20:20:02,396
5603,m,1970-04-26 20:20:03,396
5604,k,1970-04-26 20:20:04,396
5605,m,1970-04-26 20:20:05,396
5606,n,1970-04-26 20:20:06,396
5607,a,1970-04-26 20:20:07,397
5608,e,1970-04-26 20:20:08,397
5609,f,1970-04-26 20:20:09,397
5610,h,1970-04-26 20:20:10,397
5611,f,1970-04-26 20:20:11,397
5612,g,1970-04-26 20:20:12,397
5613,h,1970-04-26 20:20:13,397
5614,i,1970-04-26 20:20:14,397
5615,l,1970-04-26 20:20:15,397
5616,l,1970-04-26 20:20:16,397
5617,l,1970-04-26 20:20:17,397
5618,k,1970-04-26 20:20:18,397
5619,l,1970-04-26 20:20:19,397
5620,m,1970-04-26 20:20:20,397
5621,j,1970-04-26 20:20:21,397
5622,m,1970-04-26 20:20:22,397
5623,m,1970-04-26 20:20:23,397
5624,j,1970-04-26 20:20:24,397
5625,m,1970-04-26 20:20:25,397
5626,m,1970-04-26 20:20:26,397
5627,l,1970-04-26 20:20:27,397
5628,n,1970-04-26 20:20:28,397
5629,a,1970-04-26 20:20:29,398
5630,a,1970-04-26 20:20:30,398
5631,e,1970-04-26 20:20:31,398
5632,f,1970-04-26 20:20:32,398
5633,g,1970-04-26 20:20:33,398
5634,i,1970-04-26 20:20:34,398
5635,k,1970-04-26 20:20:35,398
5636,k,1970-04-26 20:20:36,398
5637,j,1970-04-26 20:20:37,398
5638,k,1970-04-26 20:20:38,398
5639,n,1970-04-26 20:20:39,398
5640,c,1970-04-26 20:20:40,399
5641,c,1970-04-26 20:20:41,399
5642,b,1970-04-26 20:20:42,399
5643,a,1970-04-26 20:20:43,399
5644,e,1970-04-26 20:20:44,399
5645,g,1970-04-26 20:20:45,399
5646,h,1970-04-26 20:20:46,399
5647,g,1970-04-26 20:20:47,399
5648,f,1970-04-26 20:20:48,399
5649,g,1970-04-26 20:20:49,399
5650,f,1970-04-26 20:20:50,399
5651,i,1970-04-26 20:20:51,399
5652,j,1970-04-26 20:20:52,399
5653,k,1970-04-26 20:20:53,399
5654,m,1970-04-26 20:20:54,399
5655,k,1970-04-26 20:20:55,399
5656,n,1970-04-26 20:20:56,399
5657,e,1970-04-26 20:20:57,400
5658,g,1970-04-26 20:20:58,400
5659,i,1970-04-26 20:20:59,400
5660,m,1970-04-26 20:21:00,400
5661,m,1970-04-26 20:21:01,400
5662,l,1970-04-26 20:21:02,400
5663,n,1970-04-26 20:21:03,400
5664,a,1970-04-26 20:21:04,401
5665,c,1970-04-26 20:21:05,401
5666,e,1970-04-26 20:21:06,401
5667,g,1970-04-26 20:21:07,401
5668,g,1970-04-26 20:21:08,401
5669,g,1970-04-26 20:21:09,401
5670,h,1970-04-26 20:21:10,401
5671,f,1970-04-26 20:21:11,401
5672,h,1970-04-26 20:21:12,401
5673,g,1970-04-26 20:21:13,401
5674,g,1970-04-26 20:21:14,401
5675,g,1970-04-26 20:21:15,401
5676,h,1970-04-26 20:21:16,401
5677,i,1970-04-26 20:21:17,401
5678,l,1970-04-26 20:21:18,401
5679,n,1970-04-26 20:21:19,401
5680,c,1970-04-26 20:21:20,402
5681,a,1970-04-26 20:21:21,402
5682,d,1970-04-26 20:21:22,402
5683,d,1970-04-26 20:21:23,402
5684,a,1970-04-26 20:21:24,402
5685,b,1970-04-26 20:21:25,402
5686,e,1970-04-26 20:21:26,402
5687,i,1970-04-26 20:21:27,402
5688,n,1970-04-26 20:21:28,402
5689,c,1970-04-26 20:21:29,403
5690,d,1970-04-26 20:21:30,403
5691,b,1970-04-26 20:21:31,403
5692,b,1970-04-26 20:21:32,403
5693,b,1970-04-26 20:21:33,403
5694,a,1970-04-26 20:21:34,403
5695,e,1970-04-26 20:21:35,403
5696,i,1970-04-26 20:21:36,403
5697,m,1970-04-26 20:21:37,403
5698,m,1970-04-26 20:21:38,403
5699,m,1970-04-26 20:21:39,403
5700,n,1970-04-26 20:21:40,403
5701,b,1970-04-26 20:21:41,404
5702,c,1970-04-26 20:21:42,404
5703,c,1970-04-26 20:21:43,404
5704,c,1970-04-26 20:21:44,404
5705,d,1970-04-26 20:21:45,404
5706,a,1970-04-26 20:21:46,404
5707,d,1970-04-26 20:21:47,404
5708,d,1970-04-26 20:21:48,404
5709,b,1970-04-26 20:21:49,404
5710,c,1970-04-26 20:21:50,404
5711,b,1970-04-26 20:21:51,404
5712,a,1970-04-26 20:21:52,404
5713,e,1970-04-26 20:21:53,404
5714,g,1970-04-26 20:21:54,404
5715,f,1970-04-26 20:21:55,404
5716,g,1970-04-26 20:21:56,404
5717,g,1970-04-26 20:21:57,404
5718,h,1970-04-26 20:21:58,404
5719,h,1970-04-26 20:21:59,404
5720,f,1970-04-26 20:22:00,404
5721,i,1970-04-26 20:22:01,404
5722,j,1970-04-26 20:22:02,404
5723,j,1970-04-26 20:22:03,404
5724,n,1970-04-26 20:22:04,404
5725,c,1970-04-26 20:22:05,405
5726,c,1970-04-26 20:22:06,405
5727,b,1970-04-26 20:22:07,405
5728,c,1970-04-26 20:22:08,405
5729,d,1970-04-26 20:22:09,405
5730,e,1970-04-26 20:22:10,405
5731,f,1970-04-26 20:22:11,405
5732,h,1970-04-26 20:22:12,405
5733,i,1970-04-26 20:22:13,405
5734,m,1970-04-26 20:22:14,405
5735,j,1970-04-26 20:22:15,405
5736,j,1970-04-26 20:22:16,405
5737,j,1970-04-26 20:22:17,405
5738,n,1970-04-26 20:22:18,405
5739,e,1970-04-26 20:22:19,406
5740,i,1970-04-26 20:22:20,406
5741,k,1970-04-26 20:22:21,406
5742,j,1970-04-26 20:22:22,406
5743,l,1970-04-26 20:22:23,406
5744,k,1970-04-26 20:22:24,406
5745,n,1970-04-26 20:22:25,406
5746,d,1970-04-26 20:22:26,407
5747,e,1970-04-26 20:22:27,407
5748,i,1970-04-26 20:22:28,407
5749,k,1970-04-26 20:22:29,407
5750,l,1970-04-26 20:22:30,407
5751,j,1970-04-26 20:22:31,407
5752,n,1970-04-26 20:22:32,407
5753,a,1970-04-26 20:22:33,408
5754,e,1970-04-26 20:22:34,408
5755,i,1970-04-26 20:22:35,408
5756,j,1970-04-26 20:22:36,408
5757,n,1970-04-26 20:22:37,408
5758,c,1970-04-26 20:22:38,409
5759,e,1970-04-26 20:22:39,409
5760,g,1970-04-26 20:22:40,409
5761,g,1970-04-26 20:22:41,409
5762,f,1970-04-26 20:22:42,409
5763,i,1970-04-26 20:22:43,409
5764,j,1970-04-26 20:22:44,409
5765,l,1970-04-26 20:22:45,409
5766,n,1970-04-26 20:22:46,409
5767,c,1970-04-26 20:22:47,410
5768,c,1970-04-26 20:22:48,410
5769,c,1970-04-26 20:22:49,410
5770,c,1970-04-26 20:22:50,410
5771,d,1970-04-26 20:22:51,410
5772,c,1970-04-26 20:22:52,410
5773,e,1970-04-26 20:22:53,410
5774,h,1970-04-26 20:22:54,410
5775,h,1970-04-26 20:22:55,410
5776,i,1970-04-26 20:22:56,410
5777,n,1970-04-26 20:22:57,410
5778,d,1970-04-26 20:22:58,411
5779,c,1970-04-26 20:22:59,411
5780,c,1970-04-26 20:23:00,411
5781,c,1970-04-26 20:23:01,411
5782,e,1970-04-26 20:23:02,411
5783,i,1970-04-26 20:23:03,411
5784,m,1970-04-26 20:23:04,411
5785,k,1970-04-26 20:23:05,411
5786,k,1970-04-26 20:23:06,411
5787,j,1970-04-26 20:23:07,411
5788,m,1970-04-26 20:23:08,411
5789,n,1970-04-26 20:23:09,411
5790,e,1970-04-26 20:23:10,412
5791,i,1970-04-26 20:23:11,412
5792,l,1970-04-26 20:23:12,412
5793,l,1970-04-26 20:23:13,412
5794,n,1970-04-26 20:23:14,412
5795,b,1970-04-26 20:23:15,413
5796,d,1970-04-26 20:23:16,413
5797,b,1970-04-26 20:23:17,413
5798,d,1970-04-26 20:23:18,413
5799,e,1970-04-26 20:23:19,413
5800,g,1970-04-26 20:23:20,413
5801,g,1970-04-26 20:23:21,413
5802,h,1970-04-26 20:23:22,413
5803,g,1970-04-26 20:23:23,413
5804,h,1970-04-26 20:23:24,413
5805,i,1970-04-26 20:23:25,413
5806,j,1970-04-26 20:23:26,413
5807,l,1970-04-26 20:23:27,413
5808,j,1970-04-26 20:23:28,413
5809,m,1970-04-26 20:23:29,413
5810,m,1970-04-26 20:23:30,413
5811,l,1970-04-26 20:23:31,413
5812,m,1970-04-26 20:23:32,413
5813,n,1970-04-26 20:23:33,413
5814,b,1970-04-26 20:23:34,414
5815,d,1970-04-26 20:23:35,414
5816,c,1970-04-26 20:23:36,414
5817,d,1970-04-26 20:23:37,414
5818,b,1970-04-26 20:23:38,414
5819,d,1970-04-26 20:23:39,414
5820,e,1970-04-26 20:23:40,414
5821,i,1970-04-26 20:23:41,414
5822,l,1970-04-26 20:23:42,414
5823,m,1970-04-26 20:23:43,414
5824,k,1970-04-26 20:23:44,414
5825,j,1970-04-26 20:23:45,414
5826,k,1970-04-26 20:23:46,414
5827,m,1970-04-26 20:23:47,414
5828,k,1970-04-26 20:23:48,414
5829,k,1970-04-26 20:23:49,414
5830,l,1970-04-26 20:23:50,414
5831,j,1970-04-26 20:23:51,414
5832,l,1970-04-26 20:23:52,414
5833,l,1970-04-26 20:23:53,414
5834,m,1970-04-26 20:23:54,414
5835,m,1970-04-26 20:23:55,414
5836,n,1970-04-26 20:23:56,414
5837,b,1970-04-26 20:23:57,415
5838,c,1970-04-26 20:23:58,415
5839,a,1970-04-26 20:23:59,415
5840,e,1970-04-26 20:24:00,415
5841,f,1970-04-26 20:24:01,415
5842,g,1970-04-26 20:24:02,415
5843,f,1970-04-26 20:24:03,415
5844,g,1970-04-26 20:24:04,415
5845,g,1970-04-26 20:24:05,415
5846,f,1970-04-26 20:24:06,415
5847,i,1970-04-26 20:24:07,415
5848,j,1970-04-26 20:24:08,415
5849,l,1970-04-26 20:24:09,415
5850,k,1970-04-26 20:24:10,415
5851,l,1970-04-26 20:24:11,415
5852,j,1970-04-26 20:24:12,415
5853,m,1970-04-26 20:24:13,415
5854,j,1970-04-26 20:24:14,415
5855,k,1970-04-26 20:24:15,415
5856,j,1970-04-26 20:24:16,415
5857,j,1970-04-26 20:24:17,415
5858,m,1970-04-26 20:24:18,415
5859,m,1970-04-26 20:24:19,415
5860,j,1970-04-26 20:24:20,415
5861,k,1970-04-26 20:24:21,415
5862,k,1970-04-26 20:24:22,415
5863,m,1970-04-26 20:24:23,415
5864,k,1970-04-26 20:24:24,415
5865,l,1970-04-26 20:24:25,415
5866,k,1970-04-26 20:24:26,415
5867,k,1970-04-26 20:24:27,415
5868,k,1970-04-26 20:24:28,415
5869,j,1970-04-26 20:24:29,415
5870,l,1970-04-26 20:24:30,415
5871,m,1970-04-26 20:24:31,415
5872,l,1970-04-26 20:24:32,415
5873,j,1970-04-26 20:24:33,415
5874,l,1970-04-26 20:24:34,415
5875,n,1970-04-26 20:24:35,415
5876,c,1970-04-26 20:24:36,416
5877,d,1970-04-26 20:24:37,416
5878,d,1970-04-26 20:24:38,416
5879,c,1970-04-26 20:24:39,416
5880,a,1970-04-26 20:24:40,416
5881,c,1970-04-26 20:24:41,416
5882,b,1970-04-26 20:24:42,416
5883,a,1970-04-26 20:24:43,416
5884,b,1970-04-26 20:24:44,416
5885,d,1970-04-26 20:24:45,416
5886,e,1970-04-26 20:24:46,416
5887,g,1970-04-26 20:24:47,416
5888,h,1970-04-26 20:24:48,416
5889,i,1970-04-26 20:24:49,416
5890,l,1970-04-26 20:24:50,416
5891,l,1970-04-26 20:24:51,416
5892,n,1970-04-26 20:24:52,416
5893,e,1970-04-26 20:24:53,417
5894,h,1970-04-26 20:24:54,417
5895,i,1970-04-26 20:24:55,417
5896,l,1970-04-26 20:24:56,417
5897,m,1970-04-26 20:24:57,417
5898,n,1970-04-26 20:24:58,417
5899,e,1970-04-26 20:24:59,418
5900,h,1970-04-26 20:25:00,418
5901,g,1970-04-26 20:25:01,418
5902,i,1970-04-26 20:25:02,418
5903,l,1970-04-26 20:25:03,418
5904,m,1970-04-26 20:25:04,418
5905,n,1970-04-26 20:25:05,418
5906,e,1970-04-26 20:25:06,419
5907,h,1970-04-26 20:25:07,419
5908,i,1970-04-26 20:25:08,419
5909,m,1970-04-26 20:25:09,419
5910,m,1970-04-26 20:25:10,419
5911,k,1970-04-26 20:25:11,419
5912,k,1970-04-26 20:25:12,419
5913,k,1970-04-26 20:25:13,419
5914,j,1970-04-26 20:25:14,419
5915,j,1970-04-26 20:25:15,419
5916,k,1970-04-26 20:25:16,419
5917,n,1970-04-26 20:25:17,419
5918,b,1970-04-26 20:25:18,420
5919,e,1970-04-26 20:25:19,420
5920,h,1970-04-26 20:25:20,420
5921,i,1970-04-26 20:25:21,420
5922,j,1970-04-26 20:25:22,420
5923,m,1970-04-26 20:25:23,420
5924,l,1970-04-26 20:25:24,420
5925,k,1970-04-26 20:25:25,420
5926,k,1970-04-26 20:25:26,420
5927,k,1970-04-26 20:25:27,420
5928,m,1970-04-26 20:25:28,420
5929,j,1970-04-26 20:25:29,420
5930,n,1970-04-26 20:25:30,420
5931,d,1970-04-26 20:25:31,421
5932,d,1970-04-26 20:25:32,421
5933,c,1970-04-26 20:25:33,421
5934,c,1970-04-26 20:25:34,421
5935,e,1970-04-26 20:25:35,421
5936,h,1970-04-26 20:25:36,421
5937,i,1970-04-26 20:25:37,421
5938,n,1970-04-26 20:25:38,421
5939,e,1970-04-26 20:25:39,422
5940,f,1970-04-26 20:25:40,422
5941,g,1970-04-26 20:25:41,422
5942,g,1970-04-26 20:25:42,422
5943,f,1970-04-26 20:25:43,422
5944,g,1970-04-26 20:25:44,422
5945,f,1970-04-26 20:25:45,422
5946,i,1970-04-26 20:25:46,422
5947,l,1970-04-26 20:25:47,422
5948,j,1970-04-26 20:25:48,422
5949,l,1970-04-26 20:25:49,422
5950,l,1970-04-26 20:25:50,422
5951,j,1970-04-26 20:25:51,422
5952,l,1970-04-26 20:25:52,422
5953,m,1970-04-26 20:25:53,422
5954,m,1970-04-26 20:25:54,422
5955,l,1970-04-26 20:25:55,422
5956,k,1970-04-26 20:25:56,422
5957,l,1970-04-26 20:25:57,422
5958,m,1970-04-26 20:25:58,422
5959,k,1970-04-26 20:25:59,422
5960,m,1970-04-26 20:26:00,422
5961,l,1970-04-26 20:26:01,422
5962,m,1970-04-26 20:26:02,422
5963,l,1970-04-26 20:26:03,422
5964,m,1970-04-26 20:26:04,422
5965,k,1970-04-26 20:26:05,422
5966,l,1970-04-26 20:26:06,422
5967,m,1970-04-26 20:26:07,422
5968,m,1970-04-26 20:26:08,422
5969,k,1970-04-26 20:26:09,422
5970,j,1970-04-26 20:26:10,422
5971,m,1970-04-26 20:26:11,422
5972,n,1970-04-26 20:26:12,422
5973,c,1970-04-26 20:26:13,423
5974,d,1970-04-26 20:26:14,423
5975,c,1970-04-26 20:26:15,423
5976,c,1970-04-26 20:26:16,423
5977,d,1970-04-26 20:26:17,423
5978,d,1970-04-26 20:26:18,423
5979,d,1970-04-26 20:26:19,423
5980,b,1970-04-26 20:26:20,423
5981,d,1970-04-26 20:26:21,423
5982,e,1970-04-26 20:26:22,423
5983,h,1970-04-26 20:26:23,423
5984,f,1970-04-26 20:26:24,423
5985,i,1970-04-26 20:26:25,423
5986,l,1970-04-26 20:26:26,423
5987,m,1970-04-26 20:26:27,423
5988,n,1970-04-26 20:26:28,423
5989,c,1970-04-26 20:26:29,424
5990,a,1970-04-26 20:26:30,424
5991,d,1970-04-26 20:26:31,424
5992,c,1970-04-26 20:26:32,424
5993,a,1970-04-26 20:26:33,424
5994,c,1970-04-26 20:26:34,424
5995,a,1970-04-26 20:26:35,424
5996,b,1970-04-26 20:26:36,424
5997,d,1970-04-26 20:26:37,424
5998,b,1970-04-26 20:26:38,424
5999,d,1970-04-26 20:26:39,424
6000,e,1970-04-26 20:26:40,424
6001,g,1970-04-26 20:26:41,424
6002,f,1970-04-26 20:26:42,424
6003,f,1970-04-26 20:26:43,424
6004,g,1970-04-26 20:26:44,424
6005,g,1970-04-26 20:26:45,424
6006,g,1970-04-26 20:26:46,424
6007,h,1970-04-26 20:26:47,424
6008,g,1970-04-26 20:26:48,424
6009,g,1970-04-26 20:26:49,424
6010,f,1970-04-26 20:26:50,424
6011,h,1970-04-26 20:26:51,424
6012,i,1970-04-26 20:26:52,424
6013,l,1970-04-26 20:26:53,424
6014,j,1970-04-26 20:26:54,424
6015,k,1970-04-26 20:26:55,424
6016,k,1970-04-26 20:26:56,424
6017,l,1970-04-26 20:26:57,424
6018,m,1970-04-26 20:26:58,424
6019,j,1970-04-26 20:26:59,424
6020,j,1970-04-26 20:27:00,424
6021,j,1970-04-26 20:27:01,424
6022,j,1970-04-26 20:27:02,424
6023,m,1970-04-26 20:27:03,424
6024,n,1970-04-26 20:27:04,424
6025,b,1970-04-26 20:27:05,425
6026,e,1970-04-26 20:27:06,425
6027,h,1970-04-26 20:27:07,425
6028,f,1970-04-26 20:27:08,425
6029,f,1970-04-26 20:27:09,425
6030,g,1970-04-26 20:27:10,425
6031,i,1970-04-26 20:27:11,425
6032,k,1970-04-26 20:27:12,425
6033,m,1970-04-26 20:27:13,425
6034,j,1970-04-26 20:27:14,425
6035,j,1970-04-26 20:27:15,425
6036,m,1970-04-26 20:27:16,425
6037,j,1970-04-26 20:27:17,425
6038,n,1970-04-26 20:27:18,425
6039,c,1970-04-26 20:27:19,426
6040,d,1970-04-26 20:27:20,426
6041,c,1970-04-26 20:27:21,426
6042,a,1970-04-26 20:27:22,426
6043,e,1970-04-26 20:27:23,426
6044,i,1970-04-26 20:27:24,426
6045,n,1970-04-26 20:27:25,426
6046,e,1970-04-26 20:27:26,427
6047,g,1970-04-26 20:27:27,427
6048,i,1970-04-26 20:27:28,427
6049,m,1970-04-26 20:27:29,427
6050,m,1970-04-26 20:27:30,427
6051,n,1970-04-26 20:27:31,427
6052,d,1970-04-26 20:27:32,428
6053,a,1970-04-26 20:27:33,428
6054,d,1970-04-26 20:27:34,428
6055,c,1970-04-26 20:27:35,428
6056,a,1970-04-26 20:27:36,428
6057,b,1970-04-26 20:27:37,428
6058,c,1970-04-26 20:27:38,428
6059,c,1970-04-26 20:27:39,428
6060,e,1970-04-26 20:27:40,428
6061,h,1970-04-26 20:27:41,428
6062,g,1970-04-26 20:27:42,428
6063,h,1970-04-26 20:27:43,428
6064,f,1970-04-26 20:27:44,428
6065,i,1970-04-26 20:27:45,428
6066,l,1970-04-26 20:27:46,428
6067,m,1970-04-26 20:27:47,428
6068,l,1970-04-26 20:27:48,428
6069,j,1970-04-26 20:27:49,428
6070,j,1970-04-26 20:27:50,428
6071,l,1970-04-26 20:27:51,428
6072,n,1970-04-26 20:27:52,428
6073,c,1970-04-26 20:27:53,429
6074,b,1970-04-26 20:27:54,429
6075,a,1970-04-26 20:27:55,429
6076,b,1970-04-26 20:27:56,429
6077,d,1970-04-26 20:27:57,429
6078,b,1970-04-26 20:27:58,429
6079,d,1970-04-26 20:27:59,429
6080,d,1970-04-26 20:28:00,429
6081,b,1970-04-26 20:28:01,429
6082,b,1970-04-26 20:28:02,429
6083,a,1970-04-26 20:28:03,429
6084,b,1970-04-26 20:28:04,429
6085,a,1970-04-26 20:28:05,429
6086,e,1970-04-26 20:28:06,429
6087,h,1970-04-26 20:28:07,429
6088,f,1970-04-26 20:28:08,429
6089,h,1970-04-26 20:28:09,429
6090,g,1970-04-26 20:28:10,429
6091,f,1970-04-26 20:28:11,429
6092,f,1970-04-26 20:28:12,429
6093,i,1970-04-26 20:28:13,429
6094,n,1970-04-26 20:28:14,429
6095,e,1970-04-26 20:28:15,430
6096,g,1970-04-26 20:28:16,430
6097,i,1970-04-26 20:28:17,430
6098,l,1970-04-26 20:28:18,430
6099,m,1970-04-26 20:28:19,430
6100,k,1970-04-26 20:28:20,430
6101,n,1970-04-26 20:28:21,430
6102,e,1970-04-26 20:28:22,431
6103,g,1970-04-26 20:28:23,431
6104,i,1970-04-26 20:28:24,431
6105,j,1970-04-26 20:28:25,431
6106,n,1970-04-26 20:28:26,431
6107,a,1970-04-26 20:28:27,432
6108,a,1970-04-26 20:28:28,432
6109,b,1970-04-26 20:28:29,432
6110,d,1970-04-26 20:28:30,432
6111,a,1970-04-26 20:28:31,432
6112,a,1970-04-26 20:28:32,432
6113,e,1970-04-26 20:28:33,432
6114,i,1970-04-26 20:28:34,432
6115,k,1970-04-26 20:28:35,432
6116,j,1970-04-26 20:28:36,432
6117,n,1970-04-26 20:28:37,432
6118,e,1970-04-26 20:28:38,433
6119,g,1970-04-26 20:28:39,433
6120,g,1970-04-26 20:28:40,433
6121,g,1970-04-26 20:28:41,433
6122,i,1970-04-26 20:28:42,433
6123,k,1970-04-26 20:28:43,433
6124,j,1970-04-26 20:28:44,433
6125,n,1970-04-26 20:28:45,433
6126,e,1970-04-26 20:28:46,434
6127,i,1970-04-26 20:28:47,434
6128,m,1970-04-26 20:28:48,434
6129,m,1970-04-26 20:28:49,434
6130,m,1970-04-26 20:28:50,434
6131,l,1970-04-26 20:28:51,434
6132,j,1970-04-26 20:28:52,434
6133,m,1970-04-26 20:28:53,434
6134,l,1970-04-26 20:28:54,434
6135,k,1970-04-26 20:28:55,434
6136,m,1970-04-26 20:28:56,434
6137,m,1970-04-26 20:28:57,434
6138,j,1970-04-26 20:28:58,434
6139,j,1970-04-26 20:28:59,434
6140,l,1970-04-26 20:29:00,434
6141,k,1970-04-26 20:29:01,434
6142,l,1970-04-26 20:29:02,434
6143,m,1970-04-26 20:29:03,434
6144,n,1970-04-26 20:29:04,434
6145,e,1970-04-26 20:29:05,435
6146,f,1970-04-26 20:29:06,435
6147,g,1970-04-26 20:29:07,435
6148,h,1970-04-26 20:29:08,435
6149,h,1970-04-26 20:29:09,435
6150,h,1970-04-26 20:29:10,435
6151,f,1970-04-26 20:29:11,435
6152,i,1970-04-26 20:29:12,435
6153,m,1970-04-26 20:29:13,435
6154,j,1970-04-26 20:29:14,435
6155,k,1970-04-26 20:29:15,435
6156,j,1970-04-26 20:29:16,435
6157,m,1970-04-26 20:29:17,435
6158,l,1970-04-26 20:29:18,435
6159,m,1970-04-26 20:29:19,435
6160,j,1970-04-26 20:29:20,435
6161,k,1970-04-26 20:29:21,435
6162,k,1970-04-26 20:29:22,435
6163,k,1970-04-26 20:29:23,435
6164,j,1970-04-26 20:29:24,435
6165,j,1970-04-26 20:29:25,435
6166,m,1970-04-26 20:29:26,435
6167,j,1970-04-26 20:29:27,435
6168,j,1970-04-26 20:29:28,435
6169,j,1970-04-26 20:29:29,435
6170,n,1970-04-26 20:29:30,435
6171,d,1970-04-26 20:29:31,436
6172,a,1970-04-26 20:29:32,436
6173,c,1970-04-26 20:29:33,436
6174,a,1970-04-26 20:29:34,436
6175,d,1970-04-26 20:29:35,436
6176,d,1970-04-26 20:29:36,436
6177,e,1970-04-26 20:29:37,436
6178,g,1970-04-26 20:29:38,436
6179,i,1970-04-26 20:29:39,436
6180,j,1970-04-26 20:29:40,436
6181,m,1970-04-26 20:29:41,436
6182,j,1970-04-26 20:29:42,436
6183,l,1970-04-26 20:29:43,436
6184,k,1970-04-26 20:29:44,436
6185,m,1970-04-26 20:29:45,436
6186,m,1970-04-26 20:29:46,436
6187,l,1970-04-26 20:29:47,436
6188,j,1970-04-26 20:29:48,436
6189,j,1970-04-26 20:29:49,436
6190,j,1970-04-26 20:29:50,436
6191,n,1970-04-26 20:29:51,436
6192,c,1970-04-26 20:29:52,437
6193,a,1970-04-26 20:29:53,437
6194,b,1970-04-26 20:29:54,437
6195,b,1970-04-26 20:29:55,437
6196,c,1970-04-26 20:29:56,437
6197,c,1970-04-26 20:29:57,437
6198,a,1970-04-26 20:29:58,437
6199,b,1970-04-26 20:29:59,437
6200,d,1970-04-26 20:30:00,437
6201,a,1970-04-26 20:30:01,437
6202,d,1970-04-26 20:30:02,437
6203,c,1970-04-26 20:30:03,437
6204,c,1970-04-26 20:30:04,437
6205,a,1970-04-26 20:30:05,437
6206,b,1970-04-26 20:30:06,437
6207,c,1970-04-26 20:30:07,437
6208,a,1970-04-26 20:30:08,437
6209,c,1970-04-26 20:30:09,437
6210,d,1970-04-26 20:30:10,437
6211,d,1970-04-26 20:30:11,437
6212,c,1970-04-26 20:30:12,437
6213,e,1970-04-26 20:30:13,437
6214,h,1970-04-26 20:30:14,437
6215,g,1970-04-26 20:30:15,437
6216,f,1970-04-26 20:30:16,437
6217,i,1970-04-26 20:30:17,437
6218,m,1970-04-26 20:30:18,437
6219,l,1970-04-26 20:30:19,437
6220,l,1970-04-26 20:30:20,437
6221,j,1970-04-26 20:30:21,437
6222,n,1970-04-26 20:30:22,437
6223,b,1970-04-26 20:30:23,438
6224,e,1970-04-26 20:30:24,438
6225,h,1970-04-26 20:30:25,438
6226,f,1970-04-26 20:30:26,438
6227,h,1970-04-26 20:30:27,438
6228,h,1970-04-26 20:30:28,438
6229,i,1970-04-26 20:30:29,438
6230,j,1970-04-26 20:30:30,438
6231,k,1970-04-26 20:30:31,438
6232,l,1970-04-26 20:30:32,438
6233,j,1970-04-26 20:30:33,438
6234,k,1970-04-26 20:30:34,438
6235,l,1970-04-26 20:30:35,438
6236,l,1970-04-26 20:30:36,438
6237,k,1970-04-26 20:30:37,438
6238,k,1970-04-26 20:30:38,438
6239,j,1970-04-26 20:30:39,438
6240,m,1970-04-26 20:30:40,438
6241,l,1970-04-26 20:30:41,438
6242,j,1970-04-26 20:30:42,438
6243,l,1970-04-26 20:30:43,438
6244,m,1970-04-26 20:30:44,438
6245,n,1970-04-26 20:30:45,438
6246,a,1970-04-26 20:30:46,439
6247,e,1970-04-26 20:30:47,439
6248,g,1970-04-26 20:30:48,439
6249,h,1970-04-26 20:30:49,439
6250,h,1970-04-26 20:30:50,439
6251,f,1970-04-26 20:30:51,439
6252,f,1970-04-26 20:30:52,439
6253,i,1970-04-26 20:30:53,439
6254,l,1970-04-26 20:30:54,439
6255,k,1970-04-26 20:30:55,439
6256,m,1970-04-26 20:30:56,439
6257,m,1970-04-26 20:30:57,439
6258,k,1970-04-26 20:30:58,439
6259,m,1970-04-26 20:30:59,439
6260,n,1970-04-26 20:31:00,439
6261,b,1970-04-26 20:31:01,440
6262,d,1970-04-26 20:31:02,440
6263,e,1970-04-26 20:31:03,440
6264,h,1970-04-26 20:31:04,440
6265,f,1970-04-26 20:31:05,440
6266,i,1970-04-26 20:31:06,440
6267,l,1970-04-26 20:31:07,440
6268,n,1970-04-26 20:31:08,440
6269,a,1970-04-26 20:31:09,441
6270,c,1970-04-26 20:31:10,441
6271,b,1970-04-26 20:31:11,441
6272,a,1970-04-26 20:31:12,441
6273,e,1970-04-26 20:31:13,441
6274,i,1970-04-26 20:31:14,441
6275,n,1970-04-26 20:31:15,441
6276,a,1970-04-26 20:31:16,442
6277,e,1970-04-26 20:31:17,442
6278,i,1970-04-26 20:31:18,442
6279,k,1970-04-26 20:31:19,442
6280,m,1970-04-26 20:31:20,442
6281,n,1970-04-26 20:31:21,442
6282,c,1970-04-26 20:31:22,443
6283,e,1970-04-26 20:31:23,443
6284,h,1970-04-26 20:31:24,443
6285,h,1970-04-26 20:31:25,443
6286,h,1970-04-26 20:31:26,443
6287,i,1970-04-26 20:31:27,443
6288,m,1970-04-26 20:31:28,443
6289,j,1970-04-26 20:31:29,443
6290,n,1970-04-26 20:31:30,443
6291,b,1970-04-26 20:31:31,444
6292,c,1970-04-26 20:31:32,444
6293,b,1970-04-26 20:31:33,444
6294,c,1970-04-26 20:31:34,444
6295,b,1970-04-26 20:31:35,444
6296,a,1970-04-26 20:31:36,444
6297,a,1970-04-26 20:31:37,444
6298,c,1970-04-26 20:31:38,444
6299,a,1970-04-26 20:31:39,444
6300,e,1970-04-26 20:31:40,444
6301,g,1970-04-26 20:31:41,444
6302,i,1970-04-26 20:31:42,444
6303,k,1970-04-26 20:31:43,444
6304,l,1970-04-26 20:31:44,444
6305,m,1970-04-26 20:31:45,444
6306,l,1970-04-26 20:31:46,444
6307,l,1970-04-26 20:31:47,444
6308,j,1970-04-26 20:31:48,444
6309,j,1970-04-26 20:31:49,444
6310,l,1970-04-26 20:31:50,444
6311,n,1970-04-26 20:31:51,444
6312,c,1970-04-26 20:31:52,445
6313,b,1970-04-26 20:31:53,445
6314,b,1970-04-26 20:31:54,445
6315,a,1970-04-26 20:31:55,445
6316,d,1970-04-26 20:31:56,445
6317,e,1970-04-26 20:31:57,445
6318,i,1970-04-26 20:31:58,445
6319,j,1970-04-26 20:31:59,445
6320,m,1970-04-26 20:32:00,445
6321,k,1970-04-26 20:32:01,445
6322,l,1970-04-26 20:32:02,445
6323,l,1970-04-26 20:32:03,445
6324,j,1970-04-26 20:32:04,445
6325,l,1970-04-26 20:32:05,445
6326,n,1970-04-26 20:32:06,445
6327,c,1970-04-26 20:32:07,446
6328,a,1970-04-26 20:32:08,446
6329,a,1970-04-26 20:32:09,446
6330,d,1970-04-26 20:32:10,446
6331,e,1970-04-26 20:32:11,446
6332,f,1970-04-26 20:32:12,446
6333,f,1970-04-26 20:32:13,446
6334,f,1970-04-26 20:32:14,446
6335,i,1970-04-26 20:32:15,446
6336,l,1970-04-26 20:32:16,446
6337,n,1970-04-26 20:32:17,446
6338,a,1970-04-26 20:32:18,447
6339,b,1970-04-26 20:32:19,447
6340,d,1970-04-26 20:32:20,447
6341,b,1970-04-26 20:32:21,447
6342,b,1970-04-26 20:32:22,447
6343,d,1970-04-26 20:32:23,447
6344,d,1970-04-26 20:32:24,447
6345,b,1970-04-26 20:32:25,447
6346,a,1970-04-26 20:32:26,447
6347,a,1970-04-26 20:32:27,447
6348,e,1970-04-26 20:32:28,447
6349,f,1970-04-26 20:32:29,447
6350,i,1970-04-26 20:32:30,447
6351,k,1970-04-26 20:32:31,447
6352,k,1970-04-26 20:32:32,447
6353,k,1970-04-26 20:32:33,447
6354,j,1970-04-26 20:32:34,447
6355,l,1970-04-26 20:32:35,447
6356,l,1970-04-26 20:32:36,447
6357,l,1970-04-26 20:32:37,447
6358,j,1970-04-26 20:32:38,447
6359,l,1970-04-26 20:32:39,447
6360,m,1970-04-26 20:32:40,447
6361,k,1970-04-26 20:32:41,447
6362,m,1970-04-26 20:32:42,447
6363,j,1970-04-26 20:32:43,447
6364,n,1970-04-26 20:32:44,447
6365,d,1970-04-26 20:32:45,448
6366,d,1970-04-26 20:32:46,448
6367,b,1970-04-26 20:32:47,448
6368,e,1970-04-26 20:32:48,448
6369,h,1970-04-26 20:32:49,448
6370,i,1970-04-26 20:32:50,448
6371,m,1970-04-26 20:32:51,448
6372,m,1970-04-26 20:32:52,448
6373,l,1970-04-26 20:32:53,448
6374,k,1970-04-26 20:32:54,448
6375,j,1970-04-26 20:32:55,448
6376,k,1970-04-26 20:32:56,448
6377,j,1970-04-26 20:32:57,448
6378,l,1970-04-26 20:32:58,448
6379,k,1970-04-26 20:32:59,448
6380,j,1970-04-26 20:33:00,448
6381,j,1970-04-26 20:33:01,448
6382,k,1970-04-26 20:33:02,448
6383,l,1970-04-26 20:33:03,448
6384,l,1970-04-26 20:33:04,448
6385,j,1970-04-26 20:33:05,448
6386,l,1970-04-26 20:33:06,448
6387,n,1970-04-26 20:33:07,448
6388,e,1970-04-26 20:33:08,449
6389,i,1970-04-26 20:33:09,449
6390,l,1970-04-26 20:33:10,449
6391,m,1970-04-26 20:33:11,449
6392,j,1970-04-26 20:33:12,449
6393,j,1970-04-26 20:33:13,449
6394,n,1970-04-26 20:33:14,449
6395,d,1970-04-26 20:33:15,450
6396,e,1970-04-26 20:33:16,450
6397,g,1970-04-26 20:33:17,450
6398,f,1970-04-26 20:33:18,450
6399,h,1970-04-26 20:33:19,450
6400,f,1970-04-26 20:33:20,450
6401,f,1970-04-26 20:33:21,450
6402,g,1970-04-26 20:33:22,450
6403,g,1970-04-26 20:33:23,450
6404,h,1970-04-26 20:33:24,450
6405,i,1970-04-26 20:33:25,450
6406,l,1970-04-26 20:33:26,450
6407,m,1970-04-26 20:33:27,450
6408,m,1970-04-26 20:33:28,450
6409,k,1970-04-26 20:33:29,450
6410,k,1970-04-26 20:33:30,450
6411,l,1970-04-26 20:33:31,450
6412,n,1970-04-26 20:33:32,450
6413,e,1970-04-26 20:33:33,451
6414,f,1970-04-26 20:33:34,451
6415,g,1970-04-26 20:33:35,451
6416,g,1970-04-26 20:33:36,451
6417,h,1970-04-26 20:33:37,451
6418,i,1970-04-26 20:33:38,451
6419,m,1970-04-26 20:33:39,451
6420,n,1970-04-26 20:33:40,451
6421,a,1970-04-26 20:33:41,452
6422,e,1970-04-26 20:33:42,452
6423,g,1970-04-26 20:33:43,452
6424,f,1970-04-26 20:33:44,452
6425,f,1970-04-26 20:33:45,452
6426,g,1970-04-26 20:33:46,452
6427,f,1970-04-26 20:33:47,452
6428,f,1970-04-26 20:33:48,452
6429,h,1970-04-26 20:33:49,452
6430,h,1970-04-26 20:33:50,452
6431,f,1970-04-26 20:33:51,452
6432,g,1970-04-26 20:33:52,452
6433,f,1970-04-26 20:33:53,452
6434,g,1970-04-26 20:33:54,452
6435,f,1970-04-26 20:33:55,452
6436,h,1970-04-26 20:33:56,452
6437,i,1970-04-26 20:33:57,452
6438,k,1970-04-26 20:33:58,452
6439,k,1970-04-26 20:33:59,452
6440,l,1970-04-26 20:34:00,452
6441,n,1970-04-26 20:34:01,452
6442,e,1970-04-26 20:34:02,453
6443,f,1970-04-26 20:34:03,453
6444,f,1970-04-26 20:34:04,453
6445,g,1970-04-26 20:34:05,453
6446,f,1970-04-26 20:34:06,453
6447,g,1970-04-26 20:34:07,453
6448,g,1970-04-26 20:34:08,453
6449,h,1970-04-26 20:34:09,453
6450,i,1970-04-26 20:34:10,453
6451,k,1970-04-26 20:34:11,453
6452,m,1970-04-26 20:34:12,453
6453,j,1970-04-26 20:34:13,453
6454,j,1970-04-26 20:34:14,453
6455,m,1970-04-26 20:34:15,453
6456,m,1970-04-26 20:34:16,453
6457,l,1970-04-26 20:34:17,453
6458,l,1970-04-26 20:34:18,453
6459,k,1970-04-26 20:34:19,453
6460,k,1970-04-26 20:34:20,453
6461,j,1970-04-26 20:34:21,453
6462,m,1970-04-26 20:34:22,453
6463,l,1970-04-26 20:34:23,453
6464,m,1970-04-26 20:34:24,453
6465,m,1970-04-26 20:34:25,453
6466,m,1970-04-26 20:34:26,453
6467,m,1970-04-26 20:34:27,453
6468,n,1970-04-26 20:34:28,453
6469,a,1970-04-26 20:34:29,454
6470,d,1970-04-26 20:34:30,454
6471,b,1970-04-26 20:34:31,454
6472,e,1970-04-26 20:34:32,454
6473,i,1970-04-26 20:34:33,454
6474,j,1970-04-26 20:34:34,454
6475,m,1970-04-26 20:34:35,454
6476,m,1970-04-26 20:34:36,454
6477,l,1970-04-26 20:34:37,454
6478,k,1970-04-26 20:34:38,454
6479,k,1970-04-26 20:34:39,454
6480,j,1970-04-26 20:34:40,454
6481,j,1970-04-26 20:34:41,454
6482,m,1970-04-26 20:34:42,454
6483,k,1970-04-26 20:34:43,454
6484,k,1970-04-26 20:34:44,454
6485,l,1970-04-26 20:34:45,454
6486,k,1970-04-26 20:34:46,454
6487,l,1970-04-26 20:34:47,454
6488,j,1970-04-26 20:34:48,454
6489,m,1970-04-26 20:34:49,454
6490,k,1970-04-26 20:34:50,454
6491,m,1970-04-26 20:34:51,454
6492,l,1970-04-26 20:34:52,454
6493,m,1970-04-26 20:34:53,454
6494,m,1970-04-26 20:34:54,454
6495,m,1970-04-26 20:34:55,454
6496,k,1970-04-26 20:34:56,454
6497,l,1970-04-26 20:34:57,454
6498,l,1970-04-26 20:34:58,454
6499,n,1970-04-26 20:34:59,454
6500,b,1970-04-26 20:35:00,455
6501,d,1970-04-26 20:35:01,455
6502,a,1970-04-26 20:35:02,455
6503,c,1970-04-26 20:35:03,455
6504,c,1970-04-26 20:35:04,455
6505,e,1970-04-26 20:35:05,455
6506,h,1970-04-26 20:35:06,455
6507,f,1970-04-26 20:35:07,455
6508,f,1970-04-26 20:35:08,455
6509,g,1970-04-26 20:35:09,455
6510,f,1970-04-26 20:35:10,455
6511,i,1970-04-26 20:35:11,455
6512,l,1970-04-26 20:35:12,455
6513,l,1970-04-26 20:35:13,455
6514,m,1970-04-26 20:35:14,455
6515,m,1970-04-26 20:35:15,455
6516,n,1970-04-26 20:35:16,455
6517,a,1970-04-26 20:35:17,456
6518,a,1970-04-26 20:35:18,456
6519,c,1970-04-26 20:35:19,456
6520,d,1970-04-26 20:35:20,456
6521,d,1970-04-26 20:35:21,456
6522,b,1970-04-26 20:35:22,456
6523,e,1970-04-26 20:35:23,456
6524,f,1970-04-26 20:35:24,456
6525,f,1970-04-26 20:35:25,456
6526,h,1970-04-26 20:35:26,456
6527,i,1970-04-26 20:35:27,456
6528,n,1970-04-26 20:35:28,456
6529,c,1970-04-26 20:35:29,457
6530,d,1970-04-26 20:35:30,457
6531,c,1970-04-26 20:35:31,457
6532,b,1970-04-26 20:35:32,457
6533,b,1970-04-26 20:35:33,457
6534,e,1970-04-26 20:35:34,457
6535,g,1970-04-26 20:35:35,457
6536,g,1970-04-26 20:35:36,457
6537,g,1970-04-26 20:35:37,457
6538,g,1970-04-26 20:35:38,457
6539,i,1970-04-26 20:35:39,457
6540,m,1970-04-26 20:35:40,457
6541,k,1970-04-26 20:35:41,457
6542,k,1970-04-26 20:35:42,457
6543,m,1970-04-26 20:35:43,457
6544,k,1970-04-26 20:35:44,457
6545,j,1970-04-26 20:35:45,457
6546,l,1970-04-26 20:35:46,457
6547,m,1970-04-26 20:35:47,457
6548,j,1970-04-26 20:35:48,457
6549,m,1970-04-26 20:35:49,457
6550,l,1970-04-26 20:35:50,457
6551,k,1970-04-26 20:35:51,457
6552,n,1970-04-26 20:35:52,457
6553,e,1970-04-26 20:35:53,458
6554,f,1970-04-26 20:35:54,458
6555,g,1970-04-26 20:35:55,458
6556,f,1970-04-26 20:35:56,458
6557,g,1970-04-26 20:35:57,458
6558,i,1970-04-26 20:35:58,458
6559,n,1970-04-26 20:35:59,458
6560,c,1970-04-26 20:36:00,459
6561,b,1970-04-26 20:36:01,459
6562,a,1970-04-26 20:36:02,459
6563,a,1970-04-26 20:36:03,459
6564,c,1970-04-26 20:36:04,459
6565,a,1970-04-26 20:36:05,459
6566,e,1970-04-26 20:36:06,459
6567,g,1970-04-26 20:36:07,459
6568,i,1970-04-26 20:36:08,459
6569,n,1970-04-26 20:36:09,459
6570,c,1970-04-26 20:36:10,460
6571,b,1970-04-26 20:36:11,460
6572,e,1970-04-26 20:36:12,460
6573,h,1970-04-26 20:36:13,460
6574,g,1970-04-26 20:36:14,460
6575,i,1970-04-26 20:36:15,460
6576,m,1970-04-26 20:36:16,460
6577,n,1970-04-26 20:36:17,460
6578,d,1970-04-26 20:36:18,461
6579,e,1970-04-26 20:36:19,461
6580,i,1970-04-26 20:36:20,461
6581,m,1970-04-26 20:36:21,461
6582,k,1970-04-26 20:36:22,461
6583,k,1970-04-26 20:36:23,461
6584,l,1970-04-26 20:36:24,461
6585,m,1970-04-26 20:36:25,461
6586,m,1970-04-26 20:36:26,461
6587,j,1970-04-26 20:36:27,461
6588,l,1970-04-26 20:36:28,461
6589,k,1970-04-26 20:36:29,461
6590,k,1970-04-26 20:36:30,461
6591,j,1970-04-26 20:36:31,461
6592,m,1970-04-26 20:36:32,461
6593,j,1970-04-26 20:36:33,461
6594,m,1970-04-26 20:36:34,461
6595,k,1970-04-26 20:36:35,461
6596,n,1970-04-26 20:36:36,461
6597,d,1970-04-26 20:36:37,462
6598,c,1970-04-26 20:36:38,462
6599,c,1970-04-26 20:36:39,462
6600,a,1970-04-26 20:36:40,462
6601,c,1970-04-26 20:36:41,462
6602,a,1970-04-26 20:36:42,462
6603,e,1970-04-26 20:36:43,462
6604,g,1970-04-26 20:36:44,462
6605,i,1970-04-26 20:36:45,462
6606,j,1970-04-26 20:36:46,462
6607,m,1970-04-26 20:36:47,462
6608,n,1970-04-26 20:36:48,462
6609,a,1970-04-26 20:36:49,463
6610,b,1970-04-26 20:36:50,463
6611,b,1970-04-26 20:36:51,463
6612,d,1970-04-26 20:36:52,463
6613,d,1970-04-26 20:36:53,463
6614,d,1970-04-26 20:36:54,463
6615,e,1970-04-26 20:36:55,463
6616,f,1970-04-26 20:36:56,463
6617,f,1970-04-26 20:36:57,463
6618,i,1970-04-26 20:36:58,463
6619,n,1970-04-26 20:36:59,463
6620,a,1970-04-26 20:37:00,464
6621,b,1970-04-26 20:37:01,464
6622,e,1970-04-26 20:37:02,464
6623,i,1970-04-26 20:37:03,464
6624,m,1970-04-26 20:37:04,464
6625,k,1970-04-26 20:37:05,464
6626,m,1970-04-26 20:37:06,464
6627,l,1970-04-26 20:37:07,464
6628,n,1970-04-26 20:37:08,464
6629,e,1970-04-26 20:37:09,465
6630,f,1970-04-26 20:37:10,465
6631,i,1970-04-26 20:37:11,465
6632,j,1970-04-26 20:37:12,465
6633,j,1970-04-26 20:37:13,465
6634,l,1970-04-26 20:37:14,465
6635,n,1970-04-26 20:37:15,465
6636,c,1970-04-26 20:37:16,466
6637,c,1970-04-26 20:37:17,466
6638,d,1970-04-26 20:37:18,466
6639,d,1970-04-26 20:37:19,466
6640,a,1970-04-26 20:37:20,466
6641,a,1970-04-26 20:37:21,466
6642,a,1970-04-26 20:37:22,466
6643,a,1970-04-26 20:37:23,466
6644,d,1970-04-26 20:37:24,466
6645,a,1970-04-26 20:37:25,466
6646,a,1970-04-26 20:37:26,466
6647,c,1970-04-26 20:37:27,466
6648,a,1970-04-26 20:37:28,466
6649,d,1970-04-26 20:37:29,466
6650,d,1970-04-26 20:37:30,466
6651,e,1970-04-26 20:37:31,466
6652,f,1970-04-26 20:37:32,466
6653,i,1970-04-26 20:37:33,466
6654,j,1970-04-26 20:37:34,466
6655,m,1970-04-26 20:37:35,466
6656,m,1970-04-26 20:37:36,466
6657,l,1970-04-26 20:37:37,466
6658,l,1970-04-26 20:37:38,466
6659,m,1970-04-26 20:37:39,466
6660,l,1970-04-26 20:37:40,466
6661,m,1970-04-26 20:37:41,466
6662,l,1970-04-26 20:37:42,466
6663,m,1970-04-26 20:37:43,466
6664,k,1970-04-26 20:37:44,466
6665,l,1970-04-26 20:37:45,466
6666,l,1970-04-26 20:37:46,466
6667,j,1970-04-26 20:37:47,466
6668,n,1970-04-26 20:37:48,466
6669,d,1970-04-26 20:37:49,467
6670,e,1970-04-26 20:37:50,467
6671,f,1970-04-26 20:37:51,467
6672,f,1970-04-26 20:37:52,467
6673,g,1970-04-26 20:37:53,467
6674,h,1970-04-26 20:37:54,467
6675,f,1970-04-26 20:37:55,467
6676,h,1970-04-26 20:37:56,467
6677,h,1970-04-26 20:37:57,467
6678,i,1970-04-26 20:37:58,467
6679,k,1970-04-26 20:37:59,467
6680,l,1970-04-26 20:38:00,467
6681,j,1970-04-26 20:38:01,467
6682,k,1970-04-26 20:38:02,467
6683,n,1970-04-26 20:38:03,467
6684,c,1970-04-26 20:38:04,468
6685,d,1970-04-26 20:38:05,468
6686,c,1970-04-26 20:38:06,468
6687,e,1970-04-26 20:38:07,468
6688,f,1970-04-26 20:38:08,468
6689,g,1970-04-26 20:38:09,468
6690,h,1970-04-26 20:38:10,468
6691,i,1970-04-26 20:38:11,468
6692,k,1970-04-26 20:38:12,468
6693,j,1970-04-26 20:38:13,468
6694,l,1970-04-26 20:38:14,468
6695,m,1970-04-26 20:38:15,468
6696,j,1970-04-26 20:38:16,468
6697,n,1970-04-26 20:38:17,468
6698,d,1970-04-26 20:38:18,469
6699,e,1970-04-26 20:38:19,469
6700,h,1970-04-26 20:38:20,469
6701,f,1970-04-26 20:38:21,469
6702,h,1970-04-26 20:38:22,469
6703,h,1970-04-26 20:38:23,469
6704,g,1970-04-26 20:38:24,469
6705,i,1970-04-26 20:38:25,469
6706,k,1970-04-26 20:38:26,469
6707,m,1970-04-26 20:38:27,469
6708,m,1970-04-26 20:38:28,469
6709,m,1970-04-26 20:38:29,469
6710,n,1970-04-26 20:38:30,469
6711,e,1970-04-26 20:38:31,470
6712,h,1970-04-26 20:38:32,470
6713,g,1970-04-26 20:38:33,470
6714,f,1970-04-26 20:38:34,470
6715,f,1970-04-26 20:38:35,470
6716,h,1970-04-26 20:38:36,470
6717,g,1970-04-26 20:38:37,470
6718,h,1970-04-26 20:38:38,470
6719,g,1970-04-26 20:38:39,470
6720,h,1970-04-26 20:38:40,470
6721,h,1970-04-26 20:38:41,470
6722,h,1970-04-26 20:38:42,470
6723,i,1970-04-26 20:38:43,470
6724,n,1970-04-26 20:38:44,470
6725,b,1970-04-26 20:38:45,471
6726,d,1970-04-26 20:38:46,471
6727,c,1970-04-26 20:38:47,471
6728,d,1970-04-26 20:38:48,471
6729,d,1970-04-26 20:38:49,471
6730,d,1970-04-26 20:38:50,471
6731,d,1970-04-26 20:38:51,471
6732,c,1970-04-26 20:38:52,471
6733,d,1970-04-26 20:38:53,471
6734,e,1970-04-26 20:38:54,471
6735,f,1970-04-26 20:38:55,471
6736,g,1970-04-26 20:38:56,471
6737,h,1970-04-26 20:38:57,471
6738,i,1970-04-26 20:38:58,471
6739,n,1970-04-26 20:38:59,471
6740,d,1970-04-26 20:39:00,472
6741,b,1970-04-26 20:39:01,472
6742,c,1970-04-26 20:39:02,472
6743,d,1970-04-26 20:39:03,472
6744,c,1970-04-26 20:39:04,472
6745,d,1970-04-26 20:39:05,472
6746,c,1970-04-26 20:39:06,472
6747,d,1970-04-26 20:39:07,472
6748,a,1970-04-26 20:39:08,472
6749,c,1970-04-26 20:39:09,472
6750,c,1970-04-26 20:39:10,472
6751,c,1970-04-26 20:39:11,472
6752,a,1970-04-26 20:39:12,472
6753,b,1970-04-26 20:39:13,472
6754,b,1970-04-26 20:39:14,472
6755,b,1970-04-26 20:39:15,472
6756,e,1970-04-26 20:39:16,472
6757,i,1970-04-26 20:39:17,472
6758,m,1970-04-26 20:39:18,472
6759,n,1970-04-26 20:39:19,472
6760,a,1970-04-26 20:39:20,473
6761,e,1970-04-26 20:39:21,473
6762,f,1970-04-26 20:39:22,473
6763,f,1970-04-26 20:39:23,473
6764,f,1970-04-26 20:39:24,473
6765,i,1970-04-26 20:39:25,473
6766,j,1970-04-26 20:39:26,473
6767,l,1970-04-26 20:39:27,473
6768,j,1970-04-26 20:39:28,473
6769,m,1970-04-26 20:39:29,473
6770,j,1970-04-26 20:39:30,473
6771,l,1970-04-26 20:39:31,473
6772,l,1970-04-26 20:39:32,473
6773,m,1970-04-26 20:39:33,473
6774,k,1970-04-26 20:39:34,473
6775,j,1970-04-26 20:39:35,473
6776,n,1970-04-26 20:39:36,473
6777,b,1970-04-26 20:39:37,474
6778,e,1970-04-26 20:39:38,474
6779,g,1970-04-26 20:39:39,474
6780,f,1970-04-26 20:39:40,474
6781,f,1970-04-26 20:39:41,474
6782,h,1970-04-26 20:39:42,474
6783,g,1970-04-26 20:39:43,474
6784,h,1970-04-26 20:39:44,474
6785,h,1970-04-26 20:39:45,474
6786,i,1970-04-26 20:39:46,474
6787,l,1970-04-26 20:39:47,474
6788,n,1970-04-26 20:39:48,474
6789,e,1970-04-26 20:39:49,475
6790,f,1970-04-26 20:39:50,475
6791,i,1970-04-26 20:39:51,475
6792,l,1970-04-26 20:39:52,475
6793,l,1970-04-26 20:39:53,475
6794,n,1970-04-26 20:39:54,475
6795,c,1970-04-26 20:39:55,476
6796,c,1970-04-26 20:39:56,476
6797,b,1970-04-26 20:39:57,476
6798,e,1970-04-26 20:39:58,476
6799,g,1970-04-26 20:39:59,476
6800,f,1970-04-26 20:40:00,476
6801,i,1970-04-26 20:40:01,476
6802,l,1970-04-26 20:40:02,476
6803,n,1970-04-26 20:40:03,476
6804,a,1970-04-26 20:40:04,477
6805,c,1970-04-26 20:40:05,477
6806,d,1970-04-26 20:40:06,477
6807,d,1970-04-26 20:40:07,477
6808,a,1970-04-26 20:40:08,477
6809,b,1970-04-26 20:40:09,477
6810,d,1970-04-26 20:40:10,477
6811,c,1970-04-26 20:40:11,477
6812,d,1970-04-26 20:40:12,477
6813,b,1970-04-26 20:40:13,477
6814,d,1970-04-26 20:40:14,477
6815,a,1970-04-26 20:40:15,477
6816,d,1970-04-26 20:40:16,477
6817,c,1970-04-26 20:40:17,477
6818,b,1970-04-26 20:40:18,477
6819,d,1970-04-26 20:40:19,477
6820,c,1970-04-26 20:40:20,477
6821,a,1970-04-26 20:40:21,477
6822,a,1970-04-26 20:40:22,477
6823,c,1970-04-26 20:40:23,477
6824,b,1970-04-26 20:40:24,477
6825,c,1970-04-26 20:40:25,477
6826,a,1970-04-26 20:40:26,477
6827,a,1970-04-26 20:40:27,477
6828,a,1970-04-26 20:40:28,477
6829,d,1970-04-26 20:40:29,477
6830,e,1970-04-26 20:40:30,477
6831,i,1970-04-26 20:40:31,477
6832,n,1970-04-26 20:40:32,477
6833,d,1970-04-26 20:40:33,478
6834,e,1970-04-26 20:40:34,478
6835,h,1970-04-26 20:40:35,478
6836,g,1970-04-26 20:40:36,478
6837,f,1970-04-26 20:40:37,478
6838,i,1970-04-26 20:40:38,478
6839,l,1970-04-26 20:40:39,478
6840,n,1970-04-26 20:40:40,478
6841,b,1970-04-26 20:40:41,479
6842,b,1970-04-26 20:40:42,479
6843,a,1970-04-26 20:40:43,479
6844,d,1970-04-26 20:40:44,479
6845,b,1970-04-26 20:40:45,479
6846,c,1970-04-26 20:40:46,479
6847,b,1970-04-26 20:40:47,479
6848,c,1970-04-26 20:40:48,479
6849,c,1970-04-26 20:40:49,479
6850,a,1970-04-26 20:40:50,479
6851,c,1970-04-26 20:40:51,479
6852,e,1970-04-26 20:40:52,479
6853,i,1970-04-26 20:40:53,479
6854,n,1970-04-26 20:40:54,479
6855,b,1970-04-26 20:40:55,480
6856,d,1970-04-26 20:40:56,480
6857,c,1970-04-26 20:40:57,480
6858,a,1970-04-26 20:40:58,480
6859,d,1970-04-26 20:40:59,480
6860,b,1970-04-26 20:41:00,480
6861,a,1970-04-26 20:41:01,480
6862,c,1970-04-26 20:41:02,480
6863,e,1970-04-26 20:41:03,480
6864,f,1970-04-26 20:41:04,480
6865,f,1970-04-26 20:41:05,480
6866,f,1970-04-26 20:41:06,480
6867,g,1970-04-26 20:41:07,480
6868,f,1970-04-26 20:41:08,480
6869,h,1970-04-26 20:41:09,480
6870,i,1970-04-26 20:41:10,480
6871,n,1970-04-26 20:41:11,480
6872,a,1970-04-26 20:41:12,481
6873,c,1970-04-26 20:41:13,481
6874,c,1970-04-26 20:41:14,481
6875,c,1970-04-26 20:41:15,481
6876,a,1970-04-26 20:41:16,481
6877,a,1970-04-26 20:41:17,481
6878,c,1970-04-26 20:41:18,481
6879,b,1970-04-26 20:41:19,481
6880,b,1970-04-26 20:41:20,481
6881,a,1970-04-26 20:41:21,481
6882,e,1970-04-26 20:41:22,481
6883,i,1970-04-26 20:41:23,481
6884,l,1970-04-26 20:41:24,481
6885,n,1970-04-26 20:41:25,481
6886,e,1970-04-26 20:41:26,482
6887,i,1970-04-26 20:41:27,482
6888,k,1970-04-26 20:41:28,482
6889,m,1970-04-26 20:41:29,482
6890,m,1970-04-26 20:41:30,482
6891,j,1970-04-26 20:41:31,482
6892,j,1970-04-26 20:41:32,482
6893,m,1970-04-26 20:41:33,482
6894,j,1970-04-26 20:41:34,482
6895,l,1970-04-26 20:41:35,482
6896,l,1970-04-26 20:41:36,482
6897,m,1970-04-26 20:41:37,482
6898,m,1970-04-26 20:41:38,482
6899,m,1970-04-26 20:41:39,482
6900,n,1970-04-26 20:41:40,482
6901,a,1970-04-26 20:41:41,483
6902,b,1970-04-26 20:41:42,483
6903,e,1970-04-26 20:41:43,483
6904,f,1970-04-26 20:41:44,483
6905,f,1970-04-26 20:41:45,483
6906,i,1970-04-26 20:41:46,483
6907,n,1970-04-26 20:41:47,483
6908,a,1970-04-26 20:41:48,484
6909,b,1970-04-26 20:41:49,484
6910,e,1970-04-26 20:41:50,484
6911,i,1970-04-26 20:41:51,484
6912,n,1970-04-26 20:41:52,484
6913,e,1970-04-26 20:41:53,485
6914,h,1970-04-26 20:41:54,485
6915,f,1970-04-26 20:41:55,485
6916,f,1970-04-26 20:41:56,485
6917,g,1970-04-26 20:41:57,485
6918,h,1970-04-26 20:41:58,485
6919,g,1970-04-26 20:41:59,485
6920,h,1970-04-26 20:42:00,485
6921,i,1970-04-26 20:42:01,485
6922,k,1970-04-26 20:42:02,485
6923,m,1970-04-26 20:42:03,485
6924,j,1970-04-26 20:42:04,485
6925,j,1970-04-26 20:42:05,485
6926,k,1970-04-26 20:42:06,485
6927,j,1970-04-26 20:42:07,485
6928,j,1970-04-26 20:42:08,485
6929,m,1970-04-26 20:42:09,485
6930,j,1970-04-26 20:42:10,485
6931,k,1970-04-26 20:42:11,485
6932,k,1970-04-26 20:42:12,485
6933,j,1970-04-26 20:42:13,485
6934,n,1970-04-26 20:42:14,485
6935,b,1970-04-26 20:42:15,486
6936,b,1970-04-26 20:42:16,486
6937,e,1970-04-26 20:42:17,486
6938,i,1970-04-26 20:42:18,486
6939,l,1970-04-26 20:42:19,486
6940,m,1970-04-26 20:42:20,486
6941,m,1970-04-26 20:42:21,486
6942,j,1970-04-26 20:42:22,486
6943,n,1970-04-26 20:42:23,486
6944,c,1970-04-26 20:42:24,487
6945,a,1970-04-26 20:42:25,487
6946,e,1970-04-26 20:42:26,487
6947,g,1970-04-26 20:42:27,487
6948,h,1970-04-26 20:42:28,487
6949,f,1970-04-26 20:42:29,487
6950,f,1970-04-26 20:42:30,487
6951,h,1970-04-26 20:42:31,487
6952,f,1970-04-26 20:42:32,487
6953,h,1970-04-26 20:42:33,487
6954,h,1970-04-26 20:42:34,487
6955,f,1970-04-26 20:42:35,487
6956,g,1970-04-26 20:42:36,487
6957,f,1970-04-26 20:42:37,487
6958,f,1970-04-26 20:42:38,487
6959,g,1970-04-26 20:42:39,487
6960,i,1970-04-26 20:42:40,487
6961,n,1970-04-26 20:42:41,487
6962,e,1970-04-26 20:42:42,488
6963,f,1970-04-26 20:42:43,488
6964,f,1970-04-26 20:42:44,488
6965,i,1970-04-26 20:42:45,488
6966,l,1970-04-26 20:42:46,488
6967,l,1970-04-26 20:42:47,488
6968,k,1970-04-26 20:42:48,488
6969,n,1970-04-26 20:42:49,488
6970,a,1970-04-26 20:42:50,489
6971,d,1970-04-26 20:42:51,489
6972,d,1970-04-26 20:42:52,489
6973,c,1970-04-26 20:42:53,489
6974,b,1970-04-26 20:42:54,489
6975,c,1970-04-26 20:42:55,489
6976,d,1970-04-26 20:42:56,489
6977,c,1970-04-26 20:42:57,489
6978,d,1970-04-26 20:42:58,489
6979,d,1970-04-26 20:42:59,489
6980,e,1970-04-26 20:43:00,489
6981,h,1970-04-26 20:43:01,489
6982,g,1970-04-26 20:43:02,489
6983,f,1970-04-26 20:43:03,489
6984,f,1970-04-26 20:43:04,489
6985,g,1970-04-26 20:43:05,489
6986,h,1970-04-26 20:43:06,489
6987,g,1970-04-26 20:43:07,489
6988,f,1970-04-26 20:43:08,489
6989,i,1970-04-26 20:43:09,489
6990,j,1970-04-26 20:43:10,489
6991,k,1970-04-26 20:43:11,489
6992,n,1970-04-26 20:43:12,489
6993,a,1970-04-26 20:43:13,490
6994,d,1970-04-26 20:43:14,490
6995,e,1970-04-26 20:43:15,490
6996,g,1970-04-26 20:43:16,490
6997,h,1970-04-26 20:43:17,490
6998,i,1970-04-26 20:43:18,490
6999,m,1970-04-26 20:43:19,490
7000,k,1970-04-26 20:43:20,490
7001,k,1970-04-26 20:43:21,490
7002,m,1970-04-26 20:43:22,490
7003,l,1970-04-26 20:43:23,490
7004,l,1970-04-26 20:43:24,490
7005,m,1970-04-26 20:43:25,490
7006,n,1970-04-26 20:43:26,490
7007,d,1970-04-26 20:43:27,491
7008,b,1970-04-26 20:43:28,491
7009,e,1970-04-26 20:43:29,491
7010,h,1970-04-26 20:43:30,491
7011,i,1970-04-26 20:43:31,491
7012,m,1970-04-26 20:43:32,491
7013,j,1970-04-26 20:43:33,491
7014,m,1970-04-26 20:43:34,491
7015,k,1970-04-26 20:43:35,491
7016,l,1970-04-26 20:43:36,491
7017,j,1970-04-26 20:43:37,491
7018,n,1970-04-26 20:43:38,491
7019,b,1970-04-26 20:43:39,492
7020,c,1970-04-26 20:43:40,492
7021,a,1970-04-26 20:43:41,492
7022,c,1970-04-26 20:43:42,492
7023,e,1970-04-26 20:43:43,492
7024,f,1970-04-26 20:43:44,492
7025,i,1970-04-26 20:43:45,492
7026,j,1970-04-26 20:43:46,492
7027,j,1970-04-26 20:43:47,492
7028,m,1970-04-26 20:43:48,492
7029,m,1970-04-26 20:43:49,492
7030,k,1970-04-26 20:43:50,492
7031,n,1970-04-26 20:43:51,492
7032,b,1970-04-26 20:43:52,493
7033,a,1970-04-26 20:43:53,493
7034,c,1970-04-26 20:43:54,493
7035,a,1970-04-26 20:43:55,493
7036,c,1970-04-26 20:43:56,493
7037,b,1970-04-26 20:43:57,493
7038,d,1970-04-26 20:43:58,493
7039,d,1970-04-26 20:43:59,493
7040,c,1970-04-26 20:44:00,493
7041,d,1970-04-26 20:44:01,493
7042,c,1970-04-26 20:44:02,493
7043,e,1970-04-26 20:44:03,493
7044,h,1970-04-26 20:44:04,493
7045,f,1970-04-26 20:44:05,493
7046,i,1970-04-26 20:44:06,493
7047,j,1970-04-26 20:44:07,493
7048,k,1970-04-26 20:44:08,493
7049,k,1970-04-26 20:44:09,493
7050,n,1970-04-26 20:44:10,493
7051,e,1970-04-26 20:44:11,494
7052,i,1970-04-26 20:44:12,494
7053,k,1970-04-26 20:44:13,494
7054,m,1970-04-26 20:44:14,494
7055,m,1970-04-26 20:44:15,494
7056,m,1970-04-26 20:44:16,494
7057,m,1970-04-26 20:44:17,494
7058,k,1970-04-26 20:44:18,494
7059,m,1970-04-26 20:44:19,494
7060,m,1970-04-26 20:44:20,494
7061,j,1970-04-26 20:44:21,494
7062,k,1970-04-26 20:44:22,494
7063,m,1970-04-26 20:44:23,494
7064,j,1970-04-26 20:44:24,494
7065,m,1970-04-26 20:44:25,494
7066,j,1970-04-26 20:44:26,494
7067,j,1970-04-26 20:44:27,494
7068,k,1970-04-26 20:44:28,494
7069,l,1970-04-26 20:44:29,494
7070,m,1970-04-26 20:44:30,494
7071,m,1970-04-26 20:44:31,494
7072,m,1970-04-26 20:44:32,494
7073,j,1970-04-26 20:44:33,494
7074,k,1970-04-26 20:44:34,494
7075,j,1970-04-26 20:44:35,494
7076,m,1970-04-26 20:44:36,494
7077,m,1970-04-26 20:44:37,494
7078,n,1970-04-26 20:44:38,494
7079,a,1970-04-26 20:44:39,495
7080,b,1970-04-26 20:44:40,495
7081,e,1970-04-26 20:44:41,495
7082,g,1970-04-26 20:44:42,495
7083,i,1970-04-26 20:44:43,495
7084,j,1970-04-26 20:44:44,495
7085,m,1970-04-26 20:44:45,495
7086,j,1970-04-26 20:44:46,495
7087,l,1970-04-26 20:44:47,495
7088,k,1970-04-26 20:44:48,495
7089,m,1970-04-26 20:44:49,495
7090,n,1970-04-26 20:44:50,495
7091,b,1970-04-26 20:44:51,496
7092,e,1970-04-26 20:44:52,496
7093,f,1970-04-26 20:44:53,496
7094,h,1970-04-26 20:44:54,496
7095,i,1970-04-26 20:44:55,496
7096,m,1970-04-26 20:44:56,496
7097,n,1970-04-26 20:44:57,496
7098,b,1970-04-26 20:44:58,497
7099,d,1970-04-26 20:44:59,497
7100,e,1970-04-26 20:45:00,497
7101,i,1970-04-26 20:45:01,497
7102,m,1970-04-26 20:45:02,497
7103,n,1970-04-26 20:45:03,497
7104,e,1970-04-26 20:45:04,498
7105,h,1970-04-26 20:45:05,498
7106,i,1970-04-26 20:45:06,498
7107,l,1970-04-26 20:45:07,498
7108,l,1970-04-26 20:45:08,498
7109,l,1970-04-26 20:45:09,498
7110,m,1970-04-26 20:45:10,498
7111,l,1970-04-26 20:45:11,498
7112,n,1970-04-26 20:45:12,498
7113,d,1970-04-26 20:45:13,499
7114,a,1970-04-26 20:45:14,499
7115,b,1970-04-26 20:45:15,499
7116,c,1970-04-26 20:45:16,499
7117,b,1970-04-26 20:45:17,499
7118,c,1970-04-26 20:45:18,499
7119,b,1970-04-26 20:45:19,499
7120,e,1970-04-26 20:45:20,499
7121,h,1970-04-26 20:45:21,499
7122,g,1970-04-26 20:45:22,499
7123,g,1970-04-26 20:45:23,499
7124,h,1970-04-26 20:45:24,499
7125,g,1970-04-26 20:45:25,499
7126,h,1970-04-26 20:45:26,499
7127,i,1970-04-26 20:45:27,499
7128,n,1970-04-26 20:45:28,499
