,concept:name,time:timestamp,case:concept:name
0,register,1970-04-26 18:46:40,0
1,evaluate,1970-04-26 18:46:41,0
2,no processing,1970-04-26 18:46:42,0
3,send questionnaire,1970-04-26 18:46:43,0
4,process questionnaire,1970-04-26 18:46:44,0
5,archive,1970-04-26 18:46:45,0
6,register,1970-04-26 18:46:46,1
7,send questionnaire,1970-04-26 18:46:47,1
8,time out,1970-04-26 18:46:48,1
9,evaluate,1970-04-26 18:46:49,1
10,no processing,1970-04-26 18:46:50,1
11,archive,1970-04-26 18:46:51,1
12,register,1970-04-26 18:46:52,2
13,evaluate,1970-04-26 18:46:53,2
14,send questionnaire,1970-04-26 18:46:54,2
15,process questionnaire,1970-04-26 18:46:55,2
16,processing required,1970-04-26 18:46:56,2
17,process complaint,1970-04-26 18:46:57,2
18,check processing,1970-04-26 18:46:58,2
19,processing nok,1970-04-26 18:46:59,2
20,process complaint,1970-04-26 18:47:00,2
21,check processing,1970-04-26 18:47:01,2
22,processing nok,1970-04-26 18:47:02,2
23,process complaint,1970-04-26 18:47:03,2
24,check processing,1970-04-26 18:47:04,2
25,processing ok,1970-04-26 18:47:05,2
26,archive,1970-04-26 18:47:06,2
27,register,1970-04-26 18:47:07,3
28,send questionnaire,1970-04-26 18:47:08,3
29,time out,1970-04-26 18:47:09,3
30,evaluate,1970-04-26 18:47:10,3
31,no processing,1970-04-26 18:47:11,3
32,archive,1970-04-26 18:47:12,3
33,register,1970-04-26 18:47:13,4
34,send questionnaire,1970-04-26 18:47:14,4
35,evaluate,1970-04-26 18:47:15,4
36,no processing,1970-04-26 18:47:16,4
37,time out,1970-04-26 18:47:17,4
38,archive,1970-04-26 18:47:18,4
39,register,1970-04-26 18:47:19,5
40,evaluate,1970-04-26 18:47:20,5
41,no processing,1970-04-26 18:47:21,5
42,send questionnaire,1970-04-26 18:47:22,5
43,process questionnaire,1970-04-26 18:47:23,5
44,archive,1970-04-26 18:47:24,5
45,register,1970-04-26 18:47:25,6
46,evaluate,1970-04-26 18:47:26,6
47,no processing,1970-04-26 18:47:27,6
48,send questionnaire,1970-04-26 18:47:28,6
49,process questionnaire,1970-04-26 18:47:29,6
50,archive,1970-04-26 18:47:30,6
51,register,1970-04-26 18:47:31,7
52,send questionnaire,1970-04-26 18:47:32,7
53,process questionnaire,1970-04-26 18:47:33,7
54,evaluate,1970-04-26 18:47:34,7
55,processing required,1970-04-26 18:47:35,7
56,process complaint,1970-04-26 18:47:36,7
57,check processing,1970-04-26 18:47:37,7
58,processing nok,1970-04-26 18:47:38,7
59,process complaint,1970-04-26 18:47:39,7
60,check processing,1970-04-26 18:47:40,7
61,processing nok,1970-04-26 18:47:41,7
62,process complaint,1970-04-26 18:47:42,7
63,check processing,1970-04-26 18:47:43,7
64,processing nok,1970-04-26 18:47:44,7
65,process complaint,1970-04-26 18:47:45,7
66,check processing,1970-04-26 18:47:46,7
67,processing nok,1970-04-26 18:47:47,7
68,process complaint,1970-04-26 18:47:48,7
69,check processing,1970-04-26 18:47:49,7
70,processing nok,1970-04-26 18:47:50,7
71,process complaint,1970-04-26 18:47:51,7
72,check processing,1970-04-26 18:47:52,7
73,processing ok,1970-04-26 18:47:53,7
74,archive,1970-04-26 18:47:54,7
75,register,1970-04-26 18:47:55,8
76,send questionnaire,1970-04-26 18:47:56,8
77,evaluate,1970-04-26 18:47:57,8
78,processing required,1970-04-26 18:47:58,8
79,time out,1970-04-26 18:47:59,8
80,process complaint,1970-04-26 18:48:00,8
81,check processing,1970-04-26 18:48:01,8
82,processing ok,1970-04-26 18:48:02,8
83,archive,1970-04-26 18:48:03,8
84,register,1970-04-26 18:48:04,9
85,send questionnaire,1970-04-26 18:48:05,9
86,time out,1970-04-26 18:48:06,9
87,evaluate,1970-04-26 18:48:07,9
88,processing required,1970-04-26 18:48:08,9
89,process complaint,1970-04-26 18:48:09,9
90,check processing,1970-04-26 18:48:10,9
91,processing nok,1970-04-26 18:48:11,9
92,process complaint,1970-04-26 18:48:12,9
93,check processing,1970-04-26 18:48:13,9
94,processing nok,1970-04-26 18:48:14,9
95,process complaint,1970-04-26 18:48:15,9
96,check processing,1970-04-26 18:48:16,9
97,processing nok,1970-04-26 18:48:17,9
98,process complaint,1970-04-26 18:48:18,9
99,check processing,1970-04-26 18:48:19,9
100,processing ok,1970-04-26 18:48:20,9
101,archive,1970-04-26 18:48:21,9
102,register,1970-04-26 18:48:22,10
103,evaluate,1970-04-26 18:48:23,10
104,no processing,1970-04-26 18:48:24,10
105,send questionnaire,1970-04-26 18:48:25,10
106,time out,1970-04-26 18:48:26,10
107,archive,1970-04-26 18:48:27,10
108,register,1970-04-26 18:48:28,11
109,evaluate,1970-04-26 18:48:29,11
110,send questionnaire,1970-04-26 18:48:30,11
111,no processing,1970-04-26 18:48:31,11
112,process questionnaire,1970-04-26 18:48:32,11
113,archive,1970-04-26 18:48:33,11
114,register,1970-04-26 18:48:34,12
115,send questionnaire,1970-04-26 18:48:35,12
116,process questionnaire,1970-04-26 18:48:36,12
117,evaluate,1970-04-26 18:48:37,12
118,no processing,1970-04-26 18:48:38,12
119,archive,1970-04-26 18:48:39,12
120,register,1970-04-26 18:48:40,13
121,evaluate,1970-04-26 18:48:41,13
122,send questionnaire,1970-04-26 18:48:42,13
123,process questionnaire,1970-04-26 18:48:43,13
124,processing required,1970-04-26 18:48:44,13
125,process complaint,1970-04-26 18:48:45,13
126,check processing,1970-04-26 18:48:46,13
127,processing nok,1970-04-26 18:48:47,13
128,process complaint,1970-04-26 18:48:48,13
129,check processing,1970-04-26 18:48:49,13
130,processing ok,1970-04-26 18:48:50,13
131,archive,1970-04-26 18:48:51,13
132,register,1970-04-26 18:48:52,14
133,send questionnaire,1970-04-26 18:48:53,14
134,evaluate,1970-04-26 18:48:54,14
135,process questionnaire,1970-04-26 18:48:55,14
136,processing required,1970-04-26 18:48:56,14
137,process complaint,1970-04-26 18:48:57,14
138,check processing,1970-04-26 18:48:58,14
139,processing nok,1970-04-26 18:48:59,14
140,process complaint,1970-04-26 18:49:00,14
141,check processing,1970-04-26 18:49:01,14
142,processing ok,1970-04-26 18:49:02,14
143,archive,1970-04-26 18:49:03,14
144,register,1970-04-26 18:49:04,15
145,evaluate,1970-04-26 18:49:05,15
146,no processing,1970-04-26 18:49:06,15
147,send questionnaire,1970-04-26 18:49:07,15
148,process questionnaire,1970-04-26 18:49:08,15
149,archive,1970-04-26 18:49:09,15
150,register,1970-04-26 18:49:10,16
151,send questionnaire,1970-04-26 18:49:11,16
152,process questionnaire,1970-04-26 18:49:12,16
153,evaluate,1970-04-26 18:49:13,16
154,processing required,1970-04-26 18:49:14,16
155,process complaint,1970-04-26 18:49:15,16
156,check processing,1970-04-26 18:49:16,16
157,processing nok,1970-04-26 18:49:17,16
158,process complaint,1970-04-26 18:49:18,16
159,check processing,1970-04-26 18:49:19,16
160,processing nok,1970-04-26 18:49:20,16
161,process complaint,1970-04-26 18:49:21,16
162,check processing,1970-04-26 18:49:22,16
163,processing ok,1970-04-26 18:49:23,16
164,archive,1970-04-26 18:49:24,16
165,register,1970-04-26 18:49:25,17
166,send questionnaire,1970-04-26 18:49:26,17
167,time out,1970-04-26 18:49:27,17
168,evaluate,1970-04-26 18:49:28,17
169,no processing,1970-04-26 18:49:29,17
170,archive,1970-04-26 18:49:30,17
171,register,1970-04-26 18:49:31,18
172,evaluate,1970-04-26 18:49:32,18
173,send questionnaire,1970-04-26 18:49:33,18
174,processing required,1970-04-26 18:49:34,18
175,process questionnaire,1970-04-26 18:49:35,18
176,process complaint,1970-04-26 18:49:36,18
177,check processing,1970-04-26 18:49:37,18
178,processing nok,1970-04-26 18:49:38,18
179,process complaint,1970-04-26 18:49:39,18
180,check processing,1970-04-26 18:49:40,18
181,processing ok,1970-04-26 18:49:41,18
182,archive,1970-04-26 18:49:42,18
183,register,1970-04-26 18:49:43,19
184,send questionnaire,1970-04-26 18:49:44,19
185,process questionnaire,1970-04-26 18:49:45,19
186,evaluate,1970-04-26 18:49:46,19
187,processing required,1970-04-26 18:49:47,19
188,process complaint,1970-04-26 18:49:48,19
189,check processing,1970-04-26 18:49:49,19
190,processing nok,1970-04-26 18:49:50,19
191,process complaint,1970-04-26 18:49:51,19
192,check processing,1970-04-26 18:49:52,19
193,processing nok,1970-04-26 18:49:53,19
194,process complaint,1970-04-26 18:49:54,19
195,check processing,1970-04-26 18:49:55,19
196,processing ok,1970-04-26 18:49:56,19
197,archive,1970-04-26 18:49:57,19
198,register,1970-04-26 18:49:58,20
199,evaluate,1970-04-26 18:49:59,20
200,send questionnaire,1970-04-26 18:50:00,20
201,no processing,1970-04-26 18:50:01,20
202,process questionnaire,1970-04-26 18:50:02,20
203,archive,1970-04-26 18:50:03,20
204,register,1970-04-26 18:50:04,21
205,evaluate,1970-04-26 18:50:05,21
206,no processing,1970-04-26 18:50:06,21
207,send questionnaire,1970-04-26 18:50:07,21
208,time out,1970-04-26 18:50:08,21
209,archive,1970-04-26 18:50:09,21
210,register,1970-04-26 18:50:10,22
211,evaluate,1970-04-26 18:50:11,22
212,send questionnaire,1970-04-26 18:50:12,22
213,processing required,1970-04-26 18:50:13,22
214,time out,1970-04-26 18:50:14,22
215,process complaint,1970-04-26 18:50:15,22
216,check processing,1970-04-26 18:50:16,22
217,processing ok,1970-04-26 18:50:17,22
218,archive,1970-04-26 18:50:18,22
219,register,1970-04-26 18:50:19,23
220,evaluate,1970-04-26 18:50:20,23
221,processing required,1970-04-26 18:50:21,23
222,send questionnaire,1970-04-26 18:50:22,23
223,process questionnaire,1970-04-26 18:50:23,23
224,process complaint,1970-04-26 18:50:24,23
225,check processing,1970-04-26 18:50:25,23
226,processing ok,1970-04-26 18:50:26,23
227,archive,1970-04-26 18:50:27,23
228,register,1970-04-26 18:50:28,24
229,evaluate,1970-04-26 18:50:29,24
230,no processing,1970-04-26 18:50:30,24
231,send questionnaire,1970-04-26 18:50:31,24
232,process questionnaire,1970-04-26 18:50:32,24
233,archive,1970-04-26 18:50:33,24
234,register,1970-04-26 18:50:34,25
235,send questionnaire,1970-04-26 18:50:35,25
236,time out,1970-04-26 18:50:36,25
237,evaluate,1970-04-26 18:50:37,25
238,no processing,1970-04-26 18:50:38,25
239,archive,1970-04-26 18:50:39,25
240,register,1970-04-26 18:50:40,26
241,evaluate,1970-04-26 18:50:41,26
242,processing required,1970-04-26 18:50:42,26
243,send questionnaire,1970-04-26 18:50:43,26
244,process questionnaire,1970-04-26 18:50:44,26
245,process complaint,1970-04-26 18:50:45,26
246,check processing,1970-04-26 18:50:46,26
247,processing nok,1970-04-26 18:50:47,26
248,process complaint,1970-04-26 18:50:48,26
249,check processing,1970-04-26 18:50:49,26
250,processing ok,1970-04-26 18:50:50,26
251,archive,1970-04-26 18:50:51,26
252,register,1970-04-26 18:50:52,27
253,send questionnaire,1970-04-26 18:50:53,27
254,process questionnaire,1970-04-26 18:50:54,27
255,evaluate,1970-04-26 18:50:55,27
256,no processing,1970-04-26 18:50:56,27
257,archive,1970-04-26 18:50:57,27
258,register,1970-04-26 18:50:58,28
259,send questionnaire,1970-04-26 18:50:59,28
260,evaluate,1970-04-26 18:51:00,28
261,processing required,1970-04-26 18:51:01,28
262,time out,1970-04-26 18:51:02,28
263,process complaint,1970-04-26 18:51:03,28
264,check processing,1970-04-26 18:51:04,28
265,processing ok,1970-04-26 18:51:05,28
266,archive,1970-04-26 18:51:06,28
267,register,1970-04-26 18:51:07,29
268,send questionnaire,1970-04-26 18:51:08,29
269,evaluate,1970-04-26 18:51:09,29
270,processing required,1970-04-26 18:51:10,29
271,time out,1970-04-26 18:51:11,29
272,process complaint,1970-04-26 18:51:12,29
273,check processing,1970-04-26 18:51:13,29
274,processing ok,1970-04-26 18:51:14,29
275,archive,1970-04-26 18:51:15,29
276,register,1970-04-26 18:51:16,30
277,evaluate,1970-04-26 18:51:17,30
278,no processing,1970-04-26 18:51:18,30
279,send questionnaire,1970-04-26 18:51:19,30
280,process questionnaire,1970-04-26 18:51:20,30
281,archive,1970-04-26 18:51:21,30
282,register,1970-04-26 18:51:22,31
283,evaluate,1970-04-26 18:51:23,31
284,send questionnaire,1970-04-26 18:51:24,31
285,processing required,1970-04-26 18:51:25,31
286,process questionnaire,1970-04-26 18:51:26,31
287,process complaint,1970-04-26 18:51:27,31
288,check processing,1970-04-26 18:51:28,31
289,processing nok,1970-04-26 18:51:29,31
290,process complaint,1970-04-26 18:51:30,31
291,check processing,1970-04-26 18:51:31,31
292,processing nok,1970-04-26 18:51:32,31
293,process complaint,1970-04-26 18:51:33,31
294,check processing,1970-04-26 18:51:34,31
295,processing ok,1970-04-26 18:51:35,31
296,archive,1970-04-26 18:51:36,31
297,register,1970-04-26 18:51:37,32
298,evaluate,1970-04-26 18:51:38,32
299,processing required,1970-04-26 18:51:39,32
300,send questionnaire,1970-04-26 18:51:40,32
301,process questionnaire,1970-04-26 18:51:41,32
302,process complaint,1970-04-26 18:51:42,32
303,check processing,1970-04-26 18:51:43,32
304,processing ok,1970-04-26 18:51:44,32
305,archive,1970-04-26 18:51:45,32
306,register,1970-04-26 18:51:46,33
307,send questionnaire,1970-04-26 18:51:47,33
308,process questionnaire,1970-04-26 18:51:48,33
309,evaluate,1970-04-26 18:51:49,33
310,no processing,1970-04-26 18:51:50,33
311,archive,1970-04-26 18:51:51,33
312,register,1970-04-26 18:51:52,34
313,send questionnaire,1970-04-26 18:51:53,34
314,time out,1970-04-26 18:51:54,34
315,evaluate,1970-04-26 18:51:55,34
316,no processing,1970-04-26 18:51:56,34
317,archive,1970-04-26 18:51:57,34
318,register,1970-04-26 18:51:58,35
319,evaluate,1970-04-26 18:51:59,35
320,send questionnaire,1970-04-26 18:52:00,35
321,no processing,1970-04-26 18:52:01,35
322,process questionnaire,1970-04-26 18:52:02,35
323,archive,1970-04-26 18:52:03,35
324,register,1970-04-26 18:52:04,36
325,send questionnaire,1970-04-26 18:52:05,36
326,time out,1970-04-26 18:52:06,36
327,evaluate,1970-04-26 18:52:07,36
328,no processing,1970-04-26 18:52:08,36
329,archive,1970-04-26 18:52:09,36
330,register,1970-04-26 18:52:10,37
331,evaluate,1970-04-26 18:52:11,37
332,processing required,1970-04-26 18:52:12,37
333,send questionnaire,1970-04-26 18:52:13,37
334,time out,1970-04-26 18:52:14,37
335,process complaint,1970-04-26 18:52:15,37
336,check processing,1970-04-26 18:52:16,37
337,processing ok,1970-04-26 18:52:17,37
338,archive,1970-04-26 18:52:18,37
339,register,1970-04-26 18:52:19,38
340,evaluate,1970-04-26 18:52:20,38
341,send questionnaire,1970-04-26 18:52:21,38
342,time out,1970-04-26 18:52:22,38
343,no processing,1970-04-26 18:52:23,38
344,archive,1970-04-26 18:52:24,38
345,register,1970-04-26 18:52:25,39
346,send questionnaire,1970-04-26 18:52:26,39
347,time out,1970-04-26 18:52:27,39
348,evaluate,1970-04-26 18:52:28,39
349,processing required,1970-04-26 18:52:29,39
350,process complaint,1970-04-26 18:52:30,39
351,check processing,1970-04-26 18:52:31,39
352,processing ok,1970-04-26 18:52:32,39
353,archive,1970-04-26 18:52:33,39
354,register,1970-04-26 18:52:34,40
355,evaluate,1970-04-26 18:52:35,40
356,send questionnaire,1970-04-26 18:52:36,40
357,processing required,1970-04-26 18:52:37,40
358,process questionnaire,1970-04-26 18:52:38,40
359,process complaint,1970-04-26 18:52:39,40
360,check processing,1970-04-26 18:52:40,40
361,processing nok,1970-04-26 18:52:41,40
362,process complaint,1970-04-26 18:52:42,40
363,check processing,1970-04-26 18:52:43,40
364,processing nok,1970-04-26 18:52:44,40
365,process complaint,1970-04-26 18:52:45,40
366,check processing,1970-04-26 18:52:46,40
367,processing ok,1970-04-26 18:52:47,40
368,archive,1970-04-26 18:52:48,40
369,register,1970-04-26 18:52:49,41
370,evaluate,1970-04-26 18:52:50,41
371,send questionnaire,1970-04-26 18:52:51,41
372,time out,1970-04-26 18:52:52,41
373,no processing,1970-04-26 18:52:53,41
374,archive,1970-04-26 18:52:54,41
375,register,1970-04-26 18:52:55,42
376,evaluate,1970-04-26 18:52:56,42
377,processing required,1970-04-26 18:52:57,42
378,send questionnaire,1970-04-26 18:52:58,42
379,process questionnaire,1970-04-26 18:52:59,42
380,process complaint,1970-04-26 18:53:00,42
381,check processing,1970-04-26 18:53:01,42
382,processing ok,1970-04-26 18:53:02,42
383,archive,1970-04-26 18:53:03,42
384,register,1970-04-26 18:53:04,43
385,evaluate,1970-04-26 18:53:05,43
386,send questionnaire,1970-04-26 18:53:06,43
387,process questionnaire,1970-04-26 18:53:07,43
388,no processing,1970-04-26 18:53:08,43
389,archive,1970-04-26 18:53:09,43
390,register,1970-04-26 18:53:10,44
391,evaluate,1970-04-26 18:53:11,44
392,send questionnaire,1970-04-26 18:53:12,44
393,no processing,1970-04-26 18:53:13,44
394,process questionnaire,1970-04-26 18:53:14,44
395,archive,1970-04-26 18:53:15,44
396,register,1970-04-26 18:53:16,45
397,evaluate,1970-04-26 18:53:17,45
398,processing required,1970-04-26 18:53:18,45
399,send questionnaire,1970-04-26 18:53:19,45
400,time out,1970-04-26 18:53:20,45
401,process complaint,1970-04-26 18:53:21,45
402,check processing,1970-04-26 18:53:22,45
403,processing ok,1970-04-26 18:53:23,45
404,archive,1970-04-26 18:53:24,45
405,register,1970-04-26 18:53:25,46
406,evaluate,1970-04-26 18:53:26,46
407,processing required,1970-04-26 18:53:27,46
408,send questionnaire,1970-04-26 18:53:28,46
409,time out,1970-04-26 18:53:29,46
410,process complaint,1970-04-26 18:53:30,46
411,check processing,1970-04-26 18:53:31,46
412,processing ok,1970-04-26 18:53:32,46
413,archive,1970-04-26 18:53:33,46
414,register,1970-04-26 18:53:34,47
415,evaluate,1970-04-26 18:53:35,47
416,processing required,1970-04-26 18:53:36,47
417,send questionnaire,1970-04-26 18:53:37,47
418,time out,1970-04-26 18:53:38,47
419,process complaint,1970-04-26 18:53:39,47
420,check processing,1970-04-26 18:53:40,47
421,processing ok,1970-04-26 18:53:41,47
422,archive,1970-04-26 18:53:42,47
423,register,1970-04-26 18:53:43,48
424,evaluate,1970-04-26 18:53:44,48
425,no processing,1970-04-26 18:53:45,48
426,send questionnaire,1970-04-26 18:53:46,48
427,time out,1970-04-26 18:53:47,48
428,archive,1970-04-26 18:53:48,48
429,register,1970-04-26 18:53:49,49
430,send questionnaire,1970-04-26 18:53:50,49
431,evaluate,1970-04-26 18:53:51,49
432,no processing,1970-04-26 18:53:52,49
433,time out,1970-04-26 18:53:53,49
434,archive,1970-04-26 18:53:54,49
435,register,1970-04-26 18:53:55,50
436,send questionnaire,1970-04-26 18:53:56,50
437,process questionnaire,1970-04-26 18:53:57,50
438,evaluate,1970-04-26 18:53:58,50
439,no processing,1970-04-26 18:53:59,50
440,archive,1970-04-26 18:54:00,50
441,register,1970-04-26 18:54:01,51
442,send questionnaire,1970-04-26 18:54:02,51
443,process questionnaire,1970-04-26 18:54:03,51
444,evaluate,1970-04-26 18:54:04,51
445,processing required,1970-04-26 18:54:05,51
446,process complaint,1970-04-26 18:54:06,51
447,check processing,1970-04-26 18:54:07,51
448,processing ok,1970-04-26 18:54:08,51
449,archive,1970-04-26 18:54:09,51
450,register,1970-04-26 18:54:10,52
451,send questionnaire,1970-04-26 18:54:11,52
452,time out,1970-04-26 18:54:12,52
453,evaluate,1970-04-26 18:54:13,52
454,no processing,1970-04-26 18:54:14,52
455,archive,1970-04-26 18:54:15,52
456,register,1970-04-26 18:54:16,53
457,evaluate,1970-04-26 18:54:17,53
458,no processing,1970-04-26 18:54:18,53
459,send questionnaire,1970-04-26 18:54:19,53
460,time out,1970-04-26 18:54:20,53
461,archive,1970-04-26 18:54:21,53
462,register,1970-04-26 18:54:22,54
463,evaluate,1970-04-26 18:54:23,54
464,no processing,1970-04-26 18:54:24,54
465,send questionnaire,1970-04-26 18:54:25,54
466,time out,1970-04-26 18:54:26,54
467,archive,1970-04-26 18:54:27,54
468,register,1970-04-26 18:54:28,55
469,send questionnaire,1970-04-26 18:54:29,55
470,process questionnaire,1970-04-26 18:54:30,55
471,evaluate,1970-04-26 18:54:31,55
472,no processing,1970-04-26 18:54:32,55
473,archive,1970-04-26 18:54:33,55
474,register,1970-04-26 18:54:34,56
475,send questionnaire,1970-04-26 18:54:35,56
476,evaluate,1970-04-26 18:54:36,56
477,processing required,1970-04-26 18:54:37,56
478,time out,1970-04-26 18:54:38,56
479,process complaint,1970-04-26 18:54:39,56
480,check processing,1970-04-26 18:54:40,56
481,processing ok,1970-04-26 18:54:41,56
482,archive,1970-04-26 18:54:42,56
483,register,1970-04-26 18:54:43,57
484,send questionnaire,1970-04-26 18:54:44,57
485,evaluate,1970-04-26 18:54:45,57
486,process questionnaire,1970-04-26 18:54:46,57
487,no processing,1970-04-26 18:54:47,57
488,archive,1970-04-26 18:54:48,57
489,register,1970-04-26 18:54:49,58
490,send questionnaire,1970-04-26 18:54:50,58
491,process questionnaire,1970-04-26 18:54:51,58
492,evaluate,1970-04-26 18:54:52,58
493,processing required,1970-04-26 18:54:53,58
494,process complaint,1970-04-26 18:54:54,58
495,check processing,1970-04-26 18:54:55,58
496,processing ok,1970-04-26 18:54:56,58
497,archive,1970-04-26 18:54:57,58
498,register,1970-04-26 18:54:58,59
499,send questionnaire,1970-04-26 18:54:59,59
500,evaluate,1970-04-26 18:55:00,59
501,time out,1970-04-26 18:55:01,59
502,no processing,1970-04-26 18:55:02,59
503,archive,1970-04-26 18:55:03,59
504,register,1970-04-26 18:55:04,60
505,send questionnaire,1970-04-26 18:55:05,60
506,process questionnaire,1970-04-26 18:55:06,60
507,evaluate,1970-04-26 18:55:07,60
508,no processing,1970-04-26 18:55:08,60
509,archive,1970-04-26 18:55:09,60
510,register,1970-04-26 18:55:10,61
511,evaluate,1970-04-26 18:55:11,61
512,send questionnaire,1970-04-26 18:55:12,61
513,time out,1970-04-26 18:55:13,61
514,processing required,1970-04-26 18:55:14,61
515,process complaint,1970-04-26 18:55:15,61
516,check processing,1970-04-26 18:55:16,61
517,processing nok,1970-04-26 18:55:17,61
518,process complaint,1970-04-26 18:55:18,61
519,check processing,1970-04-26 18:55:19,61
520,processing nok,1970-04-26 18:55:20,61
521,process complaint,1970-04-26 18:55:21,61
522,check processing,1970-04-26 18:55:22,61
523,processing nok,1970-04-26 18:55:23,61
524,process complaint,1970-04-26 18:55:24,61
525,check processing,1970-04-26 18:55:25,61
526,processing ok,1970-04-26 18:55:26,61
527,archive,1970-04-26 18:55:27,61
528,register,1970-04-26 18:55:28,62
529,send questionnaire,1970-04-26 18:55:29,62
530,process questionnaire,1970-04-26 18:55:30,62
531,evaluate,1970-04-26 18:55:31,62
532,processing required,1970-04-26 18:55:32,62
533,process complaint,1970-04-26 18:55:33,62
534,check processing,1970-04-26 18:55:34,62
535,processing nok,1970-04-26 18:55:35,62
536,process complaint,1970-04-26 18:55:36,62
537,check processing,1970-04-26 18:55:37,62
538,processing ok,1970-04-26 18:55:38,62
539,archive,1970-04-26 18:55:39,62
540,register,1970-04-26 18:55:40,63
541,evaluate,1970-04-26 18:55:41,63
542,no processing,1970-04-26 18:55:42,63
543,send questionnaire,1970-04-26 18:55:43,63
544,time out,1970-04-26 18:55:44,63
545,archive,1970-04-26 18:55:45,63
546,register,1970-04-26 18:55:46,64
547,send questionnaire,1970-04-26 18:55:47,64
548,evaluate,1970-04-26 18:55:48,64
549,processing required,1970-04-26 18:55:49,64
550,process questionnaire,1970-04-26 18:55:50,64
551,process complaint,1970-04-26 18:55:51,64
552,check processing,1970-04-26 18:55:52,64
553,processing nok,1970-04-26 18:55:53,64
554,process complaint,1970-04-26 18:55:54,64
555,check processing,1970-04-26 18:55:55,64
556,processing ok,1970-04-26 18:55:56,64
557,archive,1970-04-26 18:55:57,64
558,register,1970-04-26 18:55:58,65
559,evaluate,1970-04-26 18:55:59,65
560,send questionnaire,1970-04-26 18:56:00,65
561,processing required,1970-04-26 18:56:01,65
562,time out,1970-04-26 18:56:02,65
563,process complaint,1970-04-26 18:56:03,65
564,check processing,1970-04-26 18:56:04,65
565,processing nok,1970-04-26 18:56:05,65
566,process complaint,1970-04-26 18:56:06,65
567,check processing,1970-04-26 18:56:07,65
568,processing ok,1970-04-26 18:56:08,65
569,archive,1970-04-26 18:56:09,65
570,register,1970-04-26 18:56:10,66
571,send questionnaire,1970-04-26 18:56:11,66
572,evaluate,1970-04-26 18:56:12,66
573,process questionnaire,1970-04-26 18:56:13,66
574,processing required,1970-04-26 18:56:14,66
575,process complaint,1970-04-26 18:56:15,66
576,check processing,1970-04-26 18:56:16,66
577,processing ok,1970-04-26 18:56:17,66
578,archive,1970-04-26 18:56:18,66
579,register,1970-04-26 18:56:19,67
580,evaluate,1970-04-26 18:56:20,67
581,send questionnaire,1970-04-26 18:56:21,67
582,process questionnaire,1970-04-26 18:56:22,67
583,processing required,1970-04-26 18:56:23,67
584,process complaint,1970-04-26 18:56:24,67
585,check processing,1970-04-26 18:56:25,67
586,processing ok,1970-04-26 18:56:26,67
587,archive,1970-04-26 18:56:27,67
588,register,1970-04-26 18:56:28,68
589,send questionnaire,1970-04-26 18:56:29,68
590,evaluate,1970-04-26 18:56:30,68
591,process questionnaire,1970-04-26 18:56:31,68
592,processing required,1970-04-26 18:56:32,68
593,process complaint,1970-04-26 18:56:33,68
594,check processing,1970-04-26 18:56:34,68
595,processing ok,1970-04-26 18:56:35,68
596,archive,1970-04-26 18:56:36,68
597,register,1970-04-26 18:56:37,69
598,send questionnaire,1970-04-26 18:56:38,69
599,evaluate,1970-04-26 18:56:39,69
600,processing required,1970-04-26 18:56:40,69
601,process questionnaire,1970-04-26 18:56:41,69
602,process complaint,1970-04-26 18:56:42,69
603,check processing,1970-04-26 18:56:43,69
604,processing nok,1970-04-26 18:56:44,69
605,process complaint,1970-04-26 18:56:45,69
606,check processing,1970-04-26 18:56:46,69
607,processing ok,1970-04-26 18:56:47,69
608,archive,1970-04-26 18:56:48,69
609,register,1970-04-26 18:56:49,70
610,evaluate,1970-04-26 18:56:50,70
611,send questionnaire,1970-04-26 18:56:51,70
612,time out,1970-04-26 18:56:52,70
613,processing required,1970-04-26 18:56:53,70
614,process complaint,1970-04-26 18:56:54,70
615,check processing,1970-04-26 18:56:55,70
616,processing ok,1970-04-26 18:56:56,70
617,archive,1970-04-26 18:56:57,70
618,register,1970-04-26 18:56:58,71
619,evaluate,1970-04-26 18:56:59,71
620,send questionnaire,1970-04-26 18:57:00,71
621,time out,1970-04-26 18:57:01,71
622,no processing,1970-04-26 18:57:02,71
623,archive,1970-04-26 18:57:03,71
624,register,1970-04-26 18:57:04,72
625,evaluate,1970-04-26 18:57:05,72
626,no processing,1970-04-26 18:57:06,72
627,send questionnaire,1970-04-26 18:57:07,72
628,time out,1970-04-26 18:57:08,72
629,archive,1970-04-26 18:57:09,72
630,register,1970-04-26 18:57:10,73
631,evaluate,1970-04-26 18:57:11,73
632,send questionnaire,1970-04-26 18:57:12,73
633,no processing,1970-04-26 18:57:13,73
634,time out,1970-04-26 18:57:14,73
635,archive,1970-04-26 18:57:15,73
636,register,1970-04-26 18:57:16,74
637,evaluate,1970-04-26 18:57:17,74
638,send questionnaire,1970-04-26 18:57:18,74
639,process questionnaire,1970-04-26 18:57:19,74
640,no processing,1970-04-26 18:57:20,74
641,archive,1970-04-26 18:57:21,74
642,register,1970-04-26 18:57:22,75
643,evaluate,1970-04-26 18:57:23,75
644,processing required,1970-04-26 18:57:24,75
645,send questionnaire,1970-04-26 18:57:25,75
646,time out,1970-04-26 18:57:26,75
647,process complaint,1970-04-26 18:57:27,75
648,check processing,1970-04-26 18:57:28,75
649,processing nok,1970-04-26 18:57:29,75
650,process complaint,1970-04-26 18:57:30,75
651,check processing,1970-04-26 18:57:31,75
652,processing ok,1970-04-26 18:57:32,75
653,archive,1970-04-26 18:57:33,75
654,register,1970-04-26 18:57:34,76
655,send questionnaire,1970-04-26 18:57:35,76
656,process questionnaire,1970-04-26 18:57:36,76
657,evaluate,1970-04-26 18:57:37,76
658,processing required,1970-04-26 18:57:38,76
659,process complaint,1970-04-26 18:57:39,76
660,check processing,1970-04-26 18:57:40,76
661,processing ok,1970-04-26 18:57:41,76
662,archive,1970-04-26 18:57:42,76
663,register,1970-04-26 18:57:43,77
664,send questionnaire,1970-04-26 18:57:44,77
665,time out,1970-04-26 18:57:45,77
666,evaluate,1970-04-26 18:57:46,77
667,no processing,1970-04-26 18:57:47,77
668,archive,1970-04-26 18:57:48,77
669,register,1970-04-26 18:57:49,78
670,send questionnaire,1970-04-26 18:57:50,78
671,evaluate,1970-04-26 18:57:51,78
672,time out,1970-04-26 18:57:52,78
673,processing required,1970-04-26 18:57:53,78
674,process complaint,1970-04-26 18:57:54,78
675,check processing,1970-04-26 18:57:55,78
676,processing ok,1970-04-26 18:57:56,78
677,archive,1970-04-26 18:57:57,78
678,register,1970-04-26 18:57:58,79
679,evaluate,1970-04-26 18:57:59,79
680,send questionnaire,1970-04-26 18:58:00,79
681,process questionnaire,1970-04-26 18:58:01,79
682,no processing,1970-04-26 18:58:02,79
683,archive,1970-04-26 18:58:03,79
684,register,1970-04-26 18:58:04,80
685,evaluate,1970-04-26 18:58:05,80
686,processing required,1970-04-26 18:58:06,80
687,send questionnaire,1970-04-26 18:58:07,80
688,time out,1970-04-26 18:58:08,80
689,process complaint,1970-04-26 18:58:09,80
690,check processing,1970-04-26 18:58:10,80
691,processing ok,1970-04-26 18:58:11,80
692,archive,1970-04-26 18:58:12,80
693,register,1970-04-26 18:58:13,81
694,send questionnaire,1970-04-26 18:58:14,81
695,process questionnaire,1970-04-26 18:58:15,81
696,evaluate,1970-04-26 18:58:16,81
697,no processing,1970-04-26 18:58:17,81
698,archive,1970-04-26 18:58:18,81
699,register,1970-04-26 18:58:19,82
700,evaluate,1970-04-26 18:58:20,82
701,no processing,1970-04-26 18:58:21,82
702,send questionnaire,1970-04-26 18:58:22,82
703,time out,1970-04-26 18:58:23,82
704,archive,1970-04-26 18:58:24,82
705,register,1970-04-26 18:58:25,83
706,send questionnaire,1970-04-26 18:58:26,83
707,evaluate,1970-04-26 18:58:27,83
708,process questionnaire,1970-04-26 18:58:28,83
709,no processing,1970-04-26 18:58:29,83
710,archive,1970-04-26 18:58:30,83
711,register,1970-04-26 18:58:31,84
712,evaluate,1970-04-26 18:58:32,84
713,no processing,1970-04-26 18:58:33,84
714,send questionnaire,1970-04-26 18:58:34,84
715,process questionnaire,1970-04-26 18:58:35,84
716,archive,1970-04-26 18:58:36,84
717,register,1970-04-26 18:58:37,85
718,evaluate,1970-04-26 18:58:38,85
719,send questionnaire,1970-04-26 18:58:39,85
720,no processing,1970-04-26 18:58:40,85
721,process questionnaire,1970-04-26 18:58:41,85
722,archive,1970-04-26 18:58:42,85
723,register,1970-04-26 18:58:43,86
724,send questionnaire,1970-04-26 18:58:44,86
725,time out,1970-04-26 18:58:45,86
726,evaluate,1970-04-26 18:58:46,86
727,processing required,1970-04-26 18:58:47,86
728,process complaint,1970-04-26 18:58:48,86
729,check processing,1970-04-26 18:58:49,86
730,processing ok,1970-04-26 18:58:50,86
731,archive,1970-04-26 18:58:51,86
732,register,1970-04-26 18:58:52,87
733,evaluate,1970-04-26 18:58:53,87
734,send questionnaire,1970-04-26 18:58:54,87
735,no processing,1970-04-26 18:58:55,87
736,time out,1970-04-26 18:58:56,87
737,archive,1970-04-26 18:58:57,87
738,register,1970-04-26 18:58:58,88
739,evaluate,1970-04-26 18:58:59,88
740,no processing,1970-04-26 18:59:00,88
741,send questionnaire,1970-04-26 18:59:01,88
742,time out,1970-04-26 18:59:02,88
743,archive,1970-04-26 18:59:03,88
744,register,1970-04-26 18:59:04,89
745,evaluate,1970-04-26 18:59:05,89
746,processing required,1970-04-26 18:59:06,89
747,send questionnaire,1970-04-26 18:59:07,89
748,time out,1970-04-26 18:59:08,89
749,process complaint,1970-04-26 18:59:09,89
750,check processing,1970-04-26 18:59:10,89
751,processing nok,1970-04-26 18:59:11,89
752,process complaint,1970-04-26 18:59:12,89
753,check processing,1970-04-26 18:59:13,89
754,processing nok,1970-04-26 18:59:14,89
755,process complaint,1970-04-26 18:59:15,89
756,check processing,1970-04-26 18:59:16,89
757,processing nok,1970-04-26 18:59:17,89
758,process complaint,1970-04-26 18:59:18,89
759,check processing,1970-04-26 18:59:19,89
760,processing nok,1970-04-26 18:59:20,89
761,process complaint,1970-04-26 18:59:21,89
762,check processing,1970-04-26 18:59:22,89
763,processing ok,1970-04-26 18:59:23,89
764,archive,1970-04-26 18:59:24,89
765,register,1970-04-26 18:59:25,90
766,evaluate,1970-04-26 18:59:26,90
767,no processing,1970-04-26 18:59:27,90
768,send questionnaire,1970-04-26 18:59:28,90
769,time out,1970-04-26 18:59:29,90
770,archive,1970-04-26 18:59:30,90
771,register,1970-04-26 18:59:31,91
772,send questionnaire,1970-04-26 18:59:32,91
773,time out,1970-04-26 18:59:33,91
774,evaluate,1970-04-26 18:59:34,91
775,no processing,1970-04-26 18:59:35,91
776,archive,1970-04-26 18:59:36,91
777,register,1970-04-26 18:59:37,92
778,send questionnaire,1970-04-26 18:59:38,92
779,evaluate,1970-04-26 18:59:39,92
780,processing required,1970-04-26 18:59:40,92
781,time out,1970-04-26 18:59:41,92
782,process complaint,1970-04-26 18:59:42,92
783,check processing,1970-04-26 18:59:43,92
784,processing ok,1970-04-26 18:59:44,92
785,archive,1970-04-26 18:59:45,92
786,register,1970-04-26 18:59:46,93
787,evaluate,1970-04-26 18:59:47,93
788,no processing,1970-04-26 18:59:48,93
789,send questionnaire,1970-04-26 18:59:49,93
790,time out,1970-04-26 18:59:50,93
791,archive,1970-04-26 18:59:51,93
792,register,1970-04-26 18:59:52,94
793,send questionnaire,1970-04-26 18:59:53,94
794,time out,1970-04-26 18:59:54,94
795,evaluate,1970-04-26 18:59:55,94
796,no processing,1970-04-26 18:59:56,94
797,archive,1970-04-26 18:59:57,94
798,register,1970-04-26 18:59:58,95
799,evaluate,1970-04-26 18:59:59,95
800,no processing,1970-04-26 19:00:00,95
801,send questionnaire,1970-04-26 19:00:01,95
802,time out,1970-04-26 19:00:02,95
803,archive,1970-04-26 19:00:03,95
804,register,1970-04-26 19:00:04,96
805,send questionnaire,1970-04-26 19:00:05,96
806,time out,1970-04-26 19:00:06,96
807,evaluate,1970-04-26 19:00:07,96
808,processing required,1970-04-26 19:00:08,96
809,process complaint,1970-04-26 19:00:09,96
810,check processing,1970-04-26 19:00:10,96
811,processing nok,1970-04-26 19:00:11,96
812,process complaint,1970-04-26 19:00:12,96
813,check processing,1970-04-26 19:00:13,96
814,processing nok,1970-04-26 19:00:14,96
815,process complaint,1970-04-26 19:00:15,96
816,check processing,1970-04-26 19:00:16,96
817,processing nok,1970-04-26 19:00:17,96
818,process complaint,1970-04-26 19:00:18,96
819,check processing,1970-04-26 19:00:19,96
820,processing nok,1970-04-26 19:00:20,96
821,process complaint,1970-04-26 19:00:21,96
822,check processing,1970-04-26 19:00:22,96
823,processing nok,1970-04-26 19:00:23,96
824,process complaint,1970-04-26 19:00:24,96
825,check processing,1970-04-26 19:00:25,96
826,processing ok,1970-04-26 19:00:26,96
827,archive,1970-04-26 19:00:27,96
828,register,1970-04-26 19:00:28,97
829,send questionnaire,1970-04-26 19:00:29,97
830,process questionnaire,1970-04-26 19:00:30,97
831,evaluate,1970-04-26 19:00:31,97
832,no processing,1970-04-26 19:00:32,97
833,archive,1970-04-26 19:00:33,97
834,register,1970-04-26 19:00:34,98
835,send questionnaire,1970-04-26 19:00:35,98
836,time out,1970-04-26 19:00:36,98
837,evaluate,1970-04-26 19:00:37,98
838,no processing,1970-04-26 19:00:38,98
839,archive,1970-04-26 19:00:39,98
840,register,1970-04-26 19:00:40,99
841,send questionnaire,1970-04-26 19:00:41,99
842,process questionnaire,1970-04-26 19:00:42,99
843,evaluate,1970-04-26 19:00:43,99
844,processing required,1970-04-26 19:00:44,99
845,process complaint,1970-04-26 19:00:45,99
846,check processing,1970-04-26 19:00:46,99
847,processing ok,1970-04-26 19:00:47,99
848,archive,1970-04-26 19:00:48,99
849,register,1970-04-26 19:00:49,100
850,send questionnaire,1970-04-26 19:00:50,100
851,evaluate,1970-04-26 19:00:51,100
852,processing required,1970-04-26 19:00:52,100
853,process questionnaire,1970-04-26 19:00:53,100
854,process complaint,1970-04-26 19:00:54,100
855,check processing,1970-04-26 19:00:55,100
856,processing nok,1970-04-26 19:00:56,100
857,process complaint,1970-04-26 19:00:57,100
858,check processing,1970-04-26 19:00:58,100
859,processing nok,1970-04-26 19:00:59,100
860,process complaint,1970-04-26 19:01:00,100
861,check processing,1970-04-26 19:01:01,100
862,processing ok,1970-04-26 19:01:02,100
863,archive,1970-04-26 19:01:03,100
864,register,1970-04-26 19:01:04,101
865,evaluate,1970-04-26 19:01:05,101
866,processing required,1970-04-26 19:01:06,101
867,send questionnaire,1970-04-26 19:01:07,101
868,time out,1970-04-26 19:01:08,101
869,process complaint,1970-04-26 19:01:09,101
870,check processing,1970-04-26 19:01:10,101
871,processing nok,1970-04-26 19:01:11,101
872,process complaint,1970-04-26 19:01:12,101
873,check processing,1970-04-26 19:01:13,101
874,processing ok,1970-04-26 19:01:14,101
875,archive,1970-04-26 19:01:15,101
876,register,1970-04-26 19:01:16,102
877,send questionnaire,1970-04-26 19:01:17,102
878,process questionnaire,1970-04-26 19:01:18,102
879,evaluate,1970-04-26 19:01:19,102
880,processing required,1970-04-26 19:01:20,102
881,process complaint,1970-04-26 19:01:21,102
882,check processing,1970-04-26 19:01:22,102
883,processing ok,1970-04-26 19:01:23,102
884,archive,1970-04-26 19:01:24,102
885,register,1970-04-26 19:01:25,103
886,send questionnaire,1970-04-26 19:01:26,103
887,time out,1970-04-26 19:01:27,103
888,evaluate,1970-04-26 19:01:28,103
889,processing required,1970-04-26 19:01:29,103
890,process complaint,1970-04-26 19:01:30,103
891,check processing,1970-04-26 19:01:31,103
892,processing ok,1970-04-26 19:01:32,103
893,archive,1970-04-26 19:01:33,103
894,register,1970-04-26 19:01:34,104
895,send questionnaire,1970-04-26 19:01:35,104
896,evaluate,1970-04-26 19:01:36,104
897,time out,1970-04-26 19:01:37,104
898,no processing,1970-04-26 19:01:38,104
899,archive,1970-04-26 19:01:39,104
900,register,1970-04-26 19:01:40,105
901,send questionnaire,1970-04-26 19:01:41,105
902,time out,1970-04-26 19:01:42,105
903,evaluate,1970-04-26 19:01:43,105
904,no processing,1970-04-26 19:01:44,105
905,archive,1970-04-26 19:01:45,105
906,register,1970-04-26 19:01:46,106
907,send questionnaire,1970-04-26 19:01:47,106
908,process questionnaire,1970-04-26 19:01:48,106
909,evaluate,1970-04-26 19:01:49,106
910,no processing,1970-04-26 19:01:50,106
911,archive,1970-04-26 19:01:51,106
912,register,1970-04-26 19:01:52,107
913,evaluate,1970-04-26 19:01:53,107
914,no processing,1970-04-26 19:01:54,107
915,send questionnaire,1970-04-26 19:01:55,107
916,time out,1970-04-26 19:01:56,107
917,archive,1970-04-26 19:01:57,107
918,register,1970-04-26 19:01:58,108
919,evaluate,1970-04-26 19:01:59,108
920,no processing,1970-04-26 19:02:00,108
921,send questionnaire,1970-04-26 19:02:01,108
922,process questionnaire,1970-04-26 19:02:02,108
923,archive,1970-04-26 19:02:03,108
924,register,1970-04-26 19:02:04,109
925,send questionnaire,1970-04-26 19:02:05,109
926,time out,1970-04-26 19:02:06,109
927,evaluate,1970-04-26 19:02:07,109
928,processing required,1970-04-26 19:02:08,109
929,process complaint,1970-04-26 19:02:09,109
930,check processing,1970-04-26 19:02:10,109
931,processing nok,1970-04-26 19:02:11,109
932,process complaint,1970-04-26 19:02:12,109
933,check processing,1970-04-26 19:02:13,109
934,processing nok,1970-04-26 19:02:14,109
935,process complaint,1970-04-26 19:02:15,109
936,check processing,1970-04-26 19:02:16,109
937,processing ok,1970-04-26 19:02:17,109
938,archive,1970-04-26 19:02:18,109
939,register,1970-04-26 19:02:19,110
940,evaluate,1970-04-26 19:02:20,110
941,processing required,1970-04-26 19:02:21,110
942,send questionnaire,1970-04-26 19:02:22,110
943,process questionnaire,1970-04-26 19:02:23,110
944,process complaint,1970-04-26 19:02:24,110
945,check processing,1970-04-26 19:02:25,110
946,processing ok,1970-04-26 19:02:26,110
947,archive,1970-04-26 19:02:27,110
948,register,1970-04-26 19:02:28,111
949,send questionnaire,1970-04-26 19:02:29,111
950,evaluate,1970-04-26 19:02:30,111
951,no processing,1970-04-26 19:02:31,111
952,process questionnaire,1970-04-26 19:02:32,111
953,archive,1970-04-26 19:02:33,111
954,register,1970-04-26 19:02:34,112
955,evaluate,1970-04-26 19:02:35,112
956,processing required,1970-04-26 19:02:36,112
957,send questionnaire,1970-04-26 19:02:37,112
958,process questionnaire,1970-04-26 19:02:38,112
959,process complaint,1970-04-26 19:02:39,112
960,check processing,1970-04-26 19:02:40,112
961,processing ok,1970-04-26 19:02:41,112
962,archive,1970-04-26 19:02:42,112
963,register,1970-04-26 19:02:43,113
964,send questionnaire,1970-04-26 19:02:44,113
965,time out,1970-04-26 19:02:45,113
966,evaluate,1970-04-26 19:02:46,113
967,no processing,1970-04-26 19:02:47,113
968,archive,1970-04-26 19:02:48,113
969,register,1970-04-26 19:02:49,114
970,evaluate,1970-04-26 19:02:50,114
971,processing required,1970-04-26 19:02:51,114
972,send questionnaire,1970-04-26 19:02:52,114
973,time out,1970-04-26 19:02:53,114
974,process complaint,1970-04-26 19:02:54,114
975,check processing,1970-04-26 19:02:55,114
976,processing nok,1970-04-26 19:02:56,114
977,process complaint,1970-04-26 19:02:57,114
978,check processing,1970-04-26 19:02:58,114
979,processing ok,1970-04-26 19:02:59,114
980,archive,1970-04-26 19:03:00,114
981,register,1970-04-26 19:03:01,115
982,send questionnaire,1970-04-26 19:03:02,115
983,evaluate,1970-04-26 19:03:03,115
984,process questionnaire,1970-04-26 19:03:04,115
985,no processing,1970-04-26 19:03:05,115
986,archive,1970-04-26 19:03:06,115
987,register,1970-04-26 19:03:07,116
988,evaluate,1970-04-26 19:03:08,116
989,processing required,1970-04-26 19:03:09,116
990,send questionnaire,1970-04-26 19:03:10,116
991,time out,1970-04-26 19:03:11,116
992,process complaint,1970-04-26 19:03:12,116
993,check processing,1970-04-26 19:03:13,116
994,processing ok,1970-04-26 19:03:14,116
995,archive,1970-04-26 19:03:15,116
996,register,1970-04-26 19:03:16,117
997,send questionnaire,1970-04-26 19:03:17,117
998,evaluate,1970-04-26 19:03:18,117
999,processing required,1970-04-26 19:03:19,117
1000,process questionnaire,1970-04-26 19:03:20,117
1001,process complaint,1970-04-26 19:03:21,117
1002,check processing,1970-04-26 19:03:22,117
1003,processing nok,1970-04-26 19:03:23,117
1004,process complaint,1970-04-26 19:03:24,117
1005,check processing,1970-04-26 19:03:25,117
1006,processing nok,1970-04-26 19:03:26,117
1007,process complaint,1970-04-26 19:03:27,117
1008,check processing,1970-04-26 19:03:28,117
1009,processing nok,1970-04-26 19:03:29,117
1010,process complaint,1970-04-26 19:03:30,117
1011,check processing,1970-04-26 19:03:31,117
1012,processing ok,1970-04-26 19:03:32,117
1013,archive,1970-04-26 19:03:33,117
1014,register,1970-04-26 19:03:34,118
1015,send questionnaire,1970-04-26 19:03:35,118
1016,evaluate,1970-04-26 19:03:36,118
1017,time out,1970-04-26 19:03:37,118
1018,processing required,1970-04-26 19:03:38,118
1019,process complaint,1970-04-26 19:03:39,118
1020,check processing,1970-04-26 19:03:40,118
1021,processing nok,1970-04-26 19:03:41,118
1022,process complaint,1970-04-26 19:03:42,118
1023,check processing,1970-04-26 19:03:43,118
1024,processing ok,1970-04-26 19:03:44,118
1025,archive,1970-04-26 19:03:45,118
1026,register,1970-04-26 19:03:46,119
1027,evaluate,1970-04-26 19:03:47,119
1028,send questionnaire,1970-04-26 19:03:48,119
1029,processing required,1970-04-26 19:03:49,119
1030,time out,1970-04-26 19:03:50,119
1031,process complaint,1970-04-26 19:03:51,119
1032,check processing,1970-04-26 19:03:52,119
1033,processing nok,1970-04-26 19:03:53,119
1034,process complaint,1970-04-26 19:03:54,119
1035,check processing,1970-04-26 19:03:55,119
1036,processing ok,1970-04-26 19:03:56,119
1037,archive,1970-04-26 19:03:57,119
1038,register,1970-04-26 19:03:58,120
1039,evaluate,1970-04-26 19:03:59,120
1040,processing required,1970-04-26 19:04:00,120
1041,send questionnaire,1970-04-26 19:04:01,120
1042,process questionnaire,1970-04-26 19:04:02,120
1043,process complaint,1970-04-26 19:04:03,120
1044,check processing,1970-04-26 19:04:04,120
1045,processing ok,1970-04-26 19:04:05,120
1046,archive,1970-04-26 19:04:06,120
1047,register,1970-04-26 19:04:07,121
1048,send questionnaire,1970-04-26 19:04:08,121
1049,evaluate,1970-04-26 19:04:09,121
1050,no processing,1970-04-26 19:04:10,121
1051,process questionnaire,1970-04-26 19:04:11,121
1052,archive,1970-04-26 19:04:12,121
1053,register,1970-04-26 19:04:13,122
1054,evaluate,1970-04-26 19:04:14,122
1055,send questionnaire,1970-04-26 19:04:15,122
1056,time out,1970-04-26 19:04:16,122
1057,processing required,1970-04-26 19:04:17,122
1058,process complaint,1970-04-26 19:04:18,122
1059,check processing,1970-04-26 19:04:19,122
1060,processing ok,1970-04-26 19:04:20,122
1061,archive,1970-04-26 19:04:21,122
1062,register,1970-04-26 19:04:22,123
1063,send questionnaire,1970-04-26 19:04:23,123
1064,evaluate,1970-04-26 19:04:24,123
1065,process questionnaire,1970-04-26 19:04:25,123
1066,processing required,1970-04-26 19:04:26,123
1067,process complaint,1970-04-26 19:04:27,123
1068,check processing,1970-04-26 19:04:28,123
1069,processing nok,1970-04-26 19:04:29,123
1070,process complaint,1970-04-26 19:04:30,123
1071,check processing,1970-04-26 19:04:31,123
1072,processing nok,1970-04-26 19:04:32,123
1073,process complaint,1970-04-26 19:04:33,123
1074,check processing,1970-04-26 19:04:34,123
1075,processing nok,1970-04-26 19:04:35,123
1076,process complaint,1970-04-26 19:04:36,123
1077,check processing,1970-04-26 19:04:37,123
1078,processing nok,1970-04-26 19:04:38,123
1079,process complaint,1970-04-26 19:04:39,123
1080,check processing,1970-04-26 19:04:40,123
1081,processing nok,1970-04-26 19:04:41,123
1082,process complaint,1970-04-26 19:04:42,123
1083,check processing,1970-04-26 19:04:43,123
1084,processing ok,1970-04-26 19:04:44,123
1085,archive,1970-04-26 19:04:45,123
1086,register,1970-04-26 19:04:46,124
1087,evaluate,1970-04-26 19:04:47,124
1088,no processing,1970-04-26 19:04:48,124
1089,send questionnaire,1970-04-26 19:04:49,124
1090,process questionnaire,1970-04-26 19:04:50,124
1091,archive,1970-04-26 19:04:51,124
1092,register,1970-04-26 19:04:52,125
1093,send questionnaire,1970-04-26 19:04:53,125
1094,process questionnaire,1970-04-26 19:04:54,125
1095,evaluate,1970-04-26 19:04:55,125
1096,no processing,1970-04-26 19:04:56,125
1097,archive,1970-04-26 19:04:57,125
1098,register,1970-04-26 19:04:58,126
1099,send questionnaire,1970-04-26 19:04:59,126
1100,process questionnaire,1970-04-26 19:05:00,126
1101,evaluate,1970-04-26 19:05:01,126
1102,no processing,1970-04-26 19:05:02,126
1103,archive,1970-04-26 19:05:03,126
1104,register,1970-04-26 19:05:04,127
1105,send questionnaire,1970-04-26 19:05:05,127
1106,process questionnaire,1970-04-26 19:05:06,127
1107,evaluate,1970-04-26 19:05:07,127
1108,no processing,1970-04-26 19:05:08,127
1109,archive,1970-04-26 19:05:09,127
1110,register,1970-04-26 19:05:10,128
1111,evaluate,1970-04-26 19:05:11,128
1112,processing required,1970-04-26 19:05:12,128
1113,send questionnaire,1970-04-26 19:05:13,128
1114,process questionnaire,1970-04-26 19:05:14,128
1115,process complaint,1970-04-26 19:05:15,128
1116,check processing,1970-04-26 19:05:16,128
1117,processing nok,1970-04-26 19:05:17,128
1118,process complaint,1970-04-26 19:05:18,128
1119,check processing,1970-04-26 19:05:19,128
1120,processing ok,1970-04-26 19:05:20,128
1121,archive,1970-04-26 19:05:21,128
1122,register,1970-04-26 19:05:22,129
1123,send questionnaire,1970-04-26 19:05:23,129
1124,process questionnaire,1970-04-26 19:05:24,129
1125,evaluate,1970-04-26 19:05:25,129
1126,no processing,1970-04-26 19:05:26,129
1127,archive,1970-04-26 19:05:27,129
1128,register,1970-04-26 19:05:28,130
1129,send questionnaire,1970-04-26 19:05:29,130
1130,time out,1970-04-26 19:05:30,130
1131,evaluate,1970-04-26 19:05:31,130
1132,no processing,1970-04-26 19:05:32,130
1133,archive,1970-04-26 19:05:33,130
1134,register,1970-04-26 19:05:34,131
1135,evaluate,1970-04-26 19:05:35,131
1136,processing required,1970-04-26 19:05:36,131
1137,send questionnaire,1970-04-26 19:05:37,131
1138,process questionnaire,1970-04-26 19:05:38,131
1139,process complaint,1970-04-26 19:05:39,131
1140,check processing,1970-04-26 19:05:40,131
1141,processing nok,1970-04-26 19:05:41,131
1142,process complaint,1970-04-26 19:05:42,131
1143,check processing,1970-04-26 19:05:43,131
1144,processing nok,1970-04-26 19:05:44,131
1145,process complaint,1970-04-26 19:05:45,131
1146,check processing,1970-04-26 19:05:46,131
1147,processing nok,1970-04-26 19:05:47,131
1148,process complaint,1970-04-26 19:05:48,131
1149,check processing,1970-04-26 19:05:49,131
1150,processing nok,1970-04-26 19:05:50,131
1151,process complaint,1970-04-26 19:05:51,131
1152,check processing,1970-04-26 19:05:52,131
1153,processing nok,1970-04-26 19:05:53,131
1154,process complaint,1970-04-26 19:05:54,131
1155,check processing,1970-04-26 19:05:55,131
1156,processing nok,1970-04-26 19:05:56,131
1157,process complaint,1970-04-26 19:05:57,131
1158,check processing,1970-04-26 19:05:58,131
1159,processing ok,1970-04-26 19:05:59,131
1160,archive,1970-04-26 19:06:00,131
1161,register,1970-04-26 19:06:01,132
1162,evaluate,1970-04-26 19:06:02,132
1163,send questionnaire,1970-04-26 19:06:03,132
1164,process questionnaire,1970-04-26 19:06:04,132
1165,no processing,1970-04-26 19:06:05,132
1166,archive,1970-04-26 19:06:06,132
1167,register,1970-04-26 19:06:07,133
1168,send questionnaire,1970-04-26 19:06:08,133
1169,process questionnaire,1970-04-26 19:06:09,133
1170,evaluate,1970-04-26 19:06:10,133
1171,processing required,1970-04-26 19:06:11,133
1172,process complaint,1970-04-26 19:06:12,133
1173,check processing,1970-04-26 19:06:13,133
1174,processing nok,1970-04-26 19:06:14,133
1175,process complaint,1970-04-26 19:06:15,133
1176,check processing,1970-04-26 19:06:16,133
1177,processing ok,1970-04-26 19:06:17,133
1178,archive,1970-04-26 19:06:18,133
1179,register,1970-04-26 19:06:19,134
1180,send questionnaire,1970-04-26 19:06:20,134
1181,evaluate,1970-04-26 19:06:21,134
1182,no processing,1970-04-26 19:06:22,134
1183,process questionnaire,1970-04-26 19:06:23,134
1184,archive,1970-04-26 19:06:24,134
1185,register,1970-04-26 19:06:25,135
1186,evaluate,1970-04-26 19:06:26,135
1187,send questionnaire,1970-04-26 19:06:27,135
1188,time out,1970-04-26 19:06:28,135
1189,no processing,1970-04-26 19:06:29,135
1190,archive,1970-04-26 19:06:30,135
1191,register,1970-04-26 19:06:31,136
1192,evaluate,1970-04-26 19:06:32,136
1193,no processing,1970-04-26 19:06:33,136
1194,send questionnaire,1970-04-26 19:06:34,136
1195,process questionnaire,1970-04-26 19:06:35,136
1196,archive,1970-04-26 19:06:36,136
1197,register,1970-04-26 19:06:37,137
1198,evaluate,1970-04-26 19:06:38,137
1199,processing required,1970-04-26 19:06:39,137
1200,send questionnaire,1970-04-26 19:06:40,137
1201,time out,1970-04-26 19:06:41,137
1202,process complaint,1970-04-26 19:06:42,137
1203,check processing,1970-04-26 19:06:43,137
1204,processing nok,1970-04-26 19:06:44,137
1205,process complaint,1970-04-26 19:06:45,137
1206,check processing,1970-04-26 19:06:46,137
1207,processing nok,1970-04-26 19:06:47,137
1208,process complaint,1970-04-26 19:06:48,137
1209,check processing,1970-04-26 19:06:49,137
1210,processing nok,1970-04-26 19:06:50,137
1211,process complaint,1970-04-26 19:06:51,137
1212,check processing,1970-04-26 19:06:52,137
1213,processing ok,1970-04-26 19:06:53,137
1214,archive,1970-04-26 19:06:54,137
1215,register,1970-04-26 19:06:55,138
1216,send questionnaire,1970-04-26 19:06:56,138
1217,evaluate,1970-04-26 19:06:57,138
1218,no processing,1970-04-26 19:06:58,138
1219,time out,1970-04-26 19:06:59,138
1220,archive,1970-04-26 19:07:00,138
1221,register,1970-04-26 19:07:01,139
1222,evaluate,1970-04-26 19:07:02,139
1223,send questionnaire,1970-04-26 19:07:03,139
1224,process questionnaire,1970-04-26 19:07:04,139
1225,processing required,1970-04-26 19:07:05,139
1226,process complaint,1970-04-26 19:07:06,139
1227,check processing,1970-04-26 19:07:07,139
1228,processing ok,1970-04-26 19:07:08,139
1229,archive,1970-04-26 19:07:09,139
1230,register,1970-04-26 19:07:10,140
1231,evaluate,1970-04-26 19:07:11,140
1232,send questionnaire,1970-04-26 19:07:12,140
1233,process questionnaire,1970-04-26 19:07:13,140
1234,processing required,1970-04-26 19:07:14,140
1235,process complaint,1970-04-26 19:07:15,140
1236,check processing,1970-04-26 19:07:16,140
1237,processing nok,1970-04-26 19:07:17,140
1238,process complaint,1970-04-26 19:07:18,140
1239,check processing,1970-04-26 19:07:19,140
1240,processing nok,1970-04-26 19:07:20,140
1241,process complaint,1970-04-26 19:07:21,140
1242,check processing,1970-04-26 19:07:22,140
1243,processing nok,1970-04-26 19:07:23,140
1244,process complaint,1970-04-26 19:07:24,140
1245,check processing,1970-04-26 19:07:25,140
1246,processing nok,1970-04-26 19:07:26,140
1247,process complaint,1970-04-26 19:07:27,140
1248,check processing,1970-04-26 19:07:28,140
1249,processing ok,1970-04-26 19:07:29,140
1250,archive,1970-04-26 19:07:30,140
1251,register,1970-04-26 19:07:31,141
1252,send questionnaire,1970-04-26 19:07:32,141
1253,time out,1970-04-26 19:07:33,141
1254,evaluate,1970-04-26 19:07:34,141
1255,processing required,1970-04-26 19:07:35,141
1256,process complaint,1970-04-26 19:07:36,141
1257,check processing,1970-04-26 19:07:37,141
1258,processing ok,1970-04-26 19:07:38,141
1259,archive,1970-04-26 19:07:39,141
1260,register,1970-04-26 19:07:40,142
1261,evaluate,1970-04-26 19:07:41,142
1262,send questionnaire,1970-04-26 19:07:42,142
1263,process questionnaire,1970-04-26 19:07:43,142
1264,no processing,1970-04-26 19:07:44,142
1265,archive,1970-04-26 19:07:45,142
1266,register,1970-04-26 19:07:46,143
1267,send questionnaire,1970-04-26 19:07:47,143
1268,process questionnaire,1970-04-26 19:07:48,143
1269,evaluate,1970-04-26 19:07:49,143
1270,no processing,1970-04-26 19:07:50,143
1271,archive,1970-04-26 19:07:51,143
1272,register,1970-04-26 19:07:52,144
1273,send questionnaire,1970-04-26 19:07:53,144
1274,evaluate,1970-04-26 19:07:54,144
1275,process questionnaire,1970-04-26 19:07:55,144
1276,no processing,1970-04-26 19:07:56,144
1277,archive,1970-04-26 19:07:57,144
1278,register,1970-04-26 19:07:58,145
1279,evaluate,1970-04-26 19:07:59,145
1280,no processing,1970-04-26 19:08:00,145
1281,send questionnaire,1970-04-26 19:08:01,145
1282,process questionnaire,1970-04-26 19:08:02,145
1283,archive,1970-04-26 19:08:03,145
1284,register,1970-04-26 19:08:04,146
1285,send questionnaire,1970-04-26 19:08:05,146
1286,evaluate,1970-04-26 19:08:06,146
1287,processing required,1970-04-26 19:08:07,146
1288,process questionnaire,1970-04-26 19:08:08,146
1289,process complaint,1970-04-26 19:08:09,146
1290,check processing,1970-04-26 19:08:10,146
1291,processing ok,1970-04-26 19:08:11,146
1292,archive,1970-04-26 19:08:12,146
1293,register,1970-04-26 19:08:13,147
1294,send questionnaire,1970-04-26 19:08:14,147
1295,process questionnaire,1970-04-26 19:08:15,147
1296,evaluate,1970-04-26 19:08:16,147
1297,no processing,1970-04-26 19:08:17,147
1298,archive,1970-04-26 19:08:18,147
1299,register,1970-04-26 19:08:19,148
1300,evaluate,1970-04-26 19:08:20,148
1301,send questionnaire,1970-04-26 19:08:21,148
1302,process questionnaire,1970-04-26 19:08:22,148
1303,processing required,1970-04-26 19:08:23,148
1304,process complaint,1970-04-26 19:08:24,148
1305,check processing,1970-04-26 19:08:25,148
1306,processing ok,1970-04-26 19:08:26,148
1307,archive,1970-04-26 19:08:27,148
1308,register,1970-04-26 19:08:28,149
1309,send questionnaire,1970-04-26 19:08:29,149
1310,time out,1970-04-26 19:08:30,149
1311,evaluate,1970-04-26 19:08:31,149
1312,processing required,1970-04-26 19:08:32,149
1313,process complaint,1970-04-26 19:08:33,149
1314,check processing,1970-04-26 19:08:34,149
1315,processing nok,1970-04-26 19:08:35,149
1316,process complaint,1970-04-26 19:08:36,149
1317,check processing,1970-04-26 19:08:37,149
1318,processing ok,1970-04-26 19:08:38,149
1319,archive,1970-04-26 19:08:39,149
1320,register,1970-04-26 19:08:40,150
1321,evaluate,1970-04-26 19:08:41,150
1322,send questionnaire,1970-04-26 19:08:42,150
1323,no processing,1970-04-26 19:08:43,150
1324,process questionnaire,1970-04-26 19:08:44,150
1325,archive,1970-04-26 19:08:45,150
1326,register,1970-04-26 19:08:46,151
1327,evaluate,1970-04-26 19:08:47,151
1328,send questionnaire,1970-04-26 19:08:48,151
1329,no processing,1970-04-26 19:08:49,151
1330,process questionnaire,1970-04-26 19:08:50,151
1331,archive,1970-04-26 19:08:51,151
1332,register,1970-04-26 19:08:52,152
1333,evaluate,1970-04-26 19:08:53,152
1334,processing required,1970-04-26 19:08:54,152
1335,send questionnaire,1970-04-26 19:08:55,152
1336,process questionnaire,1970-04-26 19:08:56,152
1337,process complaint,1970-04-26 19:08:57,152
1338,check processing,1970-04-26 19:08:58,152
1339,processing ok,1970-04-26 19:08:59,152
1340,archive,1970-04-26 19:09:00,152
1341,register,1970-04-26 19:09:01,153
1342,send questionnaire,1970-04-26 19:09:02,153
1343,process questionnaire,1970-04-26 19:09:03,153
1344,evaluate,1970-04-26 19:09:04,153
1345,no processing,1970-04-26 19:09:05,153
1346,archive,1970-04-26 19:09:06,153
1347,register,1970-04-26 19:09:07,154
1348,send questionnaire,1970-04-26 19:09:08,154
1349,time out,1970-04-26 19:09:09,154
1350,evaluate,1970-04-26 19:09:10,154
1351,no processing,1970-04-26 19:09:11,154
1352,archive,1970-04-26 19:09:12,154
1353,register,1970-04-26 19:09:13,155
1354,evaluate,1970-04-26 19:09:14,155
1355,processing required,1970-04-26 19:09:15,155
1356,send questionnaire,1970-04-26 19:09:16,155
1357,time out,1970-04-26 19:09:17,155
1358,process complaint,1970-04-26 19:09:18,155
1359,check processing,1970-04-26 19:09:19,155
1360,processing nok,1970-04-26 19:09:20,155
1361,process complaint,1970-04-26 19:09:21,155
1362,check processing,1970-04-26 19:09:22,155
1363,processing nok,1970-04-26 19:09:23,155
1364,process complaint,1970-04-26 19:09:24,155
1365,check processing,1970-04-26 19:09:25,155
1366,processing nok,1970-04-26 19:09:26,155
1367,process complaint,1970-04-26 19:09:27,155
1368,check processing,1970-04-26 19:09:28,155
1369,processing nok,1970-04-26 19:09:29,155
1370,process complaint,1970-04-26 19:09:30,155
1371,check processing,1970-04-26 19:09:31,155
1372,processing nok,1970-04-26 19:09:32,155
1373,process complaint,1970-04-26 19:09:33,155
1374,check processing,1970-04-26 19:09:34,155
1375,processing nok,1970-04-26 19:09:35,155
1376,process complaint,1970-04-26 19:09:36,155
1377,check processing,1970-04-26 19:09:37,155
1378,processing nok,1970-04-26 19:09:38,155
1379,process complaint,1970-04-26 19:09:39,155
1380,check processing,1970-04-26 19:09:40,155
1381,processing ok,1970-04-26 19:09:41,155
1382,archive,1970-04-26 19:09:42,155
1383,register,1970-04-26 19:09:43,156
1384,evaluate,1970-04-26 19:09:44,156
1385,no processing,1970-04-26 19:09:45,156
1386,send questionnaire,1970-04-26 19:09:46,156
1387,process questionnaire,1970-04-26 19:09:47,156
1388,archive,1970-04-26 19:09:48,156
1389,register,1970-04-26 19:09:49,157
1390,send questionnaire,1970-04-26 19:09:50,157
1391,process questionnaire,1970-04-26 19:09:51,157
1392,evaluate,1970-04-26 19:09:52,157
1393,no processing,1970-04-26 19:09:53,157
1394,archive,1970-04-26 19:09:54,157
1395,register,1970-04-26 19:09:55,158
1396,evaluate,1970-04-26 19:09:56,158
1397,no processing,1970-04-26 19:09:57,158
1398,send questionnaire,1970-04-26 19:09:58,158
1399,time out,1970-04-26 19:09:59,158
1400,archive,1970-04-26 19:10:00,158
1401,register,1970-04-26 19:10:01,159
1402,send questionnaire,1970-04-26 19:10:02,159
1403,evaluate,1970-04-26 19:10:03,159
1404,processing required,1970-04-26 19:10:04,159
1405,process questionnaire,1970-04-26 19:10:05,159
1406,process complaint,1970-04-26 19:10:06,159
1407,check processing,1970-04-26 19:10:07,159
1408,processing nok,1970-04-26 19:10:08,159
1409,process complaint,1970-04-26 19:10:09,159
1410,check processing,1970-04-26 19:10:10,159
1411,processing nok,1970-04-26 19:10:11,159
1412,process complaint,1970-04-26 19:10:12,159
1413,check processing,1970-04-26 19:10:13,159
1414,processing ok,1970-04-26 19:10:14,159
1415,archive,1970-04-26 19:10:15,159
1416,register,1970-04-26 19:10:16,160
1417,send questionnaire,1970-04-26 19:10:17,160
1418,time out,1970-04-26 19:10:18,160
1419,evaluate,1970-04-26 19:10:19,160
1420,no processing,1970-04-26 19:10:20,160
1421,archive,1970-04-26 19:10:21,160
1422,register,1970-04-26 19:10:22,161
1423,send questionnaire,1970-04-26 19:10:23,161
1424,process questionnaire,1970-04-26 19:10:24,161
1425,evaluate,1970-04-26 19:10:25,161
1426,processing required,1970-04-26 19:10:26,161
1427,process complaint,1970-04-26 19:10:27,161
1428,check processing,1970-04-26 19:10:28,161
1429,processing nok,1970-04-26 19:10:29,161
1430,process complaint,1970-04-26 19:10:30,161
1431,check processing,1970-04-26 19:10:31,161
1432,processing nok,1970-04-26 19:10:32,161
1433,process complaint,1970-04-26 19:10:33,161
1434,check processing,1970-04-26 19:10:34,161
1435,processing nok,1970-04-26 19:10:35,161
1436,process complaint,1970-04-26 19:10:36,161
1437,check processing,1970-04-26 19:10:37,161
1438,processing nok,1970-04-26 19:10:38,161
1439,process complaint,1970-04-26 19:10:39,161
1440,check processing,1970-04-26 19:10:40,161
1441,processing ok,1970-04-26 19:10:41,161
1442,archive,1970-04-26 19:10:42,161
1443,register,1970-04-26 19:10:43,162
1444,send questionnaire,1970-04-26 19:10:44,162
1445,process questionnaire,1970-04-26 19:10:45,162
1446,evaluate,1970-04-26 19:10:46,162
1447,no processing,1970-04-26 19:10:47,162
1448,archive,1970-04-26 19:10:48,162
1449,register,1970-04-26 19:10:49,163
1450,send questionnaire,1970-04-26 19:10:50,163
1451,process questionnaire,1970-04-26 19:10:51,163
1452,evaluate,1970-04-26 19:10:52,163
1453,no processing,1970-04-26 19:10:53,163
1454,archive,1970-04-26 19:10:54,163
1455,register,1970-04-26 19:10:55,164
1456,evaluate,1970-04-26 19:10:56,164
1457,no processing,1970-04-26 19:10:57,164
1458,send questionnaire,1970-04-26 19:10:58,164
1459,time out,1970-04-26 19:10:59,164
1460,archive,1970-04-26 19:11:00,164
1461,register,1970-04-26 19:11:01,165
1462,send questionnaire,1970-04-26 19:11:02,165
1463,time out,1970-04-26 19:11:03,165
1464,evaluate,1970-04-26 19:11:04,165
1465,processing required,1970-04-26 19:11:05,165
1466,process complaint,1970-04-26 19:11:06,165
1467,check processing,1970-04-26 19:11:07,165
1468,processing nok,1970-04-26 19:11:08,165
1469,process complaint,1970-04-26 19:11:09,165
1470,check processing,1970-04-26 19:11:10,165
1471,processing nok,1970-04-26 19:11:11,165
1472,process complaint,1970-04-26 19:11:12,165
1473,check processing,1970-04-26 19:11:13,165
1474,processing ok,1970-04-26 19:11:14,165
1475,archive,1970-04-26 19:11:15,165
1476,register,1970-04-26 19:11:16,166
1477,send questionnaire,1970-04-26 19:11:17,166
1478,time out,1970-04-26 19:11:18,166
1479,evaluate,1970-04-26 19:11:19,166
1480,no processing,1970-04-26 19:11:20,166
1481,archive,1970-04-26 19:11:21,166
1482,register,1970-04-26 19:11:22,167
1483,evaluate,1970-04-26 19:11:23,167
1484,send questionnaire,1970-04-26 19:11:24,167
1485,process questionnaire,1970-04-26 19:11:25,167
1486,processing required,1970-04-26 19:11:26,167
1487,process complaint,1970-04-26 19:11:27,167
1488,check processing,1970-04-26 19:11:28,167
1489,processing nok,1970-04-26 19:11:29,167
1490,process complaint,1970-04-26 19:11:30,167
1491,check processing,1970-04-26 19:11:31,167
1492,processing ok,1970-04-26 19:11:32,167
1493,archive,1970-04-26 19:11:33,167
1494,register,1970-04-26 19:11:34,168
1495,send questionnaire,1970-04-26 19:11:35,168
1496,evaluate,1970-04-26 19:11:36,168
1497,processing required,1970-04-26 19:11:37,168
1498,process questionnaire,1970-04-26 19:11:38,168
1499,process complaint,1970-04-26 19:11:39,168
1500,check processing,1970-04-26 19:11:40,168
1501,processing nok,1970-04-26 19:11:41,168
1502,process complaint,1970-04-26 19:11:42,168
1503,check processing,1970-04-26 19:11:43,168
1504,processing nok,1970-04-26 19:11:44,168
1505,process complaint,1970-04-26 19:11:45,168
1506,check processing,1970-04-26 19:11:46,168
1507,processing nok,1970-04-26 19:11:47,168
1508,process complaint,1970-04-26 19:11:48,168
1509,check processing,1970-04-26 19:11:49,168
1510,processing nok,1970-04-26 19:11:50,168
1511,process complaint,1970-04-26 19:11:51,168
1512,check processing,1970-04-26 19:11:52,168
1513,processing ok,1970-04-26 19:11:53,168
1514,archive,1970-04-26 19:11:54,168
1515,register,1970-04-26 19:11:55,169
1516,send questionnaire,1970-04-26 19:11:56,169
1517,process questionnaire,1970-04-26 19:11:57,169
1518,evaluate,1970-04-26 19:11:58,169
1519,processing required,1970-04-26 19:11:59,169
1520,process complaint,1970-04-26 19:12:00,169
1521,check processing,1970-04-26 19:12:01,169
1522,processing ok,1970-04-26 19:12:02,169
1523,archive,1970-04-26 19:12:03,169
1524,register,1970-04-26 19:12:04,170
1525,send questionnaire,1970-04-26 19:12:05,170
1526,process questionnaire,1970-04-26 19:12:06,170
1527,evaluate,1970-04-26 19:12:07,170
1528,no processing,1970-04-26 19:12:08,170
1529,archive,1970-04-26 19:12:09,170
1530,register,1970-04-26 19:12:10,171
1531,evaluate,1970-04-26 19:12:11,171
1532,processing required,1970-04-26 19:12:12,171
1533,send questionnaire,1970-04-26 19:12:13,171
1534,process questionnaire,1970-04-26 19:12:14,171
1535,process complaint,1970-04-26 19:12:15,171
1536,check processing,1970-04-26 19:12:16,171
1537,processing nok,1970-04-26 19:12:17,171
1538,process complaint,1970-04-26 19:12:18,171
1539,check processing,1970-04-26 19:12:19,171
1540,processing ok,1970-04-26 19:12:20,171
1541,archive,1970-04-26 19:12:21,171
1542,register,1970-04-26 19:12:22,172
1543,send questionnaire,1970-04-26 19:12:23,172
1544,process questionnaire,1970-04-26 19:12:24,172
1545,evaluate,1970-04-26 19:12:25,172
1546,no processing,1970-04-26 19:12:26,172
1547,archive,1970-04-26 19:12:27,172
1548,register,1970-04-26 19:12:28,173
1549,send questionnaire,1970-04-26 19:12:29,173
1550,time out,1970-04-26 19:12:30,173
1551,evaluate,1970-04-26 19:12:31,173
1552,no processing,1970-04-26 19:12:32,173
1553,archive,1970-04-26 19:12:33,173
1554,register,1970-04-26 19:12:34,174
1555,send questionnaire,1970-04-26 19:12:35,174
1556,process questionnaire,1970-04-26 19:12:36,174
1557,evaluate,1970-04-26 19:12:37,174
1558,no processing,1970-04-26 19:12:38,174
1559,archive,1970-04-26 19:12:39,174
1560,register,1970-04-26 19:12:40,175
1561,send questionnaire,1970-04-26 19:12:41,175
1562,process questionnaire,1970-04-26 19:12:42,175
1563,evaluate,1970-04-26 19:12:43,175
1564,no processing,1970-04-26 19:12:44,175
1565,archive,1970-04-26 19:12:45,175
1566,register,1970-04-26 19:12:46,176
1567,send questionnaire,1970-04-26 19:12:47,176
1568,evaluate,1970-04-26 19:12:48,176
1569,process questionnaire,1970-04-26 19:12:49,176
1570,no processing,1970-04-26 19:12:50,176
1571,archive,1970-04-26 19:12:51,176
1572,register,1970-04-26 19:12:52,177
1573,send questionnaire,1970-04-26 19:12:53,177
1574,process questionnaire,1970-04-26 19:12:54,177
1575,evaluate,1970-04-26 19:12:55,177
1576,no processing,1970-04-26 19:12:56,177
1577,archive,1970-04-26 19:12:57,177
1578,register,1970-04-26 19:12:58,178
1579,evaluate,1970-04-26 19:12:59,178
1580,send questionnaire,1970-04-26 19:13:00,178
1581,processing required,1970-04-26 19:13:01,178
1582,time out,1970-04-26 19:13:02,178
1583,process complaint,1970-04-26 19:13:03,178
1584,check processing,1970-04-26 19:13:04,178
1585,processing nok,1970-04-26 19:13:05,178
1586,process complaint,1970-04-26 19:13:06,178
1587,check processing,1970-04-26 19:13:07,178
1588,processing ok,1970-04-26 19:13:08,178
1589,archive,1970-04-26 19:13:09,178
1590,register,1970-04-26 19:13:10,179
1591,evaluate,1970-04-26 19:13:11,179
1592,send questionnaire,1970-04-26 19:13:12,179
1593,process questionnaire,1970-04-26 19:13:13,179
1594,processing required,1970-04-26 19:13:14,179
1595,process complaint,1970-04-26 19:13:15,179
1596,check processing,1970-04-26 19:13:16,179
1597,processing nok,1970-04-26 19:13:17,179
1598,process complaint,1970-04-26 19:13:18,179
1599,check processing,1970-04-26 19:13:19,179
1600,processing ok,1970-04-26 19:13:20,179
1601,archive,1970-04-26 19:13:21,179
1602,register,1970-04-26 19:13:22,180
1603,send questionnaire,1970-04-26 19:13:23,180
1604,process questionnaire,1970-04-26 19:13:24,180
1605,evaluate,1970-04-26 19:13:25,180
1606,processing required,1970-04-26 19:13:26,180
1607,process complaint,1970-04-26 19:13:27,180
1608,check processing,1970-04-26 19:13:28,180
1609,processing nok,1970-04-26 19:13:29,180
1610,process complaint,1970-04-26 19:13:30,180
1611,check processing,1970-04-26 19:13:31,180
1612,processing ok,1970-04-26 19:13:32,180
1613,archive,1970-04-26 19:13:33,180
1614,register,1970-04-26 19:13:34,181
1615,evaluate,1970-04-26 19:13:35,181
1616,processing required,1970-04-26 19:13:36,181
1617,send questionnaire,1970-04-26 19:13:37,181
1618,process questionnaire,1970-04-26 19:13:38,181
1619,process complaint,1970-04-26 19:13:39,181
1620,check processing,1970-04-26 19:13:40,181
1621,processing nok,1970-04-26 19:13:41,181
1622,process complaint,1970-04-26 19:13:42,181
1623,check processing,1970-04-26 19:13:43,181
1624,processing ok,1970-04-26 19:13:44,181
1625,archive,1970-04-26 19:13:45,181
1626,register,1970-04-26 19:13:46,182
1627,send questionnaire,1970-04-26 19:13:47,182
1628,process questionnaire,1970-04-26 19:13:48,182
1629,evaluate,1970-04-26 19:13:49,182
1630,no processing,1970-04-26 19:13:50,182
1631,archive,1970-04-26 19:13:51,182
1632,register,1970-04-26 19:13:52,183
1633,evaluate,1970-04-26 19:13:53,183
1634,processing required,1970-04-26 19:13:54,183
1635,send questionnaire,1970-04-26 19:13:55,183
1636,process questionnaire,1970-04-26 19:13:56,183
1637,process complaint,1970-04-26 19:13:57,183
1638,check processing,1970-04-26 19:13:58,183
1639,processing nok,1970-04-26 19:13:59,183
1640,process complaint,1970-04-26 19:14:00,183
1641,check processing,1970-04-26 19:14:01,183
1642,processing ok,1970-04-26 19:14:02,183
1643,archive,1970-04-26 19:14:03,183
1644,register,1970-04-26 19:14:04,184
1645,evaluate,1970-04-26 19:14:05,184
1646,processing required,1970-04-26 19:14:06,184
1647,send questionnaire,1970-04-26 19:14:07,184
1648,time out,1970-04-26 19:14:08,184
1649,process complaint,1970-04-26 19:14:09,184
1650,check processing,1970-04-26 19:14:10,184
1651,processing ok,1970-04-26 19:14:11,184
1652,archive,1970-04-26 19:14:12,184
1653,register,1970-04-26 19:14:13,185
1654,send questionnaire,1970-04-26 19:14:14,185
1655,time out,1970-04-26 19:14:15,185
1656,evaluate,1970-04-26 19:14:16,185
1657,processing required,1970-04-26 19:14:17,185
1658,process complaint,1970-04-26 19:14:18,185
1659,check processing,1970-04-26 19:14:19,185
1660,processing ok,1970-04-26 19:14:20,185
1661,archive,1970-04-26 19:14:21,185
1662,register,1970-04-26 19:14:22,186
1663,send questionnaire,1970-04-26 19:14:23,186
1664,evaluate,1970-04-26 19:14:24,186
1665,no processing,1970-04-26 19:14:25,186
1666,time out,1970-04-26 19:14:26,186
1667,archive,1970-04-26 19:14:27,186
1668,register,1970-04-26 19:14:28,187
1669,send questionnaire,1970-04-26 19:14:29,187
1670,evaluate,1970-04-26 19:14:30,187
1671,process questionnaire,1970-04-26 19:14:31,187
1672,processing required,1970-04-26 19:14:32,187
1673,process complaint,1970-04-26 19:14:33,187
1674,check processing,1970-04-26 19:14:34,187
1675,processing nok,1970-04-26 19:14:35,187
1676,process complaint,1970-04-26 19:14:36,187
1677,check processing,1970-04-26 19:14:37,187
1678,processing ok,1970-04-26 19:14:38,187
1679,archive,1970-04-26 19:14:39,187
1680,register,1970-04-26 19:14:40,188
1681,evaluate,1970-04-26 19:14:41,188
1682,send questionnaire,1970-04-26 19:14:42,188
1683,process questionnaire,1970-04-26 19:14:43,188
1684,processing required,1970-04-26 19:14:44,188
1685,process complaint,1970-04-26 19:14:45,188
1686,check processing,1970-04-26 19:14:46,188
1687,processing ok,1970-04-26 19:14:47,188
1688,archive,1970-04-26 19:14:48,188
1689,register,1970-04-26 19:14:49,189
1690,evaluate,1970-04-26 19:14:50,189
1691,no processing,1970-04-26 19:14:51,189
1692,send questionnaire,1970-04-26 19:14:52,189
1693,process questionnaire,1970-04-26 19:14:53,189
1694,archive,1970-04-26 19:14:54,189
1695,register,1970-04-26 19:14:55,190
1696,send questionnaire,1970-04-26 19:14:56,190
1697,time out,1970-04-26 19:14:57,190
1698,evaluate,1970-04-26 19:14:58,190
1699,processing required,1970-04-26 19:14:59,190
1700,process complaint,1970-04-26 19:15:00,190
1701,check processing,1970-04-26 19:15:01,190
1702,processing nok,1970-04-26 19:15:02,190
1703,process complaint,1970-04-26 19:15:03,190
1704,check processing,1970-04-26 19:15:04,190
1705,processing nok,1970-04-26 19:15:05,190
1706,process complaint,1970-04-26 19:15:06,190
1707,check processing,1970-04-26 19:15:07,190
1708,processing ok,1970-04-26 19:15:08,190
1709,archive,1970-04-26 19:15:09,190
1710,register,1970-04-26 19:15:10,191
1711,evaluate,1970-04-26 19:15:11,191
1712,no processing,1970-04-26 19:15:12,191
1713,send questionnaire,1970-04-26 19:15:13,191
1714,time out,1970-04-26 19:15:14,191
1715,archive,1970-04-26 19:15:15,191
1716,register,1970-04-26 19:15:16,192
1717,evaluate,1970-04-26 19:15:17,192
1718,no processing,1970-04-26 19:15:18,192
1719,send questionnaire,1970-04-26 19:15:19,192
1720,process questionnaire,1970-04-26 19:15:20,192
1721,archive,1970-04-26 19:15:21,192
1722,register,1970-04-26 19:15:22,193
1723,evaluate,1970-04-26 19:15:23,193
1724,send questionnaire,1970-04-26 19:15:24,193
1725,processing required,1970-04-26 19:15:25,193
1726,process questionnaire,1970-04-26 19:15:26,193
1727,process complaint,1970-04-26 19:15:27,193
1728,check processing,1970-04-26 19:15:28,193
1729,processing nok,1970-04-26 19:15:29,193
1730,process complaint,1970-04-26 19:15:30,193
1731,check processing,1970-04-26 19:15:31,193
1732,processing nok,1970-04-26 19:15:32,193
1733,process complaint,1970-04-26 19:15:33,193
1734,check processing,1970-04-26 19:15:34,193
1735,processing nok,1970-04-26 19:15:35,193
1736,process complaint,1970-04-26 19:15:36,193
1737,check processing,1970-04-26 19:15:37,193
1738,processing ok,1970-04-26 19:15:38,193
1739,archive,1970-04-26 19:15:39,193
1740,register,1970-04-26 19:15:40,194
1741,send questionnaire,1970-04-26 19:15:41,194
1742,process questionnaire,1970-04-26 19:15:42,194
1743,evaluate,1970-04-26 19:15:43,194
1744,no processing,1970-04-26 19:15:44,194
1745,archive,1970-04-26 19:15:45,194
1746,register,1970-04-26 19:15:46,195
1747,send questionnaire,1970-04-26 19:15:47,195
1748,evaluate,1970-04-26 19:15:48,195
1749,process questionnaire,1970-04-26 19:15:49,195
1750,no processing,1970-04-26 19:15:50,195
1751,archive,1970-04-26 19:15:51,195
1752,register,1970-04-26 19:15:52,196
1753,send questionnaire,1970-04-26 19:15:53,196
1754,evaluate,1970-04-26 19:15:54,196
1755,no processing,1970-04-26 19:15:55,196
1756,time out,1970-04-26 19:15:56,196
1757,archive,1970-04-26 19:15:57,196
1758,register,1970-04-26 19:15:58,197
1759,evaluate,1970-04-26 19:15:59,197
1760,processing required,1970-04-26 19:16:00,197
1761,send questionnaire,1970-04-26 19:16:01,197
1762,time out,1970-04-26 19:16:02,197
1763,process complaint,1970-04-26 19:16:03,197
1764,check processing,1970-04-26 19:16:04,197
1765,processing nok,1970-04-26 19:16:05,197
1766,process complaint,1970-04-26 19:16:06,197
1767,check processing,1970-04-26 19:16:07,197
1768,processing nok,1970-04-26 19:16:08,197
1769,process complaint,1970-04-26 19:16:09,197
1770,check processing,1970-04-26 19:16:10,197
1771,processing ok,1970-04-26 19:16:11,197
1772,archive,1970-04-26 19:16:12,197
1773,register,1970-04-26 19:16:13,198
1774,evaluate,1970-04-26 19:16:14,198
1775,processing required,1970-04-26 19:16:15,198
1776,send questionnaire,1970-04-26 19:16:16,198
1777,time out,1970-04-26 19:16:17,198
1778,process complaint,1970-04-26 19:16:18,198
1779,check processing,1970-04-26 19:16:19,198
1780,processing nok,1970-04-26 19:16:20,198
1781,process complaint,1970-04-26 19:16:21,198
1782,check processing,1970-04-26 19:16:22,198
1783,processing ok,1970-04-26 19:16:23,198
1784,archive,1970-04-26 19:16:24,198
1785,register,1970-04-26 19:16:25,199
1786,evaluate,1970-04-26 19:16:26,199
1787,processing required,1970-04-26 19:16:27,199
1788,send questionnaire,1970-04-26 19:16:28,199
1789,time out,1970-04-26 19:16:29,199
1790,process complaint,1970-04-26 19:16:30,199
1791,check processing,1970-04-26 19:16:31,199
1792,processing nok,1970-04-26 19:16:32,199
1793,process complaint,1970-04-26 19:16:33,199
1794,check processing,1970-04-26 19:16:34,199
1795,processing nok,1970-04-26 19:16:35,199
1796,process complaint,1970-04-26 19:16:36,199
1797,check processing,1970-04-26 19:16:37,199
1798,processing nok,1970-04-26 19:16:38,199
1799,process complaint,1970-04-26 19:16:39,199
1800,check processing,1970-04-26 19:16:40,199
1801,processing nok,1970-04-26 19:16:41,199
1802,process complaint,1970-04-26 19:16:42,199
1803,check processing,1970-04-26 19:16:43,199
1804,processing nok,1970-04-26 19:16:44,199
1805,process complaint,1970-04-26 19:16:45,199
1806,check processing,1970-04-26 19:16:46,199
1807,processing nok,1970-04-26 19:16:47,199
1808,process complaint,1970-04-26 19:16:48,199
1809,check processing,1970-04-26 19:16:49,199
1810,processing ok,1970-04-26 19:16:50,199
1811,archive,1970-04-26 19:16:51,199
1812,register,1970-04-26 19:16:52,200
1813,evaluate,1970-04-26 19:16:53,200
1814,processing required,1970-04-26 19:16:54,200
1815,send questionnaire,1970-04-26 19:16:55,200
1816,time out,1970-04-26 19:16:56,200
1817,process complaint,1970-04-26 19:16:57,200
1818,check processing,1970-04-26 19:16:58,200
1819,processing ok,1970-04-26 19:16:59,200
1820,archive,1970-04-26 19:17:00,200
1821,register,1970-04-26 19:17:01,201
1822,evaluate,1970-04-26 19:17:02,201
1823,processing required,1970-04-26 19:17:03,201
1824,send questionnaire,1970-04-26 19:17:04,201
1825,time out,1970-04-26 19:17:05,201
1826,process complaint,1970-04-26 19:17:06,201
1827,check processing,1970-04-26 19:17:07,201
1828,processing ok,1970-04-26 19:17:08,201
1829,archive,1970-04-26 19:17:09,201
1830,register,1970-04-26 19:17:10,202
1831,evaluate,1970-04-26 19:17:11,202
1832,no processing,1970-04-26 19:17:12,202
1833,send questionnaire,1970-04-26 19:17:13,202
1834,process questionnaire,1970-04-26 19:17:14,202
1835,archive,1970-04-26 19:17:15,202
1836,register,1970-04-26 19:17:16,203
1837,send questionnaire,1970-04-26 19:17:17,203
1838,evaluate,1970-04-26 19:17:18,203
1839,processing required,1970-04-26 19:17:19,203
1840,process questionnaire,1970-04-26 19:17:20,203
1841,process complaint,1970-04-26 19:17:21,203
1842,check processing,1970-04-26 19:17:22,203
1843,processing nok,1970-04-26 19:17:23,203
1844,process complaint,1970-04-26 19:17:24,203
1845,check processing,1970-04-26 19:17:25,203
1846,processing ok,1970-04-26 19:17:26,203
1847,archive,1970-04-26 19:17:27,203
1848,register,1970-04-26 19:17:28,204
1849,evaluate,1970-04-26 19:17:29,204
1850,no processing,1970-04-26 19:17:30,204
1851,send questionnaire,1970-04-26 19:17:31,204
1852,time out,1970-04-26 19:17:32,204
1853,archive,1970-04-26 19:17:33,204
1854,register,1970-04-26 19:17:34,205
1855,evaluate,1970-04-26 19:17:35,205
1856,processing required,1970-04-26 19:17:36,205
1857,send questionnaire,1970-04-26 19:17:37,205
1858,time out,1970-04-26 19:17:38,205
1859,process complaint,1970-04-26 19:17:39,205
1860,check processing,1970-04-26 19:17:40,205
1861,processing nok,1970-04-26 19:17:41,205
1862,process complaint,1970-04-26 19:17:42,205
1863,check processing,1970-04-26 19:17:43,205
1864,processing ok,1970-04-26 19:17:44,205
1865,archive,1970-04-26 19:17:45,205
1866,register,1970-04-26 19:17:46,206
1867,evaluate,1970-04-26 19:17:47,206
1868,send questionnaire,1970-04-26 19:17:48,206
1869,processing required,1970-04-26 19:17:49,206
1870,process questionnaire,1970-04-26 19:17:50,206
1871,process complaint,1970-04-26 19:17:51,206
1872,check processing,1970-04-26 19:17:52,206
1873,processing ok,1970-04-26 19:17:53,206
1874,archive,1970-04-26 19:17:54,206
1875,register,1970-04-26 19:17:55,207
1876,send questionnaire,1970-04-26 19:17:56,207
1877,evaluate,1970-04-26 19:17:57,207
1878,time out,1970-04-26 19:17:58,207
1879,processing required,1970-04-26 19:17:59,207
1880,process complaint,1970-04-26 19:18:00,207
1881,check processing,1970-04-26 19:18:01,207
1882,processing nok,1970-04-26 19:18:02,207
1883,process complaint,1970-04-26 19:18:03,207
1884,check processing,1970-04-26 19:18:04,207
1885,processing ok,1970-04-26 19:18:05,207
1886,archive,1970-04-26 19:18:06,207
1887,register,1970-04-26 19:18:07,208
1888,send questionnaire,1970-04-26 19:18:08,208
1889,process questionnaire,1970-04-26 19:18:09,208
1890,evaluate,1970-04-26 19:18:10,208
1891,processing required,1970-04-26 19:18:11,208
1892,process complaint,1970-04-26 19:18:12,208
1893,check processing,1970-04-26 19:18:13,208
1894,processing ok,1970-04-26 19:18:14,208
1895,archive,1970-04-26 19:18:15,208
1896,register,1970-04-26 19:18:16,209
1897,send questionnaire,1970-04-26 19:18:17,209
1898,process questionnaire,1970-04-26 19:18:18,209
1899,evaluate,1970-04-26 19:18:19,209
1900,processing required,1970-04-26 19:18:20,209
1901,process complaint,1970-04-26 19:18:21,209
1902,check processing,1970-04-26 19:18:22,209
1903,processing ok,1970-04-26 19:18:23,209
1904,archive,1970-04-26 19:18:24,209
1905,register,1970-04-26 19:18:25,210
1906,send questionnaire,1970-04-26 19:18:26,210
1907,process questionnaire,1970-04-26 19:18:27,210
1908,evaluate,1970-04-26 19:18:28,210
1909,processing required,1970-04-26 19:18:29,210
1910,process complaint,1970-04-26 19:18:30,210
1911,check processing,1970-04-26 19:18:31,210
1912,processing ok,1970-04-26 19:18:32,210
1913,archive,1970-04-26 19:18:33,210
1914,register,1970-04-26 19:18:34,211
1915,send questionnaire,1970-04-26 19:18:35,211
1916,time out,1970-04-26 19:18:36,211
1917,evaluate,1970-04-26 19:18:37,211
1918,processing required,1970-04-26 19:18:38,211
1919,process complaint,1970-04-26 19:18:39,211
1920,check processing,1970-04-26 19:18:40,211
1921,processing nok,1970-04-26 19:18:41,211
1922,process complaint,1970-04-26 19:18:42,211
1923,check processing,1970-04-26 19:18:43,211
1924,processing ok,1970-04-26 19:18:44,211
1925,archive,1970-04-26 19:18:45,211
1926,register,1970-04-26 19:18:46,212
1927,send questionnaire,1970-04-26 19:18:47,212
1928,time out,1970-04-26 19:18:48,212
1929,evaluate,1970-04-26 19:18:49,212
1930,processing required,1970-04-26 19:18:50,212
1931,process complaint,1970-04-26 19:18:51,212
1932,check processing,1970-04-26 19:18:52,212
1933,processing ok,1970-04-26 19:18:53,212
1934,archive,1970-04-26 19:18:54,212
1935,register,1970-04-26 19:18:55,213
1936,evaluate,1970-04-26 19:18:56,213
1937,processing required,1970-04-26 19:18:57,213
1938,send questionnaire,1970-04-26 19:18:58,213
1939,time out,1970-04-26 19:18:59,213
1940,process complaint,1970-04-26 19:19:00,213
1941,check processing,1970-04-26 19:19:01,213
1942,processing ok,1970-04-26 19:19:02,213
1943,archive,1970-04-26 19:19:03,213
1944,register,1970-04-26 19:19:04,214
1945,send questionnaire,1970-04-26 19:19:05,214
1946,time out,1970-04-26 19:19:06,214
1947,evaluate,1970-04-26 19:19:07,214
1948,no processing,1970-04-26 19:19:08,214
1949,archive,1970-04-26 19:19:09,214
1950,register,1970-04-26 19:19:10,215
1951,send questionnaire,1970-04-26 19:19:11,215
1952,evaluate,1970-04-26 19:19:12,215
1953,process questionnaire,1970-04-26 19:19:13,215
1954,processing required,1970-04-26 19:19:14,215
1955,process complaint,1970-04-26 19:19:15,215
1956,check processing,1970-04-26 19:19:16,215
1957,processing ok,1970-04-26 19:19:17,215
1958,archive,1970-04-26 19:19:18,215
1959,register,1970-04-26 19:19:19,216
1960,evaluate,1970-04-26 19:19:20,216
1961,processing required,1970-04-26 19:19:21,216
1962,send questionnaire,1970-04-26 19:19:22,216
1963,time out,1970-04-26 19:19:23,216
1964,process complaint,1970-04-26 19:19:24,216
1965,check processing,1970-04-26 19:19:25,216
1966,processing ok,1970-04-26 19:19:26,216
1967,archive,1970-04-26 19:19:27,216
1968,register,1970-04-26 19:19:28,217
1969,send questionnaire,1970-04-26 19:19:29,217
1970,process questionnaire,1970-04-26 19:19:30,217
1971,evaluate,1970-04-26 19:19:31,217
1972,no processing,1970-04-26 19:19:32,217
1973,archive,1970-04-26 19:19:33,217
1974,register,1970-04-26 19:19:34,218
1975,evaluate,1970-04-26 19:19:35,218
1976,send questionnaire,1970-04-26 19:19:36,218
1977,no processing,1970-04-26 19:19:37,218
1978,process questionnaire,1970-04-26 19:19:38,218
1979,archive,1970-04-26 19:19:39,218
1980,register,1970-04-26 19:19:40,219
1981,evaluate,1970-04-26 19:19:41,219
1982,send questionnaire,1970-04-26 19:19:42,219
1983,no processing,1970-04-26 19:19:43,219
1984,process questionnaire,1970-04-26 19:19:44,219
1985,archive,1970-04-26 19:19:45,219
1986,register,1970-04-26 19:19:46,220
1987,send questionnaire,1970-04-26 19:19:47,220
1988,time out,1970-04-26 19:19:48,220
1989,evaluate,1970-04-26 19:19:49,220
1990,processing required,1970-04-26 19:19:50,220
1991,process complaint,1970-04-26 19:19:51,220
1992,check processing,1970-04-26 19:19:52,220
1993,processing nok,1970-04-26 19:19:53,220
1994,process complaint,1970-04-26 19:19:54,220
1995,check processing,1970-04-26 19:19:55,220
1996,processing nok,1970-04-26 19:19:56,220
1997,process complaint,1970-04-26 19:19:57,220
1998,check processing,1970-04-26 19:19:58,220
1999,processing nok,1970-04-26 19:19:59,220
2000,process complaint,1970-04-26 19:20:00,220
2001,check processing,1970-04-26 19:20:01,220
2002,processing nok,1970-04-26 19:20:02,220
2003,process complaint,1970-04-26 19:20:03,220
2004,check processing,1970-04-26 19:20:04,220
2005,processing ok,1970-04-26 19:20:05,220
2006,archive,1970-04-26 19:20:06,220
2007,register,1970-04-26 19:20:07,221
2008,evaluate,1970-04-26 19:20:08,221
2009,processing required,1970-04-26 19:20:09,221
2010,send questionnaire,1970-04-26 19:20:10,221
2011,process questionnaire,1970-04-26 19:20:11,221
2012,process complaint,1970-04-26 19:20:12,221
2013,check processing,1970-04-26 19:20:13,221
2014,processing ok,1970-04-26 19:20:14,221
2015,archive,1970-04-26 19:20:15,221
2016,register,1970-04-26 19:20:16,222
2017,send questionnaire,1970-04-26 19:20:17,222
2018,evaluate,1970-04-26 19:20:18,222
2019,process questionnaire,1970-04-26 19:20:19,222
2020,no processing,1970-04-26 19:20:20,222
2021,archive,1970-04-26 19:20:21,222
2022,register,1970-04-26 19:20:22,223
2023,evaluate,1970-04-26 19:20:23,223
2024,processing required,1970-04-26 19:20:24,223
2025,send questionnaire,1970-04-26 19:20:25,223
2026,process questionnaire,1970-04-26 19:20:26,223
2027,process complaint,1970-04-26 19:20:27,223
2028,check processing,1970-04-26 19:20:28,223
2029,processing nok,1970-04-26 19:20:29,223
2030,process complaint,1970-04-26 19:20:30,223
2031,check processing,1970-04-26 19:20:31,223
2032,processing ok,1970-04-26 19:20:32,223
2033,archive,1970-04-26 19:20:33,223
2034,register,1970-04-26 19:20:34,224
2035,send questionnaire,1970-04-26 19:20:35,224
2036,time out,1970-04-26 19:20:36,224
2037,evaluate,1970-04-26 19:20:37,224
2038,processing required,1970-04-26 19:20:38,224
2039,process complaint,1970-04-26 19:20:39,224
2040,check processing,1970-04-26 19:20:40,224
2041,processing ok,1970-04-26 19:20:41,224
2042,archive,1970-04-26 19:20:42,224
2043,register,1970-04-26 19:20:43,225
2044,send questionnaire,1970-04-26 19:20:44,225
2045,evaluate,1970-04-26 19:20:45,225
2046,process questionnaire,1970-04-26 19:20:46,225
2047,no processing,1970-04-26 19:20:47,225
2048,archive,1970-04-26 19:20:48,225
2049,register,1970-04-26 19:20:49,226
2050,evaluate,1970-04-26 19:20:50,226
2051,send questionnaire,1970-04-26 19:20:51,226
2052,processing required,1970-04-26 19:20:52,226
2053,process questionnaire,1970-04-26 19:20:53,226
2054,process complaint,1970-04-26 19:20:54,226
2055,check processing,1970-04-26 19:20:55,226
2056,processing nok,1970-04-26 19:20:56,226
2057,process complaint,1970-04-26 19:20:57,226
2058,check processing,1970-04-26 19:20:58,226
2059,processing nok,1970-04-26 19:20:59,226
2060,process complaint,1970-04-26 19:21:00,226
2061,check processing,1970-04-26 19:21:01,226
2062,processing ok,1970-04-26 19:21:02,226
2063,archive,1970-04-26 19:21:03,226
2064,register,1970-04-26 19:21:04,227
2065,evaluate,1970-04-26 19:21:05,227
2066,no processing,1970-04-26 19:21:06,227
2067,send questionnaire,1970-04-26 19:21:07,227
2068,time out,1970-04-26 19:21:08,227
2069,archive,1970-04-26 19:21:09,227
2070,register,1970-04-26 19:21:10,228
2071,send questionnaire,1970-04-26 19:21:11,228
2072,process questionnaire,1970-04-26 19:21:12,228
2073,evaluate,1970-04-26 19:21:13,228
2074,processing required,1970-04-26 19:21:14,228
2075,process complaint,1970-04-26 19:21:15,228
2076,check processing,1970-04-26 19:21:16,228
2077,processing ok,1970-04-26 19:21:17,228
2078,archive,1970-04-26 19:21:18,228
2079,register,1970-04-26 19:21:19,229
2080,evaluate,1970-04-26 19:21:20,229
2081,processing required,1970-04-26 19:21:21,229
2082,send questionnaire,1970-04-26 19:21:22,229
2083,process questionnaire,1970-04-26 19:21:23,229
2084,process complaint,1970-04-26 19:21:24,229
2085,check processing,1970-04-26 19:21:25,229
2086,processing ok,1970-04-26 19:21:26,229
2087,archive,1970-04-26 19:21:27,229
2088,register,1970-04-26 19:21:28,230
2089,evaluate,1970-04-26 19:21:29,230
2090,no processing,1970-04-26 19:21:30,230
2091,send questionnaire,1970-04-26 19:21:31,230
2092,process questionnaire,1970-04-26 19:21:32,230
2093,archive,1970-04-26 19:21:33,230
2094,register,1970-04-26 19:21:34,231
2095,send questionnaire,1970-04-26 19:21:35,231
2096,evaluate,1970-04-26 19:21:36,231
2097,no processing,1970-04-26 19:21:37,231
2098,process questionnaire,1970-04-26 19:21:38,231
2099,archive,1970-04-26 19:21:39,231
2100,register,1970-04-26 19:21:40,232
2101,send questionnaire,1970-04-26 19:21:41,232
2102,time out,1970-04-26 19:21:42,232
2103,evaluate,1970-04-26 19:21:43,232
2104,no processing,1970-04-26 19:21:44,232
2105,archive,1970-04-26 19:21:45,232
2106,register,1970-04-26 19:21:46,233
2107,send questionnaire,1970-04-26 19:21:47,233
2108,evaluate,1970-04-26 19:21:48,233
2109,process questionnaire,1970-04-26 19:21:49,233
2110,no processing,1970-04-26 19:21:50,233
2111,archive,1970-04-26 19:21:51,233
2112,register,1970-04-26 19:21:52,234
2113,send questionnaire,1970-04-26 19:21:53,234
2114,time out,1970-04-26 19:21:54,234
2115,evaluate,1970-04-26 19:21:55,234
2116,no processing,1970-04-26 19:21:56,234
2117,archive,1970-04-26 19:21:57,234
2118,register,1970-04-26 19:21:58,235
2119,send questionnaire,1970-04-26 19:21:59,235
2120,evaluate,1970-04-26 19:22:00,235
2121,process questionnaire,1970-04-26 19:22:01,235
2122,no processing,1970-04-26 19:22:02,235
2123,archive,1970-04-26 19:22:03,235
2124,register,1970-04-26 19:22:04,236
2125,evaluate,1970-04-26 19:22:05,236
2126,processing required,1970-04-26 19:22:06,236
2127,send questionnaire,1970-04-26 19:22:07,236
2128,process questionnaire,1970-04-26 19:22:08,236
2129,process complaint,1970-04-26 19:22:09,236
2130,check processing,1970-04-26 19:22:10,236
2131,processing ok,1970-04-26 19:22:11,236
2132,archive,1970-04-26 19:22:12,236
2133,register,1970-04-26 19:22:13,237
2134,evaluate,1970-04-26 19:22:14,237
2135,processing required,1970-04-26 19:22:15,237
2136,send questionnaire,1970-04-26 19:22:16,237
2137,time out,1970-04-26 19:22:17,237
2138,process complaint,1970-04-26 19:22:18,237
2139,check processing,1970-04-26 19:22:19,237
2140,processing nok,1970-04-26 19:22:20,237
2141,process complaint,1970-04-26 19:22:21,237
2142,check processing,1970-04-26 19:22:22,237
2143,processing ok,1970-04-26 19:22:23,237
2144,archive,1970-04-26 19:22:24,237
2145,register,1970-04-26 19:22:25,238
2146,evaluate,1970-04-26 19:22:26,238
2147,no processing,1970-04-26 19:22:27,238
2148,send questionnaire,1970-04-26 19:22:28,238
2149,time out,1970-04-26 19:22:29,238
2150,archive,1970-04-26 19:22:30,238
2151,register,1970-04-26 19:22:31,239
2152,send questionnaire,1970-04-26 19:22:32,239
2153,time out,1970-04-26 19:22:33,239
2154,evaluate,1970-04-26 19:22:34,239
2155,no processing,1970-04-26 19:22:35,239
2156,archive,1970-04-26 19:22:36,239
2157,register,1970-04-26 19:22:37,240
2158,send questionnaire,1970-04-26 19:22:38,240
2159,evaluate,1970-04-26 19:22:39,240
2160,time out,1970-04-26 19:22:40,240
2161,no processing,1970-04-26 19:22:41,240
2162,archive,1970-04-26 19:22:42,240
2163,register,1970-04-26 19:22:43,241
2164,evaluate,1970-04-26 19:22:44,241
2165,processing required,1970-04-26 19:22:45,241
2166,send questionnaire,1970-04-26 19:22:46,241
2167,process questionnaire,1970-04-26 19:22:47,241
2168,process complaint,1970-04-26 19:22:48,241
2169,check processing,1970-04-26 19:22:49,241
2170,processing ok,1970-04-26 19:22:50,241
2171,archive,1970-04-26 19:22:51,241
2172,register,1970-04-26 19:22:52,242
2173,evaluate,1970-04-26 19:22:53,242
2174,processing required,1970-04-26 19:22:54,242
2175,send questionnaire,1970-04-26 19:22:55,242
2176,time out,1970-04-26 19:22:56,242
2177,process complaint,1970-04-26 19:22:57,242
2178,check processing,1970-04-26 19:22:58,242
2179,processing nok,1970-04-26 19:22:59,242
2180,process complaint,1970-04-26 19:23:00,242
2181,check processing,1970-04-26 19:23:01,242
2182,processing nok,1970-04-26 19:23:02,242
2183,process complaint,1970-04-26 19:23:03,242
2184,check processing,1970-04-26 19:23:04,242
2185,processing nok,1970-04-26 19:23:05,242
2186,process complaint,1970-04-26 19:23:06,242
2187,check processing,1970-04-26 19:23:07,242
2188,processing ok,1970-04-26 19:23:08,242
2189,archive,1970-04-26 19:23:09,242
2190,register,1970-04-26 19:23:10,243
2191,send questionnaire,1970-04-26 19:23:11,243
2192,evaluate,1970-04-26 19:23:12,243
2193,processing required,1970-04-26 19:23:13,243
2194,time out,1970-04-26 19:23:14,243
2195,process complaint,1970-04-26 19:23:15,243
2196,check processing,1970-04-26 19:23:16,243
2197,processing ok,1970-04-26 19:23:17,243
2198,archive,1970-04-26 19:23:18,243
2199,register,1970-04-26 19:23:19,244
2200,evaluate,1970-04-26 19:23:20,244
2201,no processing,1970-04-26 19:23:21,244
2202,send questionnaire,1970-04-26 19:23:22,244
2203,time out,1970-04-26 19:23:23,244
2204,archive,1970-04-26 19:23:24,244
2205,register,1970-04-26 19:23:25,245
2206,evaluate,1970-04-26 19:23:26,245
2207,processing required,1970-04-26 19:23:27,245
2208,send questionnaire,1970-04-26 19:23:28,245
2209,process questionnaire,1970-04-26 19:23:29,245
2210,process complaint,1970-04-26 19:23:30,245
2211,check processing,1970-04-26 19:23:31,245
2212,processing nok,1970-04-26 19:23:32,245
2213,process complaint,1970-04-26 19:23:33,245
2214,check processing,1970-04-26 19:23:34,245
2215,processing ok,1970-04-26 19:23:35,245
2216,archive,1970-04-26 19:23:36,245
2217,register,1970-04-26 19:23:37,246
2218,send questionnaire,1970-04-26 19:23:38,246
2219,evaluate,1970-04-26 19:23:39,246
2220,no processing,1970-04-26 19:23:40,246
2221,time out,1970-04-26 19:23:41,246
2222,archive,1970-04-26 19:23:42,246
2223,register,1970-04-26 19:23:43,247
2224,send questionnaire,1970-04-26 19:23:44,247
2225,evaluate,1970-04-26 19:23:45,247
2226,time out,1970-04-26 19:23:46,247
2227,processing required,1970-04-26 19:23:47,247
2228,process complaint,1970-04-26 19:23:48,247
2229,check processing,1970-04-26 19:23:49,247
2230,processing ok,1970-04-26 19:23:50,247
2231,archive,1970-04-26 19:23:51,247
2232,register,1970-04-26 19:23:52,248
2233,send questionnaire,1970-04-26 19:23:53,248
2234,time out,1970-04-26 19:23:54,248
2235,evaluate,1970-04-26 19:23:55,248
2236,processing required,1970-04-26 19:23:56,248
2237,process complaint,1970-04-26 19:23:57,248
2238,check processing,1970-04-26 19:23:58,248
2239,processing ok,1970-04-26 19:23:59,248
2240,archive,1970-04-26 19:24:00,248
2241,register,1970-04-26 19:24:01,249
2242,send questionnaire,1970-04-26 19:24:02,249
2243,evaluate,1970-04-26 19:24:03,249
2244,time out,1970-04-26 19:24:04,249
2245,processing required,1970-04-26 19:24:05,249
2246,process complaint,1970-04-26 19:24:06,249
2247,check processing,1970-04-26 19:24:07,249
2248,processing nok,1970-04-26 19:24:08,249
2249,process complaint,1970-04-26 19:24:09,249
2250,check processing,1970-04-26 19:24:10,249
2251,processing ok,1970-04-26 19:24:11,249
2252,archive,1970-04-26 19:24:12,249
2253,register,1970-04-26 19:24:13,250
2254,send questionnaire,1970-04-26 19:24:14,250
2255,process questionnaire,1970-04-26 19:24:15,250
2256,evaluate,1970-04-26 19:24:16,250
2257,processing required,1970-04-26 19:24:17,250
2258,process complaint,1970-04-26 19:24:18,250
2259,check processing,1970-04-26 19:24:19,250
2260,processing ok,1970-04-26 19:24:20,250
2261,archive,1970-04-26 19:24:21,250
2262,register,1970-04-26 19:24:22,251
2263,evaluate,1970-04-26 19:24:23,251
2264,no processing,1970-04-26 19:24:24,251
2265,send questionnaire,1970-04-26 19:24:25,251
2266,time out,1970-04-26 19:24:26,251
2267,archive,1970-04-26 19:24:27,251
2268,register,1970-04-26 19:24:28,252
2269,evaluate,1970-04-26 19:24:29,252
2270,processing required,1970-04-26 19:24:30,252
2271,send questionnaire,1970-04-26 19:24:31,252
2272,time out,1970-04-26 19:24:32,252
2273,process complaint,1970-04-26 19:24:33,252
2274,check processing,1970-04-26 19:24:34,252
2275,processing ok,1970-04-26 19:24:35,252
2276,archive,1970-04-26 19:24:36,252
2277,register,1970-04-26 19:24:37,253
2278,send questionnaire,1970-04-26 19:24:38,253
2279,time out,1970-04-26 19:24:39,253
2280,evaluate,1970-04-26 19:24:40,253
2281,no processing,1970-04-26 19:24:41,253
2282,archive,1970-04-26 19:24:42,253
2283,register,1970-04-26 19:24:43,254
2284,send questionnaire,1970-04-26 19:24:44,254
2285,process questionnaire,1970-04-26 19:24:45,254
2286,evaluate,1970-04-26 19:24:46,254
2287,no processing,1970-04-26 19:24:47,254
2288,archive,1970-04-26 19:24:48,254
2289,register,1970-04-26 19:24:49,255
2290,evaluate,1970-04-26 19:24:50,255
2291,no processing,1970-04-26 19:24:51,255
2292,send questionnaire,1970-04-26 19:24:52,255
2293,process questionnaire,1970-04-26 19:24:53,255
2294,archive,1970-04-26 19:24:54,255
2295,register,1970-04-26 19:24:55,256
2296,send questionnaire,1970-04-26 19:24:56,256
2297,evaluate,1970-04-26 19:24:57,256
2298,time out,1970-04-26 19:24:58,256
2299,no processing,1970-04-26 19:24:59,256
2300,archive,1970-04-26 19:25:00,256
2301,register,1970-04-26 19:25:01,257
2302,evaluate,1970-04-26 19:25:02,257
2303,processing required,1970-04-26 19:25:03,257
2304,send questionnaire,1970-04-26 19:25:04,257
2305,time out,1970-04-26 19:25:05,257
2306,process complaint,1970-04-26 19:25:06,257
2307,check processing,1970-04-26 19:25:07,257
2308,processing ok,1970-04-26 19:25:08,257
2309,archive,1970-04-26 19:25:09,257
2310,register,1970-04-26 19:25:10,258
2311,evaluate,1970-04-26 19:25:11,258
2312,no processing,1970-04-26 19:25:12,258
2313,send questionnaire,1970-04-26 19:25:13,258
2314,process questionnaire,1970-04-26 19:25:14,258
2315,archive,1970-04-26 19:25:15,258
2316,register,1970-04-26 19:25:16,259
2317,evaluate,1970-04-26 19:25:17,259
2318,processing required,1970-04-26 19:25:18,259
2319,send questionnaire,1970-04-26 19:25:19,259
2320,time out,1970-04-26 19:25:20,259
2321,process complaint,1970-04-26 19:25:21,259
2322,check processing,1970-04-26 19:25:22,259
2323,processing ok,1970-04-26 19:25:23,259
2324,archive,1970-04-26 19:25:24,259
2325,register,1970-04-26 19:25:25,260
2326,evaluate,1970-04-26 19:25:26,260
2327,no processing,1970-04-26 19:25:27,260
2328,send questionnaire,1970-04-26 19:25:28,260
2329,process questionnaire,1970-04-26 19:25:29,260
2330,archive,1970-04-26 19:25:30,260
2331,register,1970-04-26 19:25:31,261
2332,evaluate,1970-04-26 19:25:32,261
2333,no processing,1970-04-26 19:25:33,261
2334,send questionnaire,1970-04-26 19:25:34,261
2335,time out,1970-04-26 19:25:35,261
2336,archive,1970-04-26 19:25:36,261
2337,register,1970-04-26 19:25:37,262
2338,evaluate,1970-04-26 19:25:38,262
2339,processing required,1970-04-26 19:25:39,262
2340,send questionnaire,1970-04-26 19:25:40,262
2341,time out,1970-04-26 19:25:41,262
2342,process complaint,1970-04-26 19:25:42,262
2343,check processing,1970-04-26 19:25:43,262
2344,processing ok,1970-04-26 19:25:44,262
2345,archive,1970-04-26 19:25:45,262
2346,register,1970-04-26 19:25:46,263
2347,evaluate,1970-04-26 19:25:47,263
2348,processing required,1970-04-26 19:25:48,263
2349,send questionnaire,1970-04-26 19:25:49,263
2350,process questionnaire,1970-04-26 19:25:50,263
2351,process complaint,1970-04-26 19:25:51,263
2352,check processing,1970-04-26 19:25:52,263
2353,processing ok,1970-04-26 19:25:53,263
2354,archive,1970-04-26 19:25:54,263
2355,register,1970-04-26 19:25:55,264
2356,send questionnaire,1970-04-26 19:25:56,264
2357,time out,1970-04-26 19:25:57,264
2358,evaluate,1970-04-26 19:25:58,264
2359,processing required,1970-04-26 19:25:59,264
2360,process complaint,1970-04-26 19:26:00,264
2361,check processing,1970-04-26 19:26:01,264
2362,processing ok,1970-04-26 19:26:02,264
2363,archive,1970-04-26 19:26:03,264
2364,register,1970-04-26 19:26:04,265
2365,evaluate,1970-04-26 19:26:05,265
2366,send questionnaire,1970-04-26 19:26:06,265
2367,no processing,1970-04-26 19:26:07,265
2368,process questionnaire,1970-04-26 19:26:08,265
2369,archive,1970-04-26 19:26:09,265
2370,register,1970-04-26 19:26:10,266
2371,send questionnaire,1970-04-26 19:26:11,266
2372,time out,1970-04-26 19:26:12,266
2373,evaluate,1970-04-26 19:26:13,266
2374,no processing,1970-04-26 19:26:14,266
2375,archive,1970-04-26 19:26:15,266
2376,register,1970-04-26 19:26:16,267
2377,send questionnaire,1970-04-26 19:26:17,267
2378,process questionnaire,1970-04-26 19:26:18,267
2379,evaluate,1970-04-26 19:26:19,267
2380,no processing,1970-04-26 19:26:20,267
2381,archive,1970-04-26 19:26:21,267
2382,register,1970-04-26 19:26:22,268
2383,send questionnaire,1970-04-26 19:26:23,268
2384,process questionnaire,1970-04-26 19:26:24,268
2385,evaluate,1970-04-26 19:26:25,268
2386,processing required,1970-04-26 19:26:26,268
2387,process complaint,1970-04-26 19:26:27,268
2388,check processing,1970-04-26 19:26:28,268
2389,processing ok,1970-04-26 19:26:29,268
2390,archive,1970-04-26 19:26:30,268
2391,register,1970-04-26 19:26:31,269
2392,evaluate,1970-04-26 19:26:32,269
2393,no processing,1970-04-26 19:26:33,269
2394,send questionnaire,1970-04-26 19:26:34,269
2395,process questionnaire,1970-04-26 19:26:35,269
2396,archive,1970-04-26 19:26:36,269
2397,register,1970-04-26 19:26:37,270
2398,evaluate,1970-04-26 19:26:38,270
2399,no processing,1970-04-26 19:26:39,270
2400,send questionnaire,1970-04-26 19:26:40,270
2401,process questionnaire,1970-04-26 19:26:41,270
2402,archive,1970-04-26 19:26:42,270
2403,register,1970-04-26 19:26:43,271
2404,evaluate,1970-04-26 19:26:44,271
2405,no processing,1970-04-26 19:26:45,271
2406,send questionnaire,1970-04-26 19:26:46,271
2407,time out,1970-04-26 19:26:47,271
2408,archive,1970-04-26 19:26:48,271
2409,register,1970-04-26 19:26:49,272
2410,send questionnaire,1970-04-26 19:26:50,272
2411,evaluate,1970-04-26 19:26:51,272
2412,no processing,1970-04-26 19:26:52,272
2413,time out,1970-04-26 19:26:53,272
2414,archive,1970-04-26 19:26:54,272
2415,register,1970-04-26 19:26:55,273
2416,evaluate,1970-04-26 19:26:56,273
2417,processing required,1970-04-26 19:26:57,273
2418,send questionnaire,1970-04-26 19:26:58,273
2419,process questionnaire,1970-04-26 19:26:59,273
2420,process complaint,1970-04-26 19:27:00,273
2421,check processing,1970-04-26 19:27:01,273
2422,processing ok,1970-04-26 19:27:02,273
2423,archive,1970-04-26 19:27:03,273
2424,register,1970-04-26 19:27:04,274
2425,evaluate,1970-04-26 19:27:05,274
2426,no processing,1970-04-26 19:27:06,274
2427,send questionnaire,1970-04-26 19:27:07,274
2428,process questionnaire,1970-04-26 19:27:08,274
2429,archive,1970-04-26 19:27:09,274
2430,register,1970-04-26 19:27:10,275
2431,evaluate,1970-04-26 19:27:11,275
2432,no processing,1970-04-26 19:27:12,275
2433,send questionnaire,1970-04-26 19:27:13,275
2434,time out,1970-04-26 19:27:14,275
2435,archive,1970-04-26 19:27:15,275
2436,register,1970-04-26 19:27:16,276
2437,evaluate,1970-04-26 19:27:17,276
2438,no processing,1970-04-26 19:27:18,276
2439,send questionnaire,1970-04-26 19:27:19,276
2440,time out,1970-04-26 19:27:20,276
2441,archive,1970-04-26 19:27:21,276
2442,register,1970-04-26 19:27:22,277
2443,send questionnaire,1970-04-26 19:27:23,277
2444,time out,1970-04-26 19:27:24,277
2445,evaluate,1970-04-26 19:27:25,277
2446,no processing,1970-04-26 19:27:26,277
2447,archive,1970-04-26 19:27:27,277
2448,register,1970-04-26 19:27:28,278
2449,send questionnaire,1970-04-26 19:27:29,278
2450,time out,1970-04-26 19:27:30,278
2451,evaluate,1970-04-26 19:27:31,278
2452,no processing,1970-04-26 19:27:32,278
2453,archive,1970-04-26 19:27:33,278
2454,register,1970-04-26 19:27:34,279
2455,send questionnaire,1970-04-26 19:27:35,279
2456,process questionnaire,1970-04-26 19:27:36,279
2457,evaluate,1970-04-26 19:27:37,279
2458,no processing,1970-04-26 19:27:38,279
2459,archive,1970-04-26 19:27:39,279
2460,register,1970-04-26 19:27:40,280
2461,evaluate,1970-04-26 19:27:41,280
2462,send questionnaire,1970-04-26 19:27:42,280
2463,time out,1970-04-26 19:27:43,280
2464,processing required,1970-04-26 19:27:44,280
2465,process complaint,1970-04-26 19:27:45,280
2466,check processing,1970-04-26 19:27:46,280
2467,processing ok,1970-04-26 19:27:47,280
2468,archive,1970-04-26 19:27:48,280
2469,register,1970-04-26 19:27:49,281
2470,send questionnaire,1970-04-26 19:27:50,281
2471,time out,1970-04-26 19:27:51,281
2472,evaluate,1970-04-26 19:27:52,281
2473,processing required,1970-04-26 19:27:53,281
2474,process complaint,1970-04-26 19:27:54,281
2475,check processing,1970-04-26 19:27:55,281
2476,processing ok,1970-04-26 19:27:56,281
2477,archive,1970-04-26 19:27:57,281
2478,register,1970-04-26 19:27:58,282
2479,evaluate,1970-04-26 19:27:59,282
2480,send questionnaire,1970-04-26 19:28:00,282
2481,time out,1970-04-26 19:28:01,282
2482,processing required,1970-04-26 19:28:02,282
2483,process complaint,1970-04-26 19:28:03,282
2484,check processing,1970-04-26 19:28:04,282
2485,processing nok,1970-04-26 19:28:05,282
2486,process complaint,1970-04-26 19:28:06,282
2487,check processing,1970-04-26 19:28:07,282
2488,processing ok,1970-04-26 19:28:08,282
2489,archive,1970-04-26 19:28:09,282
2490,register,1970-04-26 19:28:10,283
2491,evaluate,1970-04-26 19:28:11,283
2492,send questionnaire,1970-04-26 19:28:12,283
2493,processing required,1970-04-26 19:28:13,283
2494,process questionnaire,1970-04-26 19:28:14,283
2495,process complaint,1970-04-26 19:28:15,283
2496,check processing,1970-04-26 19:28:16,283
2497,processing ok,1970-04-26 19:28:17,283
2498,archive,1970-04-26 19:28:18,283
2499,register,1970-04-26 19:28:19,284
2500,send questionnaire,1970-04-26 19:28:20,284
2501,time out,1970-04-26 19:28:21,284
2502,evaluate,1970-04-26 19:28:22,284
2503,no processing,1970-04-26 19:28:23,284
2504,archive,1970-04-26 19:28:24,284
2505,register,1970-04-26 19:28:25,285
2506,evaluate,1970-04-26 19:28:26,285
2507,send questionnaire,1970-04-26 19:28:27,285
2508,no processing,1970-04-26 19:28:28,285
2509,process questionnaire,1970-04-26 19:28:29,285
2510,archive,1970-04-26 19:28:30,285
2511,register,1970-04-26 19:28:31,286
2512,send questionnaire,1970-04-26 19:28:32,286
2513,process questionnaire,1970-04-26 19:28:33,286
2514,evaluate,1970-04-26 19:28:34,286
2515,processing required,1970-04-26 19:28:35,286
2516,process complaint,1970-04-26 19:28:36,286
2517,check processing,1970-04-26 19:28:37,286
2518,processing nok,1970-04-26 19:28:38,286
2519,process complaint,1970-04-26 19:28:39,286
2520,check processing,1970-04-26 19:28:40,286
2521,processing nok,1970-04-26 19:28:41,286
2522,process complaint,1970-04-26 19:28:42,286
2523,check processing,1970-04-26 19:28:43,286
2524,processing ok,1970-04-26 19:28:44,286
2525,archive,1970-04-26 19:28:45,286
2526,register,1970-04-26 19:28:46,287
2527,send questionnaire,1970-04-26 19:28:47,287
2528,process questionnaire,1970-04-26 19:28:48,287
2529,evaluate,1970-04-26 19:28:49,287
2530,no processing,1970-04-26 19:28:50,287
2531,archive,1970-04-26 19:28:51,287
2532,register,1970-04-26 19:28:52,288
2533,send questionnaire,1970-04-26 19:28:53,288
2534,time out,1970-04-26 19:28:54,288
2535,evaluate,1970-04-26 19:28:55,288
2536,processing required,1970-04-26 19:28:56,288
2537,process complaint,1970-04-26 19:28:57,288
2538,check processing,1970-04-26 19:28:58,288
2539,processing nok,1970-04-26 19:28:59,288
2540,process complaint,1970-04-26 19:29:00,288
2541,check processing,1970-04-26 19:29:01,288
2542,processing ok,1970-04-26 19:29:02,288
2543,archive,1970-04-26 19:29:03,288
2544,register,1970-04-26 19:29:04,289
2545,send questionnaire,1970-04-26 19:29:05,289
2546,process questionnaire,1970-04-26 19:29:06,289
2547,evaluate,1970-04-26 19:29:07,289
2548,no processing,1970-04-26 19:29:08,289
2549,archive,1970-04-26 19:29:09,289
2550,register,1970-04-26 19:29:10,290
2551,send questionnaire,1970-04-26 19:29:11,290
2552,evaluate,1970-04-26 19:29:12,290
2553,no processing,1970-04-26 19:29:13,290
2554,process questionnaire,1970-04-26 19:29:14,290
2555,archive,1970-04-26 19:29:15,290
2556,register,1970-04-26 19:29:16,291
2557,evaluate,1970-04-26 19:29:17,291
2558,processing required,1970-04-26 19:29:18,291
2559,send questionnaire,1970-04-26 19:29:19,291
2560,time out,1970-04-26 19:29:20,291
2561,process complaint,1970-04-26 19:29:21,291
2562,check processing,1970-04-26 19:29:22,291
2563,processing ok,1970-04-26 19:29:23,291
2564,archive,1970-04-26 19:29:24,291
2565,register,1970-04-26 19:29:25,292
2566,evaluate,1970-04-26 19:29:26,292
2567,no processing,1970-04-26 19:29:27,292
2568,send questionnaire,1970-04-26 19:29:28,292
2569,time out,1970-04-26 19:29:29,292
2570,archive,1970-04-26 19:29:30,292
2571,register,1970-04-26 19:29:31,293
2572,evaluate,1970-04-26 19:29:32,293
2573,processing required,1970-04-26 19:29:33,293
2574,send questionnaire,1970-04-26 19:29:34,293
2575,process questionnaire,1970-04-26 19:29:35,293
2576,process complaint,1970-04-26 19:29:36,293
2577,check processing,1970-04-26 19:29:37,293
2578,processing ok,1970-04-26 19:29:38,293
2579,archive,1970-04-26 19:29:39,293
2580,register,1970-04-26 19:29:40,294
2581,send questionnaire,1970-04-26 19:29:41,294
2582,evaluate,1970-04-26 19:29:42,294
2583,no processing,1970-04-26 19:29:43,294
2584,process questionnaire,1970-04-26 19:29:44,294
2585,archive,1970-04-26 19:29:45,294
2586,register,1970-04-26 19:29:46,295
2587,send questionnaire,1970-04-26 19:29:47,295
2588,evaluate,1970-04-26 19:29:48,295
2589,time out,1970-04-26 19:29:49,295
2590,no processing,1970-04-26 19:29:50,295
2591,archive,1970-04-26 19:29:51,295
2592,register,1970-04-26 19:29:52,296
2593,send questionnaire,1970-04-26 19:29:53,296
2594,evaluate,1970-04-26 19:29:54,296
2595,process questionnaire,1970-04-26 19:29:55,296
2596,processing required,1970-04-26 19:29:56,296
2597,process complaint,1970-04-26 19:29:57,296
2598,check processing,1970-04-26 19:29:58,296
2599,processing ok,1970-04-26 19:29:59,296
2600,archive,1970-04-26 19:30:00,296
2601,register,1970-04-26 19:30:01,297
2602,evaluate,1970-04-26 19:30:02,297
2603,processing required,1970-04-26 19:30:03,297
2604,send questionnaire,1970-04-26 19:30:04,297
2605,time out,1970-04-26 19:30:05,297
2606,process complaint,1970-04-26 19:30:06,297
2607,check processing,1970-04-26 19:30:07,297
2608,processing ok,1970-04-26 19:30:08,297
2609,archive,1970-04-26 19:30:09,297
2610,register,1970-04-26 19:30:10,298
2611,evaluate,1970-04-26 19:30:11,298
2612,send questionnaire,1970-04-26 19:30:12,298
2613,process questionnaire,1970-04-26 19:30:13,298
2614,no processing,1970-04-26 19:30:14,298
2615,archive,1970-04-26 19:30:15,298
2616,register,1970-04-26 19:30:16,299
2617,send questionnaire,1970-04-26 19:30:17,299
2618,time out,1970-04-26 19:30:18,299
2619,evaluate,1970-04-26 19:30:19,299
2620,processing required,1970-04-26 19:30:20,299
2621,process complaint,1970-04-26 19:30:21,299
2622,check processing,1970-04-26 19:30:22,299
2623,processing nok,1970-04-26 19:30:23,299
2624,process complaint,1970-04-26 19:30:24,299
2625,check processing,1970-04-26 19:30:25,299
2626,processing ok,1970-04-26 19:30:26,299
2627,archive,1970-04-26 19:30:27,299
2628,register,1970-04-26 19:30:28,300
2629,send questionnaire,1970-04-26 19:30:29,300
2630,evaluate,1970-04-26 19:30:30,300
2631,no processing,1970-04-26 19:30:31,300
2632,process questionnaire,1970-04-26 19:30:32,300
2633,archive,1970-04-26 19:30:33,300
2634,register,1970-04-26 19:30:34,301
2635,evaluate,1970-04-26 19:30:35,301
2636,processing required,1970-04-26 19:30:36,301
2637,send questionnaire,1970-04-26 19:30:37,301
2638,process questionnaire,1970-04-26 19:30:38,301
2639,process complaint,1970-04-26 19:30:39,301
2640,check processing,1970-04-26 19:30:40,301
2641,processing ok,1970-04-26 19:30:41,301
2642,archive,1970-04-26 19:30:42,301
2643,register,1970-04-26 19:30:43,302
2644,evaluate,1970-04-26 19:30:44,302
2645,processing required,1970-04-26 19:30:45,302
2646,send questionnaire,1970-04-26 19:30:46,302
2647,process questionnaire,1970-04-26 19:30:47,302
2648,process complaint,1970-04-26 19:30:48,302
2649,check processing,1970-04-26 19:30:49,302
2650,processing nok,1970-04-26 19:30:50,302
2651,process complaint,1970-04-26 19:30:51,302
2652,check processing,1970-04-26 19:30:52,302
2653,processing ok,1970-04-26 19:30:53,302
2654,archive,1970-04-26 19:30:54,302
2655,register,1970-04-26 19:30:55,303
2656,evaluate,1970-04-26 19:30:56,303
2657,no processing,1970-04-26 19:30:57,303
2658,send questionnaire,1970-04-26 19:30:58,303
2659,process questionnaire,1970-04-26 19:30:59,303
2660,archive,1970-04-26 19:31:00,303
2661,register,1970-04-26 19:31:01,304
2662,send questionnaire,1970-04-26 19:31:02,304
2663,evaluate,1970-04-26 19:31:03,304
2664,process questionnaire,1970-04-26 19:31:04,304
2665,processing required,1970-04-26 19:31:05,304
2666,process complaint,1970-04-26 19:31:06,304
2667,check processing,1970-04-26 19:31:07,304
2668,processing nok,1970-04-26 19:31:08,304
2669,process complaint,1970-04-26 19:31:09,304
2670,check processing,1970-04-26 19:31:10,304
2671,processing nok,1970-04-26 19:31:11,304
2672,process complaint,1970-04-26 19:31:12,304
2673,check processing,1970-04-26 19:31:13,304
2674,processing nok,1970-04-26 19:31:14,304
2675,process complaint,1970-04-26 19:31:15,304
2676,check processing,1970-04-26 19:31:16,304
2677,processing ok,1970-04-26 19:31:17,304
2678,archive,1970-04-26 19:31:18,304
2679,register,1970-04-26 19:31:19,305
2680,evaluate,1970-04-26 19:31:20,305
2681,no processing,1970-04-26 19:31:21,305
2682,send questionnaire,1970-04-26 19:31:22,305
2683,time out,1970-04-26 19:31:23,305
2684,archive,1970-04-26 19:31:24,305
2685,register,1970-04-26 19:31:25,306
2686,evaluate,1970-04-26 19:31:26,306
2687,send questionnaire,1970-04-26 19:31:27,306
2688,no processing,1970-04-26 19:31:28,306
2689,time out,1970-04-26 19:31:29,306
2690,archive,1970-04-26 19:31:30,306
2691,register,1970-04-26 19:31:31,307
2692,evaluate,1970-04-26 19:31:32,307
2693,send questionnaire,1970-04-26 19:31:33,307
2694,process questionnaire,1970-04-26 19:31:34,307
2695,processing required,1970-04-26 19:31:35,307
2696,process complaint,1970-04-26 19:31:36,307
2697,check processing,1970-04-26 19:31:37,307
2698,processing nok,1970-04-26 19:31:38,307
2699,process complaint,1970-04-26 19:31:39,307
2700,check processing,1970-04-26 19:31:40,307
2701,processing ok,1970-04-26 19:31:41,307
2702,archive,1970-04-26 19:31:42,307
2703,register,1970-04-26 19:31:43,308
2704,send questionnaire,1970-04-26 19:31:44,308
2705,time out,1970-04-26 19:31:45,308
2706,evaluate,1970-04-26 19:31:46,308
2707,no processing,1970-04-26 19:31:47,308
2708,archive,1970-04-26 19:31:48,308
2709,register,1970-04-26 19:31:49,309
2710,evaluate,1970-04-26 19:31:50,309
2711,processing required,1970-04-26 19:31:51,309
2712,send questionnaire,1970-04-26 19:31:52,309
2713,process questionnaire,1970-04-26 19:31:53,309
2714,process complaint,1970-04-26 19:31:54,309
2715,check processing,1970-04-26 19:31:55,309
2716,processing ok,1970-04-26 19:31:56,309
2717,archive,1970-04-26 19:31:57,309
2718,register,1970-04-26 19:31:58,310
2719,send questionnaire,1970-04-26 19:31:59,310
2720,time out,1970-04-26 19:32:00,310
2721,evaluate,1970-04-26 19:32:01,310
2722,processing required,1970-04-26 19:32:02,310
2723,process complaint,1970-04-26 19:32:03,310
2724,check processing,1970-04-26 19:32:04,310
2725,processing nok,1970-04-26 19:32:05,310
2726,process complaint,1970-04-26 19:32:06,310
2727,check processing,1970-04-26 19:32:07,310
2728,processing ok,1970-04-26 19:32:08,310
2729,archive,1970-04-26 19:32:09,310
2730,register,1970-04-26 19:32:10,311
2731,send questionnaire,1970-04-26 19:32:11,311
2732,evaluate,1970-04-26 19:32:12,311
2733,process questionnaire,1970-04-26 19:32:13,311
2734,processing required,1970-04-26 19:32:14,311
2735,process complaint,1970-04-26 19:32:15,311
2736,check processing,1970-04-26 19:32:16,311
2737,processing nok,1970-04-26 19:32:17,311
2738,process complaint,1970-04-26 19:32:18,311
2739,check processing,1970-04-26 19:32:19,311
2740,processing ok,1970-04-26 19:32:20,311
2741,archive,1970-04-26 19:32:21,311
2742,register,1970-04-26 19:32:22,312
2743,evaluate,1970-04-26 19:32:23,312
2744,send questionnaire,1970-04-26 19:32:24,312
2745,no processing,1970-04-26 19:32:25,312
2746,process questionnaire,1970-04-26 19:32:26,312
2747,archive,1970-04-26 19:32:27,312
2748,register,1970-04-26 19:32:28,313
2749,send questionnaire,1970-04-26 19:32:29,313
2750,evaluate,1970-04-26 19:32:30,313
2751,no processing,1970-04-26 19:32:31,313
2752,process questionnaire,1970-04-26 19:32:32,313
2753,archive,1970-04-26 19:32:33,313
2754,register,1970-04-26 19:32:34,314
2755,send questionnaire,1970-04-26 19:32:35,314
2756,process questionnaire,1970-04-26 19:32:36,314
2757,evaluate,1970-04-26 19:32:37,314
2758,processing required,1970-04-26 19:32:38,314
2759,process complaint,1970-04-26 19:32:39,314
2760,check processing,1970-04-26 19:32:40,314
2761,processing nok,1970-04-26 19:32:41,314
2762,process complaint,1970-04-26 19:32:42,314
2763,check processing,1970-04-26 19:32:43,314
2764,processing nok,1970-04-26 19:32:44,314
2765,process complaint,1970-04-26 19:32:45,314
2766,check processing,1970-04-26 19:32:46,314
2767,processing ok,1970-04-26 19:32:47,314
2768,archive,1970-04-26 19:32:48,314
2769,register,1970-04-26 19:32:49,315
2770,send questionnaire,1970-04-26 19:32:50,315
2771,evaluate,1970-04-26 19:32:51,315
2772,processing required,1970-04-26 19:32:52,315
2773,process questionnaire,1970-04-26 19:32:53,315
2774,process complaint,1970-04-26 19:32:54,315
2775,check processing,1970-04-26 19:32:55,315
2776,processing ok,1970-04-26 19:32:56,315
2777,archive,1970-04-26 19:32:57,315
2778,register,1970-04-26 19:32:58,316
2779,send questionnaire,1970-04-26 19:32:59,316
2780,process questionnaire,1970-04-26 19:33:00,316
2781,evaluate,1970-04-26 19:33:01,316
2782,processing required,1970-04-26 19:33:02,316
2783,process complaint,1970-04-26 19:33:03,316
2784,check processing,1970-04-26 19:33:04,316
2785,processing ok,1970-04-26 19:33:05,316
2786,archive,1970-04-26 19:33:06,316
2787,register,1970-04-26 19:33:07,317
2788,send questionnaire,1970-04-26 19:33:08,317
2789,evaluate,1970-04-26 19:33:09,317
2790,time out,1970-04-26 19:33:10,317
2791,no processing,1970-04-26 19:33:11,317
2792,archive,1970-04-26 19:33:12,317
2793,register,1970-04-26 19:33:13,318
2794,evaluate,1970-04-26 19:33:14,318
2795,no processing,1970-04-26 19:33:15,318
2796,send questionnaire,1970-04-26 19:33:16,318
2797,process questionnaire,1970-04-26 19:33:17,318
2798,archive,1970-04-26 19:33:18,318
2799,register,1970-04-26 19:33:19,319
2800,send questionnaire,1970-04-26 19:33:20,319
2801,evaluate,1970-04-26 19:33:21,319
2802,time out,1970-04-26 19:33:22,319
2803,processing required,1970-04-26 19:33:23,319
2804,process complaint,1970-04-26 19:33:24,319
2805,check processing,1970-04-26 19:33:25,319
2806,processing nok,1970-04-26 19:33:26,319
2807,process complaint,1970-04-26 19:33:27,319
2808,check processing,1970-04-26 19:33:28,319
2809,processing nok,1970-04-26 19:33:29,319
2810,process complaint,1970-04-26 19:33:30,319
2811,check processing,1970-04-26 19:33:31,319
2812,processing nok,1970-04-26 19:33:32,319
2813,process complaint,1970-04-26 19:33:33,319
2814,check processing,1970-04-26 19:33:34,319
2815,processing nok,1970-04-26 19:33:35,319
2816,process complaint,1970-04-26 19:33:36,319
2817,check processing,1970-04-26 19:33:37,319
2818,processing nok,1970-04-26 19:33:38,319
2819,process complaint,1970-04-26 19:33:39,319
2820,check processing,1970-04-26 19:33:40,319
2821,processing nok,1970-04-26 19:33:41,319
2822,process complaint,1970-04-26 19:33:42,319
2823,check processing,1970-04-26 19:33:43,319
2824,processing ok,1970-04-26 19:33:44,319
2825,archive,1970-04-26 19:33:45,319
2826,register,1970-04-26 19:33:46,320
2827,evaluate,1970-04-26 19:33:47,320
2828,processing required,1970-04-26 19:33:48,320
2829,send questionnaire,1970-04-26 19:33:49,320
2830,time out,1970-04-26 19:33:50,320
2831,process complaint,1970-04-26 19:33:51,320
2832,check processing,1970-04-26 19:33:52,320
2833,processing nok,1970-04-26 19:33:53,320
2834,process complaint,1970-04-26 19:33:54,320
2835,check processing,1970-04-26 19:33:55,320
2836,processing ok,1970-04-26 19:33:56,320
2837,archive,1970-04-26 19:33:57,320
2838,register,1970-04-26 19:33:58,321
2839,send questionnaire,1970-04-26 19:33:59,321
2840,time out,1970-04-26 19:34:00,321
2841,evaluate,1970-04-26 19:34:01,321
2842,no processing,1970-04-26 19:34:02,321
2843,archive,1970-04-26 19:34:03,321
2844,register,1970-04-26 19:34:04,322
2845,evaluate,1970-04-26 19:34:05,322
2846,no processing,1970-04-26 19:34:06,322
2847,send questionnaire,1970-04-26 19:34:07,322
2848,process questionnaire,1970-04-26 19:34:08,322
2849,archive,1970-04-26 19:34:09,322
2850,register,1970-04-26 19:34:10,323
2851,send questionnaire,1970-04-26 19:34:11,323
2852,process questionnaire,1970-04-26 19:34:12,323
2853,evaluate,1970-04-26 19:34:13,323
2854,processing required,1970-04-26 19:34:14,323
2855,process complaint,1970-04-26 19:34:15,323
2856,check processing,1970-04-26 19:34:16,323
2857,processing ok,1970-04-26 19:34:17,323
2858,archive,1970-04-26 19:34:18,323
2859,register,1970-04-26 19:34:19,324
2860,send questionnaire,1970-04-26 19:34:20,324
2861,time out,1970-04-26 19:34:21,324
2862,evaluate,1970-04-26 19:34:22,324
2863,no processing,1970-04-26 19:34:23,324
2864,archive,1970-04-26 19:34:24,324
2865,register,1970-04-26 19:34:25,325
2866,send questionnaire,1970-04-26 19:34:26,325
2867,process questionnaire,1970-04-26 19:34:27,325
2868,evaluate,1970-04-26 19:34:28,325
2869,processing required,1970-04-26 19:34:29,325
2870,process complaint,1970-04-26 19:34:30,325
2871,check processing,1970-04-26 19:34:31,325
2872,processing ok,1970-04-26 19:34:32,325
2873,archive,1970-04-26 19:34:33,325
2874,register,1970-04-26 19:34:34,326
2875,send questionnaire,1970-04-26 19:34:35,326
2876,evaluate,1970-04-26 19:34:36,326
2877,processing required,1970-04-26 19:34:37,326
2878,process questionnaire,1970-04-26 19:34:38,326
2879,process complaint,1970-04-26 19:34:39,326
2880,check processing,1970-04-26 19:34:40,326
2881,processing ok,1970-04-26 19:34:41,326
2882,archive,1970-04-26 19:34:42,326
2883,register,1970-04-26 19:34:43,327
2884,evaluate,1970-04-26 19:34:44,327
2885,processing required,1970-04-26 19:34:45,327
2886,send questionnaire,1970-04-26 19:34:46,327
2887,time out,1970-04-26 19:34:47,327
2888,process complaint,1970-04-26 19:34:48,327
2889,check processing,1970-04-26 19:34:49,327
2890,processing nok,1970-04-26 19:34:50,327
2891,process complaint,1970-04-26 19:34:51,327
2892,check processing,1970-04-26 19:34:52,327
2893,processing ok,1970-04-26 19:34:53,327
2894,archive,1970-04-26 19:34:54,327
2895,register,1970-04-26 19:34:55,328
2896,evaluate,1970-04-26 19:34:56,328
2897,send questionnaire,1970-04-26 19:34:57,328
2898,processing required,1970-04-26 19:34:58,328
2899,time out,1970-04-26 19:34:59,328
2900,process complaint,1970-04-26 19:35:00,328
2901,check processing,1970-04-26 19:35:01,328
2902,processing ok,1970-04-26 19:35:02,328
2903,archive,1970-04-26 19:35:03,328
2904,register,1970-04-26 19:35:04,329
2905,send questionnaire,1970-04-26 19:35:05,329
2906,process questionnaire,1970-04-26 19:35:06,329
2907,evaluate,1970-04-26 19:35:07,329
2908,processing required,1970-04-26 19:35:08,329
2909,process complaint,1970-04-26 19:35:09,329
2910,check processing,1970-04-26 19:35:10,329
2911,processing nok,1970-04-26 19:35:11,329
2912,process complaint,1970-04-26 19:35:12,329
2913,check processing,1970-04-26 19:35:13,329
2914,processing ok,1970-04-26 19:35:14,329
2915,archive,1970-04-26 19:35:15,329
2916,register,1970-04-26 19:35:16,330
2917,send questionnaire,1970-04-26 19:35:17,330
2918,time out,1970-04-26 19:35:18,330
2919,evaluate,1970-04-26 19:35:19,330
2920,no processing,1970-04-26 19:35:20,330
2921,archive,1970-04-26 19:35:21,330
2922,register,1970-04-26 19:35:22,331
2923,send questionnaire,1970-04-26 19:35:23,331
2924,evaluate,1970-04-26 19:35:24,331
2925,process questionnaire,1970-04-26 19:35:25,331
2926,no processing,1970-04-26 19:35:26,331
2927,archive,1970-04-26 19:35:27,331
2928,register,1970-04-26 19:35:28,332
2929,send questionnaire,1970-04-26 19:35:29,332
2930,process questionnaire,1970-04-26 19:35:30,332
2931,evaluate,1970-04-26 19:35:31,332
2932,no processing,1970-04-26 19:35:32,332
2933,archive,1970-04-26 19:35:33,332
2934,register,1970-04-26 19:35:34,333
2935,evaluate,1970-04-26 19:35:35,333
2936,no processing,1970-04-26 19:35:36,333
2937,send questionnaire,1970-04-26 19:35:37,333
2938,process questionnaire,1970-04-26 19:35:38,333
2939,archive,1970-04-26 19:35:39,333
2940,register,1970-04-26 19:35:40,334
2941,evaluate,1970-04-26 19:35:41,334
2942,send questionnaire,1970-04-26 19:35:42,334
2943,time out,1970-04-26 19:35:43,334
2944,processing required,1970-04-26 19:35:44,334
2945,process complaint,1970-04-26 19:35:45,334
2946,check processing,1970-04-26 19:35:46,334
2947,processing nok,1970-04-26 19:35:47,334
2948,process complaint,1970-04-26 19:35:48,334
2949,check processing,1970-04-26 19:35:49,334
2950,processing ok,1970-04-26 19:35:50,334
2951,archive,1970-04-26 19:35:51,334
2952,register,1970-04-26 19:35:52,335
2953,evaluate,1970-04-26 19:35:53,335
2954,processing required,1970-04-26 19:35:54,335
2955,send questionnaire,1970-04-26 19:35:55,335
2956,time out,1970-04-26 19:35:56,335
2957,process complaint,1970-04-26 19:35:57,335
2958,check processing,1970-04-26 19:35:58,335
2959,processing ok,1970-04-26 19:35:59,335
2960,archive,1970-04-26 19:36:00,335
2961,register,1970-04-26 19:36:01,336
2962,evaluate,1970-04-26 19:36:02,336
2963,send questionnaire,1970-04-26 19:36:03,336
2964,time out,1970-04-26 19:36:04,336
2965,no processing,1970-04-26 19:36:05,336
2966,archive,1970-04-26 19:36:06,336
2967,register,1970-04-26 19:36:07,337
2968,evaluate,1970-04-26 19:36:08,337
2969,no processing,1970-04-26 19:36:09,337
2970,send questionnaire,1970-04-26 19:36:10,337
2971,process questionnaire,1970-04-26 19:36:11,337
2972,archive,1970-04-26 19:36:12,337
2973,register,1970-04-26 19:36:13,338
2974,evaluate,1970-04-26 19:36:14,338
2975,no processing,1970-04-26 19:36:15,338
2976,send questionnaire,1970-04-26 19:36:16,338
2977,time out,1970-04-26 19:36:17,338
2978,archive,1970-04-26 19:36:18,338
2979,register,1970-04-26 19:36:19,339
2980,evaluate,1970-04-26 19:36:20,339
2981,no processing,1970-04-26 19:36:21,339
2982,send questionnaire,1970-04-26 19:36:22,339
2983,time out,1970-04-26 19:36:23,339
2984,archive,1970-04-26 19:36:24,339
2985,register,1970-04-26 19:36:25,340
2986,send questionnaire,1970-04-26 19:36:26,340
2987,process questionnaire,1970-04-26 19:36:27,340
2988,evaluate,1970-04-26 19:36:28,340
2989,no processing,1970-04-26 19:36:29,340
2990,archive,1970-04-26 19:36:30,340
2991,register,1970-04-26 19:36:31,341
2992,send questionnaire,1970-04-26 19:36:32,341
2993,process questionnaire,1970-04-26 19:36:33,341
2994,evaluate,1970-04-26 19:36:34,341
2995,processing required,1970-04-26 19:36:35,341
2996,process complaint,1970-04-26 19:36:36,341
2997,check processing,1970-04-26 19:36:37,341
2998,processing ok,1970-04-26 19:36:38,341
2999,archive,1970-04-26 19:36:39,341
3000,register,1970-04-26 19:36:40,342
3001,send questionnaire,1970-04-26 19:36:41,342
3002,time out,1970-04-26 19:36:42,342
3003,evaluate,1970-04-26 19:36:43,342
3004,processing required,1970-04-26 19:36:44,342
3005,process complaint,1970-04-26 19:36:45,342
3006,check processing,1970-04-26 19:36:46,342
3007,processing nok,1970-04-26 19:36:47,342
3008,process complaint,1970-04-26 19:36:48,342
3009,check processing,1970-04-26 19:36:49,342
3010,processing ok,1970-04-26 19:36:50,342
3011,archive,1970-04-26 19:36:51,342
3012,register,1970-04-26 19:36:52,343
3013,evaluate,1970-04-26 19:36:53,343
3014,no processing,1970-04-26 19:36:54,343
3015,send questionnaire,1970-04-26 19:36:55,343
3016,process questionnaire,1970-04-26 19:36:56,343
3017,archive,1970-04-26 19:36:57,343
3018,register,1970-04-26 19:36:58,344
3019,send questionnaire,1970-04-26 19:36:59,344
3020,evaluate,1970-04-26 19:37:00,344
3021,time out,1970-04-26 19:37:01,344
3022,processing required,1970-04-26 19:37:02,344
3023,process complaint,1970-04-26 19:37:03,344
3024,check processing,1970-04-26 19:37:04,344
3025,processing nok,1970-04-26 19:37:05,344
3026,process complaint,1970-04-26 19:37:06,344
3027,check processing,1970-04-26 19:37:07,344
3028,processing ok,1970-04-26 19:37:08,344
3029,archive,1970-04-26 19:37:09,344
3030,register,1970-04-26 19:37:10,345
3031,send questionnaire,1970-04-26 19:37:11,345
3032,time out,1970-04-26 19:37:12,345
3033,evaluate,1970-04-26 19:37:13,345
3034,processing required,1970-04-26 19:37:14,345
3035,process complaint,1970-04-26 19:37:15,345
3036,check processing,1970-04-26 19:37:16,345
3037,processing ok,1970-04-26 19:37:17,345
3038,archive,1970-04-26 19:37:18,345
3039,register,1970-04-26 19:37:19,346
3040,evaluate,1970-04-26 19:37:20,346
3041,send questionnaire,1970-04-26 19:37:21,346
3042,no processing,1970-04-26 19:37:22,346
3043,time out,1970-04-26 19:37:23,346
3044,archive,1970-04-26 19:37:24,346
3045,register,1970-04-26 19:37:25,347
3046,evaluate,1970-04-26 19:37:26,347
3047,send questionnaire,1970-04-26 19:37:27,347
3048,no processing,1970-04-26 19:37:28,347
3049,process questionnaire,1970-04-26 19:37:29,347
3050,archive,1970-04-26 19:37:30,347
3051,register,1970-04-26 19:37:31,348
3052,send questionnaire,1970-04-26 19:37:32,348
3053,evaluate,1970-04-26 19:37:33,348
3054,processing required,1970-04-26 19:37:34,348
3055,time out,1970-04-26 19:37:35,348
3056,process complaint,1970-04-26 19:37:36,348
3057,check processing,1970-04-26 19:37:37,348
3058,processing nok,1970-04-26 19:37:38,348
3059,process complaint,1970-04-26 19:37:39,348
3060,check processing,1970-04-26 19:37:40,348
3061,processing nok,1970-04-26 19:37:41,348
3062,process complaint,1970-04-26 19:37:42,348
3063,check processing,1970-04-26 19:37:43,348
3064,processing nok,1970-04-26 19:37:44,348
3065,process complaint,1970-04-26 19:37:45,348
3066,check processing,1970-04-26 19:37:46,348
3067,processing nok,1970-04-26 19:37:47,348
3068,process complaint,1970-04-26 19:37:48,348
3069,check processing,1970-04-26 19:37:49,348
3070,processing ok,1970-04-26 19:37:50,348
3071,archive,1970-04-26 19:37:51,348
3072,register,1970-04-26 19:37:52,349
3073,evaluate,1970-04-26 19:37:53,349
3074,no processing,1970-04-26 19:37:54,349
3075,send questionnaire,1970-04-26 19:37:55,349
3076,time out,1970-04-26 19:37:56,349
3077,archive,1970-04-26 19:37:57,349
3078,register,1970-04-26 19:37:58,350
3079,send questionnaire,1970-04-26 19:37:59,350
3080,time out,1970-04-26 19:38:00,350
3081,evaluate,1970-04-26 19:38:01,350
3082,processing required,1970-04-26 19:38:02,350
3083,process complaint,1970-04-26 19:38:03,350
3084,check processing,1970-04-26 19:38:04,350
3085,processing ok,1970-04-26 19:38:05,350
3086,archive,1970-04-26 19:38:06,350
3087,register,1970-04-26 19:38:07,351
3088,send questionnaire,1970-04-26 19:38:08,351
3089,time out,1970-04-26 19:38:09,351
3090,evaluate,1970-04-26 19:38:10,351
3091,no processing,1970-04-26 19:38:11,351
3092,archive,1970-04-26 19:38:12,351
3093,register,1970-04-26 19:38:13,352
3094,send questionnaire,1970-04-26 19:38:14,352
3095,process questionnaire,1970-04-26 19:38:15,352
3096,evaluate,1970-04-26 19:38:16,352
3097,no processing,1970-04-26 19:38:17,352
3098,archive,1970-04-26 19:38:18,352
3099,register,1970-04-26 19:38:19,353
3100,send questionnaire,1970-04-26 19:38:20,353
3101,time out,1970-04-26 19:38:21,353
3102,evaluate,1970-04-26 19:38:22,353
3103,processing required,1970-04-26 19:38:23,353
3104,process complaint,1970-04-26 19:38:24,353
3105,check processing,1970-04-26 19:38:25,353
3106,processing ok,1970-04-26 19:38:26,353
3107,archive,1970-04-26 19:38:27,353
3108,register,1970-04-26 19:38:28,354
3109,evaluate,1970-04-26 19:38:29,354
3110,no processing,1970-04-26 19:38:30,354
3111,send questionnaire,1970-04-26 19:38:31,354
3112,time out,1970-04-26 19:38:32,354
3113,archive,1970-04-26 19:38:33,354
3114,register,1970-04-26 19:38:34,355
3115,evaluate,1970-04-26 19:38:35,355
3116,no processing,1970-04-26 19:38:36,355
3117,send questionnaire,1970-04-26 19:38:37,355
3118,process questionnaire,1970-04-26 19:38:38,355
3119,archive,1970-04-26 19:38:39,355
3120,register,1970-04-26 19:38:40,356
3121,send questionnaire,1970-04-26 19:38:41,356
3122,evaluate,1970-04-26 19:38:42,356
3123,process questionnaire,1970-04-26 19:38:43,356
3124,processing required,1970-04-26 19:38:44,356
3125,process complaint,1970-04-26 19:38:45,356
3126,check processing,1970-04-26 19:38:46,356
3127,processing nok,1970-04-26 19:38:47,356
3128,process complaint,1970-04-26 19:38:48,356
3129,check processing,1970-04-26 19:38:49,356
3130,processing ok,1970-04-26 19:38:50,356
3131,archive,1970-04-26 19:38:51,356
3132,register,1970-04-26 19:38:52,357
3133,send questionnaire,1970-04-26 19:38:53,357
3134,process questionnaire,1970-04-26 19:38:54,357
3135,evaluate,1970-04-26 19:38:55,357
3136,processing required,1970-04-26 19:38:56,357
3137,process complaint,1970-04-26 19:38:57,357
3138,check processing,1970-04-26 19:38:58,357
3139,processing nok,1970-04-26 19:38:59,357
3140,process complaint,1970-04-26 19:39:00,357
3141,check processing,1970-04-26 19:39:01,357
3142,processing ok,1970-04-26 19:39:02,357
3143,archive,1970-04-26 19:39:03,357
3144,register,1970-04-26 19:39:04,358
3145,evaluate,1970-04-26 19:39:05,358
3146,send questionnaire,1970-04-26 19:39:06,358
3147,processing required,1970-04-26 19:39:07,358
3148,process questionnaire,1970-04-26 19:39:08,358
3149,process complaint,1970-04-26 19:39:09,358
3150,check processing,1970-04-26 19:39:10,358
3151,processing nok,1970-04-26 19:39:11,358
3152,process complaint,1970-04-26 19:39:12,358
3153,check processing,1970-04-26 19:39:13,358
3154,processing nok,1970-04-26 19:39:14,358
3155,process complaint,1970-04-26 19:39:15,358
3156,check processing,1970-04-26 19:39:16,358
3157,processing nok,1970-04-26 19:39:17,358
3158,process complaint,1970-04-26 19:39:18,358
3159,check processing,1970-04-26 19:39:19,358
3160,processing nok,1970-04-26 19:39:20,358
3161,process complaint,1970-04-26 19:39:21,358
3162,check processing,1970-04-26 19:39:22,358
3163,processing ok,1970-04-26 19:39:23,358
3164,archive,1970-04-26 19:39:24,358
3165,register,1970-04-26 19:39:25,359
3166,send questionnaire,1970-04-26 19:39:26,359
3167,time out,1970-04-26 19:39:27,359
3168,evaluate,1970-04-26 19:39:28,359
3169,processing required,1970-04-26 19:39:29,359
3170,process complaint,1970-04-26 19:39:30,359
3171,check processing,1970-04-26 19:39:31,359
3172,processing nok,1970-04-26 19:39:32,359
3173,process complaint,1970-04-26 19:39:33,359
3174,check processing,1970-04-26 19:39:34,359
3175,processing nok,1970-04-26 19:39:35,359
3176,process complaint,1970-04-26 19:39:36,359
3177,check processing,1970-04-26 19:39:37,359
3178,processing nok,1970-04-26 19:39:38,359
3179,process complaint,1970-04-26 19:39:39,359
3180,check processing,1970-04-26 19:39:40,359
3181,processing nok,1970-04-26 19:39:41,359
3182,process complaint,1970-04-26 19:39:42,359
3183,check processing,1970-04-26 19:39:43,359
3184,processing ok,1970-04-26 19:39:44,359
3185,archive,1970-04-26 19:39:45,359
3186,register,1970-04-26 19:39:46,360
3187,send questionnaire,1970-04-26 19:39:47,360
3188,process questionnaire,1970-04-26 19:39:48,360
3189,evaluate,1970-04-26 19:39:49,360
3190,no processing,1970-04-26 19:39:50,360
3191,archive,1970-04-26 19:39:51,360
3192,register,1970-04-26 19:39:52,361
3193,send questionnaire,1970-04-26 19:39:53,361
3194,time out,1970-04-26 19:39:54,361
3195,evaluate,1970-04-26 19:39:55,361
3196,no processing,1970-04-26 19:39:56,361
3197,archive,1970-04-26 19:39:57,361
3198,register,1970-04-26 19:39:58,362
3199,evaluate,1970-04-26 19:39:59,362
3200,processing required,1970-04-26 19:40:00,362
3201,send questionnaire,1970-04-26 19:40:01,362
3202,process questionnaire,1970-04-26 19:40:02,362
3203,process complaint,1970-04-26 19:40:03,362
3204,check processing,1970-04-26 19:40:04,362
3205,processing ok,1970-04-26 19:40:05,362
3206,archive,1970-04-26 19:40:06,362
3207,register,1970-04-26 19:40:07,363
3208,evaluate,1970-04-26 19:40:08,363
3209,send questionnaire,1970-04-26 19:40:09,363
3210,no processing,1970-04-26 19:40:10,363
3211,time out,1970-04-26 19:40:11,363
3212,archive,1970-04-26 19:40:12,363
3213,register,1970-04-26 19:40:13,364
3214,send questionnaire,1970-04-26 19:40:14,364
3215,process questionnaire,1970-04-26 19:40:15,364
3216,evaluate,1970-04-26 19:40:16,364
3217,no processing,1970-04-26 19:40:17,364
3218,archive,1970-04-26 19:40:18,364
3219,register,1970-04-26 19:40:19,365
3220,evaluate,1970-04-26 19:40:20,365
3221,no processing,1970-04-26 19:40:21,365
3222,send questionnaire,1970-04-26 19:40:22,365
3223,process questionnaire,1970-04-26 19:40:23,365
3224,archive,1970-04-26 19:40:24,365
3225,register,1970-04-26 19:40:25,366
3226,evaluate,1970-04-26 19:40:26,366
3227,send questionnaire,1970-04-26 19:40:27,366
3228,processing required,1970-04-26 19:40:28,366
3229,process questionnaire,1970-04-26 19:40:29,366
3230,process complaint,1970-04-26 19:40:30,366
3231,check processing,1970-04-26 19:40:31,366
3232,processing nok,1970-04-26 19:40:32,366
3233,process complaint,1970-04-26 19:40:33,366
3234,check processing,1970-04-26 19:40:34,366
3235,processing ok,1970-04-26 19:40:35,366
3236,archive,1970-04-26 19:40:36,366
3237,register,1970-04-26 19:40:37,367
3238,evaluate,1970-04-26 19:40:38,367
3239,no processing,1970-04-26 19:40:39,367
3240,send questionnaire,1970-04-26 19:40:40,367
3241,time out,1970-04-26 19:40:41,367
3242,archive,1970-04-26 19:40:42,367
3243,register,1970-04-26 19:40:43,368
3244,evaluate,1970-04-26 19:40:44,368
3245,processing required,1970-04-26 19:40:45,368
3246,send questionnaire,1970-04-26 19:40:46,368
3247,process questionnaire,1970-04-26 19:40:47,368
3248,process complaint,1970-04-26 19:40:48,368
3249,check processing,1970-04-26 19:40:49,368
3250,processing ok,1970-04-26 19:40:50,368
3251,archive,1970-04-26 19:40:51,368
3252,register,1970-04-26 19:40:52,369
3253,send questionnaire,1970-04-26 19:40:53,369
3254,process questionnaire,1970-04-26 19:40:54,369
3255,evaluate,1970-04-26 19:40:55,369
3256,no processing,1970-04-26 19:40:56,369
3257,archive,1970-04-26 19:40:57,369
3258,register,1970-04-26 19:40:58,370
3259,evaluate,1970-04-26 19:40:59,370
3260,no processing,1970-04-26 19:41:00,370
3261,send questionnaire,1970-04-26 19:41:01,370
3262,process questionnaire,1970-04-26 19:41:02,370
3263,archive,1970-04-26 19:41:03,370
3264,register,1970-04-26 19:41:04,371
3265,send questionnaire,1970-04-26 19:41:05,371
3266,evaluate,1970-04-26 19:41:06,371
3267,time out,1970-04-26 19:41:07,371
3268,processing required,1970-04-26 19:41:08,371
3269,process complaint,1970-04-26 19:41:09,371
3270,check processing,1970-04-26 19:41:10,371
3271,processing nok,1970-04-26 19:41:11,371
3272,process complaint,1970-04-26 19:41:12,371
3273,check processing,1970-04-26 19:41:13,371
3274,processing nok,1970-04-26 19:41:14,371
3275,process complaint,1970-04-26 19:41:15,371
3276,check processing,1970-04-26 19:41:16,371
3277,processing nok,1970-04-26 19:41:17,371
3278,process complaint,1970-04-26 19:41:18,371
3279,check processing,1970-04-26 19:41:19,371
3280,processing ok,1970-04-26 19:41:20,371
3281,archive,1970-04-26 19:41:21,371
3282,register,1970-04-26 19:41:22,372
3283,evaluate,1970-04-26 19:41:23,372
3284,no processing,1970-04-26 19:41:24,372
3285,send questionnaire,1970-04-26 19:41:25,372
3286,time out,1970-04-26 19:41:26,372
3287,archive,1970-04-26 19:41:27,372
3288,register,1970-04-26 19:41:28,373
3289,evaluate,1970-04-26 19:41:29,373
3290,no processing,1970-04-26 19:41:30,373
3291,send questionnaire,1970-04-26 19:41:31,373
3292,process questionnaire,1970-04-26 19:41:32,373
3293,archive,1970-04-26 19:41:33,373
3294,register,1970-04-26 19:41:34,374
3295,send questionnaire,1970-04-26 19:41:35,374
3296,time out,1970-04-26 19:41:36,374
3297,evaluate,1970-04-26 19:41:37,374
3298,processing required,1970-04-26 19:41:38,374
3299,process complaint,1970-04-26 19:41:39,374
3300,check processing,1970-04-26 19:41:40,374
3301,processing ok,1970-04-26 19:41:41,374
3302,archive,1970-04-26 19:41:42,374
3303,register,1970-04-26 19:41:43,375
3304,evaluate,1970-04-26 19:41:44,375
3305,no processing,1970-04-26 19:41:45,375
3306,send questionnaire,1970-04-26 19:41:46,375
3307,time out,1970-04-26 19:41:47,375
3308,archive,1970-04-26 19:41:48,375
3309,register,1970-04-26 19:41:49,376
3310,evaluate,1970-04-26 19:41:50,376
3311,processing required,1970-04-26 19:41:51,376
3312,send questionnaire,1970-04-26 19:41:52,376
3313,time out,1970-04-26 19:41:53,376
3314,process complaint,1970-04-26 19:41:54,376
3315,check processing,1970-04-26 19:41:55,376
3316,processing ok,1970-04-26 19:41:56,376
3317,archive,1970-04-26 19:41:57,376
3318,register,1970-04-26 19:41:58,377
3319,send questionnaire,1970-04-26 19:41:59,377
3320,time out,1970-04-26 19:42:00,377
3321,evaluate,1970-04-26 19:42:01,377
3322,no processing,1970-04-26 19:42:02,377
3323,archive,1970-04-26 19:42:03,377
3324,register,1970-04-26 19:42:04,378
3325,send questionnaire,1970-04-26 19:42:05,378
3326,evaluate,1970-04-26 19:42:06,378
3327,process questionnaire,1970-04-26 19:42:07,378
3328,processing required,1970-04-26 19:42:08,378
3329,process complaint,1970-04-26 19:42:09,378
3330,check processing,1970-04-26 19:42:10,378
3331,processing ok,1970-04-26 19:42:11,378
3332,archive,1970-04-26 19:42:12,378
3333,register,1970-04-26 19:42:13,379
3334,evaluate,1970-04-26 19:42:14,379
3335,send questionnaire,1970-04-26 19:42:15,379
3336,time out,1970-04-26 19:42:16,379
3337,processing required,1970-04-26 19:42:17,379
3338,process complaint,1970-04-26 19:42:18,379
3339,check processing,1970-04-26 19:42:19,379
3340,processing ok,1970-04-26 19:42:20,379
3341,archive,1970-04-26 19:42:21,379
3342,register,1970-04-26 19:42:22,380
3343,send questionnaire,1970-04-26 19:42:23,380
3344,process questionnaire,1970-04-26 19:42:24,380
3345,evaluate,1970-04-26 19:42:25,380
3346,processing required,1970-04-26 19:42:26,380
3347,process complaint,1970-04-26 19:42:27,380
3348,check processing,1970-04-26 19:42:28,380
3349,processing ok,1970-04-26 19:42:29,380
3350,archive,1970-04-26 19:42:30,380
3351,register,1970-04-26 19:42:31,381
3352,send questionnaire,1970-04-26 19:42:32,381
3353,time out,1970-04-26 19:42:33,381
3354,evaluate,1970-04-26 19:42:34,381
3355,processing required,1970-04-26 19:42:35,381
3356,process complaint,1970-04-26 19:42:36,381
3357,check processing,1970-04-26 19:42:37,381
3358,processing nok,1970-04-26 19:42:38,381
3359,process complaint,1970-04-26 19:42:39,381
3360,check processing,1970-04-26 19:42:40,381
3361,processing nok,1970-04-26 19:42:41,381
3362,process complaint,1970-04-26 19:42:42,381
3363,check processing,1970-04-26 19:42:43,381
3364,processing ok,1970-04-26 19:42:44,381
3365,archive,1970-04-26 19:42:45,381
3366,register,1970-04-26 19:42:46,382
3367,evaluate,1970-04-26 19:42:47,382
3368,no processing,1970-04-26 19:42:48,382
3369,send questionnaire,1970-04-26 19:42:49,382
3370,process questionnaire,1970-04-26 19:42:50,382
3371,archive,1970-04-26 19:42:51,382
3372,register,1970-04-26 19:42:52,383
3373,evaluate,1970-04-26 19:42:53,383
3374,no processing,1970-04-26 19:42:54,383
3375,send questionnaire,1970-04-26 19:42:55,383
3376,process questionnaire,1970-04-26 19:42:56,383
3377,archive,1970-04-26 19:42:57,383
3378,register,1970-04-26 19:42:58,384
3379,send questionnaire,1970-04-26 19:42:59,384
3380,process questionnaire,1970-04-26 19:43:00,384
3381,evaluate,1970-04-26 19:43:01,384
3382,no processing,1970-04-26 19:43:02,384
3383,archive,1970-04-26 19:43:03,384
3384,register,1970-04-26 19:43:04,385
3385,evaluate,1970-04-26 19:43:05,385
3386,send questionnaire,1970-04-26 19:43:06,385
3387,process questionnaire,1970-04-26 19:43:07,385
3388,no processing,1970-04-26 19:43:08,385
3389,archive,1970-04-26 19:43:09,385
3390,register,1970-04-26 19:43:10,386
3391,evaluate,1970-04-26 19:43:11,386
3392,processing required,1970-04-26 19:43:12,386
3393,send questionnaire,1970-04-26 19:43:13,386
3394,process questionnaire,1970-04-26 19:43:14,386
3395,process complaint,1970-04-26 19:43:15,386
3396,check processing,1970-04-26 19:43:16,386
3397,processing nok,1970-04-26 19:43:17,386
3398,process complaint,1970-04-26 19:43:18,386
3399,check processing,1970-04-26 19:43:19,386
3400,processing ok,1970-04-26 19:43:20,386
3401,archive,1970-04-26 19:43:21,386
3402,register,1970-04-26 19:43:22,387
3403,evaluate,1970-04-26 19:43:23,387
3404,send questionnaire,1970-04-26 19:43:24,387
3405,no processing,1970-04-26 19:43:25,387
3406,time out,1970-04-26 19:43:26,387
3407,archive,1970-04-26 19:43:27,387
3408,register,1970-04-26 19:43:28,388
3409,evaluate,1970-04-26 19:43:29,388
3410,processing required,1970-04-26 19:43:30,388
3411,send questionnaire,1970-04-26 19:43:31,388
3412,time out,1970-04-26 19:43:32,388
3413,process complaint,1970-04-26 19:43:33,388
3414,check processing,1970-04-26 19:43:34,388
3415,processing nok,1970-04-26 19:43:35,388
3416,process complaint,1970-04-26 19:43:36,388
3417,check processing,1970-04-26 19:43:37,388
3418,processing nok,1970-04-26 19:43:38,388
3419,process complaint,1970-04-26 19:43:39,388
3420,check processing,1970-04-26 19:43:40,388
3421,processing ok,1970-04-26 19:43:41,388
3422,archive,1970-04-26 19:43:42,388
3423,register,1970-04-26 19:43:43,389
3424,evaluate,1970-04-26 19:43:44,389
3425,send questionnaire,1970-04-26 19:43:45,389
3426,process questionnaire,1970-04-26 19:43:46,389
3427,processing required,1970-04-26 19:43:47,389
3428,process complaint,1970-04-26 19:43:48,389
3429,check processing,1970-04-26 19:43:49,389
3430,processing nok,1970-04-26 19:43:50,389
3431,process complaint,1970-04-26 19:43:51,389
3432,check processing,1970-04-26 19:43:52,389
3433,processing ok,1970-04-26 19:43:53,389
3434,archive,1970-04-26 19:43:54,389
3435,register,1970-04-26 19:43:55,390
3436,send questionnaire,1970-04-26 19:43:56,390
3437,evaluate,1970-04-26 19:43:57,390
3438,process questionnaire,1970-04-26 19:43:58,390
3439,no processing,1970-04-26 19:43:59,390
3440,archive,1970-04-26 19:44:00,390
3441,register,1970-04-26 19:44:01,391
3442,send questionnaire,1970-04-26 19:44:02,391
3443,evaluate,1970-04-26 19:44:03,391
3444,time out,1970-04-26 19:44:04,391
3445,processing required,1970-04-26 19:44:05,391
3446,process complaint,1970-04-26 19:44:06,391
3447,check processing,1970-04-26 19:44:07,391
3448,processing ok,1970-04-26 19:44:08,391
3449,archive,1970-04-26 19:44:09,391
3450,register,1970-04-26 19:44:10,392
3451,evaluate,1970-04-26 19:44:11,392
3452,no processing,1970-04-26 19:44:12,392
3453,send questionnaire,1970-04-26 19:44:13,392
3454,process questionnaire,1970-04-26 19:44:14,392
3455,archive,1970-04-26 19:44:15,392
3456,register,1970-04-26 19:44:16,393
3457,evaluate,1970-04-26 19:44:17,393
3458,no processing,1970-04-26 19:44:18,393
3459,send questionnaire,1970-04-26 19:44:19,393
3460,time out,1970-04-26 19:44:20,393
3461,archive,1970-04-26 19:44:21,393
3462,register,1970-04-26 19:44:22,394
3463,send questionnaire,1970-04-26 19:44:23,394
3464,time out,1970-04-26 19:44:24,394
3465,evaluate,1970-04-26 19:44:25,394
3466,no processing,1970-04-26 19:44:26,394
3467,archive,1970-04-26 19:44:27,394
3468,register,1970-04-26 19:44:28,395
3469,send questionnaire,1970-04-26 19:44:29,395
3470,evaluate,1970-04-26 19:44:30,395
3471,processing required,1970-04-26 19:44:31,395
3472,process questionnaire,1970-04-26 19:44:32,395
3473,process complaint,1970-04-26 19:44:33,395
3474,check processing,1970-04-26 19:44:34,395
3475,processing ok,1970-04-26 19:44:35,395
3476,archive,1970-04-26 19:44:36,395
3477,register,1970-04-26 19:44:37,396
3478,evaluate,1970-04-26 19:44:38,396
3479,send questionnaire,1970-04-26 19:44:39,396
3480,time out,1970-04-26 19:44:40,396
3481,processing required,1970-04-26 19:44:41,396
3482,process complaint,1970-04-26 19:44:42,396
3483,check processing,1970-04-26 19:44:43,396
3484,processing ok,1970-04-26 19:44:44,396
3485,archive,1970-04-26 19:44:45,396
3486,register,1970-04-26 19:44:46,397
3487,evaluate,1970-04-26 19:44:47,397
3488,send questionnaire,1970-04-26 19:44:48,397
3489,process questionnaire,1970-04-26 19:44:49,397
3490,processing required,1970-04-26 19:44:50,397
3491,process complaint,1970-04-26 19:44:51,397
3492,check processing,1970-04-26 19:44:52,397
3493,processing ok,1970-04-26 19:44:53,397
3494,archive,1970-04-26 19:44:54,397
3495,register,1970-04-26 19:44:55,398
3496,evaluate,1970-04-26 19:44:56,398
3497,processing required,1970-04-26 19:44:57,398
3498,send questionnaire,1970-04-26 19:44:58,398
3499,process questionnaire,1970-04-26 19:44:59,398
3500,process complaint,1970-04-26 19:45:00,398
3501,check processing,1970-04-26 19:45:01,398
3502,processing ok,1970-04-26 19:45:02,398
3503,archive,1970-04-26 19:45:03,398
3504,register,1970-04-26 19:45:04,399
3505,evaluate,1970-04-26 19:45:05,399
3506,send questionnaire,1970-04-26 19:45:06,399
3507,no processing,1970-04-26 19:45:07,399
3508,process questionnaire,1970-04-26 19:45:08,399
3509,archive,1970-04-26 19:45:09,399
3510,register,1970-04-26 19:45:10,400
3511,send questionnaire,1970-04-26 19:45:11,400
3512,process questionnaire,1970-04-26 19:45:12,400
3513,evaluate,1970-04-26 19:45:13,400
3514,no processing,1970-04-26 19:45:14,400
3515,archive,1970-04-26 19:45:15,400
3516,register,1970-04-26 19:45:16,401
3517,evaluate,1970-04-26 19:45:17,401
3518,no processing,1970-04-26 19:45:18,401
3519,send questionnaire,1970-04-26 19:45:19,401
3520,process questionnaire,1970-04-26 19:45:20,401
3521,archive,1970-04-26 19:45:21,401
3522,register,1970-04-26 19:45:22,402
3523,evaluate,1970-04-26 19:45:23,402
3524,processing required,1970-04-26 19:45:24,402
3525,send questionnaire,1970-04-26 19:45:25,402
3526,time out,1970-04-26 19:45:26,402
3527,process complaint,1970-04-26 19:45:27,402
3528,check processing,1970-04-26 19:45:28,402
3529,processing nok,1970-04-26 19:45:29,402
3530,process complaint,1970-04-26 19:45:30,402
3531,check processing,1970-04-26 19:45:31,402
3532,processing nok,1970-04-26 19:45:32,402
3533,process complaint,1970-04-26 19:45:33,402
3534,check processing,1970-04-26 19:45:34,402
3535,processing nok,1970-04-26 19:45:35,402
3536,process complaint,1970-04-26 19:45:36,402
3537,check processing,1970-04-26 19:45:37,402
3538,processing nok,1970-04-26 19:45:38,402
3539,process complaint,1970-04-26 19:45:39,402
3540,check processing,1970-04-26 19:45:40,402
3541,processing nok,1970-04-26 19:45:41,402
3542,process complaint,1970-04-26 19:45:42,402
3543,check processing,1970-04-26 19:45:43,402
3544,processing ok,1970-04-26 19:45:44,402
3545,archive,1970-04-26 19:45:45,402
3546,register,1970-04-26 19:45:46,403
3547,send questionnaire,1970-04-26 19:45:47,403
3548,time out,1970-04-26 19:45:48,403
3549,evaluate,1970-04-26 19:45:49,403
3550,processing required,1970-04-26 19:45:50,403
3551,process complaint,1970-04-26 19:45:51,403
3552,check processing,1970-04-26 19:45:52,403
3553,processing ok,1970-04-26 19:45:53,403
3554,archive,1970-04-26 19:45:54,403
3555,register,1970-04-26 19:45:55,404
3556,evaluate,1970-04-26 19:45:56,404
3557,processing required,1970-04-26 19:45:57,404
3558,send questionnaire,1970-04-26 19:45:58,404
3559,time out,1970-04-26 19:45:59,404
3560,process complaint,1970-04-26 19:46:00,404
3561,check processing,1970-04-26 19:46:01,404
3562,processing ok,1970-04-26 19:46:02,404
3563,archive,1970-04-26 19:46:03,404
3564,register,1970-04-26 19:46:04,405
3565,send questionnaire,1970-04-26 19:46:05,405
3566,process questionnaire,1970-04-26 19:46:06,405
3567,evaluate,1970-04-26 19:46:07,405
3568,processing required,1970-04-26 19:46:08,405
3569,process complaint,1970-04-26 19:46:09,405
3570,check processing,1970-04-26 19:46:10,405
3571,processing nok,1970-04-26 19:46:11,405
3572,process complaint,1970-04-26 19:46:12,405
3573,check processing,1970-04-26 19:46:13,405
3574,processing ok,1970-04-26 19:46:14,405
3575,archive,1970-04-26 19:46:15,405
3576,register,1970-04-26 19:46:16,406
3577,send questionnaire,1970-04-26 19:46:17,406
3578,process questionnaire,1970-04-26 19:46:18,406
3579,evaluate,1970-04-26 19:46:19,406
3580,no processing,1970-04-26 19:46:20,406
3581,archive,1970-04-26 19:46:21,406
3582,register,1970-04-26 19:46:22,407
3583,evaluate,1970-04-26 19:46:23,407
3584,no processing,1970-04-26 19:46:24,407
3585,send questionnaire,1970-04-26 19:46:25,407
3586,process questionnaire,1970-04-26 19:46:26,407
3587,archive,1970-04-26 19:46:27,407
3588,register,1970-04-26 19:46:28,408
3589,send questionnaire,1970-04-26 19:46:29,408
3590,process questionnaire,1970-04-26 19:46:30,408
3591,evaluate,1970-04-26 19:46:31,408
3592,no processing,1970-04-26 19:46:32,408
3593,archive,1970-04-26 19:46:33,408
3594,register,1970-04-26 19:46:34,409
3595,send questionnaire,1970-04-26 19:46:35,409
3596,evaluate,1970-04-26 19:46:36,409
3597,process questionnaire,1970-04-26 19:46:37,409
3598,no processing,1970-04-26 19:46:38,409
3599,archive,1970-04-26 19:46:39,409
3600,register,1970-04-26 19:46:40,410
3601,send questionnaire,1970-04-26 19:46:41,410
3602,process questionnaire,1970-04-26 19:46:42,410
3603,evaluate,1970-04-26 19:46:43,410
3604,no processing,1970-04-26 19:46:44,410
3605,archive,1970-04-26 19:46:45,410
3606,register,1970-04-26 19:46:46,411
3607,evaluate,1970-04-26 19:46:47,411
3608,no processing,1970-04-26 19:46:48,411
3609,send questionnaire,1970-04-26 19:46:49,411
3610,time out,1970-04-26 19:46:50,411
3611,archive,1970-04-26 19:46:51,411
3612,register,1970-04-26 19:46:52,412
3613,evaluate,1970-04-26 19:46:53,412
3614,no processing,1970-04-26 19:46:54,412
3615,send questionnaire,1970-04-26 19:46:55,412
3616,process questionnaire,1970-04-26 19:46:56,412
3617,archive,1970-04-26 19:46:57,412
3618,register,1970-04-26 19:46:58,413
3619,send questionnaire,1970-04-26 19:46:59,413
3620,evaluate,1970-04-26 19:47:00,413
3621,time out,1970-04-26 19:47:01,413
3622,no processing,1970-04-26 19:47:02,413
3623,archive,1970-04-26 19:47:03,413
3624,register,1970-04-26 19:47:04,414
3625,evaluate,1970-04-26 19:47:05,414
3626,send questionnaire,1970-04-26 19:47:06,414
3627,processing required,1970-04-26 19:47:07,414
3628,process questionnaire,1970-04-26 19:47:08,414
3629,process complaint,1970-04-26 19:47:09,414
3630,check processing,1970-04-26 19:47:10,414
3631,processing nok,1970-04-26 19:47:11,414
3632,process complaint,1970-04-26 19:47:12,414
3633,check processing,1970-04-26 19:47:13,414
3634,processing nok,1970-04-26 19:47:14,414
3635,process complaint,1970-04-26 19:47:15,414
3636,check processing,1970-04-26 19:47:16,414
3637,processing ok,1970-04-26 19:47:17,414
3638,archive,1970-04-26 19:47:18,414
3639,register,1970-04-26 19:47:19,415
3640,evaluate,1970-04-26 19:47:20,415
3641,processing required,1970-04-26 19:47:21,415
3642,send questionnaire,1970-04-26 19:47:22,415
3643,time out,1970-04-26 19:47:23,415
3644,process complaint,1970-04-26 19:47:24,415
3645,check processing,1970-04-26 19:47:25,415
3646,processing ok,1970-04-26 19:47:26,415
3647,archive,1970-04-26 19:47:27,415
3648,register,1970-04-26 19:47:28,416
3649,evaluate,1970-04-26 19:47:29,416
3650,no processing,1970-04-26 19:47:30,416
3651,send questionnaire,1970-04-26 19:47:31,416
3652,process questionnaire,1970-04-26 19:47:32,416
3653,archive,1970-04-26 19:47:33,416
3654,register,1970-04-26 19:47:34,417
3655,evaluate,1970-04-26 19:47:35,417
3656,no processing,1970-04-26 19:47:36,417
3657,send questionnaire,1970-04-26 19:47:37,417
3658,time out,1970-04-26 19:47:38,417
3659,archive,1970-04-26 19:47:39,417
3660,register,1970-04-26 19:47:40,418
3661,evaluate,1970-04-26 19:47:41,418
3662,send questionnaire,1970-04-26 19:47:42,418
3663,time out,1970-04-26 19:47:43,418
3664,processing required,1970-04-26 19:47:44,418
3665,process complaint,1970-04-26 19:47:45,418
3666,check processing,1970-04-26 19:47:46,418
3667,processing ok,1970-04-26 19:47:47,418
3668,archive,1970-04-26 19:47:48,418
3669,register,1970-04-26 19:47:49,419
3670,evaluate,1970-04-26 19:47:50,419
3671,processing required,1970-04-26 19:47:51,419
3672,send questionnaire,1970-04-26 19:47:52,419
3673,process questionnaire,1970-04-26 19:47:53,419
3674,process complaint,1970-04-26 19:47:54,419
3675,check processing,1970-04-26 19:47:55,419
3676,processing nok,1970-04-26 19:47:56,419
3677,process complaint,1970-04-26 19:47:57,419
3678,check processing,1970-04-26 19:47:58,419
3679,processing nok,1970-04-26 19:47:59,419
3680,process complaint,1970-04-26 19:48:00,419
3681,check processing,1970-04-26 19:48:01,419
3682,processing nok,1970-04-26 19:48:02,419
3683,process complaint,1970-04-26 19:48:03,419
3684,check processing,1970-04-26 19:48:04,419
3685,processing ok,1970-04-26 19:48:05,419
3686,archive,1970-04-26 19:48:06,419
3687,register,1970-04-26 19:48:07,420
3688,send questionnaire,1970-04-26 19:48:08,420
3689,process questionnaire,1970-04-26 19:48:09,420
3690,evaluate,1970-04-26 19:48:10,420
3691,no processing,1970-04-26 19:48:11,420
3692,archive,1970-04-26 19:48:12,420
3693,register,1970-04-26 19:48:13,421
3694,evaluate,1970-04-26 19:48:14,421
3695,send questionnaire,1970-04-26 19:48:15,421
3696,time out,1970-04-26 19:48:16,421
3697,no processing,1970-04-26 19:48:17,421
3698,archive,1970-04-26 19:48:18,421
3699,register,1970-04-26 19:48:19,422
3700,send questionnaire,1970-04-26 19:48:20,422
3701,time out,1970-04-26 19:48:21,422
3702,evaluate,1970-04-26 19:48:22,422
3703,processing required,1970-04-26 19:48:23,422
3704,process complaint,1970-04-26 19:48:24,422
3705,check processing,1970-04-26 19:48:25,422
3706,processing ok,1970-04-26 19:48:26,422
3707,archive,1970-04-26 19:48:27,422
3708,register,1970-04-26 19:48:28,423
3709,evaluate,1970-04-26 19:48:29,423
3710,processing required,1970-04-26 19:48:30,423
3711,send questionnaire,1970-04-26 19:48:31,423
3712,process questionnaire,1970-04-26 19:48:32,423
3713,process complaint,1970-04-26 19:48:33,423
3714,check processing,1970-04-26 19:48:34,423
3715,processing nok,1970-04-26 19:48:35,423
3716,process complaint,1970-04-26 19:48:36,423
3717,check processing,1970-04-26 19:48:37,423
3718,processing nok,1970-04-26 19:48:38,423
3719,process complaint,1970-04-26 19:48:39,423
3720,check processing,1970-04-26 19:48:40,423
3721,processing nok,1970-04-26 19:48:41,423
3722,process complaint,1970-04-26 19:48:42,423
3723,check processing,1970-04-26 19:48:43,423
3724,processing nok,1970-04-26 19:48:44,423
3725,process complaint,1970-04-26 19:48:45,423
3726,check processing,1970-04-26 19:48:46,423
3727,processing nok,1970-04-26 19:48:47,423
3728,process complaint,1970-04-26 19:48:48,423
3729,check processing,1970-04-26 19:48:49,423
3730,processing nok,1970-04-26 19:48:50,423
3731,process complaint,1970-04-26 19:48:51,423
3732,check processing,1970-04-26 19:48:52,423
3733,processing ok,1970-04-26 19:48:53,423
3734,archive,1970-04-26 19:48:54,423
3735,register,1970-04-26 19:48:55,424
3736,send questionnaire,1970-04-26 19:48:56,424
3737,evaluate,1970-04-26 19:48:57,424
3738,no processing,1970-04-26 19:48:58,424
3739,time out,1970-04-26 19:48:59,424
3740,archive,1970-04-26 19:49:00,424
3741,register,1970-04-26 19:49:01,425
3742,evaluate,1970-04-26 19:49:02,425
3743,send questionnaire,1970-04-26 19:49:03,425
3744,process questionnaire,1970-04-26 19:49:04,425
3745,processing required,1970-04-26 19:49:05,425
3746,process complaint,1970-04-26 19:49:06,425
3747,check processing,1970-04-26 19:49:07,425
3748,processing nok,1970-04-26 19:49:08,425
3749,process complaint,1970-04-26 19:49:09,425
3750,check processing,1970-04-26 19:49:10,425
3751,processing ok,1970-04-26 19:49:11,425
3752,archive,1970-04-26 19:49:12,425
3753,register,1970-04-26 19:49:13,426
3754,evaluate,1970-04-26 19:49:14,426
3755,send questionnaire,1970-04-26 19:49:15,426
3756,time out,1970-04-26 19:49:16,426
3757,processing required,1970-04-26 19:49:17,426
3758,process complaint,1970-04-26 19:49:18,426
3759,check processing,1970-04-26 19:49:19,426
3760,processing ok,1970-04-26 19:49:20,426
3761,archive,1970-04-26 19:49:21,426
3762,register,1970-04-26 19:49:22,427
3763,evaluate,1970-04-26 19:49:23,427
3764,no processing,1970-04-26 19:49:24,427
3765,send questionnaire,1970-04-26 19:49:25,427
3766,process questionnaire,1970-04-26 19:49:26,427
3767,archive,1970-04-26 19:49:27,427
3768,register,1970-04-26 19:49:28,428
3769,evaluate,1970-04-26 19:49:29,428
3770,processing required,1970-04-26 19:49:30,428
3771,send questionnaire,1970-04-26 19:49:31,428
3772,process questionnaire,1970-04-26 19:49:32,428
3773,process complaint,1970-04-26 19:49:33,428
3774,check processing,1970-04-26 19:49:34,428
3775,processing ok,1970-04-26 19:49:35,428
3776,archive,1970-04-26 19:49:36,428
3777,register,1970-04-26 19:49:37,429
3778,evaluate,1970-04-26 19:49:38,429
3779,no processing,1970-04-26 19:49:39,429
3780,send questionnaire,1970-04-26 19:49:40,429
3781,process questionnaire,1970-04-26 19:49:41,429
3782,archive,1970-04-26 19:49:42,429
3783,register,1970-04-26 19:49:43,430
3784,evaluate,1970-04-26 19:49:44,430
3785,send questionnaire,1970-04-26 19:49:45,430
3786,processing required,1970-04-26 19:49:46,430
3787,process questionnaire,1970-04-26 19:49:47,430
3788,process complaint,1970-04-26 19:49:48,430
3789,check processing,1970-04-26 19:49:49,430
3790,processing ok,1970-04-26 19:49:50,430
3791,archive,1970-04-26 19:49:51,430
3792,register,1970-04-26 19:49:52,431
3793,send questionnaire,1970-04-26 19:49:53,431
3794,evaluate,1970-04-26 19:49:54,431
3795,process questionnaire,1970-04-26 19:49:55,431
3796,no processing,1970-04-26 19:49:56,431
3797,archive,1970-04-26 19:49:57,431
3798,register,1970-04-26 19:49:58,432
3799,evaluate,1970-04-26 19:49:59,432
3800,processing required,1970-04-26 19:50:00,432
3801,send questionnaire,1970-04-26 19:50:01,432
3802,process questionnaire,1970-04-26 19:50:02,432
3803,process complaint,1970-04-26 19:50:03,432
3804,check processing,1970-04-26 19:50:04,432
3805,processing nok,1970-04-26 19:50:05,432
3806,process complaint,1970-04-26 19:50:06,432
3807,check processing,1970-04-26 19:50:07,432
3808,processing ok,1970-04-26 19:50:08,432
3809,archive,1970-04-26 19:50:09,432
3810,register,1970-04-26 19:50:10,433
3811,evaluate,1970-04-26 19:50:11,433
3812,send questionnaire,1970-04-26 19:50:12,433
3813,time out,1970-04-26 19:50:13,433
3814,processing required,1970-04-26 19:50:14,433
3815,process complaint,1970-04-26 19:50:15,433
3816,check processing,1970-04-26 19:50:16,433
3817,processing nok,1970-04-26 19:50:17,433
3818,process complaint,1970-04-26 19:50:18,433
3819,check processing,1970-04-26 19:50:19,433
3820,processing nok,1970-04-26 19:50:20,433
3821,process complaint,1970-04-26 19:50:21,433
3822,check processing,1970-04-26 19:50:22,433
3823,processing ok,1970-04-26 19:50:23,433
3824,archive,1970-04-26 19:50:24,433
3825,register,1970-04-26 19:50:25,434
3826,evaluate,1970-04-26 19:50:26,434
3827,processing required,1970-04-26 19:50:27,434
3828,send questionnaire,1970-04-26 19:50:28,434
3829,process questionnaire,1970-04-26 19:50:29,434
3830,process complaint,1970-04-26 19:50:30,434
3831,check processing,1970-04-26 19:50:31,434
3832,processing ok,1970-04-26 19:50:32,434
3833,archive,1970-04-26 19:50:33,434
3834,register,1970-04-26 19:50:34,435
3835,evaluate,1970-04-26 19:50:35,435
3836,send questionnaire,1970-04-26 19:50:36,435
3837,processing required,1970-04-26 19:50:37,435
3838,time out,1970-04-26 19:50:38,435
3839,process complaint,1970-04-26 19:50:39,435
3840,check processing,1970-04-26 19:50:40,435
3841,processing ok,1970-04-26 19:50:41,435
3842,archive,1970-04-26 19:50:42,435
3843,register,1970-04-26 19:50:43,436
3844,evaluate,1970-04-26 19:50:44,436
3845,no processing,1970-04-26 19:50:45,436
3846,send questionnaire,1970-04-26 19:50:46,436
3847,process questionnaire,1970-04-26 19:50:47,436
3848,archive,1970-04-26 19:50:48,436
3849,register,1970-04-26 19:50:49,437
3850,evaluate,1970-04-26 19:50:50,437
3851,processing required,1970-04-26 19:50:51,437
3852,send questionnaire,1970-04-26 19:50:52,437
3853,process questionnaire,1970-04-26 19:50:53,437
3854,process complaint,1970-04-26 19:50:54,437
3855,check processing,1970-04-26 19:50:55,437
3856,processing ok,1970-04-26 19:50:56,437
3857,archive,1970-04-26 19:50:57,437
3858,register,1970-04-26 19:50:58,438
3859,send questionnaire,1970-04-26 19:50:59,438
3860,time out,1970-04-26 19:51:00,438
3861,evaluate,1970-04-26 19:51:01,438
3862,no processing,1970-04-26 19:51:02,438
3863,archive,1970-04-26 19:51:03,438
3864,register,1970-04-26 19:51:04,439
3865,send questionnaire,1970-04-26 19:51:05,439
3866,evaluate,1970-04-26 19:51:06,439
3867,time out,1970-04-26 19:51:07,439
3868,processing required,1970-04-26 19:51:08,439
3869,process complaint,1970-04-26 19:51:09,439
3870,check processing,1970-04-26 19:51:10,439
3871,processing ok,1970-04-26 19:51:11,439
3872,archive,1970-04-26 19:51:12,439
3873,register,1970-04-26 19:51:13,440
3874,send questionnaire,1970-04-26 19:51:14,440
3875,evaluate,1970-04-26 19:51:15,440
3876,no processing,1970-04-26 19:51:16,440
3877,process questionnaire,1970-04-26 19:51:17,440
3878,archive,1970-04-26 19:51:18,440
3879,register,1970-04-26 19:51:19,441
3880,evaluate,1970-04-26 19:51:20,441
3881,send questionnaire,1970-04-26 19:51:21,441
3882,no processing,1970-04-26 19:51:22,441
3883,time out,1970-04-26 19:51:23,441
3884,archive,1970-04-26 19:51:24,441
3885,register,1970-04-26 19:51:25,442
3886,send questionnaire,1970-04-26 19:51:26,442
3887,time out,1970-04-26 19:51:27,442
3888,evaluate,1970-04-26 19:51:28,442
3889,no processing,1970-04-26 19:51:29,442
3890,archive,1970-04-26 19:51:30,442
3891,register,1970-04-26 19:51:31,443
3892,send questionnaire,1970-04-26 19:51:32,443
3893,evaluate,1970-04-26 19:51:33,443
3894,no processing,1970-04-26 19:51:34,443
3895,process questionnaire,1970-04-26 19:51:35,443
3896,archive,1970-04-26 19:51:36,443
3897,register,1970-04-26 19:51:37,444
3898,evaluate,1970-04-26 19:51:38,444
3899,send questionnaire,1970-04-26 19:51:39,444
3900,no processing,1970-04-26 19:51:40,444
3901,time out,1970-04-26 19:51:41,444
3902,archive,1970-04-26 19:51:42,444
3903,register,1970-04-26 19:51:43,445
3904,send questionnaire,1970-04-26 19:51:44,445
3905,process questionnaire,1970-04-26 19:51:45,445
3906,evaluate,1970-04-26 19:51:46,445
3907,processing required,1970-04-26 19:51:47,445
3908,process complaint,1970-04-26 19:51:48,445
3909,check processing,1970-04-26 19:51:49,445
3910,processing nok,1970-04-26 19:51:50,445
3911,process complaint,1970-04-26 19:51:51,445
3912,check processing,1970-04-26 19:51:52,445
3913,processing ok,1970-04-26 19:51:53,445
3914,archive,1970-04-26 19:51:54,445
3915,register,1970-04-26 19:51:55,446
3916,send questionnaire,1970-04-26 19:51:56,446
3917,evaluate,1970-04-26 19:51:57,446
3918,no processing,1970-04-26 19:51:58,446
3919,time out,1970-04-26 19:51:59,446
3920,archive,1970-04-26 19:52:00,446
3921,register,1970-04-26 19:52:01,447
3922,send questionnaire,1970-04-26 19:52:02,447
3923,time out,1970-04-26 19:52:03,447
3924,evaluate,1970-04-26 19:52:04,447
3925,processing required,1970-04-26 19:52:05,447
3926,process complaint,1970-04-26 19:52:06,447
3927,check processing,1970-04-26 19:52:07,447
3928,processing ok,1970-04-26 19:52:08,447
3929,archive,1970-04-26 19:52:09,447
3930,register,1970-04-26 19:52:10,448
3931,evaluate,1970-04-26 19:52:11,448
3932,send questionnaire,1970-04-26 19:52:12,448
3933,time out,1970-04-26 19:52:13,448
3934,no processing,1970-04-26 19:52:14,448
3935,archive,1970-04-26 19:52:15,448
3936,register,1970-04-26 19:52:16,449
3937,send questionnaire,1970-04-26 19:52:17,449
3938,process questionnaire,1970-04-26 19:52:18,449
3939,evaluate,1970-04-26 19:52:19,449
3940,processing required,1970-04-26 19:52:20,449
3941,process complaint,1970-04-26 19:52:21,449
3942,check processing,1970-04-26 19:52:22,449
3943,processing ok,1970-04-26 19:52:23,449
3944,archive,1970-04-26 19:52:24,449
3945,register,1970-04-26 19:52:25,450
3946,evaluate,1970-04-26 19:52:26,450
3947,send questionnaire,1970-04-26 19:52:27,450
3948,no processing,1970-04-26 19:52:28,450
3949,process questionnaire,1970-04-26 19:52:29,450
3950,archive,1970-04-26 19:52:30,450
3951,register,1970-04-26 19:52:31,451
3952,evaluate,1970-04-26 19:52:32,451
3953,processing required,1970-04-26 19:52:33,451
3954,send questionnaire,1970-04-26 19:52:34,451
3955,time out,1970-04-26 19:52:35,451
3956,process complaint,1970-04-26 19:52:36,451
3957,check processing,1970-04-26 19:52:37,451
3958,processing nok,1970-04-26 19:52:38,451
3959,process complaint,1970-04-26 19:52:39,451
3960,check processing,1970-04-26 19:52:40,451
3961,processing ok,1970-04-26 19:52:41,451
3962,archive,1970-04-26 19:52:42,451
3963,register,1970-04-26 19:52:43,452
3964,send questionnaire,1970-04-26 19:52:44,452
3965,evaluate,1970-04-26 19:52:45,452
3966,processing required,1970-04-26 19:52:46,452
3967,process questionnaire,1970-04-26 19:52:47,452
3968,process complaint,1970-04-26 19:52:48,452
3969,check processing,1970-04-26 19:52:49,452
3970,processing nok,1970-04-26 19:52:50,452
3971,process complaint,1970-04-26 19:52:51,452
3972,check processing,1970-04-26 19:52:52,452
3973,processing nok,1970-04-26 19:52:53,452
3974,process complaint,1970-04-26 19:52:54,452
3975,check processing,1970-04-26 19:52:55,452
3976,processing nok,1970-04-26 19:52:56,452
3977,process complaint,1970-04-26 19:52:57,452
3978,check processing,1970-04-26 19:52:58,452
3979,processing nok,1970-04-26 19:52:59,452
3980,process complaint,1970-04-26 19:53:00,452
3981,check processing,1970-04-26 19:53:01,452
3982,processing nok,1970-04-26 19:53:02,452
3983,process complaint,1970-04-26 19:53:03,452
3984,check processing,1970-04-26 19:53:04,452
3985,processing nok,1970-04-26 19:53:05,452
3986,process complaint,1970-04-26 19:53:06,452
3987,check processing,1970-04-26 19:53:07,452
3988,processing nok,1970-04-26 19:53:08,452
3989,process complaint,1970-04-26 19:53:09,452
3990,check processing,1970-04-26 19:53:10,452
3991,processing ok,1970-04-26 19:53:11,452
3992,archive,1970-04-26 19:53:12,452
3993,register,1970-04-26 19:53:13,453
3994,evaluate,1970-04-26 19:53:14,453
3995,processing required,1970-04-26 19:53:15,453
3996,send questionnaire,1970-04-26 19:53:16,453
3997,time out,1970-04-26 19:53:17,453
3998,process complaint,1970-04-26 19:53:18,453
3999,check processing,1970-04-26 19:53:19,453
4000,processing nok,1970-04-26 19:53:20,453
4001,process complaint,1970-04-26 19:53:21,453
4002,check processing,1970-04-26 19:53:22,453
4003,processing ok,1970-04-26 19:53:23,453
4004,archive,1970-04-26 19:53:24,453
4005,register,1970-04-26 19:53:25,454
4006,evaluate,1970-04-26 19:53:26,454
4007,send questionnaire,1970-04-26 19:53:27,454
4008,time out,1970-04-26 19:53:28,454
4009,processing required,1970-04-26 19:53:29,454
4010,process complaint,1970-04-26 19:53:30,454
4011,check processing,1970-04-26 19:53:31,454
4012,processing ok,1970-04-26 19:53:32,454
4013,archive,1970-04-26 19:53:33,454
4014,register,1970-04-26 19:53:34,455
4015,evaluate,1970-04-26 19:53:35,455
4016,processing required,1970-04-26 19:53:36,455
4017,send questionnaire,1970-04-26 19:53:37,455
4018,time out,1970-04-26 19:53:38,455
4019,process complaint,1970-04-26 19:53:39,455
4020,check processing,1970-04-26 19:53:40,455
4021,processing nok,1970-04-26 19:53:41,455
4022,process complaint,1970-04-26 19:53:42,455
4023,check processing,1970-04-26 19:53:43,455
4024,processing nok,1970-04-26 19:53:44,455
4025,process complaint,1970-04-26 19:53:45,455
4026,check processing,1970-04-26 19:53:46,455
4027,processing nok,1970-04-26 19:53:47,455
4028,process complaint,1970-04-26 19:53:48,455
4029,check processing,1970-04-26 19:53:49,455
4030,processing ok,1970-04-26 19:53:50,455
4031,archive,1970-04-26 19:53:51,455
4032,register,1970-04-26 19:53:52,456
4033,send questionnaire,1970-04-26 19:53:53,456
4034,evaluate,1970-04-26 19:53:54,456
4035,process questionnaire,1970-04-26 19:53:55,456
4036,no processing,1970-04-26 19:53:56,456
4037,archive,1970-04-26 19:53:57,456
4038,register,1970-04-26 19:53:58,457
4039,send questionnaire,1970-04-26 19:53:59,457
4040,time out,1970-04-26 19:54:00,457
4041,evaluate,1970-04-26 19:54:01,457
4042,processing required,1970-04-26 19:54:02,457
4043,process complaint,1970-04-26 19:54:03,457
4044,check processing,1970-04-26 19:54:04,457
4045,processing ok,1970-04-26 19:54:05,457
4046,archive,1970-04-26 19:54:06,457
4047,register,1970-04-26 19:54:07,458
4048,send questionnaire,1970-04-26 19:54:08,458
4049,evaluate,1970-04-26 19:54:09,458
4050,no processing,1970-04-26 19:54:10,458
4051,time out,1970-04-26 19:54:11,458
4052,archive,1970-04-26 19:54:12,458
4053,register,1970-04-26 19:54:13,459
4054,send questionnaire,1970-04-26 19:54:14,459
4055,time out,1970-04-26 19:54:15,459
4056,evaluate,1970-04-26 19:54:16,459
4057,no processing,1970-04-26 19:54:17,459
4058,archive,1970-04-26 19:54:18,459
4059,register,1970-04-26 19:54:19,460
4060,evaluate,1970-04-26 19:54:20,460
4061,no processing,1970-04-26 19:54:21,460
4062,send questionnaire,1970-04-26 19:54:22,460
4063,time out,1970-04-26 19:54:23,460
4064,archive,1970-04-26 19:54:24,460
4065,register,1970-04-26 19:54:25,461
4066,send questionnaire,1970-04-26 19:54:26,461
4067,evaluate,1970-04-26 19:54:27,461
4068,processing required,1970-04-26 19:54:28,461
4069,process questionnaire,1970-04-26 19:54:29,461
4070,process complaint,1970-04-26 19:54:30,461
4071,check processing,1970-04-26 19:54:31,461
4072,processing ok,1970-04-26 19:54:32,461
4073,archive,1970-04-26 19:54:33,461
4074,register,1970-04-26 19:54:34,462
4075,send questionnaire,1970-04-26 19:54:35,462
4076,time out,1970-04-26 19:54:36,462
4077,evaluate,1970-04-26 19:54:37,462
4078,no processing,1970-04-26 19:54:38,462
4079,archive,1970-04-26 19:54:39,462
4080,register,1970-04-26 19:54:40,463
4081,evaluate,1970-04-26 19:54:41,463
4082,send questionnaire,1970-04-26 19:54:42,463
4083,time out,1970-04-26 19:54:43,463
4084,processing required,1970-04-26 19:54:44,463
4085,process complaint,1970-04-26 19:54:45,463
4086,check processing,1970-04-26 19:54:46,463
4087,processing nok,1970-04-26 19:54:47,463
4088,process complaint,1970-04-26 19:54:48,463
4089,check processing,1970-04-26 19:54:49,463
4090,processing ok,1970-04-26 19:54:50,463
4091,archive,1970-04-26 19:54:51,463
4092,register,1970-04-26 19:54:52,464
4093,send questionnaire,1970-04-26 19:54:53,464
4094,process questionnaire,1970-04-26 19:54:54,464
4095,evaluate,1970-04-26 19:54:55,464
4096,processing required,1970-04-26 19:54:56,464
4097,process complaint,1970-04-26 19:54:57,464
4098,check processing,1970-04-26 19:54:58,464
4099,processing ok,1970-04-26 19:54:59,464
4100,archive,1970-04-26 19:55:00,464
4101,register,1970-04-26 19:55:01,465
4102,send questionnaire,1970-04-26 19:55:02,465
4103,evaluate,1970-04-26 19:55:03,465
4104,no processing,1970-04-26 19:55:04,465
4105,time out,1970-04-26 19:55:05,465
4106,archive,1970-04-26 19:55:06,465
4107,register,1970-04-26 19:55:07,466
4108,evaluate,1970-04-26 19:55:08,466
4109,processing required,1970-04-26 19:55:09,466
4110,send questionnaire,1970-04-26 19:55:10,466
4111,time out,1970-04-26 19:55:11,466
4112,process complaint,1970-04-26 19:55:12,466
4113,check processing,1970-04-26 19:55:13,466
4114,processing nok,1970-04-26 19:55:14,466
4115,process complaint,1970-04-26 19:55:15,466
4116,check processing,1970-04-26 19:55:16,466
4117,processing nok,1970-04-26 19:55:17,466
4118,process complaint,1970-04-26 19:55:18,466
4119,check processing,1970-04-26 19:55:19,466
4120,processing nok,1970-04-26 19:55:20,466
4121,process complaint,1970-04-26 19:55:21,466
4122,check processing,1970-04-26 19:55:22,466
4123,processing ok,1970-04-26 19:55:23,466
4124,archive,1970-04-26 19:55:24,466
4125,register,1970-04-26 19:55:25,467
4126,send questionnaire,1970-04-26 19:55:26,467
4127,time out,1970-04-26 19:55:27,467
4128,evaluate,1970-04-26 19:55:28,467
4129,no processing,1970-04-26 19:55:29,467
4130,archive,1970-04-26 19:55:30,467
4131,register,1970-04-26 19:55:31,468
4132,evaluate,1970-04-26 19:55:32,468
4133,processing required,1970-04-26 19:55:33,468
4134,send questionnaire,1970-04-26 19:55:34,468
4135,process questionnaire,1970-04-26 19:55:35,468
4136,process complaint,1970-04-26 19:55:36,468
4137,check processing,1970-04-26 19:55:37,468
4138,processing nok,1970-04-26 19:55:38,468
4139,process complaint,1970-04-26 19:55:39,468
4140,check processing,1970-04-26 19:55:40,468
4141,processing nok,1970-04-26 19:55:41,468
4142,process complaint,1970-04-26 19:55:42,468
4143,check processing,1970-04-26 19:55:43,468
4144,processing ok,1970-04-26 19:55:44,468
4145,archive,1970-04-26 19:55:45,468
4146,register,1970-04-26 19:55:46,469
4147,send questionnaire,1970-04-26 19:55:47,469
4148,process questionnaire,1970-04-26 19:55:48,469
4149,evaluate,1970-04-26 19:55:49,469
4150,processing required,1970-04-26 19:55:50,469
4151,process complaint,1970-04-26 19:55:51,469
4152,check processing,1970-04-26 19:55:52,469
4153,processing nok,1970-04-26 19:55:53,469
4154,process complaint,1970-04-26 19:55:54,469
4155,check processing,1970-04-26 19:55:55,469
4156,processing nok,1970-04-26 19:55:56,469
4157,process complaint,1970-04-26 19:55:57,469
4158,check processing,1970-04-26 19:55:58,469
4159,processing ok,1970-04-26 19:55:59,469
4160,archive,1970-04-26 19:56:00,469
4161,register,1970-04-26 19:56:01,470
4162,send questionnaire,1970-04-26 19:56:02,470
4163,evaluate,1970-04-26 19:56:03,470
4164,process questionnaire,1970-04-26 19:56:04,470
4165,processing required,1970-04-26 19:56:05,470
4166,process complaint,1970-04-26 19:56:06,470
4167,check processing,1970-04-26 19:56:07,470
4168,processing ok,1970-04-26 19:56:08,470
4169,archive,1970-04-26 19:56:09,470
4170,register,1970-04-26 19:56:10,471
4171,send questionnaire,1970-04-26 19:56:11,471
4172,time out,1970-04-26 19:56:12,471
4173,evaluate,1970-04-26 19:56:13,471
4174,no processing,1970-04-26 19:56:14,471
4175,archive,1970-04-26 19:56:15,471
4176,register,1970-04-26 19:56:16,472
4177,send questionnaire,1970-04-26 19:56:17,472
4178,process questionnaire,1970-04-26 19:56:18,472
4179,evaluate,1970-04-26 19:56:19,472
4180,processing required,1970-04-26 19:56:20,472
4181,process complaint,1970-04-26 19:56:21,472
4182,check processing,1970-04-26 19:56:22,472
4183,processing ok,1970-04-26 19:56:23,472
4184,archive,1970-04-26 19:56:24,472
4185,register,1970-04-26 19:56:25,473
4186,evaluate,1970-04-26 19:56:26,473
4187,processing required,1970-04-26 19:56:27,473
4188,send questionnaire,1970-04-26 19:56:28,473
4189,process questionnaire,1970-04-26 19:56:29,473
4190,process complaint,1970-04-26 19:56:30,473
4191,check processing,1970-04-26 19:56:31,473
4192,processing nok,1970-04-26 19:56:32,473
4193,process complaint,1970-04-26 19:56:33,473
4194,check processing,1970-04-26 19:56:34,473
4195,processing ok,1970-04-26 19:56:35,473
4196,archive,1970-04-26 19:56:36,473
4197,register,1970-04-26 19:56:37,474
4198,send questionnaire,1970-04-26 19:56:38,474
4199,process questionnaire,1970-04-26 19:56:39,474
4200,evaluate,1970-04-26 19:56:40,474
4201,no processing,1970-04-26 19:56:41,474
4202,archive,1970-04-26 19:56:42,474
4203,register,1970-04-26 19:56:43,475
4204,evaluate,1970-04-26 19:56:44,475
4205,processing required,1970-04-26 19:56:45,475
4206,send questionnaire,1970-04-26 19:56:46,475
4207,time out,1970-04-26 19:56:47,475
4208,process complaint,1970-04-26 19:56:48,475
4209,check processing,1970-04-26 19:56:49,475
4210,processing nok,1970-04-26 19:56:50,475
4211,process complaint,1970-04-26 19:56:51,475
4212,check processing,1970-04-26 19:56:52,475
4213,processing ok,1970-04-26 19:56:53,475
4214,archive,1970-04-26 19:56:54,475
4215,register,1970-04-26 19:56:55,476
4216,send questionnaire,1970-04-26 19:56:56,476
4217,process questionnaire,1970-04-26 19:56:57,476
4218,evaluate,1970-04-26 19:56:58,476
4219,no processing,1970-04-26 19:56:59,476
4220,archive,1970-04-26 19:57:00,476
4221,register,1970-04-26 19:57:01,477
4222,send questionnaire,1970-04-26 19:57:02,477
4223,time out,1970-04-26 19:57:03,477
4224,evaluate,1970-04-26 19:57:04,477
4225,processing required,1970-04-26 19:57:05,477
4226,process complaint,1970-04-26 19:57:06,477
4227,check processing,1970-04-26 19:57:07,477
4228,processing ok,1970-04-26 19:57:08,477
4229,archive,1970-04-26 19:57:09,477
4230,register,1970-04-26 19:57:10,478
4231,evaluate,1970-04-26 19:57:11,478
4232,send questionnaire,1970-04-26 19:57:12,478
4233,processing required,1970-04-26 19:57:13,478
4234,time out,1970-04-26 19:57:14,478
4235,process complaint,1970-04-26 19:57:15,478
4236,check processing,1970-04-26 19:57:16,478
4237,processing nok,1970-04-26 19:57:17,478
4238,process complaint,1970-04-26 19:57:18,478
4239,check processing,1970-04-26 19:57:19,478
4240,processing nok,1970-04-26 19:57:20,478
4241,process complaint,1970-04-26 19:57:21,478
4242,check processing,1970-04-26 19:57:22,478
4243,processing ok,1970-04-26 19:57:23,478
4244,archive,1970-04-26 19:57:24,478
4245,register,1970-04-26 19:57:25,479
4246,evaluate,1970-04-26 19:57:26,479
4247,send questionnaire,1970-04-26 19:57:27,479
4248,time out,1970-04-26 19:57:28,479
4249,no processing,1970-04-26 19:57:29,479
4250,archive,1970-04-26 19:57:30,479
4251,register,1970-04-26 19:57:31,480
4252,evaluate,1970-04-26 19:57:32,480
4253,send questionnaire,1970-04-26 19:57:33,480
4254,time out,1970-04-26 19:57:34,480
4255,processing required,1970-04-26 19:57:35,480
4256,process complaint,1970-04-26 19:57:36,480
4257,check processing,1970-04-26 19:57:37,480
4258,processing ok,1970-04-26 19:57:38,480
4259,archive,1970-04-26 19:57:39,480
4260,register,1970-04-26 19:57:40,481
4261,evaluate,1970-04-26 19:57:41,481
4262,processing required,1970-04-26 19:57:42,481
4263,send questionnaire,1970-04-26 19:57:43,481
4264,process questionnaire,1970-04-26 19:57:44,481
4265,process complaint,1970-04-26 19:57:45,481
4266,check processing,1970-04-26 19:57:46,481
4267,processing nok,1970-04-26 19:57:47,481
4268,process complaint,1970-04-26 19:57:48,481
4269,check processing,1970-04-26 19:57:49,481
4270,processing nok,1970-04-26 19:57:50,481
4271,process complaint,1970-04-26 19:57:51,481
4272,check processing,1970-04-26 19:57:52,481
4273,processing nok,1970-04-26 19:57:53,481
4274,process complaint,1970-04-26 19:57:54,481
4275,check processing,1970-04-26 19:57:55,481
4276,processing ok,1970-04-26 19:57:56,481
4277,archive,1970-04-26 19:57:57,481
4278,register,1970-04-26 19:57:58,482
4279,evaluate,1970-04-26 19:57:59,482
4280,no processing,1970-04-26 19:58:00,482
4281,send questionnaire,1970-04-26 19:58:01,482
4282,process questionnaire,1970-04-26 19:58:02,482
4283,archive,1970-04-26 19:58:03,482
4284,register,1970-04-26 19:58:04,483
4285,send questionnaire,1970-04-26 19:58:05,483
4286,evaluate,1970-04-26 19:58:06,483
4287,no processing,1970-04-26 19:58:07,483
4288,time out,1970-04-26 19:58:08,483
4289,archive,1970-04-26 19:58:09,483
4290,register,1970-04-26 19:58:10,484
4291,evaluate,1970-04-26 19:58:11,484
4292,send questionnaire,1970-04-26 19:58:12,484
4293,process questionnaire,1970-04-26 19:58:13,484
4294,no processing,1970-04-26 19:58:14,484
4295,archive,1970-04-26 19:58:15,484
4296,register,1970-04-26 19:58:16,485
4297,evaluate,1970-04-26 19:58:17,485
4298,processing required,1970-04-26 19:58:18,485
4299,send questionnaire,1970-04-26 19:58:19,485
4300,time out,1970-04-26 19:58:20,485
4301,process complaint,1970-04-26 19:58:21,485
4302,check processing,1970-04-26 19:58:22,485
4303,processing nok,1970-04-26 19:58:23,485
4304,process complaint,1970-04-26 19:58:24,485
4305,check processing,1970-04-26 19:58:25,485
4306,processing nok,1970-04-26 19:58:26,485
4307,process complaint,1970-04-26 19:58:27,485
4308,check processing,1970-04-26 19:58:28,485
4309,processing ok,1970-04-26 19:58:29,485
4310,archive,1970-04-26 19:58:30,485
4311,register,1970-04-26 19:58:31,486
4312,evaluate,1970-04-26 19:58:32,486
4313,processing required,1970-04-26 19:58:33,486
4314,send questionnaire,1970-04-26 19:58:34,486
4315,time out,1970-04-26 19:58:35,486
4316,process complaint,1970-04-26 19:58:36,486
4317,check processing,1970-04-26 19:58:37,486
4318,processing ok,1970-04-26 19:58:38,486
4319,archive,1970-04-26 19:58:39,486
4320,register,1970-04-26 19:58:40,487
4321,evaluate,1970-04-26 19:58:41,487
4322,no processing,1970-04-26 19:58:42,487
4323,send questionnaire,1970-04-26 19:58:43,487
4324,time out,1970-04-26 19:58:44,487
4325,archive,1970-04-26 19:58:45,487
4326,register,1970-04-26 19:58:46,488
4327,send questionnaire,1970-04-26 19:58:47,488
4328,evaluate,1970-04-26 19:58:48,488
4329,process questionnaire,1970-04-26 19:58:49,488
4330,no processing,1970-04-26 19:58:50,488
4331,archive,1970-04-26 19:58:51,488
4332,register,1970-04-26 19:58:52,489
4333,send questionnaire,1970-04-26 19:58:53,489
4334,time out,1970-04-26 19:58:54,489
4335,evaluate,1970-04-26 19:58:55,489
4336,processing required,1970-04-26 19:58:56,489
4337,process complaint,1970-04-26 19:58:57,489
4338,check processing,1970-04-26 19:58:58,489
4339,processing ok,1970-04-26 19:58:59,489
4340,archive,1970-04-26 19:59:00,489
4341,register,1970-04-26 19:59:01,490
4342,send questionnaire,1970-04-26 19:59:02,490
4343,evaluate,1970-04-26 19:59:03,490
4344,process questionnaire,1970-04-26 19:59:04,490
4345,no processing,1970-04-26 19:59:05,490
4346,archive,1970-04-26 19:59:06,490
4347,register,1970-04-26 19:59:07,491
4348,evaluate,1970-04-26 19:59:08,491
4349,send questionnaire,1970-04-26 19:59:09,491
4350,process questionnaire,1970-04-26 19:59:10,491
4351,processing required,1970-04-26 19:59:11,491
4352,process complaint,1970-04-26 19:59:12,491
4353,check processing,1970-04-26 19:59:13,491
4354,processing ok,1970-04-26 19:59:14,491
4355,archive,1970-04-26 19:59:15,491
4356,register,1970-04-26 19:59:16,492
4357,send questionnaire,1970-04-26 19:59:17,492
4358,process questionnaire,1970-04-26 19:59:18,492
4359,evaluate,1970-04-26 19:59:19,492
4360,processing required,1970-04-26 19:59:20,492
4361,process complaint,1970-04-26 19:59:21,492
4362,check processing,1970-04-26 19:59:22,492
4363,processing nok,1970-04-26 19:59:23,492
4364,process complaint,1970-04-26 19:59:24,492
4365,check processing,1970-04-26 19:59:25,492
4366,processing ok,1970-04-26 19:59:26,492
4367,archive,1970-04-26 19:59:27,492
4368,register,1970-04-26 19:59:28,493
4369,evaluate,1970-04-26 19:59:29,493
4370,processing required,1970-04-26 19:59:30,493
4371,send questionnaire,1970-04-26 19:59:31,493
4372,time out,1970-04-26 19:59:32,493
4373,process complaint,1970-04-26 19:59:33,493
4374,check processing,1970-04-26 19:59:34,493
4375,processing nok,1970-04-26 19:59:35,493
4376,process complaint,1970-04-26 19:59:36,493
4377,check processing,1970-04-26 19:59:37,493
4378,processing nok,1970-04-26 19:59:38,493
4379,process complaint,1970-04-26 19:59:39,493
4380,check processing,1970-04-26 19:59:40,493
4381,processing ok,1970-04-26 19:59:41,493
4382,archive,1970-04-26 19:59:42,493
4383,register,1970-04-26 19:59:43,494
4384,send questionnaire,1970-04-26 19:59:44,494
4385,time out,1970-04-26 19:59:45,494
4386,evaluate,1970-04-26 19:59:46,494
4387,no processing,1970-04-26 19:59:47,494
4388,archive,1970-04-26 19:59:48,494
4389,register,1970-04-26 19:59:49,495
4390,evaluate,1970-04-26 19:59:50,495
4391,send questionnaire,1970-04-26 19:59:51,495
4392,time out,1970-04-26 19:59:52,495
4393,no processing,1970-04-26 19:59:53,495
4394,archive,1970-04-26 19:59:54,495
4395,register,1970-04-26 19:59:55,496
4396,send questionnaire,1970-04-26 19:59:56,496
4397,time out,1970-04-26 19:59:57,496
4398,evaluate,1970-04-26 19:59:58,496
4399,no processing,1970-04-26 19:59:59,496
4400,archive,1970-04-26 20:00:00,496
4401,register,1970-04-26 20:00:01,497
4402,evaluate,1970-04-26 20:00:02,497
4403,processing required,1970-04-26 20:00:03,497
4404,send questionnaire,1970-04-26 20:00:04,497
4405,time out,1970-04-26 20:00:05,497
4406,process complaint,1970-04-26 20:00:06,497
4407,check processing,1970-04-26 20:00:07,497
4408,processing ok,1970-04-26 20:00:08,497
4409,archive,1970-04-26 20:00:09,497
4410,register,1970-04-26 20:00:10,498
4411,evaluate,1970-04-26 20:00:11,498
4412,no processing,1970-04-26 20:00:12,498
4413,send questionnaire,1970-04-26 20:00:13,498
4414,time out,1970-04-26 20:00:14,498
4415,archive,1970-04-26 20:00:15,498
4416,register,1970-04-26 20:00:16,499
4417,evaluate,1970-04-26 20:00:17,499
4418,no processing,1970-04-26 20:00:18,499
4419,send questionnaire,1970-04-26 20:00:19,499
4420,time out,1970-04-26 20:00:20,499
4421,archive,1970-04-26 20:00:21,499
4422,register,1970-04-26 20:00:22,500
4423,send questionnaire,1970-04-26 20:00:23,500
4424,time out,1970-04-26 20:00:24,500
4425,evaluate,1970-04-26 20:00:25,500
4426,processing required,1970-04-26 20:00:26,500
4427,process complaint,1970-04-26 20:00:27,500
4428,check processing,1970-04-26 20:00:28,500
4429,processing ok,1970-04-26 20:00:29,500
4430,archive,1970-04-26 20:00:30,500
4431,register,1970-04-26 20:00:31,501
4432,evaluate,1970-04-26 20:00:32,501
4433,processing required,1970-04-26 20:00:33,501
4434,send questionnaire,1970-04-26 20:00:34,501
4435,process questionnaire,1970-04-26 20:00:35,501
4436,process complaint,1970-04-26 20:00:36,501
4437,check processing,1970-04-26 20:00:37,501
4438,processing nok,1970-04-26 20:00:38,501
4439,process complaint,1970-04-26 20:00:39,501
4440,check processing,1970-04-26 20:00:40,501
4441,processing nok,1970-04-26 20:00:41,501
4442,process complaint,1970-04-26 20:00:42,501
4443,check processing,1970-04-26 20:00:43,501
4444,processing ok,1970-04-26 20:00:44,501
4445,archive,1970-04-26 20:00:45,501
4446,register,1970-04-26 20:00:46,502
4447,evaluate,1970-04-26 20:00:47,502
4448,no processing,1970-04-26 20:00:48,502
4449,send questionnaire,1970-04-26 20:00:49,502
4450,time out,1970-04-26 20:00:50,502
4451,archive,1970-04-26 20:00:51,502
4452,register,1970-04-26 20:00:52,503
4453,send questionnaire,1970-04-26 20:00:53,503
4454,evaluate,1970-04-26 20:00:54,503
4455,time out,1970-04-26 20:00:55,503
4456,processing required,1970-04-26 20:00:56,503
4457,process complaint,1970-04-26 20:00:57,503
4458,check processing,1970-04-26 20:00:58,503
4459,processing nok,1970-04-26 20:00:59,503
4460,process complaint,1970-04-26 20:01:00,503
4461,check processing,1970-04-26 20:01:01,503
4462,processing nok,1970-04-26 20:01:02,503
4463,process complaint,1970-04-26 20:01:03,503
4464,check processing,1970-04-26 20:01:04,503
4465,processing nok,1970-04-26 20:01:05,503
4466,process complaint,1970-04-26 20:01:06,503
4467,check processing,1970-04-26 20:01:07,503
4468,processing nok,1970-04-26 20:01:08,503
4469,process complaint,1970-04-26 20:01:09,503
4470,check processing,1970-04-26 20:01:10,503
4471,processing nok,1970-04-26 20:01:11,503
4472,process complaint,1970-04-26 20:01:12,503
4473,check processing,1970-04-26 20:01:13,503
4474,processing ok,1970-04-26 20:01:14,503
4475,archive,1970-04-26 20:01:15,503
4476,register,1970-04-26 20:01:16,504
4477,send questionnaire,1970-04-26 20:01:17,504
4478,process questionnaire,1970-04-26 20:01:18,504
4479,evaluate,1970-04-26 20:01:19,504
4480,processing required,1970-04-26 20:01:20,504
4481,process complaint,1970-04-26 20:01:21,504
4482,check processing,1970-04-26 20:01:22,504
4483,processing nok,1970-04-26 20:01:23,504
4484,process complaint,1970-04-26 20:01:24,504
4485,check processing,1970-04-26 20:01:25,504
4486,processing ok,1970-04-26 20:01:26,504
4487,archive,1970-04-26 20:01:27,504
4488,register,1970-04-26 20:01:28,505
4489,evaluate,1970-04-26 20:01:29,505
4490,processing required,1970-04-26 20:01:30,505
4491,send questionnaire,1970-04-26 20:01:31,505
4492,time out,1970-04-26 20:01:32,505
4493,process complaint,1970-04-26 20:01:33,505
4494,check processing,1970-04-26 20:01:34,505
4495,processing nok,1970-04-26 20:01:35,505
4496,process complaint,1970-04-26 20:01:36,505
4497,check processing,1970-04-26 20:01:37,505
4498,processing ok,1970-04-26 20:01:38,505
4499,archive,1970-04-26 20:01:39,505
4500,register,1970-04-26 20:01:40,506
4501,send questionnaire,1970-04-26 20:01:41,506
4502,process questionnaire,1970-04-26 20:01:42,506
4503,evaluate,1970-04-26 20:01:43,506
4504,no processing,1970-04-26 20:01:44,506
4505,archive,1970-04-26 20:01:45,506
4506,register,1970-04-26 20:01:46,507
4507,send questionnaire,1970-04-26 20:01:47,507
4508,process questionnaire,1970-04-26 20:01:48,507
4509,evaluate,1970-04-26 20:01:49,507
4510,processing required,1970-04-26 20:01:50,507
4511,process complaint,1970-04-26 20:01:51,507
4512,check processing,1970-04-26 20:01:52,507
4513,processing ok,1970-04-26 20:01:53,507
4514,archive,1970-04-26 20:01:54,507
4515,register,1970-04-26 20:01:55,508
4516,evaluate,1970-04-26 20:01:56,508
4517,processing required,1970-04-26 20:01:57,508
4518,send questionnaire,1970-04-26 20:01:58,508
4519,time out,1970-04-26 20:01:59,508
4520,process complaint,1970-04-26 20:02:00,508
4521,check processing,1970-04-26 20:02:01,508
4522,processing nok,1970-04-26 20:02:02,508
4523,process complaint,1970-04-26 20:02:03,508
4524,check processing,1970-04-26 20:02:04,508
4525,processing nok,1970-04-26 20:02:05,508
4526,process complaint,1970-04-26 20:02:06,508
4527,check processing,1970-04-26 20:02:07,508
4528,processing nok,1970-04-26 20:02:08,508
4529,process complaint,1970-04-26 20:02:09,508
4530,check processing,1970-04-26 20:02:10,508
4531,processing nok,1970-04-26 20:02:11,508
4532,process complaint,1970-04-26 20:02:12,508
4533,check processing,1970-04-26 20:02:13,508
4534,processing ok,1970-04-26 20:02:14,508
4535,archive,1970-04-26 20:02:15,508
4536,register,1970-04-26 20:02:16,509
4537,evaluate,1970-04-26 20:02:17,509
4538,send questionnaire,1970-04-26 20:02:18,509
4539,no processing,1970-04-26 20:02:19,509
4540,process questionnaire,1970-04-26 20:02:20,509
4541,archive,1970-04-26 20:02:21,509
4542,register,1970-04-26 20:02:22,510
4543,evaluate,1970-04-26 20:02:23,510
4544,send questionnaire,1970-04-26 20:02:24,510
4545,processing required,1970-04-26 20:02:25,510
4546,time out,1970-04-26 20:02:26,510
4547,process complaint,1970-04-26 20:02:27,510
4548,check processing,1970-04-26 20:02:28,510
4549,processing ok,1970-04-26 20:02:29,510
4550,archive,1970-04-26 20:02:30,510
4551,register,1970-04-26 20:02:31,511
4552,evaluate,1970-04-26 20:02:32,511
4553,no processing,1970-04-26 20:02:33,511
4554,send questionnaire,1970-04-26 20:02:34,511
4555,process questionnaire,1970-04-26 20:02:35,511
4556,archive,1970-04-26 20:02:36,511
4557,register,1970-04-26 20:02:37,512
4558,evaluate,1970-04-26 20:02:38,512
4559,send questionnaire,1970-04-26 20:02:39,512
4560,time out,1970-04-26 20:02:40,512
4561,no processing,1970-04-26 20:02:41,512
4562,archive,1970-04-26 20:02:42,512
4563,register,1970-04-26 20:02:43,513
4564,evaluate,1970-04-26 20:02:44,513
4565,send questionnaire,1970-04-26 20:02:45,513
4566,processing required,1970-04-26 20:02:46,513
4567,time out,1970-04-26 20:02:47,513
4568,process complaint,1970-04-26 20:02:48,513
4569,check processing,1970-04-26 20:02:49,513
4570,processing nok,1970-04-26 20:02:50,513
4571,process complaint,1970-04-26 20:02:51,513
4572,check processing,1970-04-26 20:02:52,513
4573,processing nok,1970-04-26 20:02:53,513
4574,process complaint,1970-04-26 20:02:54,513
4575,check processing,1970-04-26 20:02:55,513
4576,processing ok,1970-04-26 20:02:56,513
4577,archive,1970-04-26 20:02:57,513
4578,register,1970-04-26 20:02:58,514
4579,send questionnaire,1970-04-26 20:02:59,514
4580,time out,1970-04-26 20:03:00,514
4581,evaluate,1970-04-26 20:03:01,514
4582,no processing,1970-04-26 20:03:02,514
4583,archive,1970-04-26 20:03:03,514
4584,register,1970-04-26 20:03:04,515
4585,send questionnaire,1970-04-26 20:03:05,515
4586,evaluate,1970-04-26 20:03:06,515
4587,processing required,1970-04-26 20:03:07,515
4588,time out,1970-04-26 20:03:08,515
4589,process complaint,1970-04-26 20:03:09,515
4590,check processing,1970-04-26 20:03:10,515
4591,processing nok,1970-04-26 20:03:11,515
4592,process complaint,1970-04-26 20:03:12,515
4593,check processing,1970-04-26 20:03:13,515
4594,processing nok,1970-04-26 20:03:14,515
4595,process complaint,1970-04-26 20:03:15,515
4596,check processing,1970-04-26 20:03:16,515
4597,processing nok,1970-04-26 20:03:17,515
4598,process complaint,1970-04-26 20:03:18,515
4599,check processing,1970-04-26 20:03:19,515
4600,processing ok,1970-04-26 20:03:20,515
4601,archive,1970-04-26 20:03:21,515
4602,register,1970-04-26 20:03:22,516
4603,send questionnaire,1970-04-26 20:03:23,516
4604,evaluate,1970-04-26 20:03:24,516
4605,time out,1970-04-26 20:03:25,516
4606,no processing,1970-04-26 20:03:26,516
4607,archive,1970-04-26 20:03:27,516
4608,register,1970-04-26 20:03:28,517
4609,send questionnaire,1970-04-26 20:03:29,517
4610,evaluate,1970-04-26 20:03:30,517
4611,no processing,1970-04-26 20:03:31,517
4612,time out,1970-04-26 20:03:32,517
4613,archive,1970-04-26 20:03:33,517
4614,register,1970-04-26 20:03:34,518
4615,send questionnaire,1970-04-26 20:03:35,518
4616,time out,1970-04-26 20:03:36,518
4617,evaluate,1970-04-26 20:03:37,518
4618,no processing,1970-04-26 20:03:38,518
4619,archive,1970-04-26 20:03:39,518
4620,register,1970-04-26 20:03:40,519
4621,evaluate,1970-04-26 20:03:41,519
4622,processing required,1970-04-26 20:03:42,519
4623,send questionnaire,1970-04-26 20:03:43,519
4624,process questionnaire,1970-04-26 20:03:44,519
4625,process complaint,1970-04-26 20:03:45,519
4626,check processing,1970-04-26 20:03:46,519
4627,processing ok,1970-04-26 20:03:47,519
4628,archive,1970-04-26 20:03:48,519
4629,register,1970-04-26 20:03:49,520
4630,send questionnaire,1970-04-26 20:03:50,520
4631,evaluate,1970-04-26 20:03:51,520
4632,no processing,1970-04-26 20:03:52,520
4633,time out,1970-04-26 20:03:53,520
4634,archive,1970-04-26 20:03:54,520
4635,register,1970-04-26 20:03:55,521
4636,evaluate,1970-04-26 20:03:56,521
4637,processing required,1970-04-26 20:03:57,521
4638,send questionnaire,1970-04-26 20:03:58,521
4639,process questionnaire,1970-04-26 20:03:59,521
4640,process complaint,1970-04-26 20:04:00,521
4641,check processing,1970-04-26 20:04:01,521
4642,processing nok,1970-04-26 20:04:02,521
4643,process complaint,1970-04-26 20:04:03,521
4644,check processing,1970-04-26 20:04:04,521
4645,processing nok,1970-04-26 20:04:05,521
4646,process complaint,1970-04-26 20:04:06,521
4647,check processing,1970-04-26 20:04:07,521
4648,processing ok,1970-04-26 20:04:08,521
4649,archive,1970-04-26 20:04:09,521
4650,register,1970-04-26 20:04:10,522
4651,evaluate,1970-04-26 20:04:11,522
4652,no processing,1970-04-26 20:04:12,522
4653,send questionnaire,1970-04-26 20:04:13,522
4654,time out,1970-04-26 20:04:14,522
4655,archive,1970-04-26 20:04:15,522
4656,register,1970-04-26 20:04:16,523
4657,send questionnaire,1970-04-26 20:04:17,523
4658,process questionnaire,1970-04-26 20:04:18,523
4659,evaluate,1970-04-26 20:04:19,523
4660,processing required,1970-04-26 20:04:20,523
4661,process complaint,1970-04-26 20:04:21,523
4662,check processing,1970-04-26 20:04:22,523
4663,processing ok,1970-04-26 20:04:23,523
4664,archive,1970-04-26 20:04:24,523
4665,register,1970-04-26 20:04:25,524
4666,evaluate,1970-04-26 20:04:26,524
4667,send questionnaire,1970-04-26 20:04:27,524
4668,process questionnaire,1970-04-26 20:04:28,524
4669,processing required,1970-04-26 20:04:29,524
4670,process complaint,1970-04-26 20:04:30,524
4671,check processing,1970-04-26 20:04:31,524
4672,processing nok,1970-04-26 20:04:32,524
4673,process complaint,1970-04-26 20:04:33,524
4674,check processing,1970-04-26 20:04:34,524
4675,processing ok,1970-04-26 20:04:35,524
4676,archive,1970-04-26 20:04:36,524
4677,register,1970-04-26 20:04:37,525
4678,send questionnaire,1970-04-26 20:04:38,525
4679,evaluate,1970-04-26 20:04:39,525
4680,processing required,1970-04-26 20:04:40,525
4681,process questionnaire,1970-04-26 20:04:41,525
4682,process complaint,1970-04-26 20:04:42,525
4683,check processing,1970-04-26 20:04:43,525
4684,processing ok,1970-04-26 20:04:44,525
4685,archive,1970-04-26 20:04:45,525
4686,register,1970-04-26 20:04:46,526
4687,evaluate,1970-04-26 20:04:47,526
4688,send questionnaire,1970-04-26 20:04:48,526
4689,processing required,1970-04-26 20:04:49,526
4690,time out,1970-04-26 20:04:50,526
4691,process complaint,1970-04-26 20:04:51,526
4692,check processing,1970-04-26 20:04:52,526
4693,processing nok,1970-04-26 20:04:53,526
4694,process complaint,1970-04-26 20:04:54,526
4695,check processing,1970-04-26 20:04:55,526
4696,processing nok,1970-04-26 20:04:56,526
4697,process complaint,1970-04-26 20:04:57,526
4698,check processing,1970-04-26 20:04:58,526
4699,processing ok,1970-04-26 20:04:59,526
4700,archive,1970-04-26 20:05:00,526
4701,register,1970-04-26 20:05:01,527
4702,send questionnaire,1970-04-26 20:05:02,527
4703,process questionnaire,1970-04-26 20:05:03,527
4704,evaluate,1970-04-26 20:05:04,527
4705,processing required,1970-04-26 20:05:05,527
4706,process complaint,1970-04-26 20:05:06,527
4707,check processing,1970-04-26 20:05:07,527
4708,processing nok,1970-04-26 20:05:08,527
4709,process complaint,1970-04-26 20:05:09,527
4710,check processing,1970-04-26 20:05:10,527
4711,processing nok,1970-04-26 20:05:11,527
4712,process complaint,1970-04-26 20:05:12,527
4713,check processing,1970-04-26 20:05:13,527
4714,processing ok,1970-04-26 20:05:14,527
4715,archive,1970-04-26 20:05:15,527
4716,register,1970-04-26 20:05:16,528
4717,evaluate,1970-04-26 20:05:17,528
4718,no processing,1970-04-26 20:05:18,528
4719,send questionnaire,1970-04-26 20:05:19,528
4720,process questionnaire,1970-04-26 20:05:20,528
4721,archive,1970-04-26 20:05:21,528
4722,register,1970-04-26 20:05:22,529
4723,send questionnaire,1970-04-26 20:05:23,529
4724,evaluate,1970-04-26 20:05:24,529
4725,time out,1970-04-26 20:05:25,529
4726,processing required,1970-04-26 20:05:26,529
4727,process complaint,1970-04-26 20:05:27,529
4728,check processing,1970-04-26 20:05:28,529
4729,processing ok,1970-04-26 20:05:29,529
4730,archive,1970-04-26 20:05:30,529
4731,register,1970-04-26 20:05:31,530
4732,evaluate,1970-04-26 20:05:32,530
4733,no processing,1970-04-26 20:05:33,530
4734,send questionnaire,1970-04-26 20:05:34,530
4735,process questionnaire,1970-04-26 20:05:35,530
4736,archive,1970-04-26 20:05:36,530
4737,register,1970-04-26 20:05:37,531
4738,send questionnaire,1970-04-26 20:05:38,531
4739,process questionnaire,1970-04-26 20:05:39,531
4740,evaluate,1970-04-26 20:05:40,531
4741,no processing,1970-04-26 20:05:41,531
4742,archive,1970-04-26 20:05:42,531
4743,register,1970-04-26 20:05:43,532
4744,evaluate,1970-04-26 20:05:44,532
4745,send questionnaire,1970-04-26 20:05:45,532
4746,process questionnaire,1970-04-26 20:05:46,532
4747,processing required,1970-04-26 20:05:47,532
4748,process complaint,1970-04-26 20:05:48,532
4749,check processing,1970-04-26 20:05:49,532
4750,processing ok,1970-04-26 20:05:50,532
4751,archive,1970-04-26 20:05:51,532
4752,register,1970-04-26 20:05:52,533
4753,evaluate,1970-04-26 20:05:53,533
4754,no processing,1970-04-26 20:05:54,533
4755,send questionnaire,1970-04-26 20:05:55,533
4756,process questionnaire,1970-04-26 20:05:56,533
4757,archive,1970-04-26 20:05:57,533
4758,register,1970-04-26 20:05:58,534
4759,evaluate,1970-04-26 20:05:59,534
4760,no processing,1970-04-26 20:06:00,534
4761,send questionnaire,1970-04-26 20:06:01,534
4762,process questionnaire,1970-04-26 20:06:02,534
4763,archive,1970-04-26 20:06:03,534
4764,register,1970-04-26 20:06:04,535
4765,evaluate,1970-04-26 20:06:05,535
4766,no processing,1970-04-26 20:06:06,535
4767,send questionnaire,1970-04-26 20:06:07,535
4768,time out,1970-04-26 20:06:08,535
4769,archive,1970-04-26 20:06:09,535
4770,register,1970-04-26 20:06:10,536
4771,evaluate,1970-04-26 20:06:11,536
4772,processing required,1970-04-26 20:06:12,536
4773,send questionnaire,1970-04-26 20:06:13,536
4774,process questionnaire,1970-04-26 20:06:14,536
4775,process complaint,1970-04-26 20:06:15,536
4776,check processing,1970-04-26 20:06:16,536
4777,processing ok,1970-04-26 20:06:17,536
4778,archive,1970-04-26 20:06:18,536
4779,register,1970-04-26 20:06:19,537
4780,evaluate,1970-04-26 20:06:20,537
4781,processing required,1970-04-26 20:06:21,537
4782,send questionnaire,1970-04-26 20:06:22,537
4783,time out,1970-04-26 20:06:23,537
4784,process complaint,1970-04-26 20:06:24,537
4785,check processing,1970-04-26 20:06:25,537
4786,processing ok,1970-04-26 20:06:26,537
4787,archive,1970-04-26 20:06:27,537
4788,register,1970-04-26 20:06:28,538
4789,evaluate,1970-04-26 20:06:29,538
4790,processing required,1970-04-26 20:06:30,538
4791,send questionnaire,1970-04-26 20:06:31,538
4792,process questionnaire,1970-04-26 20:06:32,538
4793,process complaint,1970-04-26 20:06:33,538
4794,check processing,1970-04-26 20:06:34,538
4795,processing ok,1970-04-26 20:06:35,538
4796,archive,1970-04-26 20:06:36,538
4797,register,1970-04-26 20:06:37,539
4798,evaluate,1970-04-26 20:06:38,539
4799,no processing,1970-04-26 20:06:39,539
4800,send questionnaire,1970-04-26 20:06:40,539
4801,time out,1970-04-26 20:06:41,539
4802,archive,1970-04-26 20:06:42,539
4803,register,1970-04-26 20:06:43,540
4804,evaluate,1970-04-26 20:06:44,540
4805,send questionnaire,1970-04-26 20:06:45,540
4806,no processing,1970-04-26 20:06:46,540
4807,time out,1970-04-26 20:06:47,540
4808,archive,1970-04-26 20:06:48,540
4809,register,1970-04-26 20:06:49,541
4810,send questionnaire,1970-04-26 20:06:50,541
4811,process questionnaire,1970-04-26 20:06:51,541
4812,evaluate,1970-04-26 20:06:52,541
4813,no processing,1970-04-26 20:06:53,541
4814,archive,1970-04-26 20:06:54,541
4815,register,1970-04-26 20:06:55,542
4816,evaluate,1970-04-26 20:06:56,542
4817,processing required,1970-04-26 20:06:57,542
4818,send questionnaire,1970-04-26 20:06:58,542
4819,process questionnaire,1970-04-26 20:06:59,542
4820,process complaint,1970-04-26 20:07:00,542
4821,check processing,1970-04-26 20:07:01,542
4822,processing ok,1970-04-26 20:07:02,542
4823,archive,1970-04-26 20:07:03,542
4824,register,1970-04-26 20:07:04,543
4825,evaluate,1970-04-26 20:07:05,543
4826,no processing,1970-04-26 20:07:06,543
4827,send questionnaire,1970-04-26 20:07:07,543
4828,time out,1970-04-26 20:07:08,543
4829,archive,1970-04-26 20:07:09,543
4830,register,1970-04-26 20:07:10,544
4831,send questionnaire,1970-04-26 20:07:11,544
4832,evaluate,1970-04-26 20:07:12,544
4833,no processing,1970-04-26 20:07:13,544
4834,time out,1970-04-26 20:07:14,544
4835,archive,1970-04-26 20:07:15,544
4836,register,1970-04-26 20:07:16,545
4837,evaluate,1970-04-26 20:07:17,545
4838,no processing,1970-04-26 20:07:18,545
4839,send questionnaire,1970-04-26 20:07:19,545
4840,process questionnaire,1970-04-26 20:07:20,545
4841,archive,1970-04-26 20:07:21,545
4842,register,1970-04-26 20:07:22,546
4843,send questionnaire,1970-04-26 20:07:23,546
4844,evaluate,1970-04-26 20:07:24,546
4845,processing required,1970-04-26 20:07:25,546
4846,time out,1970-04-26 20:07:26,546
4847,process complaint,1970-04-26 20:07:27,546
4848,check processing,1970-04-26 20:07:28,546
4849,processing ok,1970-04-26 20:07:29,546
4850,archive,1970-04-26 20:07:30,546
4851,register,1970-04-26 20:07:31,547
4852,send questionnaire,1970-04-26 20:07:32,547
4853,time out,1970-04-26 20:07:33,547
4854,evaluate,1970-04-26 20:07:34,547
4855,processing required,1970-04-26 20:07:35,547
4856,process complaint,1970-04-26 20:07:36,547
4857,check processing,1970-04-26 20:07:37,547
4858,processing nok,1970-04-26 20:07:38,547
4859,process complaint,1970-04-26 20:07:39,547
4860,check processing,1970-04-26 20:07:40,547
4861,processing nok,1970-04-26 20:07:41,547
4862,process complaint,1970-04-26 20:07:42,547
4863,check processing,1970-04-26 20:07:43,547
4864,processing ok,1970-04-26 20:07:44,547
4865,archive,1970-04-26 20:07:45,547
4866,register,1970-04-26 20:07:46,548
4867,evaluate,1970-04-26 20:07:47,548
4868,no processing,1970-04-26 20:07:48,548
4869,send questionnaire,1970-04-26 20:07:49,548
4870,process questionnaire,1970-04-26 20:07:50,548
4871,archive,1970-04-26 20:07:51,548
4872,register,1970-04-26 20:07:52,549
4873,evaluate,1970-04-26 20:07:53,549
4874,processing required,1970-04-26 20:07:54,549
4875,send questionnaire,1970-04-26 20:07:55,549
4876,time out,1970-04-26 20:07:56,549
4877,process complaint,1970-04-26 20:07:57,549
4878,check processing,1970-04-26 20:07:58,549
4879,processing nok,1970-04-26 20:07:59,549
4880,process complaint,1970-04-26 20:08:00,549
4881,check processing,1970-04-26 20:08:01,549
4882,processing nok,1970-04-26 20:08:02,549
4883,process complaint,1970-04-26 20:08:03,549
4884,check processing,1970-04-26 20:08:04,549
4885,processing ok,1970-04-26 20:08:05,549
4886,archive,1970-04-26 20:08:06,549
4887,register,1970-04-26 20:08:07,550
4888,send questionnaire,1970-04-26 20:08:08,550
4889,time out,1970-04-26 20:08:09,550
4890,evaluate,1970-04-26 20:08:10,550
4891,processing required,1970-04-26 20:08:11,550
4892,process complaint,1970-04-26 20:08:12,550
4893,check processing,1970-04-26 20:08:13,550
4894,processing ok,1970-04-26 20:08:14,550
4895,archive,1970-04-26 20:08:15,550
4896,register,1970-04-26 20:08:16,551
4897,evaluate,1970-04-26 20:08:17,551
4898,send questionnaire,1970-04-26 20:08:18,551
4899,process questionnaire,1970-04-26 20:08:19,551
4900,processing required,1970-04-26 20:08:20,551
4901,process complaint,1970-04-26 20:08:21,551
4902,check processing,1970-04-26 20:08:22,551
4903,processing ok,1970-04-26 20:08:23,551
4904,archive,1970-04-26 20:08:24,551
4905,register,1970-04-26 20:08:25,552
4906,send questionnaire,1970-04-26 20:08:26,552
4907,process questionnaire,1970-04-26 20:08:27,552
4908,evaluate,1970-04-26 20:08:28,552
4909,no processing,1970-04-26 20:08:29,552
4910,archive,1970-04-26 20:08:30,552
4911,register,1970-04-26 20:08:31,553
4912,send questionnaire,1970-04-26 20:08:32,553
4913,process questionnaire,1970-04-26 20:08:33,553
4914,evaluate,1970-04-26 20:08:34,553
4915,processing required,1970-04-26 20:08:35,553
4916,process complaint,1970-04-26 20:08:36,553
4917,check processing,1970-04-26 20:08:37,553
4918,processing ok,1970-04-26 20:08:38,553
4919,archive,1970-04-26 20:08:39,553
4920,register,1970-04-26 20:08:40,554
4921,send questionnaire,1970-04-26 20:08:41,554
4922,time out,1970-04-26 20:08:42,554
4923,evaluate,1970-04-26 20:08:43,554
4924,processing required,1970-04-26 20:08:44,554
4925,process complaint,1970-04-26 20:08:45,554
4926,check processing,1970-04-26 20:08:46,554
4927,processing ok,1970-04-26 20:08:47,554
4928,archive,1970-04-26 20:08:48,554
4929,register,1970-04-26 20:08:49,555
4930,send questionnaire,1970-04-26 20:08:50,555
4931,process questionnaire,1970-04-26 20:08:51,555
4932,evaluate,1970-04-26 20:08:52,555
4933,no processing,1970-04-26 20:08:53,555
4934,archive,1970-04-26 20:08:54,555
4935,register,1970-04-26 20:08:55,556
4936,evaluate,1970-04-26 20:08:56,556
4937,processing required,1970-04-26 20:08:57,556
4938,send questionnaire,1970-04-26 20:08:58,556
4939,process questionnaire,1970-04-26 20:08:59,556
4940,process complaint,1970-04-26 20:09:00,556
4941,check processing,1970-04-26 20:09:01,556
4942,processing nok,1970-04-26 20:09:02,556
4943,process complaint,1970-04-26 20:09:03,556
4944,check processing,1970-04-26 20:09:04,556
4945,processing nok,1970-04-26 20:09:05,556
4946,process complaint,1970-04-26 20:09:06,556
4947,check processing,1970-04-26 20:09:07,556
4948,processing nok,1970-04-26 20:09:08,556
4949,process complaint,1970-04-26 20:09:09,556
4950,check processing,1970-04-26 20:09:10,556
4951,processing ok,1970-04-26 20:09:11,556
4952,archive,1970-04-26 20:09:12,556
4953,register,1970-04-26 20:09:13,557
4954,send questionnaire,1970-04-26 20:09:14,557
4955,time out,1970-04-26 20:09:15,557
4956,evaluate,1970-04-26 20:09:16,557
4957,no processing,1970-04-26 20:09:17,557
4958,archive,1970-04-26 20:09:18,557
4959,register,1970-04-26 20:09:19,558
4960,send questionnaire,1970-04-26 20:09:20,558
4961,process questionnaire,1970-04-26 20:09:21,558
4962,evaluate,1970-04-26 20:09:22,558
4963,processing required,1970-04-26 20:09:23,558
4964,process complaint,1970-04-26 20:09:24,558
4965,check processing,1970-04-26 20:09:25,558
4966,processing nok,1970-04-26 20:09:26,558
4967,process complaint,1970-04-26 20:09:27,558
4968,check processing,1970-04-26 20:09:28,558
4969,processing ok,1970-04-26 20:09:29,558
4970,archive,1970-04-26 20:09:30,558
4971,register,1970-04-26 20:09:31,559
4972,evaluate,1970-04-26 20:09:32,559
4973,processing required,1970-04-26 20:09:33,559
4974,send questionnaire,1970-04-26 20:09:34,559
4975,process questionnaire,1970-04-26 20:09:35,559
4976,process complaint,1970-04-26 20:09:36,559
4977,check processing,1970-04-26 20:09:37,559
4978,processing nok,1970-04-26 20:09:38,559
4979,process complaint,1970-04-26 20:09:39,559
4980,check processing,1970-04-26 20:09:40,559
4981,processing nok,1970-04-26 20:09:41,559
4982,process complaint,1970-04-26 20:09:42,559
4983,check processing,1970-04-26 20:09:43,559
4984,processing nok,1970-04-26 20:09:44,559
4985,process complaint,1970-04-26 20:09:45,559
4986,check processing,1970-04-26 20:09:46,559
4987,processing nok,1970-04-26 20:09:47,559
4988,process complaint,1970-04-26 20:09:48,559
4989,check processing,1970-04-26 20:09:49,559
4990,processing nok,1970-04-26 20:09:50,559
4991,process complaint,1970-04-26 20:09:51,559
4992,check processing,1970-04-26 20:09:52,559
4993,processing nok,1970-04-26 20:09:53,559
4994,process complaint,1970-04-26 20:09:54,559
4995,check processing,1970-04-26 20:09:55,559
4996,processing ok,1970-04-26 20:09:56,559
4997,archive,1970-04-26 20:09:57,559
4998,register,1970-04-26 20:09:58,560
4999,evaluate,1970-04-26 20:09:59,560
5000,no processing,1970-04-26 20:10:00,560
5001,send questionnaire,1970-04-26 20:10:01,560
5002,time out,1970-04-26 20:10:02,560
5003,archive,1970-04-26 20:10:03,560
5004,register,1970-04-26 20:10:04,561
5005,send questionnaire,1970-04-26 20:10:05,561
5006,process questionnaire,1970-04-26 20:10:06,561
5007,evaluate,1970-04-26 20:10:07,561
5008,processing required,1970-04-26 20:10:08,561
5009,process complaint,1970-04-26 20:10:09,561
5010,check processing,1970-04-26 20:10:10,561
5011,processing nok,1970-04-26 20:10:11,561
5012,process complaint,1970-04-26 20:10:12,561
5013,check processing,1970-04-26 20:10:13,561
5014,processing nok,1970-04-26 20:10:14,561
5015,process complaint,1970-04-26 20:10:15,561
5016,check processing,1970-04-26 20:10:16,561
5017,processing ok,1970-04-26 20:10:17,561
5018,archive,1970-04-26 20:10:18,561
5019,register,1970-04-26 20:10:19,562
5020,evaluate,1970-04-26 20:10:20,562
5021,send questionnaire,1970-04-26 20:10:21,562
5022,no processing,1970-04-26 20:10:22,562
5023,time out,1970-04-26 20:10:23,562
5024,archive,1970-04-26 20:10:24,562
5025,register,1970-04-26 20:10:25,563
5026,evaluate,1970-04-26 20:10:26,563
5027,processing required,1970-04-26 20:10:27,563
5028,send questionnaire,1970-04-26 20:10:28,563
5029,time out,1970-04-26 20:10:29,563
5030,process complaint,1970-04-26 20:10:30,563
5031,check processing,1970-04-26 20:10:31,563
5032,processing ok,1970-04-26 20:10:32,563
5033,archive,1970-04-26 20:10:33,563
5034,register,1970-04-26 20:10:34,564
5035,evaluate,1970-04-26 20:10:35,564
5036,send questionnaire,1970-04-26 20:10:36,564
5037,no processing,1970-04-26 20:10:37,564
5038,time out,1970-04-26 20:10:38,564
5039,archive,1970-04-26 20:10:39,564
5040,register,1970-04-26 20:10:40,565
5041,send questionnaire,1970-04-26 20:10:41,565
5042,time out,1970-04-26 20:10:42,565
5043,evaluate,1970-04-26 20:10:43,565
5044,processing required,1970-04-26 20:10:44,565
5045,process complaint,1970-04-26 20:10:45,565
5046,check processing,1970-04-26 20:10:46,565
5047,processing ok,1970-04-26 20:10:47,565
5048,archive,1970-04-26 20:10:48,565
5049,register,1970-04-26 20:10:49,566
5050,send questionnaire,1970-04-26 20:10:50,566
5051,time out,1970-04-26 20:10:51,566
5052,evaluate,1970-04-26 20:10:52,566
5053,no processing,1970-04-26 20:10:53,566
5054,archive,1970-04-26 20:10:54,566
5055,register,1970-04-26 20:10:55,567
5056,evaluate,1970-04-26 20:10:56,567
5057,processing required,1970-04-26 20:10:57,567
5058,send questionnaire,1970-04-26 20:10:58,567
5059,time out,1970-04-26 20:10:59,567
5060,process complaint,1970-04-26 20:11:00,567
5061,check processing,1970-04-26 20:11:01,567
5062,processing nok,1970-04-26 20:11:02,567
5063,process complaint,1970-04-26 20:11:03,567
5064,check processing,1970-04-26 20:11:04,567
5065,processing nok,1970-04-26 20:11:05,567
5066,process complaint,1970-04-26 20:11:06,567
5067,check processing,1970-04-26 20:11:07,567
5068,processing nok,1970-04-26 20:11:08,567
5069,process complaint,1970-04-26 20:11:09,567
5070,check processing,1970-04-26 20:11:10,567
5071,processing nok,1970-04-26 20:11:11,567
5072,process complaint,1970-04-26 20:11:12,567
5073,check processing,1970-04-26 20:11:13,567
5074,processing nok,1970-04-26 20:11:14,567
5075,process complaint,1970-04-26 20:11:15,567
5076,check processing,1970-04-26 20:11:16,567
5077,processing nok,1970-04-26 20:11:17,567
5078,process complaint,1970-04-26 20:11:18,567
5079,check processing,1970-04-26 20:11:19,567
5080,processing ok,1970-04-26 20:11:20,567
5081,archive,1970-04-26 20:11:21,567
5082,register,1970-04-26 20:11:22,568
5083,send questionnaire,1970-04-26 20:11:23,568
5084,evaluate,1970-04-26 20:11:24,568
5085,process questionnaire,1970-04-26 20:11:25,568
5086,no processing,1970-04-26 20:11:26,568
5087,archive,1970-04-26 20:11:27,568
5088,register,1970-04-26 20:11:28,569
5089,evaluate,1970-04-26 20:11:29,569
5090,processing required,1970-04-26 20:11:30,569
5091,send questionnaire,1970-04-26 20:11:31,569
5092,process questionnaire,1970-04-26 20:11:32,569
5093,process complaint,1970-04-26 20:11:33,569
5094,check processing,1970-04-26 20:11:34,569
5095,processing nok,1970-04-26 20:11:35,569
5096,process complaint,1970-04-26 20:11:36,569
5097,check processing,1970-04-26 20:11:37,569
5098,processing nok,1970-04-26 20:11:38,569
5099,process complaint,1970-04-26 20:11:39,569
5100,check processing,1970-04-26 20:11:40,569
5101,processing ok,1970-04-26 20:11:41,569
5102,archive,1970-04-26 20:11:42,569
5103,register,1970-04-26 20:11:43,570
5104,send questionnaire,1970-04-26 20:11:44,570
5105,process questionnaire,1970-04-26 20:11:45,570
5106,evaluate,1970-04-26 20:11:46,570
5107,no processing,1970-04-26 20:11:47,570
5108,archive,1970-04-26 20:11:48,570
5109,register,1970-04-26 20:11:49,571
5110,send questionnaire,1970-04-26 20:11:50,571
5111,time out,1970-04-26 20:11:51,571
5112,evaluate,1970-04-26 20:11:52,571
5113,processing required,1970-04-26 20:11:53,571
5114,process complaint,1970-04-26 20:11:54,571
5115,check processing,1970-04-26 20:11:55,571
5116,processing ok,1970-04-26 20:11:56,571
5117,archive,1970-04-26 20:11:57,571
5118,register,1970-04-26 20:11:58,572
5119,evaluate,1970-04-26 20:11:59,572
5120,no processing,1970-04-26 20:12:00,572
5121,send questionnaire,1970-04-26 20:12:01,572
5122,time out,1970-04-26 20:12:02,572
5123,archive,1970-04-26 20:12:03,572
5124,register,1970-04-26 20:12:04,573
5125,evaluate,1970-04-26 20:12:05,573
5126,processing required,1970-04-26 20:12:06,573
5127,send questionnaire,1970-04-26 20:12:07,573
5128,process questionnaire,1970-04-26 20:12:08,573
5129,process complaint,1970-04-26 20:12:09,573
5130,check processing,1970-04-26 20:12:10,573
5131,processing nok,1970-04-26 20:12:11,573
5132,process complaint,1970-04-26 20:12:12,573
5133,check processing,1970-04-26 20:12:13,573
5134,processing nok,1970-04-26 20:12:14,573
5135,process complaint,1970-04-26 20:12:15,573
5136,check processing,1970-04-26 20:12:16,573
5137,processing ok,1970-04-26 20:12:17,573
5138,archive,1970-04-26 20:12:18,573
5139,register,1970-04-26 20:12:19,574
5140,evaluate,1970-04-26 20:12:20,574
5141,no processing,1970-04-26 20:12:21,574
5142,send questionnaire,1970-04-26 20:12:22,574
5143,process questionnaire,1970-04-26 20:12:23,574
5144,archive,1970-04-26 20:12:24,574
5145,register,1970-04-26 20:12:25,575
5146,send questionnaire,1970-04-26 20:12:26,575
5147,evaluate,1970-04-26 20:12:27,575
5148,processing required,1970-04-26 20:12:28,575
5149,process questionnaire,1970-04-26 20:12:29,575
5150,process complaint,1970-04-26 20:12:30,575
5151,check processing,1970-04-26 20:12:31,575
5152,processing nok,1970-04-26 20:12:32,575
5153,process complaint,1970-04-26 20:12:33,575
5154,check processing,1970-04-26 20:12:34,575
5155,processing nok,1970-04-26 20:12:35,575
5156,process complaint,1970-04-26 20:12:36,575
5157,check processing,1970-04-26 20:12:37,575
5158,processing nok,1970-04-26 20:12:38,575
5159,process complaint,1970-04-26 20:12:39,575
5160,check processing,1970-04-26 20:12:40,575
5161,processing nok,1970-04-26 20:12:41,575
5162,process complaint,1970-04-26 20:12:42,575
5163,check processing,1970-04-26 20:12:43,575
5164,processing ok,1970-04-26 20:12:44,575
5165,archive,1970-04-26 20:12:45,575
5166,register,1970-04-26 20:12:46,576
5167,evaluate,1970-04-26 20:12:47,576
5168,processing required,1970-04-26 20:12:48,576
5169,send questionnaire,1970-04-26 20:12:49,576
5170,process questionnaire,1970-04-26 20:12:50,576
5171,process complaint,1970-04-26 20:12:51,576
5172,check processing,1970-04-26 20:12:52,576
5173,processing ok,1970-04-26 20:12:53,576
5174,archive,1970-04-26 20:12:54,576
5175,register,1970-04-26 20:12:55,577
5176,evaluate,1970-04-26 20:12:56,577
5177,send questionnaire,1970-04-26 20:12:57,577
5178,process questionnaire,1970-04-26 20:12:58,577
5179,no processing,1970-04-26 20:12:59,577
5180,archive,1970-04-26 20:13:00,577
5181,register,1970-04-26 20:13:01,578
5182,send questionnaire,1970-04-26 20:13:02,578
5183,time out,1970-04-26 20:13:03,578
5184,evaluate,1970-04-26 20:13:04,578
5185,no processing,1970-04-26 20:13:05,578
5186,archive,1970-04-26 20:13:06,578
5187,register,1970-04-26 20:13:07,579
5188,send questionnaire,1970-04-26 20:13:08,579
5189,time out,1970-04-26 20:13:09,579
5190,evaluate,1970-04-26 20:13:10,579
5191,no processing,1970-04-26 20:13:11,579
5192,archive,1970-04-26 20:13:12,579
5193,register,1970-04-26 20:13:13,580
5194,evaluate,1970-04-26 20:13:14,580
5195,processing required,1970-04-26 20:13:15,580
5196,send questionnaire,1970-04-26 20:13:16,580
5197,process questionnaire,1970-04-26 20:13:17,580
5198,process complaint,1970-04-26 20:13:18,580
5199,check processing,1970-04-26 20:13:19,580
5200,processing ok,1970-04-26 20:13:20,580
5201,archive,1970-04-26 20:13:21,580
5202,register,1970-04-26 20:13:22,581
5203,send questionnaire,1970-04-26 20:13:23,581
5204,time out,1970-04-26 20:13:24,581
5205,evaluate,1970-04-26 20:13:25,581
5206,no processing,1970-04-26 20:13:26,581
5207,archive,1970-04-26 20:13:27,581
5208,register,1970-04-26 20:13:28,582
5209,evaluate,1970-04-26 20:13:29,582
5210,processing required,1970-04-26 20:13:30,582
5211,send questionnaire,1970-04-26 20:13:31,582
5212,process questionnaire,1970-04-26 20:13:32,582
5213,process complaint,1970-04-26 20:13:33,582
5214,check processing,1970-04-26 20:13:34,582
5215,processing nok,1970-04-26 20:13:35,582
5216,process complaint,1970-04-26 20:13:36,582
5217,check processing,1970-04-26 20:13:37,582
5218,processing nok,1970-04-26 20:13:38,582
5219,process complaint,1970-04-26 20:13:39,582
5220,check processing,1970-04-26 20:13:40,582
5221,processing nok,1970-04-26 20:13:41,582
5222,process complaint,1970-04-26 20:13:42,582
5223,check processing,1970-04-26 20:13:43,582
5224,processing ok,1970-04-26 20:13:44,582
5225,archive,1970-04-26 20:13:45,582
5226,register,1970-04-26 20:13:46,583
5227,send questionnaire,1970-04-26 20:13:47,583
5228,evaluate,1970-04-26 20:13:48,583
5229,no processing,1970-04-26 20:13:49,583
5230,process questionnaire,1970-04-26 20:13:50,583
5231,archive,1970-04-26 20:13:51,583
5232,register,1970-04-26 20:13:52,584
5233,send questionnaire,1970-04-26 20:13:53,584
5234,time out,1970-04-26 20:13:54,584
5235,evaluate,1970-04-26 20:13:55,584
5236,no processing,1970-04-26 20:13:56,584
5237,archive,1970-04-26 20:13:57,584
5238,register,1970-04-26 20:13:58,585
5239,evaluate,1970-04-26 20:13:59,585
5240,send questionnaire,1970-04-26 20:14:00,585
5241,processing required,1970-04-26 20:14:01,585
5242,time out,1970-04-26 20:14:02,585
5243,process complaint,1970-04-26 20:14:03,585
5244,check processing,1970-04-26 20:14:04,585
5245,processing nok,1970-04-26 20:14:05,585
5246,process complaint,1970-04-26 20:14:06,585
5247,check processing,1970-04-26 20:14:07,585
5248,processing nok,1970-04-26 20:14:08,585
5249,process complaint,1970-04-26 20:14:09,585
5250,check processing,1970-04-26 20:14:10,585
5251,processing ok,1970-04-26 20:14:11,585
5252,archive,1970-04-26 20:14:12,585
5253,register,1970-04-26 20:14:13,586
5254,send questionnaire,1970-04-26 20:14:14,586
5255,process questionnaire,1970-04-26 20:14:15,586
5256,evaluate,1970-04-26 20:14:16,586
5257,no processing,1970-04-26 20:14:17,586
5258,archive,1970-04-26 20:14:18,586
5259,register,1970-04-26 20:14:19,587
5260,send questionnaire,1970-04-26 20:14:20,587
5261,process questionnaire,1970-04-26 20:14:21,587
5262,evaluate,1970-04-26 20:14:22,587
5263,no processing,1970-04-26 20:14:23,587
5264,archive,1970-04-26 20:14:24,587
5265,register,1970-04-26 20:14:25,588
5266,send questionnaire,1970-04-26 20:14:26,588
5267,process questionnaire,1970-04-26 20:14:27,588
5268,evaluate,1970-04-26 20:14:28,588
5269,processing required,1970-04-26 20:14:29,588
5270,process complaint,1970-04-26 20:14:30,588
5271,check processing,1970-04-26 20:14:31,588
5272,processing ok,1970-04-26 20:14:32,588
5273,archive,1970-04-26 20:14:33,588
5274,register,1970-04-26 20:14:34,589
5275,evaluate,1970-04-26 20:14:35,589
5276,send questionnaire,1970-04-26 20:14:36,589
5277,time out,1970-04-26 20:14:37,589
5278,processing required,1970-04-26 20:14:38,589
5279,process complaint,1970-04-26 20:14:39,589
5280,check processing,1970-04-26 20:14:40,589
5281,processing nok,1970-04-26 20:14:41,589
5282,process complaint,1970-04-26 20:14:42,589
5283,check processing,1970-04-26 20:14:43,589
5284,processing ok,1970-04-26 20:14:44,589
5285,archive,1970-04-26 20:14:45,589
5286,register,1970-04-26 20:14:46,590
5287,send questionnaire,1970-04-26 20:14:47,590
5288,evaluate,1970-04-26 20:14:48,590
5289,processing required,1970-04-26 20:14:49,590
5290,process questionnaire,1970-04-26 20:14:50,590
5291,process complaint,1970-04-26 20:14:51,590
5292,check processing,1970-04-26 20:14:52,590
5293,processing nok,1970-04-26 20:14:53,590
5294,process complaint,1970-04-26 20:14:54,590
5295,check processing,1970-04-26 20:14:55,590
5296,processing ok,1970-04-26 20:14:56,590
5297,archive,1970-04-26 20:14:57,590
5298,register,1970-04-26 20:14:58,591
5299,send questionnaire,1970-04-26 20:14:59,591
5300,time out,1970-04-26 20:15:00,591
5301,evaluate,1970-04-26 20:15:01,591
5302,processing required,1970-04-26 20:15:02,591
5303,process complaint,1970-04-26 20:15:03,591
5304,check processing,1970-04-26 20:15:04,591
5305,processing ok,1970-04-26 20:15:05,591
5306,archive,1970-04-26 20:15:06,591
5307,register,1970-04-26 20:15:07,592
5308,evaluate,1970-04-26 20:15:08,592
5309,no processing,1970-04-26 20:15:09,592
5310,send questionnaire,1970-04-26 20:15:10,592
5311,process questionnaire,1970-04-26 20:15:11,592
5312,archive,1970-04-26 20:15:12,592
5313,register,1970-04-26 20:15:13,593
5314,send questionnaire,1970-04-26 20:15:14,593
5315,time out,1970-04-26 20:15:15,593
5316,evaluate,1970-04-26 20:15:16,593
5317,processing required,1970-04-26 20:15:17,593
5318,process complaint,1970-04-26 20:15:18,593
5319,check processing,1970-04-26 20:15:19,593
5320,processing nok,1970-04-26 20:15:20,593
5321,process complaint,1970-04-26 20:15:21,593
5322,check processing,1970-04-26 20:15:22,593
5323,processing ok,1970-04-26 20:15:23,593
5324,archive,1970-04-26 20:15:24,593
5325,register,1970-04-26 20:15:25,594
5326,evaluate,1970-04-26 20:15:26,594
5327,processing required,1970-04-26 20:15:27,594
5328,send questionnaire,1970-04-26 20:15:28,594
5329,time out,1970-04-26 20:15:29,594
5330,process complaint,1970-04-26 20:15:30,594
5331,check processing,1970-04-26 20:15:31,594
5332,processing ok,1970-04-26 20:15:32,594
5333,archive,1970-04-26 20:15:33,594
5334,register,1970-04-26 20:15:34,595
5335,evaluate,1970-04-26 20:15:35,595
5336,no processing,1970-04-26 20:15:36,595
5337,send questionnaire,1970-04-26 20:15:37,595
5338,process questionnaire,1970-04-26 20:15:38,595
5339,archive,1970-04-26 20:15:39,595
5340,register,1970-04-26 20:15:40,596
5341,evaluate,1970-04-26 20:15:41,596
5342,no processing,1970-04-26 20:15:42,596
5343,send questionnaire,1970-04-26 20:15:43,596
5344,process questionnaire,1970-04-26 20:15:44,596
5345,archive,1970-04-26 20:15:45,596
5346,register,1970-04-26 20:15:46,597
5347,send questionnaire,1970-04-26 20:15:47,597
5348,time out,1970-04-26 20:15:48,597
5349,evaluate,1970-04-26 20:15:49,597
5350,no processing,1970-04-26 20:15:50,597
5351,archive,1970-04-26 20:15:51,597
5352,register,1970-04-26 20:15:52,598
5353,evaluate,1970-04-26 20:15:53,598
5354,send questionnaire,1970-04-26 20:15:54,598
5355,process questionnaire,1970-04-26 20:15:55,598
5356,processing required,1970-04-26 20:15:56,598
5357,process complaint,1970-04-26 20:15:57,598
5358,check processing,1970-04-26 20:15:58,598
5359,processing nok,1970-04-26 20:15:59,598
5360,process complaint,1970-04-26 20:16:00,598
5361,check processing,1970-04-26 20:16:01,598
5362,processing nok,1970-04-26 20:16:02,598
5363,process complaint,1970-04-26 20:16:03,598
5364,check processing,1970-04-26 20:16:04,598
5365,processing nok,1970-04-26 20:16:05,598
5366,process complaint,1970-04-26 20:16:06,598
5367,check processing,1970-04-26 20:16:07,598
5368,processing nok,1970-04-26 20:16:08,598
5369,process complaint,1970-04-26 20:16:09,598
5370,check processing,1970-04-26 20:16:10,598
5371,processing ok,1970-04-26 20:16:11,598
5372,archive,1970-04-26 20:16:12,598
5373,register,1970-04-26 20:16:13,599
5374,evaluate,1970-04-26 20:16:14,599
5375,send questionnaire,1970-04-26 20:16:15,599
5376,process questionnaire,1970-04-26 20:16:16,599
5377,processing required,1970-04-26 20:16:17,599
5378,process complaint,1970-04-26 20:16:18,599
5379,check processing,1970-04-26 20:16:19,599
5380,processing ok,1970-04-26 20:16:20,599
5381,archive,1970-04-26 20:16:21,599
5382,register,1970-04-26 20:16:22,600
5383,send questionnaire,1970-04-26 20:16:23,600
5384,process questionnaire,1970-04-26 20:16:24,600
5385,evaluate,1970-04-26 20:16:25,600
5386,no processing,1970-04-26 20:16:26,600
5387,archive,1970-04-26 20:16:27,600
5388,register,1970-04-26 20:16:28,601
5389,send questionnaire,1970-04-26 20:16:29,601
5390,evaluate,1970-04-26 20:16:30,601
5391,time out,1970-04-26 20:16:31,601
5392,no processing,1970-04-26 20:16:32,601
5393,archive,1970-04-26 20:16:33,601
5394,register,1970-04-26 20:16:34,602
5395,evaluate,1970-04-26 20:16:35,602
5396,send questionnaire,1970-04-26 20:16:36,602
5397,no processing,1970-04-26 20:16:37,602
5398,time out,1970-04-26 20:16:38,602
5399,archive,1970-04-26 20:16:39,602
5400,register,1970-04-26 20:16:40,603
5401,evaluate,1970-04-26 20:16:41,603
5402,no processing,1970-04-26 20:16:42,603
5403,send questionnaire,1970-04-26 20:16:43,603
5404,process questionnaire,1970-04-26 20:16:44,603
5405,archive,1970-04-26 20:16:45,603
5406,register,1970-04-26 20:16:46,604
5407,send questionnaire,1970-04-26 20:16:47,604
5408,process questionnaire,1970-04-26 20:16:48,604
5409,evaluate,1970-04-26 20:16:49,604
5410,processing required,1970-04-26 20:16:50,604
5411,process complaint,1970-04-26 20:16:51,604
5412,check processing,1970-04-26 20:16:52,604
5413,processing nok,1970-04-26 20:16:53,604
5414,process complaint,1970-04-26 20:16:54,604
5415,check processing,1970-04-26 20:16:55,604
5416,processing nok,1970-04-26 20:16:56,604
5417,process complaint,1970-04-26 20:16:57,604
5418,check processing,1970-04-26 20:16:58,604
5419,processing nok,1970-04-26 20:16:59,604
5420,process complaint,1970-04-26 20:17:00,604
5421,check processing,1970-04-26 20:17:01,604
5422,processing ok,1970-04-26 20:17:02,604
5423,archive,1970-04-26 20:17:03,604
5424,register,1970-04-26 20:17:04,605
5425,evaluate,1970-04-26 20:17:05,605
5426,processing required,1970-04-26 20:17:06,605
5427,send questionnaire,1970-04-26 20:17:07,605
5428,process questionnaire,1970-04-26 20:17:08,605
5429,process complaint,1970-04-26 20:17:09,605
5430,check processing,1970-04-26 20:17:10,605
5431,processing ok,1970-04-26 20:17:11,605
5432,archive,1970-04-26 20:17:12,605
5433,register,1970-04-26 20:17:13,606
5434,evaluate,1970-04-26 20:17:14,606
5435,processing required,1970-04-26 20:17:15,606
5436,send questionnaire,1970-04-26 20:17:16,606
5437,process questionnaire,1970-04-26 20:17:17,606
5438,process complaint,1970-04-26 20:17:18,606
5439,check processing,1970-04-26 20:17:19,606
5440,processing ok,1970-04-26 20:17:20,606
5441,archive,1970-04-26 20:17:21,606
5442,register,1970-04-26 20:17:22,607
5443,evaluate,1970-04-26 20:17:23,607
5444,processing required,1970-04-26 20:17:24,607
5445,send questionnaire,1970-04-26 20:17:25,607
5446,process questionnaire,1970-04-26 20:17:26,607
5447,process complaint,1970-04-26 20:17:27,607
5448,check processing,1970-04-26 20:17:28,607
5449,processing nok,1970-04-26 20:17:29,607
5450,process complaint,1970-04-26 20:17:30,607
5451,check processing,1970-04-26 20:17:31,607
5452,processing nok,1970-04-26 20:17:32,607
5453,process complaint,1970-04-26 20:17:33,607
5454,check processing,1970-04-26 20:17:34,607
5455,processing nok,1970-04-26 20:17:35,607
5456,process complaint,1970-04-26 20:17:36,607
5457,check processing,1970-04-26 20:17:37,607
5458,processing nok,1970-04-26 20:17:38,607
5459,process complaint,1970-04-26 20:17:39,607
5460,check processing,1970-04-26 20:17:40,607
5461,processing nok,1970-04-26 20:17:41,607
5462,process complaint,1970-04-26 20:17:42,607
5463,check processing,1970-04-26 20:17:43,607
5464,processing ok,1970-04-26 20:17:44,607
5465,archive,1970-04-26 20:17:45,607
5466,register,1970-04-26 20:17:46,608
5467,send questionnaire,1970-04-26 20:17:47,608
5468,process questionnaire,1970-04-26 20:17:48,608
5469,evaluate,1970-04-26 20:17:49,608
5470,no processing,1970-04-26 20:17:50,608
5471,archive,1970-04-26 20:17:51,608
5472,register,1970-04-26 20:17:52,609
5473,send questionnaire,1970-04-26 20:17:53,609
5474,process questionnaire,1970-04-26 20:17:54,609
5475,evaluate,1970-04-26 20:17:55,609
5476,processing required,1970-04-26 20:17:56,609
5477,process complaint,1970-04-26 20:17:57,609
5478,check processing,1970-04-26 20:17:58,609
5479,processing nok,1970-04-26 20:17:59,609
5480,process complaint,1970-04-26 20:18:00,609
5481,check processing,1970-04-26 20:18:01,609
5482,processing nok,1970-04-26 20:18:02,609
5483,process complaint,1970-04-26 20:18:03,609
5484,check processing,1970-04-26 20:18:04,609
5485,processing ok,1970-04-26 20:18:05,609
5486,archive,1970-04-26 20:18:06,609
5487,register,1970-04-26 20:18:07,610
5488,send questionnaire,1970-04-26 20:18:08,610
5489,time out,1970-04-26 20:18:09,610
5490,evaluate,1970-04-26 20:18:10,610
5491,no processing,1970-04-26 20:18:11,610
5492,archive,1970-04-26 20:18:12,610
5493,register,1970-04-26 20:18:13,611
5494,evaluate,1970-04-26 20:18:14,611
5495,processing required,1970-04-26 20:18:15,611
5496,send questionnaire,1970-04-26 20:18:16,611
5497,time out,1970-04-26 20:18:17,611
5498,process complaint,1970-04-26 20:18:18,611
5499,check processing,1970-04-26 20:18:19,611
5500,processing nok,1970-04-26 20:18:20,611
5501,process complaint,1970-04-26 20:18:21,611
5502,check processing,1970-04-26 20:18:22,611
5503,processing nok,1970-04-26 20:18:23,611
5504,process complaint,1970-04-26 20:18:24,611
5505,check processing,1970-04-26 20:18:25,611
5506,processing ok,1970-04-26 20:18:26,611
5507,archive,1970-04-26 20:18:27,611
5508,register,1970-04-26 20:18:28,612
5509,send questionnaire,1970-04-26 20:18:29,612
5510,process questionnaire,1970-04-26 20:18:30,612
5511,evaluate,1970-04-26 20:18:31,612
5512,no processing,1970-04-26 20:18:32,612
5513,archive,1970-04-26 20:18:33,612
5514,register,1970-04-26 20:18:34,613
5515,send questionnaire,1970-04-26 20:18:35,613
5516,process questionnaire,1970-04-26 20:18:36,613
5517,evaluate,1970-04-26 20:18:37,613
5518,processing required,1970-04-26 20:18:38,613
5519,process complaint,1970-04-26 20:18:39,613
5520,check processing,1970-04-26 20:18:40,613
5521,processing ok,1970-04-26 20:18:41,613
5522,archive,1970-04-26 20:18:42,613
5523,register,1970-04-26 20:18:43,614
5524,send questionnaire,1970-04-26 20:18:44,614
5525,process questionnaire,1970-04-26 20:18:45,614
5526,evaluate,1970-04-26 20:18:46,614
5527,processing required,1970-04-26 20:18:47,614
5528,process complaint,1970-04-26 20:18:48,614
5529,check processing,1970-04-26 20:18:49,614
5530,processing nok,1970-04-26 20:18:50,614
5531,process complaint,1970-04-26 20:18:51,614
5532,check processing,1970-04-26 20:18:52,614
5533,processing nok,1970-04-26 20:18:53,614
5534,process complaint,1970-04-26 20:18:54,614
5535,check processing,1970-04-26 20:18:55,614
5536,processing ok,1970-04-26 20:18:56,614
5537,archive,1970-04-26 20:18:57,614
5538,register,1970-04-26 20:18:58,615
5539,evaluate,1970-04-26 20:18:59,615
5540,send questionnaire,1970-04-26 20:19:00,615
5541,processing required,1970-04-26 20:19:01,615
5542,process questionnaire,1970-04-26 20:19:02,615
5543,process complaint,1970-04-26 20:19:03,615
5544,check processing,1970-04-26 20:19:04,615
5545,processing ok,1970-04-26 20:19:05,615
5546,archive,1970-04-26 20:19:06,615
5547,register,1970-04-26 20:19:07,616
5548,send questionnaire,1970-04-26 20:19:08,616
5549,evaluate,1970-04-26 20:19:09,616
5550,time out,1970-04-26 20:19:10,616
5551,processing required,1970-04-26 20:19:11,616
5552,process complaint,1970-04-26 20:19:12,616
5553,check processing,1970-04-26 20:19:13,616
5554,processing ok,1970-04-26 20:19:14,616
5555,archive,1970-04-26 20:19:15,616
5556,register,1970-04-26 20:19:16,617
5557,evaluate,1970-04-26 20:19:17,617
5558,send questionnaire,1970-04-26 20:19:18,617
5559,time out,1970-04-26 20:19:19,617
5560,no processing,1970-04-26 20:19:20,617
5561,archive,1970-04-26 20:19:21,617
5562,register,1970-04-26 20:19:22,618
5563,send questionnaire,1970-04-26 20:19:23,618
5564,time out,1970-04-26 20:19:24,618
5565,evaluate,1970-04-26 20:19:25,618
5566,no processing,1970-04-26 20:19:26,618
5567,archive,1970-04-26 20:19:27,618
5568,register,1970-04-26 20:19:28,619
5569,evaluate,1970-04-26 20:19:29,619
5570,send questionnaire,1970-04-26 20:19:30,619
5571,no processing,1970-04-26 20:19:31,619
5572,time out,1970-04-26 20:19:32,619
5573,archive,1970-04-26 20:19:33,619
5574,register,1970-04-26 20:19:34,620
5575,evaluate,1970-04-26 20:19:35,620
5576,no processing,1970-04-26 20:19:36,620
5577,send questionnaire,1970-04-26 20:19:37,620
5578,time out,1970-04-26 20:19:38,620
5579,archive,1970-04-26 20:19:39,620
5580,register,1970-04-26 20:19:40,621
5581,send questionnaire,1970-04-26 20:19:41,621
5582,evaluate,1970-04-26 20:19:42,621
5583,process questionnaire,1970-04-26 20:19:43,621
5584,processing required,1970-04-26 20:19:44,621
5585,process complaint,1970-04-26 20:19:45,621
5586,check processing,1970-04-26 20:19:46,621
5587,processing nok,1970-04-26 20:19:47,621
5588,process complaint,1970-04-26 20:19:48,621
5589,check processing,1970-04-26 20:19:49,621
5590,processing ok,1970-04-26 20:19:50,621
5591,archive,1970-04-26 20:19:51,621
5592,register,1970-04-26 20:19:52,622
5593,send questionnaire,1970-04-26 20:19:53,622
5594,time out,1970-04-26 20:19:54,622
5595,evaluate,1970-04-26 20:19:55,622
5596,no processing,1970-04-26 20:19:56,622
5597,archive,1970-04-26 20:19:57,622
5598,register,1970-04-26 20:19:58,623
5599,send questionnaire,1970-04-26 20:19:59,623
5600,process questionnaire,1970-04-26 20:20:00,623
5601,evaluate,1970-04-26 20:20:01,623
5602,no processing,1970-04-26 20:20:02,623
5603,archive,1970-04-26 20:20:03,623
5604,register,1970-04-26 20:20:04,624
5605,send questionnaire,1970-04-26 20:20:05,624
5606,time out,1970-04-26 20:20:06,624
5607,evaluate,1970-04-26 20:20:07,624
5608,no processing,1970-04-26 20:20:08,624
5609,archive,1970-04-26 20:20:09,624
5610,register,1970-04-26 20:20:10,625
5611,send questionnaire,1970-04-26 20:20:11,625
5612,time out,1970-04-26 20:20:12,625
5613,evaluate,1970-04-26 20:20:13,625
5614,no processing,1970-04-26 20:20:14,625
5615,archive,1970-04-26 20:20:15,625
5616,register,1970-04-26 20:20:16,626
5617,send questionnaire,1970-04-26 20:20:17,626
5618,time out,1970-04-26 20:20:18,626
5619,evaluate,1970-04-26 20:20:19,626
5620,processing required,1970-04-26 20:20:20,626
5621,process complaint,1970-04-26 20:20:21,626
5622,check processing,1970-04-26 20:20:22,626
5623,processing ok,1970-04-26 20:20:23,626
5624,archive,1970-04-26 20:20:24,626
5625,register,1970-04-26 20:20:25,627
5626,evaluate,1970-04-26 20:20:26,627
5627,no processing,1970-04-26 20:20:27,627
5628,send questionnaire,1970-04-26 20:20:28,627
5629,process questionnaire,1970-04-26 20:20:29,627
5630,archive,1970-04-26 20:20:30,627
5631,register,1970-04-26 20:20:31,628
5632,send questionnaire,1970-04-26 20:20:32,628
5633,evaluate,1970-04-26 20:20:33,628
5634,process questionnaire,1970-04-26 20:20:34,628
5635,no processing,1970-04-26 20:20:35,628
5636,archive,1970-04-26 20:20:36,628
5637,register,1970-04-26 20:20:37,629
5638,send questionnaire,1970-04-26 20:20:38,629
5639,process questionnaire,1970-04-26 20:20:39,629
5640,evaluate,1970-04-26 20:20:40,629
5641,processing required,1970-04-26 20:20:41,629
5642,process complaint,1970-04-26 20:20:42,629
5643,check processing,1970-04-26 20:20:43,629
5644,processing ok,1970-04-26 20:20:44,629
5645,archive,1970-04-26 20:20:45,629
5646,register,1970-04-26 20:20:46,630
5647,send questionnaire,1970-04-26 20:20:47,630
5648,evaluate,1970-04-26 20:20:48,630
5649,processing required,1970-04-26 20:20:49,630
5650,time out,1970-04-26 20:20:50,630
5651,process complaint,1970-04-26 20:20:51,630
5652,check processing,1970-04-26 20:20:52,630
5653,processing ok,1970-04-26 20:20:53,630
5654,archive,1970-04-26 20:20:54,630
5655,register,1970-04-26 20:20:55,631
5656,evaluate,1970-04-26 20:20:56,631
5657,send questionnaire,1970-04-26 20:20:57,631
5658,no processing,1970-04-26 20:20:58,631
5659,process questionnaire,1970-04-26 20:20:59,631
5660,archive,1970-04-26 20:21:00,631
5661,register,1970-04-26 20:21:01,632
5662,send questionnaire,1970-04-26 20:21:02,632
5663,process questionnaire,1970-04-26 20:21:03,632
5664,evaluate,1970-04-26 20:21:04,632
5665,processing required,1970-04-26 20:21:05,632
5666,process complaint,1970-04-26 20:21:06,632
5667,check processing,1970-04-26 20:21:07,632
5668,processing nok,1970-04-26 20:21:08,632
5669,process complaint,1970-04-26 20:21:09,632
5670,check processing,1970-04-26 20:21:10,632
5671,processing nok,1970-04-26 20:21:11,632
5672,process complaint,1970-04-26 20:21:12,632
5673,check processing,1970-04-26 20:21:13,632
5674,processing nok,1970-04-26 20:21:14,632
5675,process complaint,1970-04-26 20:21:15,632
5676,check processing,1970-04-26 20:21:16,632
5677,processing ok,1970-04-26 20:21:17,632
5678,archive,1970-04-26 20:21:18,632
5679,register,1970-04-26 20:21:19,633
5680,evaluate,1970-04-26 20:21:20,633
5681,no processing,1970-04-26 20:21:21,633
5682,send questionnaire,1970-04-26 20:21:22,633
5683,time out,1970-04-26 20:21:23,633
5684,archive,1970-04-26 20:21:24,633
5685,register,1970-04-26 20:21:25,634
5686,send questionnaire,1970-04-26 20:21:26,634
5687,evaluate,1970-04-26 20:21:27,634
5688,process questionnaire,1970-04-26 20:21:28,634
5689,no processing,1970-04-26 20:21:29,634
5690,archive,1970-04-26 20:21:30,634
5691,register,1970-04-26 20:21:31,635
5692,send questionnaire,1970-04-26 20:21:32,635
5693,evaluate,1970-04-26 20:21:33,635
5694,time out,1970-04-26 20:21:34,635
5695,no processing,1970-04-26 20:21:35,635
5696,archive,1970-04-26 20:21:36,635
5697,register,1970-04-26 20:21:37,636
5698,send questionnaire,1970-04-26 20:21:38,636
5699,evaluate,1970-04-26 20:21:39,636
5700,no processing,1970-04-26 20:21:40,636
5701,process questionnaire,1970-04-26 20:21:41,636
5702,archive,1970-04-26 20:21:42,636
5703,register,1970-04-26 20:21:43,637
5704,send questionnaire,1970-04-26 20:21:44,637
5705,evaluate,1970-04-26 20:21:45,637
5706,processing required,1970-04-26 20:21:46,637
5707,process questionnaire,1970-04-26 20:21:47,637
5708,process complaint,1970-04-26 20:21:48,637
5709,check processing,1970-04-26 20:21:49,637
5710,processing nok,1970-04-26 20:21:50,637
5711,process complaint,1970-04-26 20:21:51,637
5712,check processing,1970-04-26 20:21:52,637
5713,processing ok,1970-04-26 20:21:53,637
5714,archive,1970-04-26 20:21:54,637
5715,register,1970-04-26 20:21:55,638
5716,evaluate,1970-04-26 20:21:56,638
5717,processing required,1970-04-26 20:21:57,638
5718,send questionnaire,1970-04-26 20:21:58,638
5719,time out,1970-04-26 20:21:59,638
5720,process complaint,1970-04-26 20:22:00,638
5721,check processing,1970-04-26 20:22:01,638
5722,processing ok,1970-04-26 20:22:02,638
5723,archive,1970-04-26 20:22:03,638
5724,register,1970-04-26 20:22:04,639
5725,evaluate,1970-04-26 20:22:05,639
5726,no processing,1970-04-26 20:22:06,639
5727,send questionnaire,1970-04-26 20:22:07,639
5728,time out,1970-04-26 20:22:08,639
5729,archive,1970-04-26 20:22:09,639
5730,register,1970-04-26 20:22:10,640
5731,send questionnaire,1970-04-26 20:22:11,640
5732,process questionnaire,1970-04-26 20:22:12,640
5733,evaluate,1970-04-26 20:22:13,640
5734,no processing,1970-04-26 20:22:14,640
5735,archive,1970-04-26 20:22:15,640
5736,register,1970-04-26 20:22:16,641
5737,send questionnaire,1970-04-26 20:22:17,641
5738,evaluate,1970-04-26 20:22:18,641
5739,process questionnaire,1970-04-26 20:22:19,641
5740,no processing,1970-04-26 20:22:20,641
5741,archive,1970-04-26 20:22:21,641
5742,register,1970-04-26 20:22:22,642
5743,evaluate,1970-04-26 20:22:23,642
5744,no processing,1970-04-26 20:22:24,642
5745,send questionnaire,1970-04-26 20:22:25,642
5746,process questionnaire,1970-04-26 20:22:26,642
5747,archive,1970-04-26 20:22:27,642
5748,register,1970-04-26 20:22:28,643
5749,evaluate,1970-04-26 20:22:29,643
5750,send questionnaire,1970-04-26 20:22:30,643
5751,no processing,1970-04-26 20:22:31,643
5752,process questionnaire,1970-04-26 20:22:32,643
5753,archive,1970-04-26 20:22:33,643
5754,register,1970-04-26 20:22:34,644
5755,send questionnaire,1970-04-26 20:22:35,644
5756,time out,1970-04-26 20:22:36,644
5757,evaluate,1970-04-26 20:22:37,644
5758,no processing,1970-04-26 20:22:38,644
5759,archive,1970-04-26 20:22:39,644
5760,register,1970-04-26 20:22:40,645
5761,evaluate,1970-04-26 20:22:41,645
5762,processing required,1970-04-26 20:22:42,645
5763,send questionnaire,1970-04-26 20:22:43,645
5764,process questionnaire,1970-04-26 20:22:44,645
5765,process complaint,1970-04-26 20:22:45,645
5766,check processing,1970-04-26 20:22:46,645
5767,processing nok,1970-04-26 20:22:47,645
5768,process complaint,1970-04-26 20:22:48,645
5769,check processing,1970-04-26 20:22:49,645
5770,processing ok,1970-04-26 20:22:50,645
5771,archive,1970-04-26 20:22:51,645
5772,register,1970-04-26 20:22:52,646
5773,send questionnaire,1970-04-26 20:22:53,646
5774,evaluate,1970-04-26 20:22:54,646
5775,no processing,1970-04-26 20:22:55,646
5776,time out,1970-04-26 20:22:56,646
5777,archive,1970-04-26 20:22:57,646
5778,register,1970-04-26 20:22:58,647
5779,evaluate,1970-04-26 20:22:59,647
5780,no processing,1970-04-26 20:23:00,647
5781,send questionnaire,1970-04-26 20:23:01,647
5782,process questionnaire,1970-04-26 20:23:02,647
5783,archive,1970-04-26 20:23:03,647
5784,register,1970-04-26 20:23:04,648
5785,evaluate,1970-04-26 20:23:05,648
5786,send questionnaire,1970-04-26 20:23:06,648
5787,processing required,1970-04-26 20:23:07,648
5788,time out,1970-04-26 20:23:08,648
5789,process complaint,1970-04-26 20:23:09,648
5790,check processing,1970-04-26 20:23:10,648
5791,processing nok,1970-04-26 20:23:11,648
5792,process complaint,1970-04-26 20:23:12,648
5793,check processing,1970-04-26 20:23:13,648
5794,processing nok,1970-04-26 20:23:14,648
5795,process complaint,1970-04-26 20:23:15,648
5796,check processing,1970-04-26 20:23:16,648
5797,processing nok,1970-04-26 20:23:17,648
5798,process complaint,1970-04-26 20:23:18,648
5799,check processing,1970-04-26 20:23:19,648
5800,processing ok,1970-04-26 20:23:20,648
5801,archive,1970-04-26 20:23:21,648
5802,register,1970-04-26 20:23:22,649
5803,evaluate,1970-04-26 20:23:23,649
5804,send questionnaire,1970-04-26 20:23:24,649
5805,time out,1970-04-26 20:23:25,649
5806,no processing,1970-04-26 20:23:26,649
5807,archive,1970-04-26 20:23:27,649
5808,register,1970-04-26 20:23:28,650
5809,evaluate,1970-04-26 20:23:29,650
5810,no processing,1970-04-26 20:23:30,650
5811,send questionnaire,1970-04-26 20:23:31,650
5812,time out,1970-04-26 20:23:32,650
5813,archive,1970-04-26 20:23:33,650
5814,register,1970-04-26 20:23:34,651
5815,evaluate,1970-04-26 20:23:35,651
5816,no processing,1970-04-26 20:23:36,651
5817,send questionnaire,1970-04-26 20:23:37,651
5818,process questionnaire,1970-04-26 20:23:38,651
5819,archive,1970-04-26 20:23:39,651
5820,register,1970-04-26 20:23:40,652
5821,send questionnaire,1970-04-26 20:23:41,652
5822,process questionnaire,1970-04-26 20:23:42,652
5823,evaluate,1970-04-26 20:23:43,652
5824,processing required,1970-04-26 20:23:44,652
5825,process complaint,1970-04-26 20:23:45,652
5826,check processing,1970-04-26 20:23:46,652
5827,processing nok,1970-04-26 20:23:47,652
5828,process complaint,1970-04-26 20:23:48,652
5829,check processing,1970-04-26 20:23:49,652
5830,processing nok,1970-04-26 20:23:50,652
5831,process complaint,1970-04-26 20:23:51,652
5832,check processing,1970-04-26 20:23:52,652
5833,processing nok,1970-04-26 20:23:53,652
5834,process complaint,1970-04-26 20:23:54,652
5835,check processing,1970-04-26 20:23:55,652
5836,processing ok,1970-04-26 20:23:56,652
5837,archive,1970-04-26 20:23:57,652
5838,register,1970-04-26 20:23:58,653
5839,evaluate,1970-04-26 20:23:59,653
5840,send questionnaire,1970-04-26 20:24:00,653
5841,processing required,1970-04-26 20:24:01,653
5842,time out,1970-04-26 20:24:02,653
5843,process complaint,1970-04-26 20:24:03,653
5844,check processing,1970-04-26 20:24:04,653
5845,processing nok,1970-04-26 20:24:05,653
5846,process complaint,1970-04-26 20:24:06,653
5847,check processing,1970-04-26 20:24:07,653
5848,processing ok,1970-04-26 20:24:08,653
5849,archive,1970-04-26 20:24:09,653
5850,register,1970-04-26 20:24:10,654
5851,evaluate,1970-04-26 20:24:11,654
5852,send questionnaire,1970-04-26 20:24:12,654
5853,time out,1970-04-26 20:24:13,654
5854,processing required,1970-04-26 20:24:14,654
5855,process complaint,1970-04-26 20:24:15,654
5856,check processing,1970-04-26 20:24:16,654
5857,processing ok,1970-04-26 20:24:17,654
5858,archive,1970-04-26 20:24:18,654
5859,register,1970-04-26 20:24:19,655
5860,send questionnaire,1970-04-26 20:24:20,655
5861,time out,1970-04-26 20:24:21,655
5862,evaluate,1970-04-26 20:24:22,655
5863,no processing,1970-04-26 20:24:23,655
5864,archive,1970-04-26 20:24:24,655
5865,register,1970-04-26 20:24:25,656
5866,send questionnaire,1970-04-26 20:24:26,656
5867,process questionnaire,1970-04-26 20:24:27,656
5868,evaluate,1970-04-26 20:24:28,656
5869,no processing,1970-04-26 20:24:29,656
5870,archive,1970-04-26 20:24:30,656
5871,register,1970-04-26 20:24:31,657
5872,send questionnaire,1970-04-26 20:24:32,657
5873,evaluate,1970-04-26 20:24:33,657
5874,process questionnaire,1970-04-26 20:24:34,657
5875,processing required,1970-04-26 20:24:35,657
5876,process complaint,1970-04-26 20:24:36,657
5877,check processing,1970-04-26 20:24:37,657
5878,processing nok,1970-04-26 20:24:38,657
5879,process complaint,1970-04-26 20:24:39,657
5880,check processing,1970-04-26 20:24:40,657
5881,processing ok,1970-04-26 20:24:41,657
5882,archive,1970-04-26 20:24:42,657
5883,register,1970-04-26 20:24:43,658
5884,send questionnaire,1970-04-26 20:24:44,658
5885,process questionnaire,1970-04-26 20:24:45,658
5886,evaluate,1970-04-26 20:24:46,658
5887,processing required,1970-04-26 20:24:47,658
5888,process complaint,1970-04-26 20:24:48,658
5889,check processing,1970-04-26 20:24:49,658
5890,processing nok,1970-04-26 20:24:50,658
5891,process complaint,1970-04-26 20:24:51,658
5892,check processing,1970-04-26 20:24:52,658
5893,processing ok,1970-04-26 20:24:53,658
5894,archive,1970-04-26 20:24:54,658
5895,register,1970-04-26 20:24:55,659
5896,evaluate,1970-04-26 20:24:56,659
5897,no processing,1970-04-26 20:24:57,659
5898,send questionnaire,1970-04-26 20:24:58,659
5899,time out,1970-04-26 20:24:59,659
5900,archive,1970-04-26 20:25:00,659
5901,register,1970-04-26 20:25:01,660
5902,send questionnaire,1970-04-26 20:25:02,660
5903,process questionnaire,1970-04-26 20:25:03,660
5904,evaluate,1970-04-26 20:25:04,660
5905,processing required,1970-04-26 20:25:05,660
5906,process complaint,1970-04-26 20:25:06,660
5907,check processing,1970-04-26 20:25:07,660
5908,processing nok,1970-04-26 20:25:08,660
5909,process complaint,1970-04-26 20:25:09,660
5910,check processing,1970-04-26 20:25:10,660
5911,processing nok,1970-04-26 20:25:11,660
5912,process complaint,1970-04-26 20:25:12,660
5913,check processing,1970-04-26 20:25:13,660
5914,processing ok,1970-04-26 20:25:14,660
5915,archive,1970-04-26 20:25:15,660
5916,register,1970-04-26 20:25:16,661
5917,evaluate,1970-04-26 20:25:17,661
5918,processing required,1970-04-26 20:25:18,661
5919,send questionnaire,1970-04-26 20:25:19,661
5920,time out,1970-04-26 20:25:20,661
5921,process complaint,1970-04-26 20:25:21,661
5922,check processing,1970-04-26 20:25:22,661
5923,processing ok,1970-04-26 20:25:23,661
5924,archive,1970-04-26 20:25:24,661
5925,register,1970-04-26 20:25:25,662
5926,evaluate,1970-04-26 20:25:26,662
5927,processing required,1970-04-26 20:25:27,662
5928,send questionnaire,1970-04-26 20:25:28,662
5929,process questionnaire,1970-04-26 20:25:29,662
5930,process complaint,1970-04-26 20:25:30,662
5931,check processing,1970-04-26 20:25:31,662
5932,processing nok,1970-04-26 20:25:32,662
5933,process complaint,1970-04-26 20:25:33,662
5934,check processing,1970-04-26 20:25:34,662
5935,processing nok,1970-04-26 20:25:35,662
5936,process complaint,1970-04-26 20:25:36,662
5937,check processing,1970-04-26 20:25:37,662
5938,processing ok,1970-04-26 20:25:38,662
5939,archive,1970-04-26 20:25:39,662
5940,register,1970-04-26 20:25:40,663
5941,send questionnaire,1970-04-26 20:25:41,663
5942,evaluate,1970-04-26 20:25:42,663
5943,process questionnaire,1970-04-26 20:25:43,663
5944,no processing,1970-04-26 20:25:44,663
5945,archive,1970-04-26 20:25:45,663
5946,register,1970-04-26 20:25:46,664
5947,send questionnaire,1970-04-26 20:25:47,664
5948,time out,1970-04-26 20:25:48,664
5949,evaluate,1970-04-26 20:25:49,664
5950,processing required,1970-04-26 20:25:50,664
5951,process complaint,1970-04-26 20:25:51,664
5952,check processing,1970-04-26 20:25:52,664
5953,processing ok,1970-04-26 20:25:53,664
5954,archive,1970-04-26 20:25:54,664
5955,register,1970-04-26 20:25:55,665
5956,send questionnaire,1970-04-26 20:25:56,665
5957,evaluate,1970-04-26 20:25:57,665
5958,no processing,1970-04-26 20:25:58,665
5959,time out,1970-04-26 20:25:59,665
5960,archive,1970-04-26 20:26:00,665
5961,register,1970-04-26 20:26:01,666
5962,send questionnaire,1970-04-26 20:26:02,666
5963,process questionnaire,1970-04-26 20:26:03,666
5964,evaluate,1970-04-26 20:26:04,666
5965,no processing,1970-04-26 20:26:05,666
5966,archive,1970-04-26 20:26:06,666
5967,register,1970-04-26 20:26:07,667
5968,evaluate,1970-04-26 20:26:08,667
5969,send questionnaire,1970-04-26 20:26:09,667
5970,no processing,1970-04-26 20:26:10,667
5971,time out,1970-04-26 20:26:11,667
5972,archive,1970-04-26 20:26:12,667
5973,register,1970-04-26 20:26:13,668
5974,send questionnaire,1970-04-26 20:26:14,668
5975,evaluate,1970-04-26 20:26:15,668
5976,no processing,1970-04-26 20:26:16,668
5977,time out,1970-04-26 20:26:17,668
5978,archive,1970-04-26 20:26:18,668
5979,register,1970-04-26 20:26:19,669
5980,evaluate,1970-04-26 20:26:20,669
5981,processing required,1970-04-26 20:26:21,669
5982,send questionnaire,1970-04-26 20:26:22,669
5983,process questionnaire,1970-04-26 20:26:23,669
5984,process complaint,1970-04-26 20:26:24,669
5985,check processing,1970-04-26 20:26:25,669
5986,processing ok,1970-04-26 20:26:26,669
5987,archive,1970-04-26 20:26:27,669
5988,register,1970-04-26 20:26:28,670
5989,evaluate,1970-04-26 20:26:29,670
5990,no processing,1970-04-26 20:26:30,670
5991,send questionnaire,1970-04-26 20:26:31,670
5992,process questionnaire,1970-04-26 20:26:32,670
5993,archive,1970-04-26 20:26:33,670
5994,register,1970-04-26 20:26:34,671
5995,evaluate,1970-04-26 20:26:35,671
5996,processing required,1970-04-26 20:26:36,671
5997,send questionnaire,1970-04-26 20:26:37,671
5998,process questionnaire,1970-04-26 20:26:38,671
5999,process complaint,1970-04-26 20:26:39,671
6000,check processing,1970-04-26 20:26:40,671
6001,processing ok,1970-04-26 20:26:41,671
6002,archive,1970-04-26 20:26:42,671
6003,register,1970-04-26 20:26:43,672
6004,evaluate,1970-04-26 20:26:44,672
6005,no processing,1970-04-26 20:26:45,672
6006,send questionnaire,1970-04-26 20:26:46,672
6007,process questionnaire,1970-04-26 20:26:47,672
6008,archive,1970-04-26 20:26:48,672
6009,register,1970-04-26 20:26:49,673
6010,send questionnaire,1970-04-26 20:26:50,673
6011,process questionnaire,1970-04-26 20:26:51,673
6012,evaluate,1970-04-26 20:26:52,673
6013,no processing,1970-04-26 20:26:53,673
6014,archive,1970-04-26 20:26:54,673
6015,register,1970-04-26 20:26:55,674
6016,send questionnaire,1970-04-26 20:26:56,674
6017,time out,1970-04-26 20:26:57,674
6018,evaluate,1970-04-26 20:26:58,674
6019,no processing,1970-04-26 20:26:59,674
6020,archive,1970-04-26 20:27:00,674
6021,register,1970-04-26 20:27:01,675
6022,send questionnaire,1970-04-26 20:27:02,675
6023,time out,1970-04-26 20:27:03,675
6024,evaluate,1970-04-26 20:27:04,675
6025,no processing,1970-04-26 20:27:05,675
6026,archive,1970-04-26 20:27:06,675
6027,register,1970-04-26 20:27:07,676
6028,send questionnaire,1970-04-26 20:27:08,676
6029,evaluate,1970-04-26 20:27:09,676
6030,processing required,1970-04-26 20:27:10,676
6031,time out,1970-04-26 20:27:11,676
6032,process complaint,1970-04-26 20:27:12,676
6033,check processing,1970-04-26 20:27:13,676
6034,processing nok,1970-04-26 20:27:14,676
6035,process complaint,1970-04-26 20:27:15,676
6036,check processing,1970-04-26 20:27:16,676
6037,processing nok,1970-04-26 20:27:17,676
6038,process complaint,1970-04-26 20:27:18,676
6039,check processing,1970-04-26 20:27:19,676
6040,processing ok,1970-04-26 20:27:20,676
6041,archive,1970-04-26 20:27:21,676
6042,register,1970-04-26 20:27:22,677
6043,evaluate,1970-04-26 20:27:23,677
6044,send questionnaire,1970-04-26 20:27:24,677
6045,no processing,1970-04-26 20:27:25,677
6046,time out,1970-04-26 20:27:26,677
6047,archive,1970-04-26 20:27:27,677
6048,register,1970-04-26 20:27:28,678
6049,evaluate,1970-04-26 20:27:29,678
6050,processing required,1970-04-26 20:27:30,678
6051,send questionnaire,1970-04-26 20:27:31,678
6052,process questionnaire,1970-04-26 20:27:32,678
6053,process complaint,1970-04-26 20:27:33,678
6054,check processing,1970-04-26 20:27:34,678
6055,processing nok,1970-04-26 20:27:35,678
6056,process complaint,1970-04-26 20:27:36,678
6057,check processing,1970-04-26 20:27:37,678
6058,processing nok,1970-04-26 20:27:38,678
6059,process complaint,1970-04-26 20:27:39,678
6060,check processing,1970-04-26 20:27:40,678
6061,processing nok,1970-04-26 20:27:41,678
6062,process complaint,1970-04-26 20:27:42,678
6063,check processing,1970-04-26 20:27:43,678
6064,processing nok,1970-04-26 20:27:44,678
6065,process complaint,1970-04-26 20:27:45,678
6066,check processing,1970-04-26 20:27:46,678
6067,processing ok,1970-04-26 20:27:47,678
6068,archive,1970-04-26 20:27:48,678
6069,register,1970-04-26 20:27:49,679
6070,evaluate,1970-04-26 20:27:50,679
6071,processing required,1970-04-26 20:27:51,679
6072,send questionnaire,1970-04-26 20:27:52,679
6073,time out,1970-04-26 20:27:53,679
6074,process complaint,1970-04-26 20:27:54,679
6075,check processing,1970-04-26 20:27:55,679
6076,processing nok,1970-04-26 20:27:56,679
6077,process complaint,1970-04-26 20:27:57,679
6078,check processing,1970-04-26 20:27:58,679
6079,processing nok,1970-04-26 20:27:59,679
6080,process complaint,1970-04-26 20:28:00,679
6081,check processing,1970-04-26 20:28:01,679
6082,processing ok,1970-04-26 20:28:02,679
6083,archive,1970-04-26 20:28:03,679
6084,register,1970-04-26 20:28:04,680
6085,evaluate,1970-04-26 20:28:05,680
6086,processing required,1970-04-26 20:28:06,680
6087,send questionnaire,1970-04-26 20:28:07,680
6088,process questionnaire,1970-04-26 20:28:08,680
6089,process complaint,1970-04-26 20:28:09,680
6090,check processing,1970-04-26 20:28:10,680
6091,processing nok,1970-04-26 20:28:11,680
6092,process complaint,1970-04-26 20:28:12,680
6093,check processing,1970-04-26 20:28:13,680
6094,processing ok,1970-04-26 20:28:14,680
6095,archive,1970-04-26 20:28:15,680
6096,register,1970-04-26 20:28:16,681
6097,send questionnaire,1970-04-26 20:28:17,681
6098,evaluate,1970-04-26 20:28:18,681
6099,processing required,1970-04-26 20:28:19,681
6100,time out,1970-04-26 20:28:20,681
6101,process complaint,1970-04-26 20:28:21,681
6102,check processing,1970-04-26 20:28:22,681
6103,processing nok,1970-04-26 20:28:23,681
6104,process complaint,1970-04-26 20:28:24,681
6105,check processing,1970-04-26 20:28:25,681
6106,processing nok,1970-04-26 20:28:26,681
6107,process complaint,1970-04-26 20:28:27,681
6108,check processing,1970-04-26 20:28:28,681
6109,processing ok,1970-04-26 20:28:29,681
6110,archive,1970-04-26 20:28:30,681
6111,register,1970-04-26 20:28:31,682
6112,send questionnaire,1970-04-26 20:28:32,682
6113,process questionnaire,1970-04-26 20:28:33,682
6114,evaluate,1970-04-26 20:28:34,682
6115,processing required,1970-04-26 20:28:35,682
6116,process complaint,1970-04-26 20:28:36,682
6117,check processing,1970-04-26 20:28:37,682
6118,processing nok,1970-04-26 20:28:38,682
6119,process complaint,1970-04-26 20:28:39,682
6120,check processing,1970-04-26 20:28:40,682
6121,processing nok,1970-04-26 20:28:41,682
6122,process complaint,1970-04-26 20:28:42,682
6123,check processing,1970-04-26 20:28:43,682
6124,processing ok,1970-04-26 20:28:44,682
6125,archive,1970-04-26 20:28:45,682
6126,register,1970-04-26 20:28:46,683
6127,send questionnaire,1970-04-26 20:28:47,683
6128,evaluate,1970-04-26 20:28:48,683
6129,processing required,1970-04-26 20:28:49,683
6130,time out,1970-04-26 20:28:50,683
6131,process complaint,1970-04-26 20:28:51,683
6132,check processing,1970-04-26 20:28:52,683
6133,processing ok,1970-04-26 20:28:53,683
6134,archive,1970-04-26 20:28:54,683
6135,register,1970-04-26 20:28:55,684
6136,send questionnaire,1970-04-26 20:28:56,684
6137,process questionnaire,1970-04-26 20:28:57,684
6138,evaluate,1970-04-26 20:28:58,684
6139,no processing,1970-04-26 20:28:59,684
6140,archive,1970-04-26 20:29:00,684
6141,register,1970-04-26 20:29:01,685
6142,send questionnaire,1970-04-26 20:29:02,685
6143,evaluate,1970-04-26 20:29:03,685
6144,process questionnaire,1970-04-26 20:29:04,685
6145,processing required,1970-04-26 20:29:05,685
6146,process complaint,1970-04-26 20:29:06,685
6147,check processing,1970-04-26 20:29:07,685
6148,processing ok,1970-04-26 20:29:08,685
6149,archive,1970-04-26 20:29:09,685
6150,register,1970-04-26 20:29:10,686
6151,send questionnaire,1970-04-26 20:29:11,686
6152,evaluate,1970-04-26 20:29:12,686
6153,time out,1970-04-26 20:29:13,686
6154,no processing,1970-04-26 20:29:14,686
6155,archive,1970-04-26 20:29:15,686
6156,register,1970-04-26 20:29:16,687
6157,evaluate,1970-04-26 20:29:17,687
6158,send questionnaire,1970-04-26 20:29:18,687
6159,processing required,1970-04-26 20:29:19,687
6160,time out,1970-04-26 20:29:20,687
6161,process complaint,1970-04-26 20:29:21,687
6162,check processing,1970-04-26 20:29:22,687
6163,processing nok,1970-04-26 20:29:23,687
6164,process complaint,1970-04-26 20:29:24,687
6165,check processing,1970-04-26 20:29:25,687
6166,processing ok,1970-04-26 20:29:26,687
6167,archive,1970-04-26 20:29:27,687
6168,register,1970-04-26 20:29:28,688
6169,send questionnaire,1970-04-26 20:29:29,688
6170,time out,1970-04-26 20:29:30,688
6171,evaluate,1970-04-26 20:29:31,688
6172,processing required,1970-04-26 20:29:32,688
6173,process complaint,1970-04-26 20:29:33,688
6174,check processing,1970-04-26 20:29:34,688
6175,processing ok,1970-04-26 20:29:35,688
6176,archive,1970-04-26 20:29:36,688
6177,register,1970-04-26 20:29:37,689
6178,evaluate,1970-04-26 20:29:38,689
6179,send questionnaire,1970-04-26 20:29:39,689
6180,no processing,1970-04-26 20:29:40,689
6181,time out,1970-04-26 20:29:41,689
6182,archive,1970-04-26 20:29:42,689
6183,register,1970-04-26 20:29:43,690
6184,evaluate,1970-04-26 20:29:44,690
6185,no processing,1970-04-26 20:29:45,690
6186,send questionnaire,1970-04-26 20:29:46,690
6187,process questionnaire,1970-04-26 20:29:47,690
6188,archive,1970-04-26 20:29:48,690
6189,register,1970-04-26 20:29:49,691
6190,evaluate,1970-04-26 20:29:50,691
6191,no processing,1970-04-26 20:29:51,691
6192,send questionnaire,1970-04-26 20:29:52,691
6193,process questionnaire,1970-04-26 20:29:53,691
6194,archive,1970-04-26 20:29:54,691
6195,register,1970-04-26 20:29:55,692
6196,evaluate,1970-04-26 20:29:56,692
6197,processing required,1970-04-26 20:29:57,692
6198,send questionnaire,1970-04-26 20:29:58,692
6199,time out,1970-04-26 20:29:59,692
6200,process complaint,1970-04-26 20:30:00,692
6201,check processing,1970-04-26 20:30:01,692
6202,processing ok,1970-04-26 20:30:02,692
6203,archive,1970-04-26 20:30:03,692
6204,register,1970-04-26 20:30:04,693
6205,evaluate,1970-04-26 20:30:05,693
6206,send questionnaire,1970-04-26 20:30:06,693
6207,processing required,1970-04-26 20:30:07,693
6208,time out,1970-04-26 20:30:08,693
6209,process complaint,1970-04-26 20:30:09,693
6210,check processing,1970-04-26 20:30:10,693
6211,processing ok,1970-04-26 20:30:11,693
6212,archive,1970-04-26 20:30:12,693
6213,register,1970-04-26 20:30:13,694
6214,send questionnaire,1970-04-26 20:30:14,694
6215,evaluate,1970-04-26 20:30:15,694
6216,process questionnaire,1970-04-26 20:30:16,694
6217,processing required,1970-04-26 20:30:17,694
6218,process complaint,1970-04-26 20:30:18,694
6219,check processing,1970-04-26 20:30:19,694
6220,processing nok,1970-04-26 20:30:20,694
6221,process complaint,1970-04-26 20:30:21,694
6222,check processing,1970-04-26 20:30:22,694
6223,processing nok,1970-04-26 20:30:23,694
6224,process complaint,1970-04-26 20:30:24,694
6225,check processing,1970-04-26 20:30:25,694
6226,processing nok,1970-04-26 20:30:26,694
6227,process complaint,1970-04-26 20:30:27,694
6228,check processing,1970-04-26 20:30:28,694
6229,processing nok,1970-04-26 20:30:29,694
6230,process complaint,1970-04-26 20:30:30,694
6231,check processing,1970-04-26 20:30:31,694
6232,processing ok,1970-04-26 20:30:32,694
6233,archive,1970-04-26 20:30:33,694
6234,register,1970-04-26 20:30:34,695
6235,evaluate,1970-04-26 20:30:35,695
6236,send questionnaire,1970-04-26 20:30:36,695
6237,no processing,1970-04-26 20:30:37,695
6238,time out,1970-04-26 20:30:38,695
6239,archive,1970-04-26 20:30:39,695
6240,register,1970-04-26 20:30:40,696
6241,evaluate,1970-04-26 20:30:41,696
6242,send questionnaire,1970-04-26 20:30:42,696
6243,processing required,1970-04-26 20:30:43,696
6244,time out,1970-04-26 20:30:44,696
6245,process complaint,1970-04-26 20:30:45,696
6246,check processing,1970-04-26 20:30:46,696
6247,processing nok,1970-04-26 20:30:47,696
6248,process complaint,1970-04-26 20:30:48,696
6249,check processing,1970-04-26 20:30:49,696
6250,processing nok,1970-04-26 20:30:50,696
6251,process complaint,1970-04-26 20:30:51,696
6252,check processing,1970-04-26 20:30:52,696
6253,processing ok,1970-04-26 20:30:53,696
6254,archive,1970-04-26 20:30:54,696
6255,register,1970-04-26 20:30:55,697
6256,evaluate,1970-04-26 20:30:56,697
6257,processing required,1970-04-26 20:30:57,697
6258,send questionnaire,1970-04-26 20:30:58,697
6259,process questionnaire,1970-04-26 20:30:59,697
6260,process complaint,1970-04-26 20:31:00,697
6261,check processing,1970-04-26 20:31:01,697
6262,processing ok,1970-04-26 20:31:02,697
6263,archive,1970-04-26 20:31:03,697
6264,register,1970-04-26 20:31:04,698
6265,send questionnaire,1970-04-26 20:31:05,698
6266,process questionnaire,1970-04-26 20:31:06,698
6267,evaluate,1970-04-26 20:31:07,698
6268,no processing,1970-04-26 20:31:08,698
6269,archive,1970-04-26 20:31:09,698
6270,register,1970-04-26 20:31:10,699
6271,send questionnaire,1970-04-26 20:31:11,699
6272,time out,1970-04-26 20:31:12,699
6273,evaluate,1970-04-26 20:31:13,699
6274,no processing,1970-04-26 20:31:14,699
6275,archive,1970-04-26 20:31:15,699
6276,register,1970-04-26 20:31:16,700
6277,evaluate,1970-04-26 20:31:17,700
6278,processing required,1970-04-26 20:31:18,700
6279,send questionnaire,1970-04-26 20:31:19,700
6280,process questionnaire,1970-04-26 20:31:20,700
6281,process complaint,1970-04-26 20:31:21,700
6282,check processing,1970-04-26 20:31:22,700
6283,processing nok,1970-04-26 20:31:23,700
6284,process complaint,1970-04-26 20:31:24,700
6285,check processing,1970-04-26 20:31:25,700
6286,processing ok,1970-04-26 20:31:26,700
6287,archive,1970-04-26 20:31:27,700
6288,register,1970-04-26 20:31:28,701
6289,send questionnaire,1970-04-26 20:31:29,701
6290,time out,1970-04-26 20:31:30,701
6291,evaluate,1970-04-26 20:31:31,701
6292,processing required,1970-04-26 20:31:32,701
6293,process complaint,1970-04-26 20:31:33,701
6294,check processing,1970-04-26 20:31:34,701
6295,processing nok,1970-04-26 20:31:35,701
6296,process complaint,1970-04-26 20:31:36,701
6297,check processing,1970-04-26 20:31:37,701
6298,processing nok,1970-04-26 20:31:38,701
6299,process complaint,1970-04-26 20:31:39,701
6300,check processing,1970-04-26 20:31:40,701
6301,processing ok,1970-04-26 20:31:41,701
6302,archive,1970-04-26 20:31:42,701
6303,register,1970-04-26 20:31:43,702
6304,evaluate,1970-04-26 20:31:44,702
6305,processing required,1970-04-26 20:31:45,702
6306,send questionnaire,1970-04-26 20:31:46,702
6307,process questionnaire,1970-04-26 20:31:47,702
6308,process complaint,1970-04-26 20:31:48,702
6309,check processing,1970-04-26 20:31:49,702
6310,processing nok,1970-04-26 20:31:50,702
6311,process complaint,1970-04-26 20:31:51,702
6312,check processing,1970-04-26 20:31:52,702
6313,processing ok,1970-04-26 20:31:53,702
6314,archive,1970-04-26 20:31:54,702
6315,register,1970-04-26 20:31:55,703
6316,send questionnaire,1970-04-26 20:31:56,703
6317,process questionnaire,1970-04-26 20:31:57,703
6318,evaluate,1970-04-26 20:31:58,703
6319,no processing,1970-04-26 20:31:59,703
6320,archive,1970-04-26 20:32:00,703
6321,register,1970-04-26 20:32:01,704
6322,evaluate,1970-04-26 20:32:02,704
6323,send questionnaire,1970-04-26 20:32:03,704
6324,processing required,1970-04-26 20:32:04,704
6325,time out,1970-04-26 20:32:05,704
6326,process complaint,1970-04-26 20:32:06,704
6327,check processing,1970-04-26 20:32:07,704
6328,processing ok,1970-04-26 20:32:08,704
6329,archive,1970-04-26 20:32:09,704
6330,register,1970-04-26 20:32:10,705
6331,send questionnaire,1970-04-26 20:32:11,705
6332,process questionnaire,1970-04-26 20:32:12,705
6333,evaluate,1970-04-26 20:32:13,705
6334,no processing,1970-04-26 20:32:14,705
6335,archive,1970-04-26 20:32:15,705
6336,register,1970-04-26 20:32:16,706
6337,send questionnaire,1970-04-26 20:32:17,706
6338,process questionnaire,1970-04-26 20:32:18,706
6339,evaluate,1970-04-26 20:32:19,706
6340,no processing,1970-04-26 20:32:20,706
6341,archive,1970-04-26 20:32:21,706
6342,register,1970-04-26 20:32:22,707
6343,send questionnaire,1970-04-26 20:32:23,707
6344,process questionnaire,1970-04-26 20:32:24,707
6345,evaluate,1970-04-26 20:32:25,707
6346,no processing,1970-04-26 20:32:26,707
6347,archive,1970-04-26 20:32:27,707
6348,register,1970-04-26 20:32:28,708
6349,evaluate,1970-04-26 20:32:29,708
6350,no processing,1970-04-26 20:32:30,708
6351,send questionnaire,1970-04-26 20:32:31,708
6352,process questionnaire,1970-04-26 20:32:32,708
6353,archive,1970-04-26 20:32:33,708
6354,register,1970-04-26 20:32:34,709
6355,evaluate,1970-04-26 20:32:35,709
6356,no processing,1970-04-26 20:32:36,709
6357,send questionnaire,1970-04-26 20:32:37,709
6358,time out,1970-04-26 20:32:38,709
6359,archive,1970-04-26 20:32:39,709
6360,register,1970-04-26 20:32:40,710
6361,evaluate,1970-04-26 20:32:41,710
6362,send questionnaire,1970-04-26 20:32:42,710
6363,processing required,1970-04-26 20:32:43,710
6364,time out,1970-04-26 20:32:44,710
6365,process complaint,1970-04-26 20:32:45,710
6366,check processing,1970-04-26 20:32:46,710
6367,processing ok,1970-04-26 20:32:47,710
6368,archive,1970-04-26 20:32:48,710
6369,register,1970-04-26 20:32:49,711
6370,send questionnaire,1970-04-26 20:32:50,711
6371,time out,1970-04-26 20:32:51,711
6372,evaluate,1970-04-26 20:32:52,711
6373,no processing,1970-04-26 20:32:53,711
6374,archive,1970-04-26 20:32:54,711
6375,register,1970-04-26 20:32:55,712
6376,send questionnaire,1970-04-26 20:32:56,712
6377,evaluate,1970-04-26 20:32:57,712
6378,no processing,1970-04-26 20:32:58,712
6379,time out,1970-04-26 20:32:59,712
6380,archive,1970-04-26 20:33:00,712
6381,register,1970-04-26 20:33:01,713
6382,evaluate,1970-04-26 20:33:02,713
6383,no processing,1970-04-26 20:33:03,713
6384,send questionnaire,1970-04-26 20:33:04,713
6385,process questionnaire,1970-04-26 20:33:05,713
6386,archive,1970-04-26 20:33:06,713
6387,register,1970-04-26 20:33:07,714
6388,evaluate,1970-04-26 20:33:08,714
6389,processing required,1970-04-26 20:33:09,714
6390,send questionnaire,1970-04-26 20:33:10,714
6391,process questionnaire,1970-04-26 20:33:11,714
6392,process complaint,1970-04-26 20:33:12,714
6393,check processing,1970-04-26 20:33:13,714
6394,processing ok,1970-04-26 20:33:14,714
6395,archive,1970-04-26 20:33:15,714
6396,register,1970-04-26 20:33:16,715
6397,evaluate,1970-04-26 20:33:17,715
6398,no processing,1970-04-26 20:33:18,715
6399,send questionnaire,1970-04-26 20:33:19,715
6400,process questionnaire,1970-04-26 20:33:20,715
6401,archive,1970-04-26 20:33:21,715
6402,register,1970-04-26 20:33:22,716
6403,evaluate,1970-04-26 20:33:23,716
6404,processing required,1970-04-26 20:33:24,716
6405,send questionnaire,1970-04-26 20:33:25,716
6406,process questionnaire,1970-04-26 20:33:26,716
6407,process complaint,1970-04-26 20:33:27,716
6408,check processing,1970-04-26 20:33:28,716
6409,processing nok,1970-04-26 20:33:29,716
6410,process complaint,1970-04-26 20:33:30,716
6411,check processing,1970-04-26 20:33:31,716
6412,processing nok,1970-04-26 20:33:32,716
6413,process complaint,1970-04-26 20:33:33,716
6414,check processing,1970-04-26 20:33:34,716
6415,processing ok,1970-04-26 20:33:35,716
6416,archive,1970-04-26 20:33:36,716
6417,register,1970-04-26 20:33:37,717
6418,evaluate,1970-04-26 20:33:38,717
6419,send questionnaire,1970-04-26 20:33:39,717
6420,process questionnaire,1970-04-26 20:33:40,717
6421,processing required,1970-04-26 20:33:41,717
6422,process complaint,1970-04-26 20:33:42,717
6423,check processing,1970-04-26 20:33:43,717
6424,processing nok,1970-04-26 20:33:44,717
6425,process complaint,1970-04-26 20:33:45,717
6426,check processing,1970-04-26 20:33:46,717
6427,processing nok,1970-04-26 20:33:47,717
6428,process complaint,1970-04-26 20:33:48,717
6429,check processing,1970-04-26 20:33:49,717
6430,processing nok,1970-04-26 20:33:50,717
6431,process complaint,1970-04-26 20:33:51,717
6432,check processing,1970-04-26 20:33:52,717
6433,processing ok,1970-04-26 20:33:53,717
6434,archive,1970-04-26 20:33:54,717
6435,register,1970-04-26 20:33:55,718
6436,send questionnaire,1970-04-26 20:33:56,718
6437,time out,1970-04-26 20:33:57,718
6438,evaluate,1970-04-26 20:33:58,718
6439,processing required,1970-04-26 20:33:59,718
6440,process complaint,1970-04-26 20:34:00,718
6441,check processing,1970-04-26 20:34:01,718
6442,processing nok,1970-04-26 20:34:02,718
6443,process complaint,1970-04-26 20:34:03,718
6444,check processing,1970-04-26 20:34:04,718
6445,processing ok,1970-04-26 20:34:05,718
6446,archive,1970-04-26 20:34:06,718
6447,register,1970-04-26 20:34:07,719
6448,evaluate,1970-04-26 20:34:08,719
6449,no processing,1970-04-26 20:34:09,719
6450,send questionnaire,1970-04-26 20:34:10,719
6451,process questionnaire,1970-04-26 20:34:11,719
6452,archive,1970-04-26 20:34:12,719
6453,register,1970-04-26 20:34:13,720
6454,evaluate,1970-04-26 20:34:14,720
6455,no processing,1970-04-26 20:34:15,720
6456,send questionnaire,1970-04-26 20:34:16,720
6457,time out,1970-04-26 20:34:17,720
6458,archive,1970-04-26 20:34:18,720
6459,register,1970-04-26 20:34:19,721
6460,evaluate,1970-04-26 20:34:20,721
6461,no processing,1970-04-26 20:34:21,721
6462,send questionnaire,1970-04-26 20:34:22,721
6463,time out,1970-04-26 20:34:23,721
6464,archive,1970-04-26 20:34:24,721
6465,register,1970-04-26 20:34:25,722
6466,evaluate,1970-04-26 20:34:26,722
6467,processing required,1970-04-26 20:34:27,722
6468,send questionnaire,1970-04-26 20:34:28,722
6469,process questionnaire,1970-04-26 20:34:29,722
6470,process complaint,1970-04-26 20:34:30,722
6471,check processing,1970-04-26 20:34:31,722
6472,processing ok,1970-04-26 20:34:32,722
6473,archive,1970-04-26 20:34:33,722
6474,register,1970-04-26 20:34:34,723
6475,evaluate,1970-04-26 20:34:35,723
6476,processing required,1970-04-26 20:34:36,723
6477,send questionnaire,1970-04-26 20:34:37,723
6478,time out,1970-04-26 20:34:38,723
6479,process complaint,1970-04-26 20:34:39,723
6480,check processing,1970-04-26 20:34:40,723
6481,processing nok,1970-04-26 20:34:41,723
6482,process complaint,1970-04-26 20:34:42,723
6483,check processing,1970-04-26 20:34:43,723
6484,processing nok,1970-04-26 20:34:44,723
6485,process complaint,1970-04-26 20:34:45,723
6486,check processing,1970-04-26 20:34:46,723
6487,processing nok,1970-04-26 20:34:47,723
6488,process complaint,1970-04-26 20:34:48,723
6489,check processing,1970-04-26 20:34:49,723
6490,processing nok,1970-04-26 20:34:50,723
6491,process complaint,1970-04-26 20:34:51,723
6492,check processing,1970-04-26 20:34:52,723
6493,processing ok,1970-04-26 20:34:53,723
6494,archive,1970-04-26 20:34:54,723
6495,register,1970-04-26 20:34:55,724
6496,send questionnaire,1970-04-26 20:34:56,724
6497,time out,1970-04-26 20:34:57,724
6498,evaluate,1970-04-26 20:34:58,724
6499,processing required,1970-04-26 20:34:59,724
6500,process complaint,1970-04-26 20:35:00,724
6501,check processing,1970-04-26 20:35:01,724
6502,processing ok,1970-04-26 20:35:02,724
6503,archive,1970-04-26 20:35:03,724
6504,register,1970-04-26 20:35:04,725
6505,evaluate,1970-04-26 20:35:05,725
6506,no processing,1970-04-26 20:35:06,725
6507,send questionnaire,1970-04-26 20:35:07,725
6508,time out,1970-04-26 20:35:08,725
6509,archive,1970-04-26 20:35:09,725
6510,register,1970-04-26 20:35:10,726
6511,send questionnaire,1970-04-26 20:35:11,726
6512,time out,1970-04-26 20:35:12,726
6513,evaluate,1970-04-26 20:35:13,726
6514,processing required,1970-04-26 20:35:14,726
6515,process complaint,1970-04-26 20:35:15,726
6516,check processing,1970-04-26 20:35:16,726
6517,processing nok,1970-04-26 20:35:17,726
6518,process complaint,1970-04-26 20:35:18,726
6519,check processing,1970-04-26 20:35:19,726
6520,processing ok,1970-04-26 20:35:20,726
6521,archive,1970-04-26 20:35:21,726
6522,register,1970-04-26 20:35:22,727
6523,evaluate,1970-04-26 20:35:23,727
6524,no processing,1970-04-26 20:35:24,727
6525,send questionnaire,1970-04-26 20:35:25,727
6526,time out,1970-04-26 20:35:26,727
6527,archive,1970-04-26 20:35:27,727
6528,register,1970-04-26 20:35:28,728
6529,evaluate,1970-04-26 20:35:29,728
6530,no processing,1970-04-26 20:35:30,728
6531,send questionnaire,1970-04-26 20:35:31,728
6532,time out,1970-04-26 20:35:32,728
6533,archive,1970-04-26 20:35:33,728
6534,register,1970-04-26 20:35:34,729
6535,send questionnaire,1970-04-26 20:35:35,729
6536,process questionnaire,1970-04-26 20:35:36,729
6537,evaluate,1970-04-26 20:35:37,729
6538,processing required,1970-04-26 20:35:38,729
6539,process complaint,1970-04-26 20:35:39,729
6540,check processing,1970-04-26 20:35:40,729
6541,processing nok,1970-04-26 20:35:41,729
6542,process complaint,1970-04-26 20:35:42,729
6543,check processing,1970-04-26 20:35:43,729
6544,processing ok,1970-04-26 20:35:44,729
6545,archive,1970-04-26 20:35:45,729
6546,register,1970-04-26 20:35:46,730
6547,evaluate,1970-04-26 20:35:47,730
6548,no processing,1970-04-26 20:35:48,730
6549,send questionnaire,1970-04-26 20:35:49,730
6550,process questionnaire,1970-04-26 20:35:50,730
6551,archive,1970-04-26 20:35:51,730
6552,register,1970-04-26 20:35:52,731
6553,send questionnaire,1970-04-26 20:35:53,731
6554,process questionnaire,1970-04-26 20:35:54,731
6555,evaluate,1970-04-26 20:35:55,731
6556,processing required,1970-04-26 20:35:56,731
6557,process complaint,1970-04-26 20:35:57,731
6558,check processing,1970-04-26 20:35:58,731
6559,processing ok,1970-04-26 20:35:59,731
6560,archive,1970-04-26 20:36:00,731
6561,register,1970-04-26 20:36:01,732
6562,evaluate,1970-04-26 20:36:02,732
6563,processing required,1970-04-26 20:36:03,732
6564,send questionnaire,1970-04-26 20:36:04,732
6565,process questionnaire,1970-04-26 20:36:05,732
6566,process complaint,1970-04-26 20:36:06,732
6567,check processing,1970-04-26 20:36:07,732
6568,processing nok,1970-04-26 20:36:08,732
6569,process complaint,1970-04-26 20:36:09,732
6570,check processing,1970-04-26 20:36:10,732
6571,processing ok,1970-04-26 20:36:11,732
6572,archive,1970-04-26 20:36:12,732
6573,register,1970-04-26 20:36:13,733
6574,evaluate,1970-04-26 20:36:14,733
6575,send questionnaire,1970-04-26 20:36:15,733
6576,processing required,1970-04-26 20:36:16,733
6577,time out,1970-04-26 20:36:17,733
6578,process complaint,1970-04-26 20:36:18,733
6579,check processing,1970-04-26 20:36:19,733
6580,processing nok,1970-04-26 20:36:20,733
6581,process complaint,1970-04-26 20:36:21,733
6582,check processing,1970-04-26 20:36:22,733
6583,processing ok,1970-04-26 20:36:23,733
6584,archive,1970-04-26 20:36:24,733
6585,register,1970-04-26 20:36:25,734
6586,evaluate,1970-04-26 20:36:26,734
6587,processing required,1970-04-26 20:36:27,734
6588,send questionnaire,1970-04-26 20:36:28,734
6589,process questionnaire,1970-04-26 20:36:29,734
6590,process complaint,1970-04-26 20:36:30,734
6591,check processing,1970-04-26 20:36:31,734
6592,processing nok,1970-04-26 20:36:32,734
6593,process complaint,1970-04-26 20:36:33,734
6594,check processing,1970-04-26 20:36:34,734
6595,processing nok,1970-04-26 20:36:35,734
6596,process complaint,1970-04-26 20:36:36,734
6597,check processing,1970-04-26 20:36:37,734
6598,processing ok,1970-04-26 20:36:38,734
6599,archive,1970-04-26 20:36:39,734
6600,register,1970-04-26 20:36:40,735
6601,evaluate,1970-04-26 20:36:41,735
6602,no processing,1970-04-26 20:36:42,735
6603,send questionnaire,1970-04-26 20:36:43,735
6604,process questionnaire,1970-04-26 20:36:44,735
6605,archive,1970-04-26 20:36:45,735
6606,register,1970-04-26 20:36:46,736
6607,evaluate,1970-04-26 20:36:47,736
6608,send questionnaire,1970-04-26 20:36:48,736
6609,no processing,1970-04-26 20:36:49,736
6610,process questionnaire,1970-04-26 20:36:50,736
6611,archive,1970-04-26 20:36:51,736
6612,register,1970-04-26 20:36:52,737
6613,evaluate,1970-04-26 20:36:53,737
6614,processing required,1970-04-26 20:36:54,737
6615,send questionnaire,1970-04-26 20:36:55,737
6616,process questionnaire,1970-04-26 20:36:56,737
6617,process complaint,1970-04-26 20:36:57,737
6618,check processing,1970-04-26 20:36:58,737
6619,processing nok,1970-04-26 20:36:59,737
6620,process complaint,1970-04-26 20:37:00,737
6621,check processing,1970-04-26 20:37:01,737
6622,processing ok,1970-04-26 20:37:02,737
6623,archive,1970-04-26 20:37:03,737
6624,register,1970-04-26 20:37:04,738
6625,evaluate,1970-04-26 20:37:05,738
6626,processing required,1970-04-26 20:37:06,738
6627,send questionnaire,1970-04-26 20:37:07,738
6628,process questionnaire,1970-04-26 20:37:08,738
6629,process complaint,1970-04-26 20:37:09,738
6630,check processing,1970-04-26 20:37:10,738
6631,processing ok,1970-04-26 20:37:11,738
6632,archive,1970-04-26 20:37:12,738
6633,register,1970-04-26 20:37:13,739
6634,evaluate,1970-04-26 20:37:14,739
6635,send questionnaire,1970-04-26 20:37:15,739
6636,no processing,1970-04-26 20:37:16,739
6637,time out,1970-04-26 20:37:17,739
6638,archive,1970-04-26 20:37:18,739
6639,register,1970-04-26 20:37:19,740
6640,send questionnaire,1970-04-26 20:37:20,740
6641,time out,1970-04-26 20:37:21,740
6642,evaluate,1970-04-26 20:37:22,740
6643,no processing,1970-04-26 20:37:23,740
6644,archive,1970-04-26 20:37:24,740
6645,register,1970-04-26 20:37:25,741
6646,evaluate,1970-04-26 20:37:26,741
6647,send questionnaire,1970-04-26 20:37:27,741
6648,process questionnaire,1970-04-26 20:37:28,741
6649,processing required,1970-04-26 20:37:29,741
6650,process complaint,1970-04-26 20:37:30,741
6651,check processing,1970-04-26 20:37:31,741
6652,processing ok,1970-04-26 20:37:32,741
6653,archive,1970-04-26 20:37:33,741
6654,register,1970-04-26 20:37:34,742
6655,send questionnaire,1970-04-26 20:37:35,742
6656,evaluate,1970-04-26 20:37:36,742
6657,process questionnaire,1970-04-26 20:37:37,742
6658,no processing,1970-04-26 20:37:38,742
6659,archive,1970-04-26 20:37:39,742
6660,register,1970-04-26 20:37:40,743
6661,evaluate,1970-04-26 20:37:41,743
6662,send questionnaire,1970-04-26 20:37:42,743
6663,processing required,1970-04-26 20:37:43,743
6664,time out,1970-04-26 20:37:44,743
6665,process complaint,1970-04-26 20:37:45,743
6666,check processing,1970-04-26 20:37:46,743
6667,processing nok,1970-04-26 20:37:47,743
6668,process complaint,1970-04-26 20:37:48,743
6669,check processing,1970-04-26 20:37:49,743
6670,processing nok,1970-04-26 20:37:50,743
6671,process complaint,1970-04-26 20:37:51,743
6672,check processing,1970-04-26 20:37:52,743
6673,processing nok,1970-04-26 20:37:53,743
6674,process complaint,1970-04-26 20:37:54,743
6675,check processing,1970-04-26 20:37:55,743
6676,processing ok,1970-04-26 20:37:56,743
6677,archive,1970-04-26 20:37:57,743
6678,register,1970-04-26 20:37:58,744
6679,send questionnaire,1970-04-26 20:37:59,744
6680,evaluate,1970-04-26 20:38:00,744
6681,no processing,1970-04-26 20:38:01,744
6682,process questionnaire,1970-04-26 20:38:02,744
6683,archive,1970-04-26 20:38:03,744
6684,register,1970-04-26 20:38:04,745
6685,send questionnaire,1970-04-26 20:38:05,745
6686,evaluate,1970-04-26 20:38:06,745
6687,time out,1970-04-26 20:38:07,745
6688,no processing,1970-04-26 20:38:08,745
6689,archive,1970-04-26 20:38:09,745
6690,register,1970-04-26 20:38:10,746
6691,send questionnaire,1970-04-26 20:38:11,746
6692,time out,1970-04-26 20:38:12,746
6693,evaluate,1970-04-26 20:38:13,746
6694,no processing,1970-04-26 20:38:14,746
6695,archive,1970-04-26 20:38:15,746
6696,register,1970-04-26 20:38:16,747
6697,evaluate,1970-04-26 20:38:17,747
6698,processing required,1970-04-26 20:38:18,747
6699,send questionnaire,1970-04-26 20:38:19,747
6700,process questionnaire,1970-04-26 20:38:20,747
6701,process complaint,1970-04-26 20:38:21,747
6702,check processing,1970-04-26 20:38:22,747
6703,processing nok,1970-04-26 20:38:23,747
6704,process complaint,1970-04-26 20:38:24,747
6705,check processing,1970-04-26 20:38:25,747
6706,processing ok,1970-04-26 20:38:26,747
6707,archive,1970-04-26 20:38:27,747
6708,register,1970-04-26 20:38:28,748
6709,evaluate,1970-04-26 20:38:29,748
6710,processing required,1970-04-26 20:38:30,748
6711,send questionnaire,1970-04-26 20:38:31,748
6712,process questionnaire,1970-04-26 20:38:32,748
6713,process complaint,1970-04-26 20:38:33,748
6714,check processing,1970-04-26 20:38:34,748
6715,processing nok,1970-04-26 20:38:35,748
6716,process complaint,1970-04-26 20:38:36,748
6717,check processing,1970-04-26 20:38:37,748
6718,processing ok,1970-04-26 20:38:38,748
6719,archive,1970-04-26 20:38:39,748
6720,register,1970-04-26 20:38:40,749
6721,evaluate,1970-04-26 20:38:41,749
6722,processing required,1970-04-26 20:38:42,749
6723,send questionnaire,1970-04-26 20:38:43,749
6724,process questionnaire,1970-04-26 20:38:44,749
6725,process complaint,1970-04-26 20:38:45,749
6726,check processing,1970-04-26 20:38:46,749
6727,processing ok,1970-04-26 20:38:47,749
6728,archive,1970-04-26 20:38:48,749
6729,register,1970-04-26 20:38:49,750
6730,send questionnaire,1970-04-26 20:38:50,750
6731,evaluate,1970-04-26 20:38:51,750
6732,time out,1970-04-26 20:38:52,750
6733,processing required,1970-04-26 20:38:53,750
6734,process complaint,1970-04-26 20:38:54,750
6735,check processing,1970-04-26 20:38:55,750
6736,processing nok,1970-04-26 20:38:56,750
6737,process complaint,1970-04-26 20:38:57,750
6738,check processing,1970-04-26 20:38:58,750
6739,processing nok,1970-04-26 20:38:59,750
6740,process complaint,1970-04-26 20:39:00,750
6741,check processing,1970-04-26 20:39:01,750
6742,processing nok,1970-04-26 20:39:02,750
6743,process complaint,1970-04-26 20:39:03,750
6744,check processing,1970-04-26 20:39:04,750
6745,processing ok,1970-04-26 20:39:05,750
6746,archive,1970-04-26 20:39:06,750
6747,register,1970-04-26 20:39:07,751
6748,evaluate,1970-04-26 20:39:08,751
6749,no processing,1970-04-26 20:39:09,751
6750,send questionnaire,1970-04-26 20:39:10,751
6751,process questionnaire,1970-04-26 20:39:11,751
6752,archive,1970-04-26 20:39:12,751
6753,register,1970-04-26 20:39:13,752
6754,evaluate,1970-04-26 20:39:14,752
6755,processing required,1970-04-26 20:39:15,752
6756,send questionnaire,1970-04-26 20:39:16,752
6757,process questionnaire,1970-04-26 20:39:17,752
6758,process complaint,1970-04-26 20:39:18,752
6759,check processing,1970-04-26 20:39:19,752
6760,processing nok,1970-04-26 20:39:20,752
6761,process complaint,1970-04-26 20:39:21,752
6762,check processing,1970-04-26 20:39:22,752
6763,processing nok,1970-04-26 20:39:23,752
6764,process complaint,1970-04-26 20:39:24,752
6765,check processing,1970-04-26 20:39:25,752
6766,processing nok,1970-04-26 20:39:26,752
6767,process complaint,1970-04-26 20:39:27,752
6768,check processing,1970-04-26 20:39:28,752
6769,processing ok,1970-04-26 20:39:29,752
6770,archive,1970-04-26 20:39:30,752
6771,register,1970-04-26 20:39:31,753
6772,send questionnaire,1970-04-26 20:39:32,753
6773,evaluate,1970-04-26 20:39:33,753
6774,no processing,1970-04-26 20:39:34,753
6775,time out,1970-04-26 20:39:35,753
6776,archive,1970-04-26 20:39:36,753
6777,register,1970-04-26 20:39:37,754
6778,send questionnaire,1970-04-26 20:39:38,754
6779,evaluate,1970-04-26 20:39:39,754
6780,no processing,1970-04-26 20:39:40,754
6781,process questionnaire,1970-04-26 20:39:41,754
6782,archive,1970-04-26 20:39:42,754
6783,register,1970-04-26 20:39:43,755
6784,evaluate,1970-04-26 20:39:44,755
6785,send questionnaire,1970-04-26 20:39:45,755
6786,time out,1970-04-26 20:39:46,755
6787,processing required,1970-04-26 20:39:47,755
6788,process complaint,1970-04-26 20:39:48,755
6789,check processing,1970-04-26 20:39:49,755
6790,processing ok,1970-04-26 20:39:50,755
6791,archive,1970-04-26 20:39:51,755
6792,register,1970-04-26 20:39:52,756
6793,send questionnaire,1970-04-26 20:39:53,756
6794,process questionnaire,1970-04-26 20:39:54,756
6795,evaluate,1970-04-26 20:39:55,756
6796,processing required,1970-04-26 20:39:56,756
6797,process complaint,1970-04-26 20:39:57,756
6798,check processing,1970-04-26 20:39:58,756
6799,processing ok,1970-04-26 20:39:59,756
6800,archive,1970-04-26 20:40:00,756
6801,register,1970-04-26 20:40:01,757
6802,evaluate,1970-04-26 20:40:02,757
6803,processing required,1970-04-26 20:40:03,757
6804,send questionnaire,1970-04-26 20:40:04,757
6805,time out,1970-04-26 20:40:05,757
6806,process complaint,1970-04-26 20:40:06,757
6807,check processing,1970-04-26 20:40:07,757
6808,processing ok,1970-04-26 20:40:08,757
6809,archive,1970-04-26 20:40:09,757
6810,register,1970-04-26 20:40:10,758
6811,evaluate,1970-04-26 20:40:11,758
6812,no processing,1970-04-26 20:40:12,758
6813,send questionnaire,1970-04-26 20:40:13,758
6814,time out,1970-04-26 20:40:14,758
6815,archive,1970-04-26 20:40:15,758
6816,register,1970-04-26 20:40:16,759
6817,evaluate,1970-04-26 20:40:17,759
6818,send questionnaire,1970-04-26 20:40:18,759
6819,processing required,1970-04-26 20:40:19,759
6820,process questionnaire,1970-04-26 20:40:20,759
6821,process complaint,1970-04-26 20:40:21,759
6822,check processing,1970-04-26 20:40:22,759
6823,processing nok,1970-04-26 20:40:23,759
6824,process complaint,1970-04-26 20:40:24,759
6825,check processing,1970-04-26 20:40:25,759
6826,processing ok,1970-04-26 20:40:26,759
6827,archive,1970-04-26 20:40:27,759
6828,register,1970-04-26 20:40:28,760
6829,send questionnaire,1970-04-26 20:40:29,760
6830,process questionnaire,1970-04-26 20:40:30,760
6831,evaluate,1970-04-26 20:40:31,760
6832,processing required,1970-04-26 20:40:32,760
6833,process complaint,1970-04-26 20:40:33,760
6834,check processing,1970-04-26 20:40:34,760
6835,processing nok,1970-04-26 20:40:35,760
6836,process complaint,1970-04-26 20:40:36,760
6837,check processing,1970-04-26 20:40:37,760
6838,processing ok,1970-04-26 20:40:38,760
6839,archive,1970-04-26 20:40:39,760
6840,register,1970-04-26 20:40:40,761
6841,evaluate,1970-04-26 20:40:41,761
6842,send questionnaire,1970-04-26 20:40:42,761
6843,no processing,1970-04-26 20:40:43,761
6844,process questionnaire,1970-04-26 20:40:44,761
6845,archive,1970-04-26 20:40:45,761
6846,register,1970-04-26 20:40:46,762
6847,send questionnaire,1970-04-26 20:40:47,762
6848,time out,1970-04-26 20:40:48,762
6849,evaluate,1970-04-26 20:40:49,762
6850,no processing,1970-04-26 20:40:50,762
6851,archive,1970-04-26 20:40:51,762
6852,register,1970-04-26 20:40:52,763
6853,evaluate,1970-04-26 20:40:53,763
6854,no processing,1970-04-26 20:40:54,763
6855,send questionnaire,1970-04-26 20:40:55,763
6856,time out,1970-04-26 20:40:56,763
6857,archive,1970-04-26 20:40:57,763
6858,register,1970-04-26 20:40:58,764
6859,send questionnaire,1970-04-26 20:40:59,764
6860,evaluate,1970-04-26 20:41:00,764
6861,no processing,1970-04-26 20:41:01,764
6862,process questionnaire,1970-04-26 20:41:02,764
6863,archive,1970-04-26 20:41:03,764
6864,register,1970-04-26 20:41:04,765
6865,evaluate,1970-04-26 20:41:05,765
6866,send questionnaire,1970-04-26 20:41:06,765
6867,processing required,1970-04-26 20:41:07,765
6868,time out,1970-04-26 20:41:08,765
6869,process complaint,1970-04-26 20:41:09,765
6870,check processing,1970-04-26 20:41:10,765
6871,processing nok,1970-04-26 20:41:11,765
6872,process complaint,1970-04-26 20:41:12,765
6873,check processing,1970-04-26 20:41:13,765
6874,processing nok,1970-04-26 20:41:14,765
6875,process complaint,1970-04-26 20:41:15,765
6876,check processing,1970-04-26 20:41:16,765
6877,processing ok,1970-04-26 20:41:17,765
6878,archive,1970-04-26 20:41:18,765
6879,register,1970-04-26 20:41:19,766
6880,send questionnaire,1970-04-26 20:41:20,766
6881,process questionnaire,1970-04-26 20:41:21,766
6882,evaluate,1970-04-26 20:41:22,766
6883,processing required,1970-04-26 20:41:23,766
6884,process complaint,1970-04-26 20:41:24,766
6885,check processing,1970-04-26 20:41:25,766
6886,processing ok,1970-04-26 20:41:26,766
6887,archive,1970-04-26 20:41:27,766
6888,register,1970-04-26 20:41:28,767
6889,send questionnaire,1970-04-26 20:41:29,767
6890,evaluate,1970-04-26 20:41:30,767
6891,time out,1970-04-26 20:41:31,767
6892,processing required,1970-04-26 20:41:32,767
6893,process complaint,1970-04-26 20:41:33,767
6894,check processing,1970-04-26 20:41:34,767
6895,processing ok,1970-04-26 20:41:35,767
6896,archive,1970-04-26 20:41:36,767
6897,register,1970-04-26 20:41:37,768
6898,send questionnaire,1970-04-26 20:41:38,768
6899,process questionnaire,1970-04-26 20:41:39,768
6900,evaluate,1970-04-26 20:41:40,768
6901,no processing,1970-04-26 20:41:41,768
6902,archive,1970-04-26 20:41:42,768
6903,register,1970-04-26 20:41:43,769
6904,send questionnaire,1970-04-26 20:41:44,769
6905,time out,1970-04-26 20:41:45,769
6906,evaluate,1970-04-26 20:41:46,769
6907,no processing,1970-04-26 20:41:47,769
6908,archive,1970-04-26 20:41:48,769
6909,register,1970-04-26 20:41:49,770
6910,evaluate,1970-04-26 20:41:50,770
6911,processing required,1970-04-26 20:41:51,770
6912,send questionnaire,1970-04-26 20:41:52,770
6913,process questionnaire,1970-04-26 20:41:53,770
6914,process complaint,1970-04-26 20:41:54,770
6915,check processing,1970-04-26 20:41:55,770
6916,processing ok,1970-04-26 20:41:56,770
6917,archive,1970-04-26 20:41:57,770
6918,register,1970-04-26 20:41:58,771
6919,send questionnaire,1970-04-26 20:41:59,771
6920,time out,1970-04-26 20:42:00,771
6921,evaluate,1970-04-26 20:42:01,771
6922,processing required,1970-04-26 20:42:02,771
6923,process complaint,1970-04-26 20:42:03,771
6924,check processing,1970-04-26 20:42:04,771
6925,processing nok,1970-04-26 20:42:05,771
6926,process complaint,1970-04-26 20:42:06,771
6927,check processing,1970-04-26 20:42:07,771
6928,processing nok,1970-04-26 20:42:08,771
6929,process complaint,1970-04-26 20:42:09,771
6930,check processing,1970-04-26 20:42:10,771
6931,processing nok,1970-04-26 20:42:11,771
6932,process complaint,1970-04-26 20:42:12,771
6933,check processing,1970-04-26 20:42:13,771
6934,processing ok,1970-04-26 20:42:14,771
6935,archive,1970-04-26 20:42:15,771
6936,register,1970-04-26 20:42:16,772
6937,send questionnaire,1970-04-26 20:42:17,772
6938,time out,1970-04-26 20:42:18,772
6939,evaluate,1970-04-26 20:42:19,772
6940,processing required,1970-04-26 20:42:20,772
6941,process complaint,1970-04-26 20:42:21,772
6942,check processing,1970-04-26 20:42:22,772
6943,processing nok,1970-04-26 20:42:23,772
6944,process complaint,1970-04-26 20:42:24,772
6945,check processing,1970-04-26 20:42:25,772
6946,processing nok,1970-04-26 20:42:26,772
6947,process complaint,1970-04-26 20:42:27,772
6948,check processing,1970-04-26 20:42:28,772
6949,processing ok,1970-04-26 20:42:29,772
6950,archive,1970-04-26 20:42:30,772
6951,register,1970-04-26 20:42:31,773
6952,send questionnaire,1970-04-26 20:42:32,773
6953,process questionnaire,1970-04-26 20:42:33,773
6954,evaluate,1970-04-26 20:42:34,773
6955,processing required,1970-04-26 20:42:35,773
6956,process complaint,1970-04-26 20:42:36,773
6957,check processing,1970-04-26 20:42:37,773
6958,processing ok,1970-04-26 20:42:38,773
6959,archive,1970-04-26 20:42:39,773
6960,register,1970-04-26 20:42:40,774
6961,send questionnaire,1970-04-26 20:42:41,774
6962,evaluate,1970-04-26 20:42:42,774
6963,processing required,1970-04-26 20:42:43,774
6964,time out,1970-04-26 20:42:44,774
6965,process complaint,1970-04-26 20:42:45,774
6966,check processing,1970-04-26 20:42:46,774
6967,processing ok,1970-04-26 20:42:47,774
6968,archive,1970-04-26 20:42:48,774
6969,register,1970-04-26 20:42:49,775
6970,send questionnaire,1970-04-26 20:42:50,775
6971,process questionnaire,1970-04-26 20:42:51,775
6972,evaluate,1970-04-26 20:42:52,775
6973,processing required,1970-04-26 20:42:53,775
6974,process complaint,1970-04-26 20:42:54,775
6975,check processing,1970-04-26 20:42:55,775
6976,processing nok,1970-04-26 20:42:56,775
6977,process complaint,1970-04-26 20:42:57,775
6978,check processing,1970-04-26 20:42:58,775
6979,processing ok,1970-04-26 20:42:59,775
6980,archive,1970-04-26 20:43:00,775
6981,register,1970-04-26 20:43:01,776
6982,send questionnaire,1970-04-26 20:43:02,776
6983,time out,1970-04-26 20:43:03,776
6984,evaluate,1970-04-26 20:43:04,776
6985,no processing,1970-04-26 20:43:05,776
6986,archive,1970-04-26 20:43:06,776
6987,register,1970-04-26 20:43:07,777
6988,send questionnaire,1970-04-26 20:43:08,777
6989,time out,1970-04-26 20:43:09,777
6990,evaluate,1970-04-26 20:43:10,777
6991,no processing,1970-04-26 20:43:11,777
6992,archive,1970-04-26 20:43:12,777
6993,register,1970-04-26 20:43:13,778
6994,evaluate,1970-04-26 20:43:14,778
6995,send questionnaire,1970-04-26 20:43:15,778
6996,processing required,1970-04-26 20:43:16,778
6997,process questionnaire,1970-04-26 20:43:17,778
6998,process complaint,1970-04-26 20:43:18,778
6999,check processing,1970-04-26 20:43:19,778
7000,processing nok,1970-04-26 20:43:20,778
7001,process complaint,1970-04-26 20:43:21,778
7002,check processing,1970-04-26 20:43:22,778
7003,processing ok,1970-04-26 20:43:23,778
7004,archive,1970-04-26 20:43:24,778
7005,register,1970-04-26 20:43:25,779
7006,send questionnaire,1970-04-26 20:43:26,779
7007,evaluate,1970-04-26 20:43:27,779
7008,no processing,1970-04-26 20:43:28,779
7009,time out,1970-04-26 20:43:29,779
7010,archive,1970-04-26 20:43:30,779
7011,register,1970-04-26 20:43:31,780
7012,send questionnaire,1970-04-26 20:43:32,780
7013,time out,1970-04-26 20:43:33,780
7014,evaluate,1970-04-26 20:43:34,780
7015,processing required,1970-04-26 20:43:35,780
7016,process complaint,1970-04-26 20:43:36,780
7017,check processing,1970-04-26 20:43:37,780
7018,processing nok,1970-04-26 20:43:38,780
7019,process complaint,1970-04-26 20:43:39,780
7020,check processing,1970-04-26 20:43:40,780
7021,processing ok,1970-04-26 20:43:41,780
7022,archive,1970-04-26 20:43:42,780
7023,register,1970-04-26 20:43:43,781
7024,evaluate,1970-04-26 20:43:44,781
7025,no processing,1970-04-26 20:43:45,781
7026,send questionnaire,1970-04-26 20:43:46,781
7027,process questionnaire,1970-04-26 20:43:47,781
7028,archive,1970-04-26 20:43:48,781
7029,register,1970-04-26 20:43:49,782
7030,send questionnaire,1970-04-26 20:43:50,782
7031,process questionnaire,1970-04-26 20:43:51,782
7032,evaluate,1970-04-26 20:43:52,782
7033,processing required,1970-04-26 20:43:53,782
7034,process complaint,1970-04-26 20:43:54,782
7035,check processing,1970-04-26 20:43:55,782
7036,processing nok,1970-04-26 20:43:56,782
7037,process complaint,1970-04-26 20:43:57,782
7038,check processing,1970-04-26 20:43:58,782
7039,processing ok,1970-04-26 20:43:59,782
7040,archive,1970-04-26 20:44:00,782
7041,register,1970-04-26 20:44:01,783
7042,evaluate,1970-04-26 20:44:02,783
7043,processing required,1970-04-26 20:44:03,783
7044,send questionnaire,1970-04-26 20:44:04,783
7045,process questionnaire,1970-04-26 20:44:05,783
7046,process complaint,1970-04-26 20:44:06,783
7047,check processing,1970-04-26 20:44:07,783
7048,processing nok,1970-04-26 20:44:08,783
7049,process complaint,1970-04-26 20:44:09,783
7050,check processing,1970-04-26 20:44:10,783
7051,processing ok,1970-04-26 20:44:11,783
7052,archive,1970-04-26 20:44:12,783
7053,register,1970-04-26 20:44:13,784
7054,send questionnaire,1970-04-26 20:44:14,784
7055,time out,1970-04-26 20:44:15,784
7056,evaluate,1970-04-26 20:44:16,784
7057,processing required,1970-04-26 20:44:17,784
7058,process complaint,1970-04-26 20:44:18,784
7059,check processing,1970-04-26 20:44:19,784
7060,processing ok,1970-04-26 20:44:20,784
7061,archive,1970-04-26 20:44:21,784
7062,register,1970-04-26 20:44:22,785
7063,send questionnaire,1970-04-26 20:44:23,785
7064,evaluate,1970-04-26 20:44:24,785
7065,no processing,1970-04-26 20:44:25,785
7066,time out,1970-04-26 20:44:26,785
7067,archive,1970-04-26 20:44:27,785
7068,register,1970-04-26 20:44:28,786
7069,evaluate,1970-04-26 20:44:29,786
7070,processing required,1970-04-26 20:44:30,786
7071,send questionnaire,1970-04-26 20:44:31,786
7072,process questionnaire,1970-04-26 20:44:32,786
7073,process complaint,1970-04-26 20:44:33,786
7074,check processing,1970-04-26 20:44:34,786
7075,processing nok,1970-04-26 20:44:35,786
7076,process complaint,1970-04-26 20:44:36,786
7077,check processing,1970-04-26 20:44:37,786
7078,processing ok,1970-04-26 20:44:38,786
7079,archive,1970-04-26 20:44:39,786
7080,register,1970-04-26 20:44:40,787
7081,send questionnaire,1970-04-26 20:44:41,787
7082,time out,1970-04-26 20:44:42,787
7083,evaluate,1970-04-26 20:44:43,787
7084,no processing,1970-04-26 20:44:44,787
7085,archive,1970-04-26 20:44:45,787
7086,register,1970-04-26 20:44:46,788
7087,evaluate,1970-04-26 20:44:47,788
7088,processing required,1970-04-26 20:44:48,788
7089,send questionnaire,1970-04-26 20:44:49,788
7090,time out,1970-04-26 20:44:50,788
7091,process complaint,1970-04-26 20:44:51,788
7092,check processing,1970-04-26 20:44:52,788
7093,processing nok,1970-04-26 20:44:53,788
7094,process complaint,1970-04-26 20:44:54,788
7095,check processing,1970-04-26 20:44:55,788
7096,processing nok,1970-04-26 20:44:56,788
7097,process complaint,1970-04-26 20:44:57,788
7098,check processing,1970-04-26 20:44:58,788
7099,processing ok,1970-04-26 20:44:59,788
7100,archive,1970-04-26 20:45:00,788
7101,register,1970-04-26 20:45:01,789
7102,evaluate,1970-04-26 20:45:02,789
7103,processing required,1970-04-26 20:45:03,789
7104,send questionnaire,1970-04-26 20:45:04,789
7105,time out,1970-04-26 20:45:05,789
7106,process complaint,1970-04-26 20:45:06,789
7107,check processing,1970-04-26 20:45:07,789
7108,processing ok,1970-04-26 20:45:08,789
7109,archive,1970-04-26 20:45:09,789
7110,register,1970-04-26 20:45:10,790
7111,evaluate,1970-04-26 20:45:11,790
7112,processing required,1970-04-26 20:45:12,790
7113,send questionnaire,1970-04-26 20:45:13,790
7114,time out,1970-04-26 20:45:14,790
7115,process complaint,1970-04-26 20:45:15,790
7116,check processing,1970-04-26 20:45:16,790
7117,processing ok,1970-04-26 20:45:17,790
7118,archive,1970-04-26 20:45:18,790
7119,register,1970-04-26 20:45:19,791
7120,send questionnaire,1970-04-26 20:45:20,791
7121,process questionnaire,1970-04-26 20:45:21,791
7122,evaluate,1970-04-26 20:45:22,791
7123,processing required,1970-04-26 20:45:23,791
7124,process complaint,1970-04-26 20:45:24,791
7125,check processing,1970-04-26 20:45:25,791
7126,processing ok,1970-04-26 20:45:26,791
7127,archive,1970-04-26 20:45:27,791
7128,register,1970-04-26 20:45:28,792
7129,evaluate,1970-04-26 20:45:29,792
7130,send questionnaire,1970-04-26 20:45:30,792
7131,process questionnaire,1970-04-26 20:45:31,792
7132,no processing,1970-04-26 20:45:32,792
7133,archive,1970-04-26 20:45:33,792
7134,register,1970-04-26 20:45:34,793
7135,send questionnaire,1970-04-26 20:45:35,793
7136,time out,1970-04-26 20:45:36,793
7137,evaluate,1970-04-26 20:45:37,793
7138,processing required,1970-04-26 20:45:38,793
7139,process complaint,1970-04-26 20:45:39,793
7140,check processing,1970-04-26 20:45:40,793
7141,processing nok,1970-04-26 20:45:41,793
7142,process complaint,1970-04-26 20:45:42,793
7143,check processing,1970-04-26 20:45:43,793
7144,processing ok,1970-04-26 20:45:44,793
7145,archive,1970-04-26 20:45:45,793
7146,register,1970-04-26 20:45:46,794
7147,evaluate,1970-04-26 20:45:47,794
7148,send questionnaire,1970-04-26 20:45:48,794
7149,time out,1970-04-26 20:45:49,794
7150,processing required,1970-04-26 20:45:50,794
7151,process complaint,1970-04-26 20:45:51,794
7152,check processing,1970-04-26 20:45:52,794
7153,processing nok,1970-04-26 20:45:53,794
7154,process complaint,1970-04-26 20:45:54,794
7155,check processing,1970-04-26 20:45:55,794
7156,processing nok,1970-04-26 20:45:56,794
7157,process complaint,1970-04-26 20:45:57,794
7158,check processing,1970-04-26 20:45:58,794
7159,processing ok,1970-04-26 20:45:59,794
7160,archive,1970-04-26 20:46:00,794
7161,register,1970-04-26 20:46:01,795
7162,send questionnaire,1970-04-26 20:46:02,795
7163,process questionnaire,1970-04-26 20:46:03,795
7164,evaluate,1970-04-26 20:46:04,795
7165,processing required,1970-04-26 20:46:05,795
7166,process complaint,1970-04-26 20:46:06,795
7167,check processing,1970-04-26 20:46:07,795
7168,processing ok,1970-04-26 20:46:08,795
7169,archive,1970-04-26 20:46:09,795
7170,register,1970-04-26 20:46:10,796
7171,send questionnaire,1970-04-26 20:46:11,796
7172,process questionnaire,1970-04-26 20:46:12,796
7173,evaluate,1970-04-26 20:46:13,796
7174,processing required,1970-04-26 20:46:14,796
7175,process complaint,1970-04-26 20:46:15,796
7176,check processing,1970-04-26 20:46:16,796
7177,processing nok,1970-04-26 20:46:17,796
7178,process complaint,1970-04-26 20:46:18,796
7179,check processing,1970-04-26 20:46:19,796
7180,processing nok,1970-04-26 20:46:20,796
7181,process complaint,1970-04-26 20:46:21,796
7182,check processing,1970-04-26 20:46:22,796
7183,processing nok,1970-04-26 20:46:23,796
7184,process complaint,1970-04-26 20:46:24,796
7185,check processing,1970-04-26 20:46:25,796
7186,processing nok,1970-04-26 20:46:26,796
7187,process complaint,1970-04-26 20:46:27,796
7188,check processing,1970-04-26 20:46:28,796
7189,processing nok,1970-04-26 20:46:29,796
7190,process complaint,1970-04-26 20:46:30,796
7191,check processing,1970-04-26 20:46:31,796
7192,processing nok,1970-04-26 20:46:32,796
7193,process complaint,1970-04-26 20:46:33,796
7194,check processing,1970-04-26 20:46:34,796
7195,processing ok,1970-04-26 20:46:35,796
7196,archive,1970-04-26 20:46:36,796
7197,register,1970-04-26 20:46:37,797
7198,send questionnaire,1970-04-26 20:46:38,797
7199,process questionnaire,1970-04-26 20:46:39,797
7200,evaluate,1970-04-26 20:46:40,797
7201,no processing,1970-04-26 20:46:41,797
7202,archive,1970-04-26 20:46:42,797
7203,register,1970-04-26 20:46:43,798
7204,evaluate,1970-04-26 20:46:44,798
7205,no processing,1970-04-26 20:46:45,798
7206,send questionnaire,1970-04-26 20:46:46,798
7207,process questionnaire,1970-04-26 20:46:47,798
7208,archive,1970-04-26 20:46:48,798
7209,register,1970-04-26 20:46:49,799
7210,evaluate,1970-04-26 20:46:50,799
7211,no processing,1970-04-26 20:46:51,799
7212,send questionnaire,1970-04-26 20:46:52,799
7213,time out,1970-04-26 20:46:53,799
7214,archive,1970-04-26 20:46:54,799
7215,register,1970-04-26 20:46:55,800
7216,send questionnaire,1970-04-26 20:46:56,800
7217,process questionnaire,1970-04-26 20:46:57,800
7218,evaluate,1970-04-26 20:46:58,800
7219,no processing,1970-04-26 20:46:59,800
7220,archive,1970-04-26 20:47:00,800
7221,register,1970-04-26 20:47:01,801
7222,send questionnaire,1970-04-26 20:47:02,801
7223,evaluate,1970-04-26 20:47:03,801
7224,processing required,1970-04-26 20:47:04,801
7225,time out,1970-04-26 20:47:05,801
7226,process complaint,1970-04-26 20:47:06,801
7227,check processing,1970-04-26 20:47:07,801
7228,processing ok,1970-04-26 20:47:08,801
7229,archive,1970-04-26 20:47:09,801
7230,register,1970-04-26 20:47:10,802
7231,evaluate,1970-04-26 20:47:11,802
7232,processing required,1970-04-26 20:47:12,802
7233,send questionnaire,1970-04-26 20:47:13,802
7234,time out,1970-04-26 20:47:14,802
7235,process complaint,1970-04-26 20:47:15,802
7236,check processing,1970-04-26 20:47:16,802
7237,processing ok,1970-04-26 20:47:17,802
7238,archive,1970-04-26 20:47:18,802
7239,register,1970-04-26 20:47:19,803
7240,send questionnaire,1970-04-26 20:47:20,803
7241,evaluate,1970-04-26 20:47:21,803
7242,processing required,1970-04-26 20:47:22,803
7243,time out,1970-04-26 20:47:23,803
7244,process complaint,1970-04-26 20:47:24,803
7245,check processing,1970-04-26 20:47:25,803
7246,processing nok,1970-04-26 20:47:26,803
7247,process complaint,1970-04-26 20:47:27,803
7248,check processing,1970-04-26 20:47:28,803
7249,processing nok,1970-04-26 20:47:29,803
7250,process complaint,1970-04-26 20:47:30,803
7251,check processing,1970-04-26 20:47:31,803
7252,processing ok,1970-04-26 20:47:32,803
7253,archive,1970-04-26 20:47:33,803
7254,register,1970-04-26 20:47:34,804
7255,send questionnaire,1970-04-26 20:47:35,804
7256,process questionnaire,1970-04-26 20:47:36,804
7257,evaluate,1970-04-26 20:47:37,804
7258,processing required,1970-04-26 20:47:38,804
7259,process complaint,1970-04-26 20:47:39,804
7260,check processing,1970-04-26 20:47:40,804
7261,processing ok,1970-04-26 20:47:41,804
7262,archive,1970-04-26 20:47:42,804
7263,register,1970-04-26 20:47:43,805
7264,send questionnaire,1970-04-26 20:47:44,805
7265,process questionnaire,1970-04-26 20:47:45,805
7266,evaluate,1970-04-26 20:47:46,805
7267,no processing,1970-04-26 20:47:47,805
7268,archive,1970-04-26 20:47:48,805
7269,register,1970-04-26 20:47:49,806
7270,send questionnaire,1970-04-26 20:47:50,806
7271,evaluate,1970-04-26 20:47:51,806
7272,time out,1970-04-26 20:47:52,806
7273,processing required,1970-04-26 20:47:53,806
7274,process complaint,1970-04-26 20:47:54,806
7275,check processing,1970-04-26 20:47:55,806
7276,processing nok,1970-04-26 20:47:56,806
7277,process complaint,1970-04-26 20:47:57,806
7278,check processing,1970-04-26 20:47:58,806
7279,processing ok,1970-04-26 20:47:59,806
7280,archive,1970-04-26 20:48:00,806
7281,register,1970-04-26 20:48:01,807
7282,evaluate,1970-04-26 20:48:02,807
7283,send questionnaire,1970-04-26 20:48:03,807
7284,processing required,1970-04-26 20:48:04,807
7285,process questionnaire,1970-04-26 20:48:05,807
7286,process complaint,1970-04-26 20:48:06,807
7287,check processing,1970-04-26 20:48:07,807
7288,processing nok,1970-04-26 20:48:08,807
7289,process complaint,1970-04-26 20:48:09,807
7290,check processing,1970-04-26 20:48:10,807
7291,processing nok,1970-04-26 20:48:11,807
7292,process complaint,1970-04-26 20:48:12,807
7293,check processing,1970-04-26 20:48:13,807
7294,processing nok,1970-04-26 20:48:14,807
7295,process complaint,1970-04-26 20:48:15,807
7296,check processing,1970-04-26 20:48:16,807
7297,processing ok,1970-04-26 20:48:17,807
7298,archive,1970-04-26 20:48:18,807
7299,register,1970-04-26 20:48:19,808
7300,evaluate,1970-04-26 20:48:20,808
7301,no processing,1970-04-26 20:48:21,808
7302,send questionnaire,1970-04-26 20:48:22,808
7303,time out,1970-04-26 20:48:23,808
7304,archive,1970-04-26 20:48:24,808
7305,register,1970-04-26 20:48:25,809
7306,send questionnaire,1970-04-26 20:48:26,809
7307,process questionnaire,1970-04-26 20:48:27,809
7308,evaluate,1970-04-26 20:48:28,809
7309,no processing,1970-04-26 20:48:29,809
7310,archive,1970-04-26 20:48:30,809
7311,register,1970-04-26 20:48:31,810
7312,evaluate,1970-04-26 20:48:32,810
7313,processing required,1970-04-26 20:48:33,810
7314,send questionnaire,1970-04-26 20:48:34,810
7315,process questionnaire,1970-04-26 20:48:35,810
7316,process complaint,1970-04-26 20:48:36,810
7317,check processing,1970-04-26 20:48:37,810
7318,processing nok,1970-04-26 20:48:38,810
7319,process complaint,1970-04-26 20:48:39,810
7320,check processing,1970-04-26 20:48:40,810
7321,processing ok,1970-04-26 20:48:41,810
7322,archive,1970-04-26 20:48:42,810
7323,register,1970-04-26 20:48:43,811
7324,evaluate,1970-04-26 20:48:44,811
7325,no processing,1970-04-26 20:48:45,811
7326,send questionnaire,1970-04-26 20:48:46,811
7327,process questionnaire,1970-04-26 20:48:47,811
7328,archive,1970-04-26 20:48:48,811
7329,register,1970-04-26 20:48:49,812
7330,evaluate,1970-04-26 20:48:50,812
7331,processing required,1970-04-26 20:48:51,812
7332,send questionnaire,1970-04-26 20:48:52,812
7333,process questionnaire,1970-04-26 20:48:53,812
7334,process complaint,1970-04-26 20:48:54,812
7335,check processing,1970-04-26 20:48:55,812
7336,processing ok,1970-04-26 20:48:56,812
7337,archive,1970-04-26 20:48:57,812
7338,register,1970-04-26 20:48:58,813
7339,send questionnaire,1970-04-26 20:48:59,813
7340,time out,1970-04-26 20:49:00,813
7341,evaluate,1970-04-26 20:49:01,813
7342,no processing,1970-04-26 20:49:02,813
7343,archive,1970-04-26 20:49:03,813
7344,register,1970-04-26 20:49:04,814
7345,send questionnaire,1970-04-26 20:49:05,814
7346,time out,1970-04-26 20:49:06,814
7347,evaluate,1970-04-26 20:49:07,814
7348,no processing,1970-04-26 20:49:08,814
7349,archive,1970-04-26 20:49:09,814
7350,register,1970-04-26 20:49:10,815
7351,send questionnaire,1970-04-26 20:49:11,815
7352,process questionnaire,1970-04-26 20:49:12,815
7353,evaluate,1970-04-26 20:49:13,815
7354,no processing,1970-04-26 20:49:14,815
7355,archive,1970-04-26 20:49:15,815
7356,register,1970-04-26 20:49:16,816
7357,evaluate,1970-04-26 20:49:17,816
7358,send questionnaire,1970-04-26 20:49:18,816
7359,no processing,1970-04-26 20:49:19,816
7360,process questionnaire,1970-04-26 20:49:20,816
7361,archive,1970-04-26 20:49:21,816
7362,register,1970-04-26 20:49:22,817
7363,send questionnaire,1970-04-26 20:49:23,817
7364,evaluate,1970-04-26 20:49:24,817
7365,process questionnaire,1970-04-26 20:49:25,817
7366,no processing,1970-04-26 20:49:26,817
7367,archive,1970-04-26 20:49:27,817
7368,register,1970-04-26 20:49:28,818
7369,evaluate,1970-04-26 20:49:29,818
7370,send questionnaire,1970-04-26 20:49:30,818
7371,time out,1970-04-26 20:49:31,818
7372,no processing,1970-04-26 20:49:32,818
7373,archive,1970-04-26 20:49:33,818
7374,register,1970-04-26 20:49:34,819
7375,evaluate,1970-04-26 20:49:35,819
7376,no processing,1970-04-26 20:49:36,819
7377,send questionnaire,1970-04-26 20:49:37,819
7378,time out,1970-04-26 20:49:38,819
7379,archive,1970-04-26 20:49:39,819
7380,register,1970-04-26 20:49:40,820
7381,send questionnaire,1970-04-26 20:49:41,820
7382,time out,1970-04-26 20:49:42,820
7383,evaluate,1970-04-26 20:49:43,820
7384,processing required,1970-04-26 20:49:44,820
7385,process complaint,1970-04-26 20:49:45,820
7386,check processing,1970-04-26 20:49:46,820
7387,processing ok,1970-04-26 20:49:47,820
7388,archive,1970-04-26 20:49:48,820
7389,register,1970-04-26 20:49:49,821
7390,evaluate,1970-04-26 20:49:50,821
7391,send questionnaire,1970-04-26 20:49:51,821
7392,process questionnaire,1970-04-26 20:49:52,821
7393,processing required,1970-04-26 20:49:53,821
7394,process complaint,1970-04-26 20:49:54,821
7395,check processing,1970-04-26 20:49:55,821
7396,processing ok,1970-04-26 20:49:56,821
7397,archive,1970-04-26 20:49:57,821
7398,register,1970-04-26 20:49:58,822
7399,send questionnaire,1970-04-26 20:49:59,822
7400,time out,1970-04-26 20:50:00,822
7401,evaluate,1970-04-26 20:50:01,822
7402,processing required,1970-04-26 20:50:02,822
7403,process complaint,1970-04-26 20:50:03,822
7404,check processing,1970-04-26 20:50:04,822
7405,processing ok,1970-04-26 20:50:05,822
7406,archive,1970-04-26 20:50:06,822
7407,register,1970-04-26 20:50:07,823
7408,send questionnaire,1970-04-26 20:50:08,823
7409,evaluate,1970-04-26 20:50:09,823
7410,process questionnaire,1970-04-26 20:50:10,823
7411,processing required,1970-04-26 20:50:11,823
7412,process complaint,1970-04-26 20:50:12,823
7413,check processing,1970-04-26 20:50:13,823
7414,processing ok,1970-04-26 20:50:14,823
7415,archive,1970-04-26 20:50:15,823
7416,register,1970-04-26 20:50:16,824
7417,evaluate,1970-04-26 20:50:17,824
7418,send questionnaire,1970-04-26 20:50:18,824
7419,time out,1970-04-26 20:50:19,824
7420,processing required,1970-04-26 20:50:20,824
7421,process complaint,1970-04-26 20:50:21,824
7422,check processing,1970-04-26 20:50:22,824
7423,processing ok,1970-04-26 20:50:23,824
7424,archive,1970-04-26 20:50:24,824
7425,register,1970-04-26 20:50:25,825
7426,evaluate,1970-04-26 20:50:26,825
7427,no processing,1970-04-26 20:50:27,825
7428,send questionnaire,1970-04-26 20:50:28,825
7429,process questionnaire,1970-04-26 20:50:29,825
7430,archive,1970-04-26 20:50:30,825
7431,register,1970-04-26 20:50:31,826
7432,send questionnaire,1970-04-26 20:50:32,826
7433,evaluate,1970-04-26 20:50:33,826
7434,no processing,1970-04-26 20:50:34,826
7435,process questionnaire,1970-04-26 20:50:35,826
7436,archive,1970-04-26 20:50:36,826
7437,register,1970-04-26 20:50:37,827
7438,send questionnaire,1970-04-26 20:50:38,827
7439,process questionnaire,1970-04-26 20:50:39,827
7440,evaluate,1970-04-26 20:50:40,827
7441,no processing,1970-04-26 20:50:41,827
7442,archive,1970-04-26 20:50:42,827
7443,register,1970-04-26 20:50:43,828
7444,send questionnaire,1970-04-26 20:50:44,828
7445,process questionnaire,1970-04-26 20:50:45,828
7446,evaluate,1970-04-26 20:50:46,828
7447,processing required,1970-04-26 20:50:47,828
7448,process complaint,1970-04-26 20:50:48,828
7449,check processing,1970-04-26 20:50:49,828
7450,processing nok,1970-04-26 20:50:50,828
7451,process complaint,1970-04-26 20:50:51,828
7452,check processing,1970-04-26 20:50:52,828
7453,processing ok,1970-04-26 20:50:53,828
7454,archive,1970-04-26 20:50:54,828
7455,register,1970-04-26 20:50:55,829
7456,send questionnaire,1970-04-26 20:50:56,829
7457,evaluate,1970-04-26 20:50:57,829
7458,time out,1970-04-26 20:50:58,829
7459,no processing,1970-04-26 20:50:59,829
7460,archive,1970-04-26 20:51:00,829
7461,register,1970-04-26 20:51:01,830
7462,evaluate,1970-04-26 20:51:02,830
7463,send questionnaire,1970-04-26 20:51:03,830
7464,process questionnaire,1970-04-26 20:51:04,830
7465,no processing,1970-04-26 20:51:05,830
7466,archive,1970-04-26 20:51:06,830
7467,register,1970-04-26 20:51:07,831
7468,evaluate,1970-04-26 20:51:08,831
7469,no processing,1970-04-26 20:51:09,831
7470,send questionnaire,1970-04-26 20:51:10,831
7471,time out,1970-04-26 20:51:11,831
7472,archive,1970-04-26 20:51:12,831
7473,register,1970-04-26 20:51:13,832
7474,evaluate,1970-04-26 20:51:14,832
7475,processing required,1970-04-26 20:51:15,832
7476,send questionnaire,1970-04-26 20:51:16,832
7477,time out,1970-04-26 20:51:17,832
7478,process complaint,1970-04-26 20:51:18,832
7479,check processing,1970-04-26 20:51:19,832
7480,processing ok,1970-04-26 20:51:20,832
7481,archive,1970-04-26 20:51:21,832
7482,register,1970-04-26 20:51:22,833
7483,evaluate,1970-04-26 20:51:23,833
7484,no processing,1970-04-26 20:51:24,833
7485,send questionnaire,1970-04-26 20:51:25,833
7486,time out,1970-04-26 20:51:26,833
7487,archive,1970-04-26 20:51:27,833
7488,register,1970-04-26 20:51:28,834
7489,send questionnaire,1970-04-26 20:51:29,834
7490,evaluate,1970-04-26 20:51:30,834
7491,no processing,1970-04-26 20:51:31,834
7492,time out,1970-04-26 20:51:32,834
7493,archive,1970-04-26 20:51:33,834
7494,register,1970-04-26 20:51:34,835
7495,evaluate,1970-04-26 20:51:35,835
7496,send questionnaire,1970-04-26 20:51:36,835
7497,processing required,1970-04-26 20:51:37,835
7498,time out,1970-04-26 20:51:38,835
7499,process complaint,1970-04-26 20:51:39,835
7500,check processing,1970-04-26 20:51:40,835
7501,processing nok,1970-04-26 20:51:41,835
7502,process complaint,1970-04-26 20:51:42,835
7503,check processing,1970-04-26 20:51:43,835
7504,processing ok,1970-04-26 20:51:44,835
7505,archive,1970-04-26 20:51:45,835
7506,register,1970-04-26 20:51:46,836
7507,evaluate,1970-04-26 20:51:47,836
7508,processing required,1970-04-26 20:51:48,836
7509,send questionnaire,1970-04-26 20:51:49,836
7510,time out,1970-04-26 20:51:50,836
7511,process complaint,1970-04-26 20:51:51,836
7512,check processing,1970-04-26 20:51:52,836
7513,processing ok,1970-04-26 20:51:53,836
7514,archive,1970-04-26 20:51:54,836
7515,register,1970-04-26 20:51:55,837
7516,evaluate,1970-04-26 20:51:56,837
7517,no processing,1970-04-26 20:51:57,837
7518,send questionnaire,1970-04-26 20:51:58,837
7519,process questionnaire,1970-04-26 20:51:59,837
7520,archive,1970-04-26 20:52:00,837
7521,register,1970-04-26 20:52:01,838
7522,evaluate,1970-04-26 20:52:02,838
7523,send questionnaire,1970-04-26 20:52:03,838
7524,processing required,1970-04-26 20:52:04,838
7525,time out,1970-04-26 20:52:05,838
7526,process complaint,1970-04-26 20:52:06,838
7527,check processing,1970-04-26 20:52:07,838
7528,processing nok,1970-04-26 20:52:08,838
7529,process complaint,1970-04-26 20:52:09,838
7530,check processing,1970-04-26 20:52:10,838
7531,processing nok,1970-04-26 20:52:11,838
7532,process complaint,1970-04-26 20:52:12,838
7533,check processing,1970-04-26 20:52:13,838
7534,processing nok,1970-04-26 20:52:14,838
7535,process complaint,1970-04-26 20:52:15,838
7536,check processing,1970-04-26 20:52:16,838
7537,processing nok,1970-04-26 20:52:17,838
7538,process complaint,1970-04-26 20:52:18,838
7539,check processing,1970-04-26 20:52:19,838
7540,processing ok,1970-04-26 20:52:20,838
7541,archive,1970-04-26 20:52:21,838
7542,register,1970-04-26 20:52:22,839
7543,send questionnaire,1970-04-26 20:52:23,839
7544,evaluate,1970-04-26 20:52:24,839
7545,no processing,1970-04-26 20:52:25,839
7546,time out,1970-04-26 20:52:26,839
7547,archive,1970-04-26 20:52:27,839
7548,register,1970-04-26 20:52:28,840
7549,send questionnaire,1970-04-26 20:52:29,840
7550,process questionnaire,1970-04-26 20:52:30,840
7551,evaluate,1970-04-26 20:52:31,840
7552,no processing,1970-04-26 20:52:32,840
7553,archive,1970-04-26 20:52:33,840
7554,register,1970-04-26 20:52:34,841
7555,evaluate,1970-04-26 20:52:35,841
7556,send questionnaire,1970-04-26 20:52:36,841
7557,no processing,1970-04-26 20:52:37,841
7558,process questionnaire,1970-04-26 20:52:38,841
7559,archive,1970-04-26 20:52:39,841
7560,register,1970-04-26 20:52:40,842
7561,send questionnaire,1970-04-26 20:52:41,842
7562,time out,1970-04-26 20:52:42,842
7563,evaluate,1970-04-26 20:52:43,842
7564,processing required,1970-04-26 20:52:44,842
7565,process complaint,1970-04-26 20:52:45,842
7566,check processing,1970-04-26 20:52:46,842
7567,processing nok,1970-04-26 20:52:47,842
7568,process complaint,1970-04-26 20:52:48,842
7569,check processing,1970-04-26 20:52:49,842
7570,processing ok,1970-04-26 20:52:50,842
7571,archive,1970-04-26 20:52:51,842
7572,register,1970-04-26 20:52:52,843
7573,evaluate,1970-04-26 20:52:53,843
7574,send questionnaire,1970-04-26 20:52:54,843
7575,processing required,1970-04-26 20:52:55,843
7576,time out,1970-04-26 20:52:56,843
7577,process complaint,1970-04-26 20:52:57,843
7578,check processing,1970-04-26 20:52:58,843
7579,processing nok,1970-04-26 20:52:59,843
7580,process complaint,1970-04-26 20:53:00,843
7581,check processing,1970-04-26 20:53:01,843
7582,processing nok,1970-04-26 20:53:02,843
7583,process complaint,1970-04-26 20:53:03,843
7584,check processing,1970-04-26 20:53:04,843
7585,processing ok,1970-04-26 20:53:05,843
7586,archive,1970-04-26 20:53:06,843
7587,register,1970-04-26 20:53:07,844
7588,send questionnaire,1970-04-26 20:53:08,844
7589,process questionnaire,1970-04-26 20:53:09,844
7590,evaluate,1970-04-26 20:53:10,844
7591,no processing,1970-04-26 20:53:11,844
7592,archive,1970-04-26 20:53:12,844
7593,register,1970-04-26 20:53:13,845
7594,evaluate,1970-04-26 20:53:14,845
7595,no processing,1970-04-26 20:53:15,845
7596,send questionnaire,1970-04-26 20:53:16,845
7597,time out,1970-04-26 20:53:17,845
7598,archive,1970-04-26 20:53:18,845
7599,register,1970-04-26 20:53:19,846
7600,evaluate,1970-04-26 20:53:20,846
7601,send questionnaire,1970-04-26 20:53:21,846
7602,no processing,1970-04-26 20:53:22,846
7603,time out,1970-04-26 20:53:23,846
7604,archive,1970-04-26 20:53:24,846
7605,register,1970-04-26 20:53:25,847
7606,send questionnaire,1970-04-26 20:53:26,847
7607,process questionnaire,1970-04-26 20:53:27,847
7608,evaluate,1970-04-26 20:53:28,847
7609,no processing,1970-04-26 20:53:29,847
7610,archive,1970-04-26 20:53:30,847
7611,register,1970-04-26 20:53:31,848
7612,send questionnaire,1970-04-26 20:53:32,848
7613,time out,1970-04-26 20:53:33,848
7614,evaluate,1970-04-26 20:53:34,848
7615,processing required,1970-04-26 20:53:35,848
7616,process complaint,1970-04-26 20:53:36,848
7617,check processing,1970-04-26 20:53:37,848
7618,processing nok,1970-04-26 20:53:38,848
7619,process complaint,1970-04-26 20:53:39,848
7620,check processing,1970-04-26 20:53:40,848
7621,processing nok,1970-04-26 20:53:41,848
7622,process complaint,1970-04-26 20:53:42,848
7623,check processing,1970-04-26 20:53:43,848
7624,processing ok,1970-04-26 20:53:44,848
7625,archive,1970-04-26 20:53:45,848
7626,register,1970-04-26 20:53:46,849
7627,send questionnaire,1970-04-26 20:53:47,849
7628,process questionnaire,1970-04-26 20:53:48,849
7629,evaluate,1970-04-26 20:53:49,849
7630,processing required,1970-04-26 20:53:50,849
7631,process complaint,1970-04-26 20:53:51,849
7632,check processing,1970-04-26 20:53:52,849
7633,processing nok,1970-04-26 20:53:53,849
7634,process complaint,1970-04-26 20:53:54,849
7635,check processing,1970-04-26 20:53:55,849
7636,processing ok,1970-04-26 20:53:56,849
7637,archive,1970-04-26 20:53:57,849
7638,register,1970-04-26 20:53:58,850
7639,evaluate,1970-04-26 20:53:59,850
7640,send questionnaire,1970-04-26 20:54:00,850
7641,no processing,1970-04-26 20:54:01,850
7642,process questionnaire,1970-04-26 20:54:02,850
7643,archive,1970-04-26 20:54:03,850
7644,register,1970-04-26 20:54:04,851
7645,send questionnaire,1970-04-26 20:54:05,851
7646,time out,1970-04-26 20:54:06,851
7647,evaluate,1970-04-26 20:54:07,851
7648,processing required,1970-04-26 20:54:08,851
7649,process complaint,1970-04-26 20:54:09,851
7650,check processing,1970-04-26 20:54:10,851
7651,processing nok,1970-04-26 20:54:11,851
7652,process complaint,1970-04-26 20:54:12,851
7653,check processing,1970-04-26 20:54:13,851
7654,processing nok,1970-04-26 20:54:14,851
7655,process complaint,1970-04-26 20:54:15,851
7656,check processing,1970-04-26 20:54:16,851
7657,processing ok,1970-04-26 20:54:17,851
7658,archive,1970-04-26 20:54:18,851
7659,register,1970-04-26 20:54:19,852
7660,send questionnaire,1970-04-26 20:54:20,852
7661,evaluate,1970-04-26 20:54:21,852
7662,process questionnaire,1970-04-26 20:54:22,852
7663,processing required,1970-04-26 20:54:23,852
7664,process complaint,1970-04-26 20:54:24,852
7665,check processing,1970-04-26 20:54:25,852
7666,processing nok,1970-04-26 20:54:26,852
7667,process complaint,1970-04-26 20:54:27,852
7668,check processing,1970-04-26 20:54:28,852
7669,processing nok,1970-04-26 20:54:29,852
7670,process complaint,1970-04-26 20:54:30,852
7671,check processing,1970-04-26 20:54:31,852
7672,processing ok,1970-04-26 20:54:32,852
7673,archive,1970-04-26 20:54:33,852
7674,register,1970-04-26 20:54:34,853
7675,send questionnaire,1970-04-26 20:54:35,853
7676,process questionnaire,1970-04-26 20:54:36,853
7677,evaluate,1970-04-26 20:54:37,853
7678,no processing,1970-04-26 20:54:38,853
7679,archive,1970-04-26 20:54:39,853
7680,register,1970-04-26 20:54:40,854
7681,send questionnaire,1970-04-26 20:54:41,854
7682,evaluate,1970-04-26 20:54:42,854
7683,process questionnaire,1970-04-26 20:54:43,854
7684,processing required,1970-04-26 20:54:44,854
7685,process complaint,1970-04-26 20:54:45,854
7686,check processing,1970-04-26 20:54:46,854
7687,processing nok,1970-04-26 20:54:47,854
7688,process complaint,1970-04-26 20:54:48,854
7689,check processing,1970-04-26 20:54:49,854
7690,processing ok,1970-04-26 20:54:50,854
7691,archive,1970-04-26 20:54:51,854
7692,register,1970-04-26 20:54:52,855
7693,evaluate,1970-04-26 20:54:53,855
7694,no processing,1970-04-26 20:54:54,855
7695,send questionnaire,1970-04-26 20:54:55,855
7696,process questionnaire,1970-04-26 20:54:56,855
7697,archive,1970-04-26 20:54:57,855
7698,register,1970-04-26 20:54:58,856
7699,evaluate,1970-04-26 20:54:59,856
7700,processing required,1970-04-26 20:55:00,856
7701,send questionnaire,1970-04-26 20:55:01,856
7702,time out,1970-04-26 20:55:02,856
7703,process complaint,1970-04-26 20:55:03,856
7704,check processing,1970-04-26 20:55:04,856
7705,processing ok,1970-04-26 20:55:05,856
7706,archive,1970-04-26 20:55:06,856
7707,register,1970-04-26 20:55:07,857
7708,evaluate,1970-04-26 20:55:08,857
7709,send questionnaire,1970-04-26 20:55:09,857
7710,processing required,1970-04-26 20:55:10,857
7711,time out,1970-04-26 20:55:11,857
7712,process complaint,1970-04-26 20:55:12,857
7713,check processing,1970-04-26 20:55:13,857
7714,processing nok,1970-04-26 20:55:14,857
7715,process complaint,1970-04-26 20:55:15,857
7716,check processing,1970-04-26 20:55:16,857
7717,processing nok,1970-04-26 20:55:17,857
7718,process complaint,1970-04-26 20:55:18,857
7719,check processing,1970-04-26 20:55:19,857
7720,processing nok,1970-04-26 20:55:20,857
7721,process complaint,1970-04-26 20:55:21,857
7722,check processing,1970-04-26 20:55:22,857
7723,processing nok,1970-04-26 20:55:23,857
7724,process complaint,1970-04-26 20:55:24,857
7725,check processing,1970-04-26 20:55:25,857
7726,processing nok,1970-04-26 20:55:26,857
7727,process complaint,1970-04-26 20:55:27,857
7728,check processing,1970-04-26 20:55:28,857
7729,processing ok,1970-04-26 20:55:29,857
7730,archive,1970-04-26 20:55:30,857
7731,register,1970-04-26 20:55:31,858
7732,send questionnaire,1970-04-26 20:55:32,858
7733,process questionnaire,1970-04-26 20:55:33,858
7734,evaluate,1970-04-26 20:55:34,858
7735,processing required,1970-04-26 20:55:35,858
7736,process complaint,1970-04-26 20:55:36,858
7737,check processing,1970-04-26 20:55:37,858
7738,processing ok,1970-04-26 20:55:38,858
7739,archive,1970-04-26 20:55:39,858
7740,register,1970-04-26 20:55:40,859
7741,send questionnaire,1970-04-26 20:55:41,859
7742,evaluate,1970-04-26 20:55:42,859
7743,no processing,1970-04-26 20:55:43,859
7744,process questionnaire,1970-04-26 20:55:44,859
7745,archive,1970-04-26 20:55:45,859
7746,register,1970-04-26 20:55:46,860
7747,evaluate,1970-04-26 20:55:47,860
7748,send questionnaire,1970-04-26 20:55:48,860
7749,processing required,1970-04-26 20:55:49,860
7750,process questionnaire,1970-04-26 20:55:50,860
7751,process complaint,1970-04-26 20:55:51,860
7752,check processing,1970-04-26 20:55:52,860
7753,processing nok,1970-04-26 20:55:53,860
7754,process complaint,1970-04-26 20:55:54,860
7755,check processing,1970-04-26 20:55:55,860
7756,processing ok,1970-04-26 20:55:56,860
7757,archive,1970-04-26 20:55:57,860
7758,register,1970-04-26 20:55:58,861
7759,send questionnaire,1970-04-26 20:55:59,861
7760,process questionnaire,1970-04-26 20:56:00,861
7761,evaluate,1970-04-26 20:56:01,861
7762,no processing,1970-04-26 20:56:02,861
7763,archive,1970-04-26 20:56:03,861
7764,register,1970-04-26 20:56:04,862
7765,send questionnaire,1970-04-26 20:56:05,862
7766,evaluate,1970-04-26 20:56:06,862
7767,time out,1970-04-26 20:56:07,862
7768,processing required,1970-04-26 20:56:08,862
7769,process complaint,1970-04-26 20:56:09,862
7770,check processing,1970-04-26 20:56:10,862
7771,processing nok,1970-04-26 20:56:11,862
7772,process complaint,1970-04-26 20:56:12,862
7773,check processing,1970-04-26 20:56:13,862
7774,processing nok,1970-04-26 20:56:14,862
7775,process complaint,1970-04-26 20:56:15,862
7776,check processing,1970-04-26 20:56:16,862
7777,processing nok,1970-04-26 20:56:17,862
7778,process complaint,1970-04-26 20:56:18,862
7779,check processing,1970-04-26 20:56:19,862
7780,processing ok,1970-04-26 20:56:20,862
7781,archive,1970-04-26 20:56:21,862
7782,register,1970-04-26 20:56:22,863
7783,evaluate,1970-04-26 20:56:23,863
7784,send questionnaire,1970-04-26 20:56:24,863
7785,processing required,1970-04-26 20:56:25,863
7786,time out,1970-04-26 20:56:26,863
7787,process complaint,1970-04-26 20:56:27,863
7788,check processing,1970-04-26 20:56:28,863
7789,processing nok,1970-04-26 20:56:29,863
7790,process complaint,1970-04-26 20:56:30,863
7791,check processing,1970-04-26 20:56:31,863
7792,processing ok,1970-04-26 20:56:32,863
7793,archive,1970-04-26 20:56:33,863
7794,register,1970-04-26 20:56:34,864
7795,send questionnaire,1970-04-26 20:56:35,864
7796,process questionnaire,1970-04-26 20:56:36,864
7797,evaluate,1970-04-26 20:56:37,864
7798,no processing,1970-04-26 20:56:38,864
7799,archive,1970-04-26 20:56:39,864
7800,register,1970-04-26 20:56:40,865
7801,send questionnaire,1970-04-26 20:56:41,865
7802,evaluate,1970-04-26 20:56:42,865
7803,no processing,1970-04-26 20:56:43,865
7804,process questionnaire,1970-04-26 20:56:44,865
7805,archive,1970-04-26 20:56:45,865
7806,register,1970-04-26 20:56:46,866
7807,evaluate,1970-04-26 20:56:47,866
7808,no processing,1970-04-26 20:56:48,866
7809,send questionnaire,1970-04-26 20:56:49,866
7810,time out,1970-04-26 20:56:50,866
7811,archive,1970-04-26 20:56:51,866
7812,register,1970-04-26 20:56:52,867
7813,send questionnaire,1970-04-26 20:56:53,867
7814,process questionnaire,1970-04-26 20:56:54,867
7815,evaluate,1970-04-26 20:56:55,867
7816,processing required,1970-04-26 20:56:56,867
7817,process complaint,1970-04-26 20:56:57,867
7818,check processing,1970-04-26 20:56:58,867
7819,processing ok,1970-04-26 20:56:59,867
7820,archive,1970-04-26 20:57:00,867
7821,register,1970-04-26 20:57:01,868
7822,evaluate,1970-04-26 20:57:02,868
7823,processing required,1970-04-26 20:57:03,868
7824,send questionnaire,1970-04-26 20:57:04,868
7825,time out,1970-04-26 20:57:05,868
7826,process complaint,1970-04-26 20:57:06,868
7827,check processing,1970-04-26 20:57:07,868
7828,processing nok,1970-04-26 20:57:08,868
7829,process complaint,1970-04-26 20:57:09,868
7830,check processing,1970-04-26 20:57:10,868
7831,processing ok,1970-04-26 20:57:11,868
7832,archive,1970-04-26 20:57:12,868
7833,register,1970-04-26 20:57:13,869
7834,send questionnaire,1970-04-26 20:57:14,869
7835,time out,1970-04-26 20:57:15,869
7836,evaluate,1970-04-26 20:57:16,869
7837,processing required,1970-04-26 20:57:17,869
7838,process complaint,1970-04-26 20:57:18,869
7839,check processing,1970-04-26 20:57:19,869
7840,processing ok,1970-04-26 20:57:20,869
7841,archive,1970-04-26 20:57:21,869
7842,register,1970-04-26 20:57:22,870
7843,send questionnaire,1970-04-26 20:57:23,870
7844,process questionnaire,1970-04-26 20:57:24,870
7845,evaluate,1970-04-26 20:57:25,870
7846,no processing,1970-04-26 20:57:26,870
7847,archive,1970-04-26 20:57:27,870
7848,register,1970-04-26 20:57:28,871
7849,send questionnaire,1970-04-26 20:57:29,871
7850,evaluate,1970-04-26 20:57:30,871
7851,process questionnaire,1970-04-26 20:57:31,871
7852,processing required,1970-04-26 20:57:32,871
7853,process complaint,1970-04-26 20:57:33,871
7854,check processing,1970-04-26 20:57:34,871
7855,processing nok,1970-04-26 20:57:35,871
7856,process complaint,1970-04-26 20:57:36,871
7857,check processing,1970-04-26 20:57:37,871
7858,processing ok,1970-04-26 20:57:38,871
7859,archive,1970-04-26 20:57:39,871
7860,register,1970-04-26 20:57:40,872
7861,send questionnaire,1970-04-26 20:57:41,872
7862,process questionnaire,1970-04-26 20:57:42,872
7863,evaluate,1970-04-26 20:57:43,872
7864,no processing,1970-04-26 20:57:44,872
7865,archive,1970-04-26 20:57:45,872
7866,register,1970-04-26 20:57:46,873
7867,evaluate,1970-04-26 20:57:47,873
7868,send questionnaire,1970-04-26 20:57:48,873
7869,time out,1970-04-26 20:57:49,873
7870,no processing,1970-04-26 20:57:50,873
7871,archive,1970-04-26 20:57:51,873
7872,register,1970-04-26 20:57:52,874
7873,send questionnaire,1970-04-26 20:57:53,874
7874,time out,1970-04-26 20:57:54,874
7875,evaluate,1970-04-26 20:57:55,874
7876,processing required,1970-04-26 20:57:56,874
7877,process complaint,1970-04-26 20:57:57,874
7878,check processing,1970-04-26 20:57:58,874
7879,processing nok,1970-04-26 20:57:59,874
7880,process complaint,1970-04-26 20:58:00,874
7881,check processing,1970-04-26 20:58:01,874
7882,processing ok,1970-04-26 20:58:02,874
7883,archive,1970-04-26 20:58:03,874
7884,register,1970-04-26 20:58:04,875
7885,evaluate,1970-04-26 20:58:05,875
7886,no processing,1970-04-26 20:58:06,875
7887,send questionnaire,1970-04-26 20:58:07,875
7888,time out,1970-04-26 20:58:08,875
7889,archive,1970-04-26 20:58:09,875
7890,register,1970-04-26 20:58:10,876
7891,send questionnaire,1970-04-26 20:58:11,876
7892,process questionnaire,1970-04-26 20:58:12,876
7893,evaluate,1970-04-26 20:58:13,876
7894,processing required,1970-04-26 20:58:14,876
7895,process complaint,1970-04-26 20:58:15,876
7896,check processing,1970-04-26 20:58:16,876
7897,processing ok,1970-04-26 20:58:17,876
7898,archive,1970-04-26 20:58:18,876
7899,register,1970-04-26 20:58:19,877
7900,send questionnaire,1970-04-26 20:58:20,877
7901,evaluate,1970-04-26 20:58:21,877
7902,time out,1970-04-26 20:58:22,877
7903,no processing,1970-04-26 20:58:23,877
7904,archive,1970-04-26 20:58:24,877
7905,register,1970-04-26 20:58:25,878
7906,evaluate,1970-04-26 20:58:26,878
7907,send questionnaire,1970-04-26 20:58:27,878
7908,processing required,1970-04-26 20:58:28,878
7909,process questionnaire,1970-04-26 20:58:29,878
7910,process complaint,1970-04-26 20:58:30,878
7911,check processing,1970-04-26 20:58:31,878
7912,processing ok,1970-04-26 20:58:32,878
7913,archive,1970-04-26 20:58:33,878
7914,register,1970-04-26 20:58:34,879
7915,send questionnaire,1970-04-26 20:58:35,879
7916,evaluate,1970-04-26 20:58:36,879
7917,time out,1970-04-26 20:58:37,879
7918,processing required,1970-04-26 20:58:38,879
7919,process complaint,1970-04-26 20:58:39,879
7920,check processing,1970-04-26 20:58:40,879
7921,processing ok,1970-04-26 20:58:41,879
7922,archive,1970-04-26 20:58:42,879
7923,register,1970-04-26 20:58:43,880
7924,send questionnaire,1970-04-26 20:58:44,880
7925,time out,1970-04-26 20:58:45,880
7926,evaluate,1970-04-26 20:58:46,880
7927,processing required,1970-04-26 20:58:47,880
7928,process complaint,1970-04-26 20:58:48,880
7929,check processing,1970-04-26 20:58:49,880
7930,processing nok,1970-04-26 20:58:50,880
7931,process complaint,1970-04-26 20:58:51,880
7932,check processing,1970-04-26 20:58:52,880
7933,processing ok,1970-04-26 20:58:53,880
7934,archive,1970-04-26 20:58:54,880
7935,register,1970-04-26 20:58:55,881
7936,send questionnaire,1970-04-26 20:58:56,881
7937,process questionnaire,1970-04-26 20:58:57,881
7938,evaluate,1970-04-26 20:58:58,881
7939,processing required,1970-04-26 20:58:59,881
7940,process complaint,1970-04-26 20:59:00,881
7941,check processing,1970-04-26 20:59:01,881
7942,processing nok,1970-04-26 20:59:02,881
7943,process complaint,1970-04-26 20:59:03,881
7944,check processing,1970-04-26 20:59:04,881
7945,processing nok,1970-04-26 20:59:05,881
7946,process complaint,1970-04-26 20:59:06,881
7947,check processing,1970-04-26 20:59:07,881
7948,processing nok,1970-04-26 20:59:08,881
7949,process complaint,1970-04-26 20:59:09,881
7950,check processing,1970-04-26 20:59:10,881
7951,processing nok,1970-04-26 20:59:11,881
7952,process complaint,1970-04-26 20:59:12,881
7953,check processing,1970-04-26 20:59:13,881
7954,processing nok,1970-04-26 20:59:14,881
7955,process complaint,1970-04-26 20:59:15,881
7956,check processing,1970-04-26 20:59:16,881
7957,processing ok,1970-04-26 20:59:17,881
7958,archive,1970-04-26 20:59:18,881
7959,register,1970-04-26 20:59:19,882
7960,evaluate,1970-04-26 20:59:20,882
7961,send questionnaire,1970-04-26 20:59:21,882
7962,no processing,1970-04-26 20:59:22,882
7963,time out,1970-04-26 20:59:23,882
7964,archive,1970-04-26 20:59:24,882
7965,register,1970-04-26 20:59:25,883
7966,send questionnaire,1970-04-26 20:59:26,883
7967,evaluate,1970-04-26 20:59:27,883
7968,time out,1970-04-26 20:59:28,883
7969,processing required,1970-04-26 20:59:29,883
7970,process complaint,1970-04-26 20:59:30,883
7971,check processing,1970-04-26 20:59:31,883
7972,processing nok,1970-04-26 20:59:32,883
7973,process complaint,1970-04-26 20:59:33,883
7974,check processing,1970-04-26 20:59:34,883
7975,processing nok,1970-04-26 20:59:35,883
7976,process complaint,1970-04-26 20:59:36,883
7977,check processing,1970-04-26 20:59:37,883
7978,processing ok,1970-04-26 20:59:38,883
7979,archive,1970-04-26 20:59:39,883
7980,register,1970-04-26 20:59:40,884
7981,evaluate,1970-04-26 20:59:41,884
7982,send questionnaire,1970-04-26 20:59:42,884
7983,time out,1970-04-26 20:59:43,884
7984,processing required,1970-04-26 20:59:44,884
7985,process complaint,1970-04-26 20:59:45,884
7986,check processing,1970-04-26 20:59:46,884
7987,processing ok,1970-04-26 20:59:47,884
7988,archive,1970-04-26 20:59:48,884
7989,register,1970-04-26 20:59:49,885
7990,evaluate,1970-04-26 20:59:50,885
7991,processing required,1970-04-26 20:59:51,885
7992,send questionnaire,1970-04-26 20:59:52,885
7993,time out,1970-04-26 20:59:53,885
7994,process complaint,1970-04-26 20:59:54,885
7995,check processing,1970-04-26 20:59:55,885
7996,processing nok,1970-04-26 20:59:56,885
7997,process complaint,1970-04-26 20:59:57,885
7998,check processing,1970-04-26 20:59:58,885
7999,processing nok,1970-04-26 20:59:59,885
8000,process complaint,1970-04-26 21:00:00,885
8001,check processing,1970-04-26 21:00:01,885
8002,processing ok,1970-04-26 21:00:02,885
8003,archive,1970-04-26 21:00:03,885
8004,register,1970-04-26 21:00:04,886
8005,send questionnaire,1970-04-26 21:00:05,886
8006,evaluate,1970-04-26 21:00:06,886
8007,time out,1970-04-26 21:00:07,886
8008,no processing,1970-04-26 21:00:08,886
8009,archive,1970-04-26 21:00:09,886
8010,register,1970-04-26 21:00:10,887
8011,evaluate,1970-04-26 21:00:11,887
8012,no processing,1970-04-26 21:00:12,887
8013,send questionnaire,1970-04-26 21:00:13,887
8014,process questionnaire,1970-04-26 21:00:14,887
8015,archive,1970-04-26 21:00:15,887
8016,register,1970-04-26 21:00:16,888
8017,evaluate,1970-04-26 21:00:17,888
8018,no processing,1970-04-26 21:00:18,888
8019,send questionnaire,1970-04-26 21:00:19,888
8020,time out,1970-04-26 21:00:20,888
8021,archive,1970-04-26 21:00:21,888
8022,register,1970-04-26 21:00:22,889
8023,evaluate,1970-04-26 21:00:23,889
8024,processing required,1970-04-26 21:00:24,889
8025,send questionnaire,1970-04-26 21:00:25,889
8026,process questionnaire,1970-04-26 21:00:26,889
8027,process complaint,1970-04-26 21:00:27,889
8028,check processing,1970-04-26 21:00:28,889
8029,processing nok,1970-04-26 21:00:29,889
8030,process complaint,1970-04-26 21:00:30,889
8031,check processing,1970-04-26 21:00:31,889
8032,processing ok,1970-04-26 21:00:32,889
8033,archive,1970-04-26 21:00:33,889
8034,register,1970-04-26 21:00:34,890
8035,evaluate,1970-04-26 21:00:35,890
8036,no processing,1970-04-26 21:00:36,890
8037,send questionnaire,1970-04-26 21:00:37,890
8038,time out,1970-04-26 21:00:38,890
8039,archive,1970-04-26 21:00:39,890
8040,register,1970-04-26 21:00:40,891
8041,send questionnaire,1970-04-26 21:00:41,891
8042,evaluate,1970-04-26 21:00:42,891
8043,no processing,1970-04-26 21:00:43,891
8044,process questionnaire,1970-04-26 21:00:44,891
8045,archive,1970-04-26 21:00:45,891
8046,register,1970-04-26 21:00:46,892
8047,send questionnaire,1970-04-26 21:00:47,892
8048,process questionnaire,1970-04-26 21:00:48,892
8049,evaluate,1970-04-26 21:00:49,892
8050,processing required,1970-04-26 21:00:50,892
8051,process complaint,1970-04-26 21:00:51,892
8052,check processing,1970-04-26 21:00:52,892
8053,processing nok,1970-04-26 21:00:53,892
8054,process complaint,1970-04-26 21:00:54,892
8055,check processing,1970-04-26 21:00:55,892
8056,processing ok,1970-04-26 21:00:56,892
8057,archive,1970-04-26 21:00:57,892
8058,register,1970-04-26 21:00:58,893
8059,send questionnaire,1970-04-26 21:00:59,893
8060,time out,1970-04-26 21:01:00,893
8061,evaluate,1970-04-26 21:01:01,893
8062,no processing,1970-04-26 21:01:02,893
8063,archive,1970-04-26 21:01:03,893
8064,register,1970-04-26 21:01:04,894
8065,send questionnaire,1970-04-26 21:01:05,894
8066,process questionnaire,1970-04-26 21:01:06,894
8067,evaluate,1970-04-26 21:01:07,894
8068,processing required,1970-04-26 21:01:08,894
8069,process complaint,1970-04-26 21:01:09,894
8070,check processing,1970-04-26 21:01:10,894
8071,processing ok,1970-04-26 21:01:11,894
8072,archive,1970-04-26 21:01:12,894
8073,register,1970-04-26 21:01:13,895
8074,send questionnaire,1970-04-26 21:01:14,895
8075,time out,1970-04-26 21:01:15,895
8076,evaluate,1970-04-26 21:01:16,895
8077,processing required,1970-04-26 21:01:17,895
8078,process complaint,1970-04-26 21:01:18,895
8079,check processing,1970-04-26 21:01:19,895
8080,processing ok,1970-04-26 21:01:20,895
8081,archive,1970-04-26 21:01:21,895
8082,register,1970-04-26 21:01:22,896
8083,send questionnaire,1970-04-26 21:01:23,896
8084,time out,1970-04-26 21:01:24,896
8085,evaluate,1970-04-26 21:01:25,896
8086,processing required,1970-04-26 21:01:26,896
8087,process complaint,1970-04-26 21:01:27,896
8088,check processing,1970-04-26 21:01:28,896
8089,processing ok,1970-04-26 21:01:29,896
8090,archive,1970-04-26 21:01:30,896
8091,register,1970-04-26 21:01:31,897
8092,evaluate,1970-04-26 21:01:32,897
8093,no processing,1970-04-26 21:01:33,897
8094,send questionnaire,1970-04-26 21:01:34,897
8095,time out,1970-04-26 21:01:35,897
8096,archive,1970-04-26 21:01:36,897
8097,register,1970-04-26 21:01:37,898
8098,evaluate,1970-04-26 21:01:38,898
8099,send questionnaire,1970-04-26 21:01:39,898
8100,no processing,1970-04-26 21:01:40,898
8101,process questionnaire,1970-04-26 21:01:41,898
8102,archive,1970-04-26 21:01:42,898
8103,register,1970-04-26 21:01:43,899
8104,send questionnaire,1970-04-26 21:01:44,899
8105,time out,1970-04-26 21:01:45,899
8106,evaluate,1970-04-26 21:01:46,899
8107,no processing,1970-04-26 21:01:47,899
8108,archive,1970-04-26 21:01:48,899
8109,register,1970-04-26 21:01:49,900
8110,evaluate,1970-04-26 21:01:50,900
8111,processing required,1970-04-26 21:01:51,900
8112,send questionnaire,1970-04-26 21:01:52,900
8113,time out,1970-04-26 21:01:53,900
8114,process complaint,1970-04-26 21:01:54,900
8115,check processing,1970-04-26 21:01:55,900
8116,processing nok,1970-04-26 21:01:56,900
8117,process complaint,1970-04-26 21:01:57,900
8118,check processing,1970-04-26 21:01:58,900
8119,processing ok,1970-04-26 21:01:59,900
8120,archive,1970-04-26 21:02:00,900
8121,register,1970-04-26 21:02:01,901
8122,evaluate,1970-04-26 21:02:02,901
8123,processing required,1970-04-26 21:02:03,901
8124,send questionnaire,1970-04-26 21:02:04,901
8125,time out,1970-04-26 21:02:05,901
8126,process complaint,1970-04-26 21:02:06,901
8127,check processing,1970-04-26 21:02:07,901
8128,processing nok,1970-04-26 21:02:08,901
8129,process complaint,1970-04-26 21:02:09,901
8130,check processing,1970-04-26 21:02:10,901
8131,processing ok,1970-04-26 21:02:11,901
8132,archive,1970-04-26 21:02:12,901
8133,register,1970-04-26 21:02:13,902
8134,evaluate,1970-04-26 21:02:14,902
8135,no processing,1970-04-26 21:02:15,902
8136,send questionnaire,1970-04-26 21:02:16,902
8137,process questionnaire,1970-04-26 21:02:17,902
8138,archive,1970-04-26 21:02:18,902
8139,register,1970-04-26 21:02:19,903
8140,evaluate,1970-04-26 21:02:20,903
8141,processing required,1970-04-26 21:02:21,903
8142,send questionnaire,1970-04-26 21:02:22,903
8143,time out,1970-04-26 21:02:23,903
8144,process complaint,1970-04-26 21:02:24,903
8145,check processing,1970-04-26 21:02:25,903
8146,processing ok,1970-04-26 21:02:26,903
8147,archive,1970-04-26 21:02:27,903
8148,register,1970-04-26 21:02:28,904
8149,send questionnaire,1970-04-26 21:02:29,904
8150,time out,1970-04-26 21:02:30,904
8151,evaluate,1970-04-26 21:02:31,904
8152,no processing,1970-04-26 21:02:32,904
8153,archive,1970-04-26 21:02:33,904
8154,register,1970-04-26 21:02:34,905
8155,send questionnaire,1970-04-26 21:02:35,905
8156,time out,1970-04-26 21:02:36,905
8157,evaluate,1970-04-26 21:02:37,905
8158,no processing,1970-04-26 21:02:38,905
8159,archive,1970-04-26 21:02:39,905
8160,register,1970-04-26 21:02:40,906
8161,send questionnaire,1970-04-26 21:02:41,906
8162,evaluate,1970-04-26 21:02:42,906
8163,time out,1970-04-26 21:02:43,906
8164,processing required,1970-04-26 21:02:44,906
8165,process complaint,1970-04-26 21:02:45,906
8166,check processing,1970-04-26 21:02:46,906
8167,processing ok,1970-04-26 21:02:47,906
8168,archive,1970-04-26 21:02:48,906
8169,register,1970-04-26 21:02:49,907
8170,send questionnaire,1970-04-26 21:02:50,907
8171,process questionnaire,1970-04-26 21:02:51,907
8172,evaluate,1970-04-26 21:02:52,907
8173,no processing,1970-04-26 21:02:53,907
8174,archive,1970-04-26 21:02:54,907
8175,register,1970-04-26 21:02:55,908
8176,send questionnaire,1970-04-26 21:02:56,908
8177,process questionnaire,1970-04-26 21:02:57,908
8178,evaluate,1970-04-26 21:02:58,908
8179,processing required,1970-04-26 21:02:59,908
8180,process complaint,1970-04-26 21:03:00,908
8181,check processing,1970-04-26 21:03:01,908
8182,processing ok,1970-04-26 21:03:02,908
8183,archive,1970-04-26 21:03:03,908
8184,register,1970-04-26 21:03:04,909
8185,evaluate,1970-04-26 21:03:05,909
8186,send questionnaire,1970-04-26 21:03:06,909
8187,time out,1970-04-26 21:03:07,909
8188,no processing,1970-04-26 21:03:08,909
8189,archive,1970-04-26 21:03:09,909
8190,register,1970-04-26 21:03:10,910
8191,evaluate,1970-04-26 21:03:11,910
8192,no processing,1970-04-26 21:03:12,910
8193,send questionnaire,1970-04-26 21:03:13,910
8194,time out,1970-04-26 21:03:14,910
8195,archive,1970-04-26 21:03:15,910
8196,register,1970-04-26 21:03:16,911
8197,evaluate,1970-04-26 21:03:17,911
8198,processing required,1970-04-26 21:03:18,911
8199,send questionnaire,1970-04-26 21:03:19,911
8200,time out,1970-04-26 21:03:20,911
8201,process complaint,1970-04-26 21:03:21,911
8202,check processing,1970-04-26 21:03:22,911
8203,processing nok,1970-04-26 21:03:23,911
8204,process complaint,1970-04-26 21:03:24,911
8205,check processing,1970-04-26 21:03:25,911
8206,processing nok,1970-04-26 21:03:26,911
8207,process complaint,1970-04-26 21:03:27,911
8208,check processing,1970-04-26 21:03:28,911
8209,processing nok,1970-04-26 21:03:29,911
8210,process complaint,1970-04-26 21:03:30,911
8211,check processing,1970-04-26 21:03:31,911
8212,processing nok,1970-04-26 21:03:32,911
8213,process complaint,1970-04-26 21:03:33,911
8214,check processing,1970-04-26 21:03:34,911
8215,processing ok,1970-04-26 21:03:35,911
8216,archive,1970-04-26 21:03:36,911
8217,register,1970-04-26 21:03:37,912
8218,evaluate,1970-04-26 21:03:38,912
8219,processing required,1970-04-26 21:03:39,912
8220,send questionnaire,1970-04-26 21:03:40,912
8221,time out,1970-04-26 21:03:41,912
8222,process complaint,1970-04-26 21:03:42,912
8223,check processing,1970-04-26 21:03:43,912
8224,processing ok,1970-04-26 21:03:44,912
8225,archive,1970-04-26 21:03:45,912
8226,register,1970-04-26 21:03:46,913
8227,send questionnaire,1970-04-26 21:03:47,913
8228,evaluate,1970-04-26 21:03:48,913
8229,process questionnaire,1970-04-26 21:03:49,913
8230,no processing,1970-04-26 21:03:50,913
8231,archive,1970-04-26 21:03:51,913
8232,register,1970-04-26 21:03:52,914
8233,send questionnaire,1970-04-26 21:03:53,914
8234,evaluate,1970-04-26 21:03:54,914
8235,process questionnaire,1970-04-26 21:03:55,914
8236,processing required,1970-04-26 21:03:56,914
8237,process complaint,1970-04-26 21:03:57,914
8238,check processing,1970-04-26 21:03:58,914
8239,processing ok,1970-04-26 21:03:59,914
8240,archive,1970-04-26 21:04:00,914
8241,register,1970-04-26 21:04:01,915
8242,evaluate,1970-04-26 21:04:02,915
8243,processing required,1970-04-26 21:04:03,915
8244,send questionnaire,1970-04-26 21:04:04,915
8245,process questionnaire,1970-04-26 21:04:05,915
8246,process complaint,1970-04-26 21:04:06,915
8247,check processing,1970-04-26 21:04:07,915
8248,processing nok,1970-04-26 21:04:08,915
8249,process complaint,1970-04-26 21:04:09,915
8250,check processing,1970-04-26 21:04:10,915
8251,processing nok,1970-04-26 21:04:11,915
8252,process complaint,1970-04-26 21:04:12,915
8253,check processing,1970-04-26 21:04:13,915
8254,processing nok,1970-04-26 21:04:14,915
8255,process complaint,1970-04-26 21:04:15,915
8256,check processing,1970-04-26 21:04:16,915
8257,processing nok,1970-04-26 21:04:17,915
8258,process complaint,1970-04-26 21:04:18,915
8259,check processing,1970-04-26 21:04:19,915
8260,processing nok,1970-04-26 21:04:20,915
8261,process complaint,1970-04-26 21:04:21,915
8262,check processing,1970-04-26 21:04:22,915
8263,processing nok,1970-04-26 21:04:23,915
8264,process complaint,1970-04-26 21:04:24,915
8265,check processing,1970-04-26 21:04:25,915
8266,processing ok,1970-04-26 21:04:26,915
8267,archive,1970-04-26 21:04:27,915
8268,register,1970-04-26 21:04:28,916
8269,evaluate,1970-04-26 21:04:29,916
8270,processing required,1970-04-26 21:04:30,916
8271,send questionnaire,1970-04-26 21:04:31,916
8272,process questionnaire,1970-04-26 21:04:32,916
8273,process complaint,1970-04-26 21:04:33,916
8274,check processing,1970-04-26 21:04:34,916
8275,processing ok,1970-04-26 21:04:35,916
8276,archive,1970-04-26 21:04:36,916
8277,register,1970-04-26 21:04:37,917
8278,send questionnaire,1970-04-26 21:04:38,917
8279,evaluate,1970-04-26 21:04:39,917
8280,no processing,1970-04-26 21:04:40,917
8281,time out,1970-04-26 21:04:41,917
8282,archive,1970-04-26 21:04:42,917
8283,register,1970-04-26 21:04:43,918
8284,send questionnaire,1970-04-26 21:04:44,918
8285,process questionnaire,1970-04-26 21:04:45,918
8286,evaluate,1970-04-26 21:04:46,918
8287,no processing,1970-04-26 21:04:47,918
8288,archive,1970-04-26 21:04:48,918
8289,register,1970-04-26 21:04:49,919
8290,evaluate,1970-04-26 21:04:50,919
8291,processing required,1970-04-26 21:04:51,919
8292,send questionnaire,1970-04-26 21:04:52,919
8293,time out,1970-04-26 21:04:53,919
8294,process complaint,1970-04-26 21:04:54,919
8295,check processing,1970-04-26 21:04:55,919
8296,processing ok,1970-04-26 21:04:56,919
8297,archive,1970-04-26 21:04:57,919
8298,register,1970-04-26 21:04:58,920
8299,evaluate,1970-04-26 21:04:59,920
8300,processing required,1970-04-26 21:05:00,920
8301,send questionnaire,1970-04-26 21:05:01,920
8302,process questionnaire,1970-04-26 21:05:02,920
8303,process complaint,1970-04-26 21:05:03,920
8304,check processing,1970-04-26 21:05:04,920
8305,processing ok,1970-04-26 21:05:05,920
8306,archive,1970-04-26 21:05:06,920
8307,register,1970-04-26 21:05:07,921
8308,evaluate,1970-04-26 21:05:08,921
8309,no processing,1970-04-26 21:05:09,921
8310,send questionnaire,1970-04-26 21:05:10,921
8311,process questionnaire,1970-04-26 21:05:11,921
8312,archive,1970-04-26 21:05:12,921
8313,register,1970-04-26 21:05:13,922
8314,evaluate,1970-04-26 21:05:14,922
8315,processing required,1970-04-26 21:05:15,922
8316,send questionnaire,1970-04-26 21:05:16,922
8317,time out,1970-04-26 21:05:17,922
8318,process complaint,1970-04-26 21:05:18,922
8319,check processing,1970-04-26 21:05:19,922
8320,processing nok,1970-04-26 21:05:20,922
8321,process complaint,1970-04-26 21:05:21,922
8322,check processing,1970-04-26 21:05:22,922
8323,processing nok,1970-04-26 21:05:23,922
8324,process complaint,1970-04-26 21:05:24,922
8325,check processing,1970-04-26 21:05:25,922
8326,processing nok,1970-04-26 21:05:26,922
8327,process complaint,1970-04-26 21:05:27,922
8328,check processing,1970-04-26 21:05:28,922
8329,processing nok,1970-04-26 21:05:29,922
8330,process complaint,1970-04-26 21:05:30,922
8331,check processing,1970-04-26 21:05:31,922
8332,processing ok,1970-04-26 21:05:32,922
8333,archive,1970-04-26 21:05:33,922
8334,register,1970-04-26 21:05:34,923
8335,evaluate,1970-04-26 21:05:35,923
8336,no processing,1970-04-26 21:05:36,923
8337,send questionnaire,1970-04-26 21:05:37,923
8338,time out,1970-04-26 21:05:38,923
8339,archive,1970-04-26 21:05:39,923
8340,register,1970-04-26 21:05:40,924
8341,evaluate,1970-04-26 21:05:41,924
8342,send questionnaire,1970-04-26 21:05:42,924
8343,time out,1970-04-26 21:05:43,924
8344,no processing,1970-04-26 21:05:44,924
8345,archive,1970-04-26 21:05:45,924
8346,register,1970-04-26 21:05:46,925
8347,send questionnaire,1970-04-26 21:05:47,925
8348,process questionnaire,1970-04-26 21:05:48,925
8349,evaluate,1970-04-26 21:05:49,925
8350,no processing,1970-04-26 21:05:50,925
8351,archive,1970-04-26 21:05:51,925
8352,register,1970-04-26 21:05:52,926
8353,send questionnaire,1970-04-26 21:05:53,926
8354,process questionnaire,1970-04-26 21:05:54,926
8355,evaluate,1970-04-26 21:05:55,926
8356,no processing,1970-04-26 21:05:56,926
8357,archive,1970-04-26 21:05:57,926
8358,register,1970-04-26 21:05:58,927
8359,send questionnaire,1970-04-26 21:05:59,927
8360,process questionnaire,1970-04-26 21:06:00,927
8361,evaluate,1970-04-26 21:06:01,927
8362,processing required,1970-04-26 21:06:02,927
8363,process complaint,1970-04-26 21:06:03,927
8364,check processing,1970-04-26 21:06:04,927
8365,processing ok,1970-04-26 21:06:05,927
8366,archive,1970-04-26 21:06:06,927
8367,register,1970-04-26 21:06:07,928
8368,evaluate,1970-04-26 21:06:08,928
8369,no processing,1970-04-26 21:06:09,928
8370,send questionnaire,1970-04-26 21:06:10,928
8371,process questionnaire,1970-04-26 21:06:11,928
8372,archive,1970-04-26 21:06:12,928
8373,register,1970-04-26 21:06:13,929
8374,evaluate,1970-04-26 21:06:14,929
8375,send questionnaire,1970-04-26 21:06:15,929
8376,no processing,1970-04-26 21:06:16,929
8377,time out,1970-04-26 21:06:17,929
8378,archive,1970-04-26 21:06:18,929
8379,register,1970-04-26 21:06:19,930
8380,send questionnaire,1970-04-26 21:06:20,930
8381,evaluate,1970-04-26 21:06:21,930
8382,no processing,1970-04-26 21:06:22,930
8383,process questionnaire,1970-04-26 21:06:23,930
8384,archive,1970-04-26 21:06:24,930
8385,register,1970-04-26 21:06:25,931
8386,send questionnaire,1970-04-26 21:06:26,931
8387,evaluate,1970-04-26 21:06:27,931
8388,processing required,1970-04-26 21:06:28,931
8389,time out,1970-04-26 21:06:29,931
8390,process complaint,1970-04-26 21:06:30,931
8391,check processing,1970-04-26 21:06:31,931
8392,processing ok,1970-04-26 21:06:32,931
8393,archive,1970-04-26 21:06:33,931
8394,register,1970-04-26 21:06:34,932
8395,send questionnaire,1970-04-26 21:06:35,932
8396,process questionnaire,1970-04-26 21:06:36,932
8397,evaluate,1970-04-26 21:06:37,932
8398,no processing,1970-04-26 21:06:38,932
8399,archive,1970-04-26 21:06:39,932
8400,register,1970-04-26 21:06:40,933
8401,evaluate,1970-04-26 21:06:41,933
8402,no processing,1970-04-26 21:06:42,933
8403,send questionnaire,1970-04-26 21:06:43,933
8404,time out,1970-04-26 21:06:44,933
8405,archive,1970-04-26 21:06:45,933
8406,register,1970-04-26 21:06:46,934
8407,send questionnaire,1970-04-26 21:06:47,934
8408,evaluate,1970-04-26 21:06:48,934
8409,no processing,1970-04-26 21:06:49,934
8410,time out,1970-04-26 21:06:50,934
8411,archive,1970-04-26 21:06:51,934
8412,register,1970-04-26 21:06:52,935
8413,evaluate,1970-04-26 21:06:53,935
8414,processing required,1970-04-26 21:06:54,935
8415,send questionnaire,1970-04-26 21:06:55,935
8416,process questionnaire,1970-04-26 21:06:56,935
8417,process complaint,1970-04-26 21:06:57,935
8418,check processing,1970-04-26 21:06:58,935
8419,processing ok,1970-04-26 21:06:59,935
8420,archive,1970-04-26 21:07:00,935
8421,register,1970-04-26 21:07:01,936
8422,send questionnaire,1970-04-26 21:07:02,936
8423,time out,1970-04-26 21:07:03,936
8424,evaluate,1970-04-26 21:07:04,936
8425,processing required,1970-04-26 21:07:05,936
8426,process complaint,1970-04-26 21:07:06,936
8427,check processing,1970-04-26 21:07:07,936
8428,processing nok,1970-04-26 21:07:08,936
8429,process complaint,1970-04-26 21:07:09,936
8430,check processing,1970-04-26 21:07:10,936
8431,processing nok,1970-04-26 21:07:11,936
8432,process complaint,1970-04-26 21:07:12,936
8433,check processing,1970-04-26 21:07:13,936
8434,processing nok,1970-04-26 21:07:14,936
8435,process complaint,1970-04-26 21:07:15,936
8436,check processing,1970-04-26 21:07:16,936
8437,processing ok,1970-04-26 21:07:17,936
8438,archive,1970-04-26 21:07:18,936
8439,register,1970-04-26 21:07:19,937
8440,evaluate,1970-04-26 21:07:20,937
8441,processing required,1970-04-26 21:07:21,937
8442,send questionnaire,1970-04-26 21:07:22,937
8443,process questionnaire,1970-04-26 21:07:23,937
8444,process complaint,1970-04-26 21:07:24,937
8445,check processing,1970-04-26 21:07:25,937
8446,processing nok,1970-04-26 21:07:26,937
8447,process complaint,1970-04-26 21:07:27,937
8448,check processing,1970-04-26 21:07:28,937
8449,processing nok,1970-04-26 21:07:29,937
8450,process complaint,1970-04-26 21:07:30,937
8451,check processing,1970-04-26 21:07:31,937
8452,processing ok,1970-04-26 21:07:32,937
8453,archive,1970-04-26 21:07:33,937
8454,register,1970-04-26 21:07:34,938
8455,send questionnaire,1970-04-26 21:07:35,938
8456,time out,1970-04-26 21:07:36,938
8457,evaluate,1970-04-26 21:07:37,938
8458,processing required,1970-04-26 21:07:38,938
8459,process complaint,1970-04-26 21:07:39,938
8460,check processing,1970-04-26 21:07:40,938
8461,processing ok,1970-04-26 21:07:41,938
8462,archive,1970-04-26 21:07:42,938
8463,register,1970-04-26 21:07:43,939
8464,evaluate,1970-04-26 21:07:44,939
8465,send questionnaire,1970-04-26 21:07:45,939
8466,processing required,1970-04-26 21:07:46,939
8467,process questionnaire,1970-04-26 21:07:47,939
8468,process complaint,1970-04-26 21:07:48,939
8469,check processing,1970-04-26 21:07:49,939
8470,processing ok,1970-04-26 21:07:50,939
8471,archive,1970-04-26 21:07:51,939
8472,register,1970-04-26 21:07:52,940
8473,send questionnaire,1970-04-26 21:07:53,940
8474,process questionnaire,1970-04-26 21:07:54,940
8475,evaluate,1970-04-26 21:07:55,940
8476,processing required,1970-04-26 21:07:56,940
8477,process complaint,1970-04-26 21:07:57,940
8478,check processing,1970-04-26 21:07:58,940
8479,processing nok,1970-04-26 21:07:59,940
8480,process complaint,1970-04-26 21:08:00,940
8481,check processing,1970-04-26 21:08:01,940
8482,processing ok,1970-04-26 21:08:02,940
8483,archive,1970-04-26 21:08:03,940
8484,register,1970-04-26 21:08:04,941
8485,send questionnaire,1970-04-26 21:08:05,941
8486,time out,1970-04-26 21:08:06,941
8487,evaluate,1970-04-26 21:08:07,941
8488,processing required,1970-04-26 21:08:08,941
8489,process complaint,1970-04-26 21:08:09,941
8490,check processing,1970-04-26 21:08:10,941
8491,processing ok,1970-04-26 21:08:11,941
8492,archive,1970-04-26 21:08:12,941
8493,register,1970-04-26 21:08:13,942
8494,evaluate,1970-04-26 21:08:14,942
8495,no processing,1970-04-26 21:08:15,942
8496,send questionnaire,1970-04-26 21:08:16,942
8497,process questionnaire,1970-04-26 21:08:17,942
8498,archive,1970-04-26 21:08:18,942
8499,register,1970-04-26 21:08:19,943
8500,evaluate,1970-04-26 21:08:20,943
8501,send questionnaire,1970-04-26 21:08:21,943
8502,no processing,1970-04-26 21:08:22,943
8503,time out,1970-04-26 21:08:23,943
8504,archive,1970-04-26 21:08:24,943
8505,register,1970-04-26 21:08:25,944
8506,send questionnaire,1970-04-26 21:08:26,944
8507,evaluate,1970-04-26 21:08:27,944
8508,process questionnaire,1970-04-26 21:08:28,944
8509,processing required,1970-04-26 21:08:29,944
8510,process complaint,1970-04-26 21:08:30,944
8511,check processing,1970-04-26 21:08:31,944
8512,processing nok,1970-04-26 21:08:32,944
8513,process complaint,1970-04-26 21:08:33,944
8514,check processing,1970-04-26 21:08:34,944
8515,processing ok,1970-04-26 21:08:35,944
8516,archive,1970-04-26 21:08:36,944
8517,register,1970-04-26 21:08:37,945
8518,evaluate,1970-04-26 21:08:38,945
8519,send questionnaire,1970-04-26 21:08:39,945
8520,process questionnaire,1970-04-26 21:08:40,945
8521,processing required,1970-04-26 21:08:41,945
8522,process complaint,1970-04-26 21:08:42,945
8523,check processing,1970-04-26 21:08:43,945
8524,processing ok,1970-04-26 21:08:44,945
8525,archive,1970-04-26 21:08:45,945
8526,register,1970-04-26 21:08:46,946
8527,evaluate,1970-04-26 21:08:47,946
8528,no processing,1970-04-26 21:08:48,946
8529,send questionnaire,1970-04-26 21:08:49,946
8530,process questionnaire,1970-04-26 21:08:50,946
8531,archive,1970-04-26 21:08:51,946
8532,register,1970-04-26 21:08:52,947
8533,evaluate,1970-04-26 21:08:53,947
8534,processing required,1970-04-26 21:08:54,947
8535,send questionnaire,1970-04-26 21:08:55,947
8536,time out,1970-04-26 21:08:56,947
8537,process complaint,1970-04-26 21:08:57,947
8538,check processing,1970-04-26 21:08:58,947
8539,processing ok,1970-04-26 21:08:59,947
8540,archive,1970-04-26 21:09:00,947
8541,register,1970-04-26 21:09:01,948
8542,send questionnaire,1970-04-26 21:09:02,948
8543,process questionnaire,1970-04-26 21:09:03,948
8544,evaluate,1970-04-26 21:09:04,948
8545,processing required,1970-04-26 21:09:05,948
8546,process complaint,1970-04-26 21:09:06,948
8547,check processing,1970-04-26 21:09:07,948
8548,processing ok,1970-04-26 21:09:08,948
8549,archive,1970-04-26 21:09:09,948
8550,register,1970-04-26 21:09:10,949
8551,send questionnaire,1970-04-26 21:09:11,949
8552,evaluate,1970-04-26 21:09:12,949
8553,no processing,1970-04-26 21:09:13,949
8554,process questionnaire,1970-04-26 21:09:14,949
8555,archive,1970-04-26 21:09:15,949
8556,register,1970-04-26 21:09:16,950
8557,send questionnaire,1970-04-26 21:09:17,950
8558,process questionnaire,1970-04-26 21:09:18,950
8559,evaluate,1970-04-26 21:09:19,950
8560,no processing,1970-04-26 21:09:20,950
8561,archive,1970-04-26 21:09:21,950
8562,register,1970-04-26 21:09:22,951
8563,send questionnaire,1970-04-26 21:09:23,951
8564,evaluate,1970-04-26 21:09:24,951
8565,processing required,1970-04-26 21:09:25,951
8566,time out,1970-04-26 21:09:26,951
8567,process complaint,1970-04-26 21:09:27,951
8568,check processing,1970-04-26 21:09:28,951
8569,processing ok,1970-04-26 21:09:29,951
8570,archive,1970-04-26 21:09:30,951
8571,register,1970-04-26 21:09:31,952
8572,evaluate,1970-04-26 21:09:32,952
8573,no processing,1970-04-26 21:09:33,952
8574,send questionnaire,1970-04-26 21:09:34,952
8575,process questionnaire,1970-04-26 21:09:35,952
8576,archive,1970-04-26 21:09:36,952
8577,register,1970-04-26 21:09:37,953
8578,evaluate,1970-04-26 21:09:38,953
8579,processing required,1970-04-26 21:09:39,953
8580,send questionnaire,1970-04-26 21:09:40,953
8581,time out,1970-04-26 21:09:41,953
8582,process complaint,1970-04-26 21:09:42,953
8583,check processing,1970-04-26 21:09:43,953
8584,processing ok,1970-04-26 21:09:44,953
8585,archive,1970-04-26 21:09:45,953
8586,register,1970-04-26 21:09:46,954
8587,evaluate,1970-04-26 21:09:47,954
8588,no processing,1970-04-26 21:09:48,954
8589,send questionnaire,1970-04-26 21:09:49,954
8590,time out,1970-04-26 21:09:50,954
8591,archive,1970-04-26 21:09:51,954
8592,register,1970-04-26 21:09:52,955
8593,send questionnaire,1970-04-26 21:09:53,955
8594,process questionnaire,1970-04-26 21:09:54,955
8595,evaluate,1970-04-26 21:09:55,955
8596,no processing,1970-04-26 21:09:56,955
8597,archive,1970-04-26 21:09:57,955
8598,register,1970-04-26 21:09:58,956
8599,evaluate,1970-04-26 21:09:59,956
8600,no processing,1970-04-26 21:10:00,956
8601,send questionnaire,1970-04-26 21:10:01,956
8602,time out,1970-04-26 21:10:02,956
8603,archive,1970-04-26 21:10:03,956
8604,register,1970-04-26 21:10:04,957
8605,send questionnaire,1970-04-26 21:10:05,957
8606,evaluate,1970-04-26 21:10:06,957
8607,processing required,1970-04-26 21:10:07,957
8608,time out,1970-04-26 21:10:08,957
8609,process complaint,1970-04-26 21:10:09,957
8610,check processing,1970-04-26 21:10:10,957
8611,processing ok,1970-04-26 21:10:11,957
8612,archive,1970-04-26 21:10:12,957
8613,register,1970-04-26 21:10:13,958
8614,evaluate,1970-04-26 21:10:14,958
8615,send questionnaire,1970-04-26 21:10:15,958
8616,process questionnaire,1970-04-26 21:10:16,958
8617,no processing,1970-04-26 21:10:17,958
8618,archive,1970-04-26 21:10:18,958
8619,register,1970-04-26 21:10:19,959
8620,send questionnaire,1970-04-26 21:10:20,959
8621,process questionnaire,1970-04-26 21:10:21,959
8622,evaluate,1970-04-26 21:10:22,959
8623,processing required,1970-04-26 21:10:23,959
8624,process complaint,1970-04-26 21:10:24,959
8625,check processing,1970-04-26 21:10:25,959
8626,processing ok,1970-04-26 21:10:26,959
8627,archive,1970-04-26 21:10:27,959
8628,register,1970-04-26 21:10:28,960
8629,send questionnaire,1970-04-26 21:10:29,960
8630,time out,1970-04-26 21:10:30,960
8631,evaluate,1970-04-26 21:10:31,960
8632,processing required,1970-04-26 21:10:32,960
8633,process complaint,1970-04-26 21:10:33,960
8634,check processing,1970-04-26 21:10:34,960
8635,processing ok,1970-04-26 21:10:35,960
8636,archive,1970-04-26 21:10:36,960
8637,register,1970-04-26 21:10:37,961
8638,send questionnaire,1970-04-26 21:10:38,961
8639,evaluate,1970-04-26 21:10:39,961
8640,no processing,1970-04-26 21:10:40,961
8641,time out,1970-04-26 21:10:41,961
8642,archive,1970-04-26 21:10:42,961
8643,register,1970-04-26 21:10:43,962
8644,evaluate,1970-04-26 21:10:44,962
8645,processing required,1970-04-26 21:10:45,962
8646,send questionnaire,1970-04-26 21:10:46,962
8647,process questionnaire,1970-04-26 21:10:47,962
8648,process complaint,1970-04-26 21:10:48,962
8649,check processing,1970-04-26 21:10:49,962
8650,processing nok,1970-04-26 21:10:50,962
8651,process complaint,1970-04-26 21:10:51,962
8652,check processing,1970-04-26 21:10:52,962
8653,processing ok,1970-04-26 21:10:53,962
8654,archive,1970-04-26 21:10:54,962
8655,register,1970-04-26 21:10:55,963
8656,evaluate,1970-04-26 21:10:56,963
8657,processing required,1970-04-26 21:10:57,963
8658,send questionnaire,1970-04-26 21:10:58,963
8659,process questionnaire,1970-04-26 21:10:59,963
8660,process complaint,1970-04-26 21:11:00,963
8661,check processing,1970-04-26 21:11:01,963
8662,processing nok,1970-04-26 21:11:02,963
8663,process complaint,1970-04-26 21:11:03,963
8664,check processing,1970-04-26 21:11:04,963
8665,processing ok,1970-04-26 21:11:05,963
8666,archive,1970-04-26 21:11:06,963
8667,register,1970-04-26 21:11:07,964
8668,send questionnaire,1970-04-26 21:11:08,964
8669,time out,1970-04-26 21:11:09,964
8670,evaluate,1970-04-26 21:11:10,964
8671,no processing,1970-04-26 21:11:11,964
8672,archive,1970-04-26 21:11:12,964
8673,register,1970-04-26 21:11:13,965
8674,send questionnaire,1970-04-26 21:11:14,965
8675,time out,1970-04-26 21:11:15,965
8676,evaluate,1970-04-26 21:11:16,965
8677,processing required,1970-04-26 21:11:17,965
8678,process complaint,1970-04-26 21:11:18,965
8679,check processing,1970-04-26 21:11:19,965
8680,processing ok,1970-04-26 21:11:20,965
8681,archive,1970-04-26 21:11:21,965
8682,register,1970-04-26 21:11:22,966
8683,evaluate,1970-04-26 21:11:23,966
8684,processing required,1970-04-26 21:11:24,966
8685,send questionnaire,1970-04-26 21:11:25,966
8686,process questionnaire,1970-04-26 21:11:26,966
8687,process complaint,1970-04-26 21:11:27,966
8688,check processing,1970-04-26 21:11:28,966
8689,processing nok,1970-04-26 21:11:29,966
8690,process complaint,1970-04-26 21:11:30,966
8691,check processing,1970-04-26 21:11:31,966
8692,processing ok,1970-04-26 21:11:32,966
8693,archive,1970-04-26 21:11:33,966
8694,register,1970-04-26 21:11:34,967
8695,evaluate,1970-04-26 21:11:35,967
8696,send questionnaire,1970-04-26 21:11:36,967
8697,processing required,1970-04-26 21:11:37,967
8698,process questionnaire,1970-04-26 21:11:38,967
8699,process complaint,1970-04-26 21:11:39,967
8700,check processing,1970-04-26 21:11:40,967
8701,processing nok,1970-04-26 21:11:41,967
8702,process complaint,1970-04-26 21:11:42,967
8703,check processing,1970-04-26 21:11:43,967
8704,processing ok,1970-04-26 21:11:44,967
8705,archive,1970-04-26 21:11:45,967
8706,register,1970-04-26 21:11:46,968
8707,evaluate,1970-04-26 21:11:47,968
8708,no processing,1970-04-26 21:11:48,968
8709,send questionnaire,1970-04-26 21:11:49,968
8710,time out,1970-04-26 21:11:50,968
8711,archive,1970-04-26 21:11:51,968
8712,register,1970-04-26 21:11:52,969
8713,evaluate,1970-04-26 21:11:53,969
8714,processing required,1970-04-26 21:11:54,969
8715,send questionnaire,1970-04-26 21:11:55,969
8716,time out,1970-04-26 21:11:56,969
8717,process complaint,1970-04-26 21:11:57,969
8718,check processing,1970-04-26 21:11:58,969
8719,processing nok,1970-04-26 21:11:59,969
8720,process complaint,1970-04-26 21:12:00,969
8721,check processing,1970-04-26 21:12:01,969
8722,processing ok,1970-04-26 21:12:02,969
8723,archive,1970-04-26 21:12:03,969
8724,register,1970-04-26 21:12:04,970
8725,evaluate,1970-04-26 21:12:05,970
8726,send questionnaire,1970-04-26 21:12:06,970
8727,process questionnaire,1970-04-26 21:12:07,970
8728,processing required,1970-04-26 21:12:08,970
8729,process complaint,1970-04-26 21:12:09,970
8730,check processing,1970-04-26 21:12:10,970
8731,processing nok,1970-04-26 21:12:11,970
8732,process complaint,1970-04-26 21:12:12,970
8733,check processing,1970-04-26 21:12:13,970
8734,processing nok,1970-04-26 21:12:14,970
8735,process complaint,1970-04-26 21:12:15,970
8736,check processing,1970-04-26 21:12:16,970
8737,processing ok,1970-04-26 21:12:17,970
8738,archive,1970-04-26 21:12:18,970
8739,register,1970-04-26 21:12:19,971
8740,send questionnaire,1970-04-26 21:12:20,971
8741,process questionnaire,1970-04-26 21:12:21,971
8742,evaluate,1970-04-26 21:12:22,971
8743,processing required,1970-04-26 21:12:23,971
8744,process complaint,1970-04-26 21:12:24,971
8745,check processing,1970-04-26 21:12:25,971
8746,processing nok,1970-04-26 21:12:26,971
8747,process complaint,1970-04-26 21:12:27,971
8748,check processing,1970-04-26 21:12:28,971
8749,processing nok,1970-04-26 21:12:29,971
8750,process complaint,1970-04-26 21:12:30,971
8751,check processing,1970-04-26 21:12:31,971
8752,processing ok,1970-04-26 21:12:32,971
8753,archive,1970-04-26 21:12:33,971
8754,register,1970-04-26 21:12:34,972
8755,evaluate,1970-04-26 21:12:35,972
8756,no processing,1970-04-26 21:12:36,972
8757,send questionnaire,1970-04-26 21:12:37,972
8758,process questionnaire,1970-04-26 21:12:38,972
8759,archive,1970-04-26 21:12:39,972
8760,register,1970-04-26 21:12:40,973
8761,send questionnaire,1970-04-26 21:12:41,973
8762,process questionnaire,1970-04-26 21:12:42,973
8763,evaluate,1970-04-26 21:12:43,973
8764,processing required,1970-04-26 21:12:44,973
8765,process complaint,1970-04-26 21:12:45,973
8766,check processing,1970-04-26 21:12:46,973
8767,processing ok,1970-04-26 21:12:47,973
8768,archive,1970-04-26 21:12:48,973
8769,register,1970-04-26 21:12:49,974
8770,evaluate,1970-04-26 21:12:50,974
8771,processing required,1970-04-26 21:12:51,974
8772,send questionnaire,1970-04-26 21:12:52,974
8773,time out,1970-04-26 21:12:53,974
8774,process complaint,1970-04-26 21:12:54,974
8775,check processing,1970-04-26 21:12:55,974
8776,processing ok,1970-04-26 21:12:56,974
8777,archive,1970-04-26 21:12:57,974
8778,register,1970-04-26 21:12:58,975
8779,evaluate,1970-04-26 21:12:59,975
8780,send questionnaire,1970-04-26 21:13:00,975
8781,processing required,1970-04-26 21:13:01,975
8782,time out,1970-04-26 21:13:02,975
8783,process complaint,1970-04-26 21:13:03,975
8784,check processing,1970-04-26 21:13:04,975
8785,processing ok,1970-04-26 21:13:05,975
8786,archive,1970-04-26 21:13:06,975
8787,register,1970-04-26 21:13:07,976
8788,evaluate,1970-04-26 21:13:08,976
8789,send questionnaire,1970-04-26 21:13:09,976
8790,time out,1970-04-26 21:13:10,976
8791,processing required,1970-04-26 21:13:11,976
8792,process complaint,1970-04-26 21:13:12,976
8793,check processing,1970-04-26 21:13:13,976
8794,processing ok,1970-04-26 21:13:14,976
8795,archive,1970-04-26 21:13:15,976
8796,register,1970-04-26 21:13:16,977
8797,send questionnaire,1970-04-26 21:13:17,977
8798,evaluate,1970-04-26 21:13:18,977
8799,time out,1970-04-26 21:13:19,977
8800,processing required,1970-04-26 21:13:20,977
8801,process complaint,1970-04-26 21:13:21,977
8802,check processing,1970-04-26 21:13:22,977
8803,processing ok,1970-04-26 21:13:23,977
8804,archive,1970-04-26 21:13:24,977
8805,register,1970-04-26 21:13:25,978
8806,evaluate,1970-04-26 21:13:26,978
8807,send questionnaire,1970-04-26 21:13:27,978
8808,no processing,1970-04-26 21:13:28,978
8809,time out,1970-04-26 21:13:29,978
8810,archive,1970-04-26 21:13:30,978
8811,register,1970-04-26 21:13:31,979
8812,evaluate,1970-04-26 21:13:32,979
8813,no processing,1970-04-26 21:13:33,979
8814,send questionnaire,1970-04-26 21:13:34,979
8815,time out,1970-04-26 21:13:35,979
8816,archive,1970-04-26 21:13:36,979
8817,register,1970-04-26 21:13:37,980
8818,evaluate,1970-04-26 21:13:38,980
8819,processing required,1970-04-26 21:13:39,980
8820,send questionnaire,1970-04-26 21:13:40,980
8821,time out,1970-04-26 21:13:41,980
8822,process complaint,1970-04-26 21:13:42,980
8823,check processing,1970-04-26 21:13:43,980
8824,processing ok,1970-04-26 21:13:44,980
8825,archive,1970-04-26 21:13:45,980
8826,register,1970-04-26 21:13:46,981
8827,evaluate,1970-04-26 21:13:47,981
8828,processing required,1970-04-26 21:13:48,981
8829,send questionnaire,1970-04-26 21:13:49,981
8830,process questionnaire,1970-04-26 21:13:50,981
8831,process complaint,1970-04-26 21:13:51,981
8832,check processing,1970-04-26 21:13:52,981
8833,processing nok,1970-04-26 21:13:53,981
8834,process complaint,1970-04-26 21:13:54,981
8835,check processing,1970-04-26 21:13:55,981
8836,processing ok,1970-04-26 21:13:56,981
8837,archive,1970-04-26 21:13:57,981
8838,register,1970-04-26 21:13:58,982
8839,evaluate,1970-04-26 21:13:59,982
8840,no processing,1970-04-26 21:14:00,982
8841,send questionnaire,1970-04-26 21:14:01,982
8842,process questionnaire,1970-04-26 21:14:02,982
8843,archive,1970-04-26 21:14:03,982
8844,register,1970-04-26 21:14:04,983
8845,send questionnaire,1970-04-26 21:14:05,983
8846,evaluate,1970-04-26 21:14:06,983
8847,processing required,1970-04-26 21:14:07,983
8848,process questionnaire,1970-04-26 21:14:08,983
8849,process complaint,1970-04-26 21:14:09,983
8850,check processing,1970-04-26 21:14:10,983
8851,processing ok,1970-04-26 21:14:11,983
8852,archive,1970-04-26 21:14:12,983
8853,register,1970-04-26 21:14:13,984
8854,evaluate,1970-04-26 21:14:14,984
8855,processing required,1970-04-26 21:14:15,984
8856,send questionnaire,1970-04-26 21:14:16,984
8857,process questionnaire,1970-04-26 21:14:17,984
8858,process complaint,1970-04-26 21:14:18,984
8859,check processing,1970-04-26 21:14:19,984
8860,processing ok,1970-04-26 21:14:20,984
8861,archive,1970-04-26 21:14:21,984
8862,register,1970-04-26 21:14:22,985
8863,evaluate,1970-04-26 21:14:23,985
8864,no processing,1970-04-26 21:14:24,985
8865,send questionnaire,1970-04-26 21:14:25,985
8866,time out,1970-04-26 21:14:26,985
8867,archive,1970-04-26 21:14:27,985
8868,register,1970-04-26 21:14:28,986
8869,evaluate,1970-04-26 21:14:29,986
8870,no processing,1970-04-26 21:14:30,986
8871,send questionnaire,1970-04-26 21:14:31,986
8872,time out,1970-04-26 21:14:32,986
8873,archive,1970-04-26 21:14:33,986
8874,register,1970-04-26 21:14:34,987
8875,evaluate,1970-04-26 21:14:35,987
8876,send questionnaire,1970-04-26 21:14:36,987
8877,process questionnaire,1970-04-26 21:14:37,987
8878,processing required,1970-04-26 21:14:38,987
8879,process complaint,1970-04-26 21:14:39,987
8880,check processing,1970-04-26 21:14:40,987
8881,processing nok,1970-04-26 21:14:41,987
8882,process complaint,1970-04-26 21:14:42,987
8883,check processing,1970-04-26 21:14:43,987
8884,processing nok,1970-04-26 21:14:44,987
8885,process complaint,1970-04-26 21:14:45,987
8886,check processing,1970-04-26 21:14:46,987
8887,processing nok,1970-04-26 21:14:47,987
8888,process complaint,1970-04-26 21:14:48,987
8889,check processing,1970-04-26 21:14:49,987
8890,processing ok,1970-04-26 21:14:50,987
8891,archive,1970-04-26 21:14:51,987
8892,register,1970-04-26 21:14:52,988
8893,evaluate,1970-04-26 21:14:53,988
8894,processing required,1970-04-26 21:14:54,988
8895,send questionnaire,1970-04-26 21:14:55,988
8896,time out,1970-04-26 21:14:56,988
8897,process complaint,1970-04-26 21:14:57,988
8898,check processing,1970-04-26 21:14:58,988
8899,processing nok,1970-04-26 21:14:59,988
8900,process complaint,1970-04-26 21:15:00,988
8901,check processing,1970-04-26 21:15:01,988
8902,processing ok,1970-04-26 21:15:02,988
8903,archive,1970-04-26 21:15:03,988
8904,register,1970-04-26 21:15:04,989
8905,send questionnaire,1970-04-26 21:15:05,989
8906,evaluate,1970-04-26 21:15:06,989
8907,processing required,1970-04-26 21:15:07,989
8908,time out,1970-04-26 21:15:08,989
8909,process complaint,1970-04-26 21:15:09,989
8910,check processing,1970-04-26 21:15:10,989
8911,processing ok,1970-04-26 21:15:11,989
8912,archive,1970-04-26 21:15:12,989
8913,register,1970-04-26 21:15:13,990
8914,send questionnaire,1970-04-26 21:15:14,990
8915,process questionnaire,1970-04-26 21:15:15,990
8916,evaluate,1970-04-26 21:15:16,990
8917,no processing,1970-04-26 21:15:17,990
8918,archive,1970-04-26 21:15:18,990
8919,register,1970-04-26 21:15:19,991
8920,evaluate,1970-04-26 21:15:20,991
8921,send questionnaire,1970-04-26 21:15:21,991
8922,time out,1970-04-26 21:15:22,991
8923,processing required,1970-04-26 21:15:23,991
8924,process complaint,1970-04-26 21:15:24,991
8925,check processing,1970-04-26 21:15:25,991
8926,processing nok,1970-04-26 21:15:26,991
8927,process complaint,1970-04-26 21:15:27,991
8928,check processing,1970-04-26 21:15:28,991
8929,processing ok,1970-04-26 21:15:29,991
8930,archive,1970-04-26 21:15:30,991
8931,register,1970-04-26 21:15:31,992
8932,send questionnaire,1970-04-26 21:15:32,992
8933,evaluate,1970-04-26 21:15:33,992
8934,time out,1970-04-26 21:15:34,992
8935,processing required,1970-04-26 21:15:35,992
8936,process complaint,1970-04-26 21:15:36,992
8937,check processing,1970-04-26 21:15:37,992
8938,processing nok,1970-04-26 21:15:38,992
8939,process complaint,1970-04-26 21:15:39,992
8940,check processing,1970-04-26 21:15:40,992
8941,processing ok,1970-04-26 21:15:41,992
8942,archive,1970-04-26 21:15:42,992
8943,register,1970-04-26 21:15:43,993
8944,send questionnaire,1970-04-26 21:15:44,993
8945,evaluate,1970-04-26 21:15:45,993
8946,process questionnaire,1970-04-26 21:15:46,993
8947,processing required,1970-04-26 21:15:47,993
8948,process complaint,1970-04-26 21:15:48,993
8949,check processing,1970-04-26 21:15:49,993
8950,processing ok,1970-04-26 21:15:50,993
8951,archive,1970-04-26 21:15:51,993
8952,register,1970-04-26 21:15:52,994
8953,send questionnaire,1970-04-26 21:15:53,994
8954,time out,1970-04-26 21:15:54,994
8955,evaluate,1970-04-26 21:15:55,994
8956,no processing,1970-04-26 21:15:56,994
8957,archive,1970-04-26 21:15:57,994
8958,register,1970-04-26 21:15:58,995
8959,evaluate,1970-04-26 21:15:59,995
8960,send questionnaire,1970-04-26 21:16:00,995
8961,time out,1970-04-26 21:16:01,995
8962,processing required,1970-04-26 21:16:02,995
8963,process complaint,1970-04-26 21:16:03,995
8964,check processing,1970-04-26 21:16:04,995
8965,processing nok,1970-04-26 21:16:05,995
8966,process complaint,1970-04-26 21:16:06,995
8967,check processing,1970-04-26 21:16:07,995
8968,processing nok,1970-04-26 21:16:08,995
8969,process complaint,1970-04-26 21:16:09,995
8970,check processing,1970-04-26 21:16:10,995
8971,processing ok,1970-04-26 21:16:11,995
8972,archive,1970-04-26 21:16:12,995
8973,register,1970-04-26 21:16:13,996
8974,send questionnaire,1970-04-26 21:16:14,996
8975,process questionnaire,1970-04-26 21:16:15,996
8976,evaluate,1970-04-26 21:16:16,996
8977,no processing,1970-04-26 21:16:17,996
8978,archive,1970-04-26 21:16:18,996
8979,register,1970-04-26 21:16:19,997
8980,evaluate,1970-04-26 21:16:20,997
8981,processing required,1970-04-26 21:16:21,997
8982,send questionnaire,1970-04-26 21:16:22,997
8983,process questionnaire,1970-04-26 21:16:23,997
8984,process complaint,1970-04-26 21:16:24,997
8985,check processing,1970-04-26 21:16:25,997
8986,processing ok,1970-04-26 21:16:26,997
8987,archive,1970-04-26 21:16:27,997
8988,register,1970-04-26 21:16:28,998
8989,evaluate,1970-04-26 21:16:29,998
8990,send questionnaire,1970-04-26 21:16:30,998
8991,no processing,1970-04-26 21:16:31,998
8992,time out,1970-04-26 21:16:32,998
8993,archive,1970-04-26 21:16:33,998
8994,register,1970-04-26 21:16:34,999
8995,send questionnaire,1970-04-26 21:16:35,999
8996,time out,1970-04-26 21:16:36,999
8997,evaluate,1970-04-26 21:16:37,999
8998,processing required,1970-04-26 21:16:38,999
8999,process complaint,1970-04-26 21:16:39,999
9000,check processing,1970-04-26 21:16:40,999
9001,processing nok,1970-04-26 21:16:41,999
9002,process complaint,1970-04-26 21:16:42,999
9003,check processing,1970-04-26 21:16:43,999
9004,processing ok,1970-04-26 21:16:44,999
9005,archive,1970-04-26 21:16:45,999
