,concept:name,time:timestamp,case:concept:name
0,Check plane,1970-04-26 18:46:40,0
1,Decide,1970-04-26 18:46:41,0
2,Book plane,1970-04-26 18:46:42,0
3,Check hotel,1970-04-26 18:46:43,1
4,Decide,1970-04-26 18:46:44,1
5,Book plane,1970-04-26 18:46:45,1
6,Check hotel,1970-04-26 18:46:46,2
7,Decide,1970-04-26 18:46:47,2
8,Book hotel,1970-04-26 18:46:48,2
9,Check hotel,1970-04-26 18:46:49,3
10,Decide,1970-04-26 18:46:50,3
11,Book hotel,1970-04-26 18:46:51,3
12,Check plane,1970-04-26 18:46:52,4
13,Decide,1970-04-26 18:46:53,4
14,Book plane,1970-04-26 18:46:54,4
15,Check hotel,1970-04-26 18:46:55,5
16,Decide,1970-04-26 18:46:56,5
17,Book plane,1970-04-26 18:46:57,5
18,Check hotel,1970-04-26 18:46:58,6
19,Decide,1970-04-26 18:46:59,6
20,Book hotel,1970-04-26 18:47:00,6
21,Check hotel,1970-04-26 18:47:01,7
22,Decide,1970-04-26 18:47:02,7
23,Book hotel,1970-04-26 18:47:03,7
24,Check hotel,1970-04-26 18:47:04,8
25,Decide,1970-04-26 18:47:05,8
26,Book hotel,1970-04-26 18:47:06,8
27,Check plane,1970-04-26 18:47:07,9
28,Decide,1970-04-26 18:47:08,9
29,Book hotel,1970-04-26 18:47:09,9
30,Check hotel,1970-04-26 18:47:10,10
31,Decide,1970-04-26 18:47:11,10
32,Book plane,1970-04-26 18:47:12,10
33,Check plane,1970-04-26 18:47:13,11
34,Decide,1970-04-26 18:47:14,11
35,Book hotel,1970-04-26 18:47:15,11
36,Check plane,1970-04-26 18:47:16,12
37,Decide,1970-04-26 18:47:17,12
38,Book hotel,1970-04-26 18:47:18,12
39,Check hotel,1970-04-26 18:47:19,13
40,Decide,1970-04-26 18:47:20,13
41,Book hotel,1970-04-26 18:47:21,13
42,Check hotel,1970-04-26 18:47:22,14
43,Decide,1970-04-26 18:47:23,14
44,Book plane,1970-04-26 18:47:24,14
45,Check hotel,1970-04-26 18:47:25,15
46,Decide,1970-04-26 18:47:26,15
47,Book plane,1970-04-26 18:47:27,15
48,Check hotel,1970-04-26 18:47:28,16
49,Decide,1970-04-26 18:47:29,16
50,Book plane,1970-04-26 18:47:30,16
51,Check plane,1970-04-26 18:47:31,17
52,Decide,1970-04-26 18:47:32,17
53,Book plane,1970-04-26 18:47:33,17
54,Check plane,1970-04-26 18:47:34,18
55,Decide,1970-04-26 18:47:35,18
56,Book plane,1970-04-26 18:47:36,18
57,Check plane,1970-04-26 18:47:37,19
58,Decide,1970-04-26 18:47:38,19
59,Book hotel,1970-04-26 18:47:39,19
60,Check hotel,1970-04-26 18:47:40,20
61,Decide,1970-04-26 18:47:41,20
62,Book plane,1970-04-26 18:47:42,20
63,Check plane,1970-04-26 18:47:43,21
64,Decide,1970-04-26 18:47:44,21
65,Book hotel,1970-04-26 18:47:45,21
66,Check hotel,1970-04-26 18:47:46,22
67,Decide,1970-04-26 18:47:47,22
68,Book plane,1970-04-26 18:47:48,22
69,Check plane,1970-04-26 18:47:49,23
70,Decide,1970-04-26 18:47:50,23
71,Book plane,1970-04-26 18:47:51,23
72,Check hotel,1970-04-26 18:47:52,24
73,Decide,1970-04-26 18:47:53,24
74,Book plane,1970-04-26 18:47:54,24
75,Check hotel,1970-04-26 18:47:55,25
76,Decide,1970-04-26 18:47:56,25
77,Book hotel,1970-04-26 18:47:57,25
78,Check plane,1970-04-26 18:47:58,26
79,Decide,1970-04-26 18:47:59,26
80,Book hotel,1970-04-26 18:48:00,26
81,Check plane,1970-04-26 18:48:01,27
82,Decide,1970-04-26 18:48:02,27
83,Book hotel,1970-04-26 18:48:03,27
84,Check plane,1970-04-26 18:48:04,28
85,Decide,1970-04-26 18:48:05,28
86,Book hotel,1970-04-26 18:48:06,28
87,Check hotel,1970-04-26 18:48:07,29
88,Decide,1970-04-26 18:48:08,29
89,Book hotel,1970-04-26 18:48:09,29
90,Check hotel,1970-04-26 18:48:10,30
91,Decide,1970-04-26 18:48:11,30
92,Book hotel,1970-04-26 18:48:12,30
93,Check hotel,1970-04-26 18:48:13,31
94,Decide,1970-04-26 18:48:14,31
95,Book plane,1970-04-26 18:48:15,31
96,Check plane,1970-04-26 18:48:16,32
97,Decide,1970-04-26 18:48:17,32
98,Book plane,1970-04-26 18:48:18,32
99,Check plane,1970-04-26 18:48:19,33
100,Decide,1970-04-26 18:48:20,33
101,Book plane,1970-04-26 18:48:21,33
102,Check hotel,1970-04-26 18:48:22,34
103,Decide,1970-04-26 18:48:23,34
104,Book hotel,1970-04-26 18:48:24,34
105,Check hotel,1970-04-26 18:48:25,35
106,Decide,1970-04-26 18:48:26,35
107,Book plane,1970-04-26 18:48:27,35
108,Check plane,1970-04-26 18:48:28,36
109,Decide,1970-04-26 18:48:29,36
110,Book plane,1970-04-26 18:48:30,36
111,Check hotel,1970-04-26 18:48:31,37
112,Decide,1970-04-26 18:48:32,37
113,Book plane,1970-04-26 18:48:33,37
114,Check hotel,1970-04-26 18:48:34,38
115,Decide,1970-04-26 18:48:35,38
116,Book hotel,1970-04-26 18:48:36,38
117,Check hotel,1970-04-26 18:48:37,39
118,Decide,1970-04-26 18:48:38,39
119,Book hotel,1970-04-26 18:48:39,39
120,Check plane,1970-04-26 18:48:40,40
121,Decide,1970-04-26 18:48:41,40
122,Book hotel,1970-04-26 18:48:42,40
123,Check plane,1970-04-26 18:48:43,41
124,Decide,1970-04-26 18:48:44,41
125,Book hotel,1970-04-26 18:48:45,41
126,Check hotel,1970-04-26 18:48:46,42
127,Decide,1970-04-26 18:48:47,42
128,Book plane,1970-04-26 18:48:48,42
129,Check hotel,1970-04-26 18:48:49,43
130,Decide,1970-04-26 18:48:50,43
131,Book hotel,1970-04-26 18:48:51,43
132,Check plane,1970-04-26 18:48:52,44
133,Decide,1970-04-26 18:48:53,44
134,Book plane,1970-04-26 18:48:54,44
135,Check hotel,1970-04-26 18:48:55,45
136,Decide,1970-04-26 18:48:56,45
137,Book hotel,1970-04-26 18:48:57,45
138,Check hotel,1970-04-26 18:48:58,46
139,Decide,1970-04-26 18:48:59,46
140,Book plane,1970-04-26 18:49:00,46
141,Check plane,1970-04-26 18:49:01,47
142,Decide,1970-04-26 18:49:02,47
143,Book plane,1970-04-26 18:49:03,47
144,Check plane,1970-04-26 18:49:04,48
145,Decide,1970-04-26 18:49:05,48
146,Book plane,1970-04-26 18:49:06,48
147,Check hotel,1970-04-26 18:49:07,49
148,Decide,1970-04-26 18:49:08,49
149,Book hotel,1970-04-26 18:49:09,49
150,Check hotel,1970-04-26 18:49:10,50
151,Decide,1970-04-26 18:49:11,50
152,Book hotel,1970-04-26 18:49:12,50
153,Check hotel,1970-04-26 18:49:13,51
154,Decide,1970-04-26 18:49:14,51
155,Book plane,1970-04-26 18:49:15,51
156,Check hotel,1970-04-26 18:49:16,52
157,Decide,1970-04-26 18:49:17,52
158,Book hotel,1970-04-26 18:49:18,52
159,Check plane,1970-04-26 18:49:19,53
160,Decide,1970-04-26 18:49:20,53
161,Book hotel,1970-04-26 18:49:21,53
162,Check hotel,1970-04-26 18:49:22,54
163,Decide,1970-04-26 18:49:23,54
164,Book plane,1970-04-26 18:49:24,54
165,Check hotel,1970-04-26 18:49:25,55
166,Decide,1970-04-26 18:49:26,55
167,Book plane,1970-04-26 18:49:27,55
168,Check plane,1970-04-26 18:49:28,56
169,Decide,1970-04-26 18:49:29,56
170,Book hotel,1970-04-26 18:49:30,56
171,Check plane,1970-04-26 18:49:31,57
172,Decide,1970-04-26 18:49:32,57
173,Book hotel,1970-04-26 18:49:33,57
174,Check hotel,1970-04-26 18:49:34,58
175,Decide,1970-04-26 18:49:35,58
176,Book hotel,1970-04-26 18:49:36,58
177,Check hotel,1970-04-26 18:49:37,59
178,Decide,1970-04-26 18:49:38,59
179,Book hotel,1970-04-26 18:49:39,59
180,Check hotel,1970-04-26 18:49:40,60
181,Decide,1970-04-26 18:49:41,60
182,Book hotel,1970-04-26 18:49:42,60
183,Check plane,1970-04-26 18:49:43,61
184,Decide,1970-04-26 18:49:44,61
185,Book hotel,1970-04-26 18:49:45,61
186,Check hotel,1970-04-26 18:49:46,62
187,Decide,1970-04-26 18:49:47,62
188,Book hotel,1970-04-26 18:49:48,62
189,Check hotel,1970-04-26 18:49:49,63
190,Decide,1970-04-26 18:49:50,63
191,Book plane,1970-04-26 18:49:51,63
192,Check hotel,1970-04-26 18:49:52,64
193,Decide,1970-04-26 18:49:53,64
194,Book plane,1970-04-26 18:49:54,64
195,Check hotel,1970-04-26 18:49:55,65
196,Decide,1970-04-26 18:49:56,65
197,Book hotel,1970-04-26 18:49:57,65
198,Check hotel,1970-04-26 18:49:58,66
199,Decide,1970-04-26 18:49:59,66
200,Book hotel,1970-04-26 18:50:00,66
201,Check plane,1970-04-26 18:50:01,67
202,Decide,1970-04-26 18:50:02,67
203,Book plane,1970-04-26 18:50:03,67
204,Check plane,1970-04-26 18:50:04,68
205,Decide,1970-04-26 18:50:05,68
206,Book plane,1970-04-26 18:50:06,68
207,Check plane,1970-04-26 18:50:07,69
208,Decide,1970-04-26 18:50:08,69
209,Book plane,1970-04-26 18:50:09,69
210,Check hotel,1970-04-26 18:50:10,70
211,Decide,1970-04-26 18:50:11,70
212,Book plane,1970-04-26 18:50:12,70
213,Check plane,1970-04-26 18:50:13,71
214,Decide,1970-04-26 18:50:14,71
215,Book plane,1970-04-26 18:50:15,71
216,Check hotel,1970-04-26 18:50:16,72
217,Decide,1970-04-26 18:50:17,72
218,Book hotel,1970-04-26 18:50:18,72
219,Check hotel,1970-04-26 18:50:19,73
220,Decide,1970-04-26 18:50:20,73
221,Book plane,1970-04-26 18:50:21,73
222,Check hotel,1970-04-26 18:50:22,74
223,Decide,1970-04-26 18:50:23,74
224,Book hotel,1970-04-26 18:50:24,74
225,Check hotel,1970-04-26 18:50:25,75
226,Decide,1970-04-26 18:50:26,75
227,Book plane,1970-04-26 18:50:27,75
228,Check hotel,1970-04-26 18:50:28,76
229,Decide,1970-04-26 18:50:29,76
230,Book hotel,1970-04-26 18:50:30,76
231,Check plane,1970-04-26 18:50:31,77
232,Decide,1970-04-26 18:50:32,77
233,Book hotel,1970-04-26 18:50:33,77
234,Check hotel,1970-04-26 18:50:34,78
235,Decide,1970-04-26 18:50:35,78
236,Book plane,1970-04-26 18:50:36,78
237,Check plane,1970-04-26 18:50:37,79
238,Decide,1970-04-26 18:50:38,79
239,Book hotel,1970-04-26 18:50:39,79
240,Check plane,1970-04-26 18:50:40,80
241,Decide,1970-04-26 18:50:41,80
242,Book plane,1970-04-26 18:50:42,80
243,Check hotel,1970-04-26 18:50:43,81
244,Decide,1970-04-26 18:50:44,81
245,Book plane,1970-04-26 18:50:45,81
246,Check hotel,1970-04-26 18:50:46,82
247,Decide,1970-04-26 18:50:47,82
248,Book hotel,1970-04-26 18:50:48,82
249,Check plane,1970-04-26 18:50:49,83
250,Decide,1970-04-26 18:50:50,83
251,Book plane,1970-04-26 18:50:51,83
252,Check plane,1970-04-26 18:50:52,84
253,Decide,1970-04-26 18:50:53,84
254,Book plane,1970-04-26 18:50:54,84
255,Check plane,1970-04-26 18:50:55,85
256,Decide,1970-04-26 18:50:56,85
257,Book hotel,1970-04-26 18:50:57,85
258,Check plane,1970-04-26 18:50:58,86
259,Decide,1970-04-26 18:50:59,86
260,Book plane,1970-04-26 18:51:00,86
261,Check hotel,1970-04-26 18:51:01,87
262,Decide,1970-04-26 18:51:02,87
263,Book hotel,1970-04-26 18:51:03,87
264,Check plane,1970-04-26 18:51:04,88
265,Decide,1970-04-26 18:51:05,88
266,Book hotel,1970-04-26 18:51:06,88
267,Check hotel,1970-04-26 18:51:07,89
268,Decide,1970-04-26 18:51:08,89
269,Book hotel,1970-04-26 18:51:09,89
270,Check plane,1970-04-26 18:51:10,90
271,Decide,1970-04-26 18:51:11,90
272,Book plane,1970-04-26 18:51:12,90
273,Check hotel,1970-04-26 18:51:13,91
274,Decide,1970-04-26 18:51:14,91
275,Book hotel,1970-04-26 18:51:15,91
276,Check hotel,1970-04-26 18:51:16,92
277,Decide,1970-04-26 18:51:17,92
278,Book hotel,1970-04-26 18:51:18,92
279,Check plane,1970-04-26 18:51:19,93
280,Decide,1970-04-26 18:51:20,93
281,Book plane,1970-04-26 18:51:21,93
282,Check plane,1970-04-26 18:51:22,94
283,Decide,1970-04-26 18:51:23,94
284,Book hotel,1970-04-26 18:51:24,94
285,Check hotel,1970-04-26 18:51:25,95
286,Decide,1970-04-26 18:51:26,95
287,Book hotel,1970-04-26 18:51:27,95
288,Check hotel,1970-04-26 18:51:28,96
289,Decide,1970-04-26 18:51:29,96
290,Book plane,1970-04-26 18:51:30,96
291,Check hotel,1970-04-26 18:51:31,97
292,Decide,1970-04-26 18:51:32,97
293,Book plane,1970-04-26 18:51:33,97
294,Check plane,1970-04-26 18:51:34,98
295,Decide,1970-04-26 18:51:35,98
296,Book plane,1970-04-26 18:51:36,98
297,Check hotel,1970-04-26 18:51:37,99
298,Decide,1970-04-26 18:51:38,99
299,Book plane,1970-04-26 18:51:39,99
300,Check plane,1970-04-26 18:51:40,100
301,Decide,1970-04-26 18:51:41,100
302,Book hotel,1970-04-26 18:51:42,100
303,Check hotel,1970-04-26 18:51:43,101
304,Decide,1970-04-26 18:51:44,101
305,Book plane,1970-04-26 18:51:45,101
306,Check plane,1970-04-26 18:51:46,102
307,Decide,1970-04-26 18:51:47,102
308,Book hotel,1970-04-26 18:51:48,102
309,Check hotel,1970-04-26 18:51:49,103
310,Decide,1970-04-26 18:51:50,103
311,Book plane,1970-04-26 18:51:51,103
312,Check plane,1970-04-26 18:51:52,104
313,Decide,1970-04-26 18:51:53,104
314,Book plane,1970-04-26 18:51:54,104
315,Check plane,1970-04-26 18:51:55,105
316,Decide,1970-04-26 18:51:56,105
317,Book plane,1970-04-26 18:51:57,105
318,Check plane,1970-04-26 18:51:58,106
319,Decide,1970-04-26 18:51:59,106
320,Book hotel,1970-04-26 18:52:00,106
321,Check plane,1970-04-26 18:52:01,107
322,Decide,1970-04-26 18:52:02,107
323,Book hotel,1970-04-26 18:52:03,107
324,Check plane,1970-04-26 18:52:04,108
325,Decide,1970-04-26 18:52:05,108
326,Book plane,1970-04-26 18:52:06,108
327,Check hotel,1970-04-26 18:52:07,109
328,Decide,1970-04-26 18:52:08,109
329,Book hotel,1970-04-26 18:52:09,109
330,Check hotel,1970-04-26 18:52:10,110
331,Decide,1970-04-26 18:52:11,110
332,Book plane,1970-04-26 18:52:12,110
333,Check hotel,1970-04-26 18:52:13,111
334,Decide,1970-04-26 18:52:14,111
335,Book hotel,1970-04-26 18:52:15,111
336,Check hotel,1970-04-26 18:52:16,112
337,Decide,1970-04-26 18:52:17,112
338,Book hotel,1970-04-26 18:52:18,112
339,Check plane,1970-04-26 18:52:19,113
340,Decide,1970-04-26 18:52:20,113
341,Book plane,1970-04-26 18:52:21,113
342,Check plane,1970-04-26 18:52:22,114
343,Decide,1970-04-26 18:52:23,114
344,Book plane,1970-04-26 18:52:24,114
345,Check hotel,1970-04-26 18:52:25,115
346,Decide,1970-04-26 18:52:26,115
347,Book hotel,1970-04-26 18:52:27,115
348,Check plane,1970-04-26 18:52:28,116
349,Decide,1970-04-26 18:52:29,116
350,Book hotel,1970-04-26 18:52:30,116
351,Check hotel,1970-04-26 18:52:31,117
352,Decide,1970-04-26 18:52:32,117
353,Book plane,1970-04-26 18:52:33,117
354,Check plane,1970-04-26 18:52:34,118
355,Decide,1970-04-26 18:52:35,118
356,Book hotel,1970-04-26 18:52:36,118
357,Check plane,1970-04-26 18:52:37,119
358,Decide,1970-04-26 18:52:38,119
359,Book hotel,1970-04-26 18:52:39,119
360,Check plane,1970-04-26 18:52:40,120
361,Decide,1970-04-26 18:52:41,120
362,Book hotel,1970-04-26 18:52:42,120
363,Check plane,1970-04-26 18:52:43,121
364,Decide,1970-04-26 18:52:44,121
365,Book plane,1970-04-26 18:52:45,121
366,Check hotel,1970-04-26 18:52:46,122
367,Decide,1970-04-26 18:52:47,122
368,Book hotel,1970-04-26 18:52:48,122
369,Check plane,1970-04-26 18:52:49,123
370,Decide,1970-04-26 18:52:50,123
371,Book hotel,1970-04-26 18:52:51,123
372,Check plane,1970-04-26 18:52:52,124
373,Decide,1970-04-26 18:52:53,124
374,Book hotel,1970-04-26 18:52:54,124
375,Check hotel,1970-04-26 18:52:55,125
376,Decide,1970-04-26 18:52:56,125
377,Book plane,1970-04-26 18:52:57,125
378,Check plane,1970-04-26 18:52:58,126
379,Decide,1970-04-26 18:52:59,126
380,Book hotel,1970-04-26 18:53:00,126
381,Check hotel,1970-04-26 18:53:01,127
382,Decide,1970-04-26 18:53:02,127
383,Book plane,1970-04-26 18:53:03,127
384,Check hotel,1970-04-26 18:53:04,128
385,Decide,1970-04-26 18:53:05,128
386,Book hotel,1970-04-26 18:53:06,128
387,Check hotel,1970-04-26 18:53:07,129
388,Decide,1970-04-26 18:53:08,129
389,Book hotel,1970-04-26 18:53:09,129
390,Check plane,1970-04-26 18:53:10,130
391,Decide,1970-04-26 18:53:11,130
392,Book plane,1970-04-26 18:53:12,130
393,Check plane,1970-04-26 18:53:13,131
394,Decide,1970-04-26 18:53:14,131
395,Book hotel,1970-04-26 18:53:15,131
396,Check plane,1970-04-26 18:53:16,132
397,Decide,1970-04-26 18:53:17,132
398,Book plane,1970-04-26 18:53:18,132
399,Check hotel,1970-04-26 18:53:19,133
400,Decide,1970-04-26 18:53:20,133
401,Book hotel,1970-04-26 18:53:21,133
402,Check hotel,1970-04-26 18:53:22,134
403,Decide,1970-04-26 18:53:23,134
404,Book plane,1970-04-26 18:53:24,134
405,Check plane,1970-04-26 18:53:25,135
406,Decide,1970-04-26 18:53:26,135
407,Book hotel,1970-04-26 18:53:27,135
408,Check hotel,1970-04-26 18:53:28,136
409,Decide,1970-04-26 18:53:29,136
410,Book hotel,1970-04-26 18:53:30,136
411,Check hotel,1970-04-26 18:53:31,137
412,Decide,1970-04-26 18:53:32,137
413,Book plane,1970-04-26 18:53:33,137
414,Check plane,1970-04-26 18:53:34,138
415,Decide,1970-04-26 18:53:35,138
416,Book hotel,1970-04-26 18:53:36,138
417,Check plane,1970-04-26 18:53:37,139
418,Decide,1970-04-26 18:53:38,139
419,Book hotel,1970-04-26 18:53:39,139
420,Check plane,1970-04-26 18:53:40,140
421,Decide,1970-04-26 18:53:41,140
422,Book plane,1970-04-26 18:53:42,140
423,Check plane,1970-04-26 18:53:43,141
424,Decide,1970-04-26 18:53:44,141
425,Book hotel,1970-04-26 18:53:45,141
426,Check hotel,1970-04-26 18:53:46,142
427,Decide,1970-04-26 18:53:47,142
428,Book hotel,1970-04-26 18:53:48,142
429,Check plane,1970-04-26 18:53:49,143
430,Decide,1970-04-26 18:53:50,143
431,Book hotel,1970-04-26 18:53:51,143
432,Check hotel,1970-04-26 18:53:52,144
433,Decide,1970-04-26 18:53:53,144
434,Book plane,1970-04-26 18:53:54,144
435,Check hotel,1970-04-26 18:53:55,145
436,Decide,1970-04-26 18:53:56,145
437,Book plane,1970-04-26 18:53:57,145
438,Check plane,1970-04-26 18:53:58,146
439,Decide,1970-04-26 18:53:59,146
440,Book plane,1970-04-26 18:54:00,146
441,Check plane,1970-04-26 18:54:01,147
442,Decide,1970-04-26 18:54:02,147
443,Book hotel,1970-04-26 18:54:03,147
444,Check hotel,1970-04-26 18:54:04,148
445,Decide,1970-04-26 18:54:05,148
446,Book hotel,1970-04-26 18:54:06,148
447,Check hotel,1970-04-26 18:54:07,149
448,Decide,1970-04-26 18:54:08,149
449,Book hotel,1970-04-26 18:54:09,149
450,Check plane,1970-04-26 18:54:10,150
451,Decide,1970-04-26 18:54:11,150
452,Book hotel,1970-04-26 18:54:12,150
453,Check plane,1970-04-26 18:54:13,151
454,Decide,1970-04-26 18:54:14,151
455,Book hotel,1970-04-26 18:54:15,151
456,Check hotel,1970-04-26 18:54:16,152
457,Decide,1970-04-26 18:54:17,152
458,Book plane,1970-04-26 18:54:18,152
459,Check plane,1970-04-26 18:54:19,153
460,Decide,1970-04-26 18:54:20,153
461,Book plane,1970-04-26 18:54:21,153
462,Check plane,1970-04-26 18:54:22,154
463,Decide,1970-04-26 18:54:23,154
464,Book hotel,1970-04-26 18:54:24,154
465,Check plane,1970-04-26 18:54:25,155
466,Decide,1970-04-26 18:54:26,155
467,Book hotel,1970-04-26 18:54:27,155
468,Check hotel,1970-04-26 18:54:28,156
469,Decide,1970-04-26 18:54:29,156
470,Book plane,1970-04-26 18:54:30,156
471,Check plane,1970-04-26 18:54:31,157
472,Decide,1970-04-26 18:54:32,157
473,Book hotel,1970-04-26 18:54:33,157
474,Check hotel,1970-04-26 18:54:34,158
475,Decide,1970-04-26 18:54:35,158
476,Book plane,1970-04-26 18:54:36,158
477,Check plane,1970-04-26 18:54:37,159
478,Decide,1970-04-26 18:54:38,159
479,Book hotel,1970-04-26 18:54:39,159
480,Check plane,1970-04-26 18:54:40,160
481,Decide,1970-04-26 18:54:41,160
482,Book plane,1970-04-26 18:54:42,160
483,Check plane,1970-04-26 18:54:43,161
484,Decide,1970-04-26 18:54:44,161
485,Book hotel,1970-04-26 18:54:45,161
486,Check hotel,1970-04-26 18:54:46,162
487,Decide,1970-04-26 18:54:47,162
488,Book hotel,1970-04-26 18:54:48,162
489,Check plane,1970-04-26 18:54:49,163
490,Decide,1970-04-26 18:54:50,163
491,Book hotel,1970-04-26 18:54:51,163
492,Check plane,1970-04-26 18:54:52,164
493,Decide,1970-04-26 18:54:53,164
494,Book hotel,1970-04-26 18:54:54,164
495,Check plane,1970-04-26 18:54:55,165
496,Decide,1970-04-26 18:54:56,165
497,Book plane,1970-04-26 18:54:57,165
498,Check plane,1970-04-26 18:54:58,166
499,Decide,1970-04-26 18:54:59,166
500,Book plane,1970-04-26 18:55:00,166
501,Check plane,1970-04-26 18:55:01,167
502,Decide,1970-04-26 18:55:02,167
503,Book plane,1970-04-26 18:55:03,167
504,Check hotel,1970-04-26 18:55:04,168
505,Decide,1970-04-26 18:55:05,168
506,Book hotel,1970-04-26 18:55:06,168
507,Check plane,1970-04-26 18:55:07,169
508,Decide,1970-04-26 18:55:08,169
509,Book hotel,1970-04-26 18:55:09,169
510,Check plane,1970-04-26 18:55:10,170
511,Decide,1970-04-26 18:55:11,170
512,Book hotel,1970-04-26 18:55:12,170
513,Check plane,1970-04-26 18:55:13,171
514,Decide,1970-04-26 18:55:14,171
515,Book hotel,1970-04-26 18:55:15,171
516,Check plane,1970-04-26 18:55:16,172
517,Decide,1970-04-26 18:55:17,172
518,Book plane,1970-04-26 18:55:18,172
519,Check plane,1970-04-26 18:55:19,173
520,Decide,1970-04-26 18:55:20,173
521,Book hotel,1970-04-26 18:55:21,173
522,Check plane,1970-04-26 18:55:22,174
523,Decide,1970-04-26 18:55:23,174
524,Book plane,1970-04-26 18:55:24,174
525,Check hotel,1970-04-26 18:55:25,175
526,Decide,1970-04-26 18:55:26,175
527,Book hotel,1970-04-26 18:55:27,175
528,Check plane,1970-04-26 18:55:28,176
529,Decide,1970-04-26 18:55:29,176
530,Book plane,1970-04-26 18:55:30,176
531,Check plane,1970-04-26 18:55:31,177
532,Decide,1970-04-26 18:55:32,177
533,Book plane,1970-04-26 18:55:33,177
534,Check plane,1970-04-26 18:55:34,178
535,Decide,1970-04-26 18:55:35,178
536,Book hotel,1970-04-26 18:55:36,178
537,Check plane,1970-04-26 18:55:37,179
538,Decide,1970-04-26 18:55:38,179
539,Book hotel,1970-04-26 18:55:39,179
540,Check plane,1970-04-26 18:55:40,180
541,Decide,1970-04-26 18:55:41,180
542,Book plane,1970-04-26 18:55:42,180
543,Check hotel,1970-04-26 18:55:43,181
544,Decide,1970-04-26 18:55:44,181
545,Book hotel,1970-04-26 18:55:45,181
546,Check plane,1970-04-26 18:55:46,182
547,Decide,1970-04-26 18:55:47,182
548,Book plane,1970-04-26 18:55:48,182
549,Check plane,1970-04-26 18:55:49,183
550,Decide,1970-04-26 18:55:50,183
551,Book hotel,1970-04-26 18:55:51,183
552,Check plane,1970-04-26 18:55:52,184
553,Decide,1970-04-26 18:55:53,184
554,Book plane,1970-04-26 18:55:54,184
555,Check plane,1970-04-26 18:55:55,185
556,Decide,1970-04-26 18:55:56,185
557,Book plane,1970-04-26 18:55:57,185
558,Check hotel,1970-04-26 18:55:58,186
559,Decide,1970-04-26 18:55:59,186
560,Book hotel,1970-04-26 18:56:00,186
561,Check plane,1970-04-26 18:56:01,187
562,Decide,1970-04-26 18:56:02,187
563,Book plane,1970-04-26 18:56:03,187
564,Check plane,1970-04-26 18:56:04,188
565,Decide,1970-04-26 18:56:05,188
566,Book hotel,1970-04-26 18:56:06,188
567,Check hotel,1970-04-26 18:56:07,189
568,Decide,1970-04-26 18:56:08,189
569,Book plane,1970-04-26 18:56:09,189
570,Check plane,1970-04-26 18:56:10,190
571,Decide,1970-04-26 18:56:11,190
572,Book plane,1970-04-26 18:56:12,190
573,Check plane,1970-04-26 18:56:13,191
574,Decide,1970-04-26 18:56:14,191
575,Book hotel,1970-04-26 18:56:15,191
576,Check hotel,1970-04-26 18:56:16,192
577,Decide,1970-04-26 18:56:17,192
578,Book hotel,1970-04-26 18:56:18,192
579,Check plane,1970-04-26 18:56:19,193
580,Decide,1970-04-26 18:56:20,193
581,Book hotel,1970-04-26 18:56:21,193
582,Check plane,1970-04-26 18:56:22,194
583,Decide,1970-04-26 18:56:23,194
584,Book hotel,1970-04-26 18:56:24,194
585,Check hotel,1970-04-26 18:56:25,195
586,Decide,1970-04-26 18:56:26,195
587,Book hotel,1970-04-26 18:56:27,195
588,Check plane,1970-04-26 18:56:28,196
589,Decide,1970-04-26 18:56:29,196
590,Book hotel,1970-04-26 18:56:30,196
591,Check hotel,1970-04-26 18:56:31,197
592,Decide,1970-04-26 18:56:32,197
593,Book plane,1970-04-26 18:56:33,197
594,Check plane,1970-04-26 18:56:34,198
595,Decide,1970-04-26 18:56:35,198
596,Book hotel,1970-04-26 18:56:36,198
597,Check plane,1970-04-26 18:56:37,199
598,Decide,1970-04-26 18:56:38,199
599,Book hotel,1970-04-26 18:56:39,199
600,Check hotel,1970-04-26 18:56:40,200
601,Decide,1970-04-26 18:56:41,200
602,Book plane,1970-04-26 18:56:42,200
603,Check hotel,1970-04-26 18:56:43,201
604,Decide,1970-04-26 18:56:44,201
605,Book plane,1970-04-26 18:56:45,201
606,Check hotel,1970-04-26 18:56:46,202
607,Decide,1970-04-26 18:56:47,202
608,Book plane,1970-04-26 18:56:48,202
609,Check plane,1970-04-26 18:56:49,203
610,Decide,1970-04-26 18:56:50,203
611,Book plane,1970-04-26 18:56:51,203
612,Check plane,1970-04-26 18:56:52,204
613,Decide,1970-04-26 18:56:53,204
614,Book hotel,1970-04-26 18:56:54,204
615,Check plane,1970-04-26 18:56:55,205
616,Decide,1970-04-26 18:56:56,205
617,Book plane,1970-04-26 18:56:57,205
618,Check plane,1970-04-26 18:56:58,206
619,Decide,1970-04-26 18:56:59,206
620,Book hotel,1970-04-26 18:57:00,206
621,Check plane,1970-04-26 18:57:01,207
622,Decide,1970-04-26 18:57:02,207
623,Book plane,1970-04-26 18:57:03,207
624,Check plane,1970-04-26 18:57:04,208
625,Decide,1970-04-26 18:57:05,208
626,Book plane,1970-04-26 18:57:06,208
627,Check hotel,1970-04-26 18:57:07,209
628,Decide,1970-04-26 18:57:08,209
629,Book hotel,1970-04-26 18:57:09,209
630,Check plane,1970-04-26 18:57:10,210
631,Decide,1970-04-26 18:57:11,210
632,Book plane,1970-04-26 18:57:12,210
633,Check hotel,1970-04-26 18:57:13,211
634,Decide,1970-04-26 18:57:14,211
635,Book plane,1970-04-26 18:57:15,211
636,Check hotel,1970-04-26 18:57:16,212
637,Decide,1970-04-26 18:57:17,212
638,Book plane,1970-04-26 18:57:18,212
639,Check plane,1970-04-26 18:57:19,213
640,Decide,1970-04-26 18:57:20,213
641,Book plane,1970-04-26 18:57:21,213
642,Check hotel,1970-04-26 18:57:22,214
643,Decide,1970-04-26 18:57:23,214
644,Book plane,1970-04-26 18:57:24,214
645,Check hotel,1970-04-26 18:57:25,215
646,Decide,1970-04-26 18:57:26,215
647,Book plane,1970-04-26 18:57:27,215
648,Check hotel,1970-04-26 18:57:28,216
649,Decide,1970-04-26 18:57:29,216
650,Book plane,1970-04-26 18:57:30,216
651,Check plane,1970-04-26 18:57:31,217
652,Decide,1970-04-26 18:57:32,217
653,Book plane,1970-04-26 18:57:33,217
654,Check hotel,1970-04-26 18:57:34,218
655,Decide,1970-04-26 18:57:35,218
656,Book hotel,1970-04-26 18:57:36,218
657,Check hotel,1970-04-26 18:57:37,219
658,Decide,1970-04-26 18:57:38,219
659,Book hotel,1970-04-26 18:57:39,219
660,Check hotel,1970-04-26 18:57:40,220
661,Decide,1970-04-26 18:57:41,220
662,Book plane,1970-04-26 18:57:42,220
663,Check plane,1970-04-26 18:57:43,221
664,Decide,1970-04-26 18:57:44,221
665,Book hotel,1970-04-26 18:57:45,221
666,Check hotel,1970-04-26 18:57:46,222
667,Decide,1970-04-26 18:57:47,222
668,Book plane,1970-04-26 18:57:48,222
669,Check hotel,1970-04-26 18:57:49,223
670,Decide,1970-04-26 18:57:50,223
671,Book plane,1970-04-26 18:57:51,223
672,Check hotel,1970-04-26 18:57:52,224
673,Decide,1970-04-26 18:57:53,224
674,Book plane,1970-04-26 18:57:54,224
675,Check plane,1970-04-26 18:57:55,225
676,Decide,1970-04-26 18:57:56,225
677,Book plane,1970-04-26 18:57:57,225
678,Check hotel,1970-04-26 18:57:58,226
679,Decide,1970-04-26 18:57:59,226
680,Book hotel,1970-04-26 18:58:00,226
681,Check hotel,1970-04-26 18:58:01,227
682,Decide,1970-04-26 18:58:02,227
683,Book plane,1970-04-26 18:58:03,227
684,Check hotel,1970-04-26 18:58:04,228
685,Decide,1970-04-26 18:58:05,228
686,Book hotel,1970-04-26 18:58:06,228
687,Check plane,1970-04-26 18:58:07,229
688,Decide,1970-04-26 18:58:08,229
689,Book plane,1970-04-26 18:58:09,229
690,Check hotel,1970-04-26 18:58:10,230
691,Decide,1970-04-26 18:58:11,230
692,Book plane,1970-04-26 18:58:12,230
693,Check plane,1970-04-26 18:58:13,231
694,Decide,1970-04-26 18:58:14,231
695,Book hotel,1970-04-26 18:58:15,231
696,Check plane,1970-04-26 18:58:16,232
697,Decide,1970-04-26 18:58:17,232
698,Book hotel,1970-04-26 18:58:18,232
699,Check hotel,1970-04-26 18:58:19,233
700,Decide,1970-04-26 18:58:20,233
701,Book plane,1970-04-26 18:58:21,233
702,Check plane,1970-04-26 18:58:22,234
703,Decide,1970-04-26 18:58:23,234
704,Book hotel,1970-04-26 18:58:24,234
705,Check plane,1970-04-26 18:58:25,235
706,Decide,1970-04-26 18:58:26,235
707,Book plane,1970-04-26 18:58:27,235
708,Check hotel,1970-04-26 18:58:28,236
709,Decide,1970-04-26 18:58:29,236
710,Book plane,1970-04-26 18:58:30,236
711,Check plane,1970-04-26 18:58:31,237
712,Decide,1970-04-26 18:58:32,237
713,Book hotel,1970-04-26 18:58:33,237
714,Check hotel,1970-04-26 18:58:34,238
715,Decide,1970-04-26 18:58:35,238
716,Book plane,1970-04-26 18:58:36,238
717,Check hotel,1970-04-26 18:58:37,239
718,Decide,1970-04-26 18:58:38,239
719,Book hotel,1970-04-26 18:58:39,239
720,Check hotel,1970-04-26 18:58:40,240
721,Decide,1970-04-26 18:58:41,240
722,Book hotel,1970-04-26 18:58:42,240
723,Check hotel,1970-04-26 18:58:43,241
724,Decide,1970-04-26 18:58:44,241
725,Book hotel,1970-04-26 18:58:45,241
726,Check hotel,1970-04-26 18:58:46,242
727,Decide,1970-04-26 18:58:47,242
728,Book hotel,1970-04-26 18:58:48,242
729,Check hotel,1970-04-26 18:58:49,243
730,Decide,1970-04-26 18:58:50,243
731,Book hotel,1970-04-26 18:58:51,243
732,Check hotel,1970-04-26 18:58:52,244
733,Decide,1970-04-26 18:58:53,244
734,Book hotel,1970-04-26 18:58:54,244
735,Check hotel,1970-04-26 18:58:55,245
736,Decide,1970-04-26 18:58:56,245
737,Book plane,1970-04-26 18:58:57,245
738,Check plane,1970-04-26 18:58:58,246
739,Decide,1970-04-26 18:58:59,246
740,Book plane,1970-04-26 18:59:00,246
741,Check hotel,1970-04-26 18:59:01,247
742,Decide,1970-04-26 18:59:02,247
743,Book plane,1970-04-26 18:59:03,247
744,Check hotel,1970-04-26 18:59:04,248
745,Decide,1970-04-26 18:59:05,248
746,Book plane,1970-04-26 18:59:06,248
747,Check hotel,1970-04-26 18:59:07,249
748,Decide,1970-04-26 18:59:08,249
749,Book hotel,1970-04-26 18:59:09,249
750,Check plane,1970-04-26 18:59:10,250
751,Decide,1970-04-26 18:59:11,250
752,Book hotel,1970-04-26 18:59:12,250
753,Check hotel,1970-04-26 18:59:13,251
754,Decide,1970-04-26 18:59:14,251
755,Book plane,1970-04-26 18:59:15,251
756,Check hotel,1970-04-26 18:59:16,252
757,Decide,1970-04-26 18:59:17,252
758,Book plane,1970-04-26 18:59:18,252
759,Check plane,1970-04-26 18:59:19,253
760,Decide,1970-04-26 18:59:20,253
761,Book hotel,1970-04-26 18:59:21,253
762,Check hotel,1970-04-26 18:59:22,254
763,Decide,1970-04-26 18:59:23,254
764,Book plane,1970-04-26 18:59:24,254
765,Check hotel,1970-04-26 18:59:25,255
766,Decide,1970-04-26 18:59:26,255
767,Book hotel,1970-04-26 18:59:27,255
768,Check plane,1970-04-26 18:59:28,256
769,Decide,1970-04-26 18:59:29,256
770,Book hotel,1970-04-26 18:59:30,256
771,Check plane,1970-04-26 18:59:31,257
772,Decide,1970-04-26 18:59:32,257
773,Book plane,1970-04-26 18:59:33,257
774,Check plane,1970-04-26 18:59:34,258
775,Decide,1970-04-26 18:59:35,258
776,Book plane,1970-04-26 18:59:36,258
777,Check plane,1970-04-26 18:59:37,259
778,Decide,1970-04-26 18:59:38,259
779,Book plane,1970-04-26 18:59:39,259
780,Check plane,1970-04-26 18:59:40,260
781,Decide,1970-04-26 18:59:41,260
782,Book hotel,1970-04-26 18:59:42,260
783,Check hotel,1970-04-26 18:59:43,261
784,Decide,1970-04-26 18:59:44,261
785,Book plane,1970-04-26 18:59:45,261
786,Check hotel,1970-04-26 18:59:46,262
787,Decide,1970-04-26 18:59:47,262
788,Book hotel,1970-04-26 18:59:48,262
789,Check plane,1970-04-26 18:59:49,263
790,Decide,1970-04-26 18:59:50,263
791,Book hotel,1970-04-26 18:59:51,263
792,Check plane,1970-04-26 18:59:52,264
793,Decide,1970-04-26 18:59:53,264
794,Book plane,1970-04-26 18:59:54,264
795,Check hotel,1970-04-26 18:59:55,265
796,Decide,1970-04-26 18:59:56,265
797,Book plane,1970-04-26 18:59:57,265
798,Check plane,1970-04-26 18:59:58,266
799,Decide,1970-04-26 18:59:59,266
800,Book hotel,1970-04-26 19:00:00,266
801,Check plane,1970-04-26 19:00:01,267
802,Decide,1970-04-26 19:00:02,267
803,Book hotel,1970-04-26 19:00:03,267
804,Check hotel,1970-04-26 19:00:04,268
805,Decide,1970-04-26 19:00:05,268
806,Book hotel,1970-04-26 19:00:06,268
807,Check plane,1970-04-26 19:00:07,269
808,Decide,1970-04-26 19:00:08,269
809,Book plane,1970-04-26 19:00:09,269
810,Check hotel,1970-04-26 19:00:10,270
811,Decide,1970-04-26 19:00:11,270
812,Book plane,1970-04-26 19:00:12,270
813,Check hotel,1970-04-26 19:00:13,271
814,Decide,1970-04-26 19:00:14,271
815,Book plane,1970-04-26 19:00:15,271
816,Check hotel,1970-04-26 19:00:16,272
817,Decide,1970-04-26 19:00:17,272
818,Book hotel,1970-04-26 19:00:18,272
819,Check plane,1970-04-26 19:00:19,273
820,Decide,1970-04-26 19:00:20,273
821,Book hotel,1970-04-26 19:00:21,273
822,Check plane,1970-04-26 19:00:22,274
823,Decide,1970-04-26 19:00:23,274
824,Book hotel,1970-04-26 19:00:24,274
825,Check plane,1970-04-26 19:00:25,275
826,Decide,1970-04-26 19:00:26,275
827,Book plane,1970-04-26 19:00:27,275
828,Check hotel,1970-04-26 19:00:28,276
829,Decide,1970-04-26 19:00:29,276
830,Book plane,1970-04-26 19:00:30,276
831,Check hotel,1970-04-26 19:00:31,277
832,Decide,1970-04-26 19:00:32,277
833,Book plane,1970-04-26 19:00:33,277
834,Check plane,1970-04-26 19:00:34,278
835,Decide,1970-04-26 19:00:35,278
836,Book hotel,1970-04-26 19:00:36,278
837,Check hotel,1970-04-26 19:00:37,279
838,Decide,1970-04-26 19:00:38,279
839,Book hotel,1970-04-26 19:00:39,279
840,Check plane,1970-04-26 19:00:40,280
841,Decide,1970-04-26 19:00:41,280
842,Book plane,1970-04-26 19:00:42,280
843,Check plane,1970-04-26 19:00:43,281
844,Decide,1970-04-26 19:00:44,281
845,Book hotel,1970-04-26 19:00:45,281
846,Check plane,1970-04-26 19:00:46,282
847,Decide,1970-04-26 19:00:47,282
848,Book plane,1970-04-26 19:00:48,282
849,Check plane,1970-04-26 19:00:49,283
850,Decide,1970-04-26 19:00:50,283
851,Book hotel,1970-04-26 19:00:51,283
852,Check hotel,1970-04-26 19:00:52,284
853,Decide,1970-04-26 19:00:53,284
854,Book hotel,1970-04-26 19:00:54,284
855,Check hotel,1970-04-26 19:00:55,285
856,Decide,1970-04-26 19:00:56,285
857,Book hotel,1970-04-26 19:00:57,285
858,Check hotel,1970-04-26 19:00:58,286
859,Decide,1970-04-26 19:00:59,286
860,Book hotel,1970-04-26 19:01:00,286
861,Check hotel,1970-04-26 19:01:01,287
862,Decide,1970-04-26 19:01:02,287
863,Book plane,1970-04-26 19:01:03,287
864,Check plane,1970-04-26 19:01:04,288
865,Decide,1970-04-26 19:01:05,288
866,Book hotel,1970-04-26 19:01:06,288
867,Check plane,1970-04-26 19:01:07,289
868,Decide,1970-04-26 19:01:08,289
869,Book hotel,1970-04-26 19:01:09,289
870,Check hotel,1970-04-26 19:01:10,290
871,Decide,1970-04-26 19:01:11,290
872,Book hotel,1970-04-26 19:01:12,290
873,Check plane,1970-04-26 19:01:13,291
874,Decide,1970-04-26 19:01:14,291
875,Book plane,1970-04-26 19:01:15,291
876,Check plane,1970-04-26 19:01:16,292
877,Decide,1970-04-26 19:01:17,292
878,Book plane,1970-04-26 19:01:18,292
879,Check plane,1970-04-26 19:01:19,293
880,Decide,1970-04-26 19:01:20,293
881,Book plane,1970-04-26 19:01:21,293
882,Check plane,1970-04-26 19:01:22,294
883,Decide,1970-04-26 19:01:23,294
884,Book hotel,1970-04-26 19:01:24,294
885,Check hotel,1970-04-26 19:01:25,295
886,Decide,1970-04-26 19:01:26,295
887,Book hotel,1970-04-26 19:01:27,295
888,Check plane,1970-04-26 19:01:28,296
889,Decide,1970-04-26 19:01:29,296
890,Book hotel,1970-04-26 19:01:30,296
891,Check plane,1970-04-26 19:01:31,297
892,Decide,1970-04-26 19:01:32,297
893,Book hotel,1970-04-26 19:01:33,297
894,Check hotel,1970-04-26 19:01:34,298
895,Decide,1970-04-26 19:01:35,298
896,Book plane,1970-04-26 19:01:36,298
897,Check plane,1970-04-26 19:01:37,299
898,Decide,1970-04-26 19:01:38,299
899,Book plane,1970-04-26 19:01:39,299
900,Check plane,1970-04-26 19:01:40,300
901,Decide,1970-04-26 19:01:41,300
902,Book hotel,1970-04-26 19:01:42,300
903,Check plane,1970-04-26 19:01:43,301
904,Decide,1970-04-26 19:01:44,301
905,Book hotel,1970-04-26 19:01:45,301
906,Check plane,1970-04-26 19:01:46,302
907,Decide,1970-04-26 19:01:47,302
908,Book plane,1970-04-26 19:01:48,302
909,Check plane,1970-04-26 19:01:49,303
910,Decide,1970-04-26 19:01:50,303
911,Book plane,1970-04-26 19:01:51,303
912,Check plane,1970-04-26 19:01:52,304
913,Decide,1970-04-26 19:01:53,304
914,Book hotel,1970-04-26 19:01:54,304
915,Check hotel,1970-04-26 19:01:55,305
916,Decide,1970-04-26 19:01:56,305
917,Book hotel,1970-04-26 19:01:57,305
918,Check plane,1970-04-26 19:01:58,306
919,Decide,1970-04-26 19:01:59,306
920,Book plane,1970-04-26 19:02:00,306
921,Check plane,1970-04-26 19:02:01,307
922,Decide,1970-04-26 19:02:02,307
923,Book plane,1970-04-26 19:02:03,307
924,Check hotel,1970-04-26 19:02:04,308
925,Decide,1970-04-26 19:02:05,308
926,Book hotel,1970-04-26 19:02:06,308
927,Check hotel,1970-04-26 19:02:07,309
928,Decide,1970-04-26 19:02:08,309
929,Book hotel,1970-04-26 19:02:09,309
930,Check plane,1970-04-26 19:02:10,310
931,Decide,1970-04-26 19:02:11,310
932,Book hotel,1970-04-26 19:02:12,310
933,Check hotel,1970-04-26 19:02:13,311
934,Decide,1970-04-26 19:02:14,311
935,Book plane,1970-04-26 19:02:15,311
936,Check hotel,1970-04-26 19:02:16,312
937,Decide,1970-04-26 19:02:17,312
938,Book plane,1970-04-26 19:02:18,312
939,Check plane,1970-04-26 19:02:19,313
940,Decide,1970-04-26 19:02:20,313
941,Book plane,1970-04-26 19:02:21,313
942,Check hotel,1970-04-26 19:02:22,314
943,Decide,1970-04-26 19:02:23,314
944,Book plane,1970-04-26 19:02:24,314
945,Check hotel,1970-04-26 19:02:25,315
946,Decide,1970-04-26 19:02:26,315
947,Book hotel,1970-04-26 19:02:27,315
948,Check plane,1970-04-26 19:02:28,316
949,Decide,1970-04-26 19:02:29,316
950,Book plane,1970-04-26 19:02:30,316
951,Check hotel,1970-04-26 19:02:31,317
952,Decide,1970-04-26 19:02:32,317
953,Book plane,1970-04-26 19:02:33,317
954,Check hotel,1970-04-26 19:02:34,318
955,Decide,1970-04-26 19:02:35,318
956,Book plane,1970-04-26 19:02:36,318
957,Check plane,1970-04-26 19:02:37,319
958,Decide,1970-04-26 19:02:38,319
959,Book hotel,1970-04-26 19:02:39,319
960,Check plane,1970-04-26 19:02:40,320
961,Decide,1970-04-26 19:02:41,320
962,Book plane,1970-04-26 19:02:42,320
963,Check hotel,1970-04-26 19:02:43,321
964,Decide,1970-04-26 19:02:44,321
965,Book hotel,1970-04-26 19:02:45,321
966,Check hotel,1970-04-26 19:02:46,322
967,Decide,1970-04-26 19:02:47,322
968,Book hotel,1970-04-26 19:02:48,322
969,Check plane,1970-04-26 19:02:49,323
970,Decide,1970-04-26 19:02:50,323
971,Book plane,1970-04-26 19:02:51,323
972,Check hotel,1970-04-26 19:02:52,324
973,Decide,1970-04-26 19:02:53,324
974,Book hotel,1970-04-26 19:02:54,324
975,Check hotel,1970-04-26 19:02:55,325
976,Decide,1970-04-26 19:02:56,325
977,Book plane,1970-04-26 19:02:57,325
978,Check plane,1970-04-26 19:02:58,326
979,Decide,1970-04-26 19:02:59,326
980,Book plane,1970-04-26 19:03:00,326
981,Check hotel,1970-04-26 19:03:01,327
982,Decide,1970-04-26 19:03:02,327
983,Book plane,1970-04-26 19:03:03,327
984,Check hotel,1970-04-26 19:03:04,328
985,Decide,1970-04-26 19:03:05,328
986,Book hotel,1970-04-26 19:03:06,328
987,Check plane,1970-04-26 19:03:07,329
988,Decide,1970-04-26 19:03:08,329
989,Book hotel,1970-04-26 19:03:09,329
990,Check plane,1970-04-26 19:03:10,330
991,Decide,1970-04-26 19:03:11,330
992,Book plane,1970-04-26 19:03:12,330
993,Check hotel,1970-04-26 19:03:13,331
994,Decide,1970-04-26 19:03:14,331
995,Book plane,1970-04-26 19:03:15,331
996,Check hotel,1970-04-26 19:03:16,332
997,Decide,1970-04-26 19:03:17,332
998,Book plane,1970-04-26 19:03:18,332
999,Check hotel,1970-04-26 19:03:19,333
1000,Decide,1970-04-26 19:03:20,333
1001,Book plane,1970-04-26 19:03:21,333
1002,Check hotel,1970-04-26 19:03:22,334
1003,Decide,1970-04-26 19:03:23,334
1004,Book hotel,1970-04-26 19:03:24,334
1005,Check plane,1970-04-26 19:03:25,335
1006,Decide,1970-04-26 19:03:26,335
1007,Book hotel,1970-04-26 19:03:27,335
1008,Check plane,1970-04-26 19:03:28,336
1009,Decide,1970-04-26 19:03:29,336
1010,Book hotel,1970-04-26 19:03:30,336
1011,Check hotel,1970-04-26 19:03:31,337
1012,Decide,1970-04-26 19:03:32,337
1013,Book hotel,1970-04-26 19:03:33,337
1014,Check plane,1970-04-26 19:03:34,338
1015,Decide,1970-04-26 19:03:35,338
1016,Book plane,1970-04-26 19:03:36,338
1017,Check hotel,1970-04-26 19:03:37,339
1018,Decide,1970-04-26 19:03:38,339
1019,Book hotel,1970-04-26 19:03:39,339
1020,Check plane,1970-04-26 19:03:40,340
1021,Decide,1970-04-26 19:03:41,340
1022,Book hotel,1970-04-26 19:03:42,340
1023,Check hotel,1970-04-26 19:03:43,341
1024,Decide,1970-04-26 19:03:44,341
1025,Book plane,1970-04-26 19:03:45,341
1026,Check hotel,1970-04-26 19:03:46,342
1027,Decide,1970-04-26 19:03:47,342
1028,Book hotel,1970-04-26 19:03:48,342
1029,Check hotel,1970-04-26 19:03:49,343
1030,Decide,1970-04-26 19:03:50,343
1031,Book hotel,1970-04-26 19:03:51,343
1032,Check hotel,1970-04-26 19:03:52,344
1033,Decide,1970-04-26 19:03:53,344
1034,Book hotel,1970-04-26 19:03:54,344
1035,Check hotel,1970-04-26 19:03:55,345
1036,Decide,1970-04-26 19:03:56,345
1037,Book plane,1970-04-26 19:03:57,345
1038,Check hotel,1970-04-26 19:03:58,346
1039,Decide,1970-04-26 19:03:59,346
1040,Book plane,1970-04-26 19:04:00,346
1041,Check plane,1970-04-26 19:04:01,347
1042,Decide,1970-04-26 19:04:02,347
1043,Book plane,1970-04-26 19:04:03,347
1044,Check plane,1970-04-26 19:04:04,348
1045,Decide,1970-04-26 19:04:05,348
1046,Book hotel,1970-04-26 19:04:06,348
1047,Check plane,1970-04-26 19:04:07,349
1048,Decide,1970-04-26 19:04:08,349
1049,Book hotel,1970-04-26 19:04:09,349
1050,Check plane,1970-04-26 19:04:10,350
1051,Decide,1970-04-26 19:04:11,350
1052,Book plane,1970-04-26 19:04:12,350
1053,Check hotel,1970-04-26 19:04:13,351
1054,Decide,1970-04-26 19:04:14,351
1055,Book hotel,1970-04-26 19:04:15,351
1056,Check plane,1970-04-26 19:04:16,352
1057,Decide,1970-04-26 19:04:17,352
1058,Book hotel,1970-04-26 19:04:18,352
1059,Check hotel,1970-04-26 19:04:19,353
1060,Decide,1970-04-26 19:04:20,353
1061,Book plane,1970-04-26 19:04:21,353
1062,Check plane,1970-04-26 19:04:22,354
1063,Decide,1970-04-26 19:04:23,354
1064,Book hotel,1970-04-26 19:04:24,354
1065,Check plane,1970-04-26 19:04:25,355
1066,Decide,1970-04-26 19:04:26,355
1067,Book hotel,1970-04-26 19:04:27,355
1068,Check plane,1970-04-26 19:04:28,356
1069,Decide,1970-04-26 19:04:29,356
1070,Book plane,1970-04-26 19:04:30,356
1071,Check hotel,1970-04-26 19:04:31,357
1072,Decide,1970-04-26 19:04:32,357
1073,Book plane,1970-04-26 19:04:33,357
1074,Check hotel,1970-04-26 19:04:34,358
1075,Decide,1970-04-26 19:04:35,358
1076,Book hotel,1970-04-26 19:04:36,358
1077,Check plane,1970-04-26 19:04:37,359
1078,Decide,1970-04-26 19:04:38,359
1079,Book plane,1970-04-26 19:04:39,359
1080,Check plane,1970-04-26 19:04:40,360
1081,Decide,1970-04-26 19:04:41,360
1082,Book plane,1970-04-26 19:04:42,360
1083,Check plane,1970-04-26 19:04:43,361
1084,Decide,1970-04-26 19:04:44,361
1085,Book plane,1970-04-26 19:04:45,361
1086,Check plane,1970-04-26 19:04:46,362
1087,Decide,1970-04-26 19:04:47,362
1088,Book hotel,1970-04-26 19:04:48,362
1089,Check plane,1970-04-26 19:04:49,363
1090,Decide,1970-04-26 19:04:50,363
1091,Book plane,1970-04-26 19:04:51,363
1092,Check plane,1970-04-26 19:04:52,364
1093,Decide,1970-04-26 19:04:53,364
1094,Book hotel,1970-04-26 19:04:54,364
1095,Check hotel,1970-04-26 19:04:55,365
1096,Decide,1970-04-26 19:04:56,365
1097,Book plane,1970-04-26 19:04:57,365
1098,Check plane,1970-04-26 19:04:58,366
1099,Decide,1970-04-26 19:04:59,366
1100,Book plane,1970-04-26 19:05:00,366
1101,Check hotel,1970-04-26 19:05:01,367
1102,Decide,1970-04-26 19:05:02,367
1103,Book plane,1970-04-26 19:05:03,367
1104,Check hotel,1970-04-26 19:05:04,368
1105,Decide,1970-04-26 19:05:05,368
1106,Book plane,1970-04-26 19:05:06,368
1107,Check plane,1970-04-26 19:05:07,369
1108,Decide,1970-04-26 19:05:08,369
1109,Book plane,1970-04-26 19:05:09,369
1110,Check plane,1970-04-26 19:05:10,370
1111,Decide,1970-04-26 19:05:11,370
1112,Book hotel,1970-04-26 19:05:12,370
1113,Check plane,1970-04-26 19:05:13,371
1114,Decide,1970-04-26 19:05:14,371
1115,Book plane,1970-04-26 19:05:15,371
1116,Check hotel,1970-04-26 19:05:16,372
1117,Decide,1970-04-26 19:05:17,372
1118,Book plane,1970-04-26 19:05:18,372
1119,Check hotel,1970-04-26 19:05:19,373
1120,Decide,1970-04-26 19:05:20,373
1121,Book hotel,1970-04-26 19:05:21,373
1122,Check hotel,1970-04-26 19:05:22,374
1123,Decide,1970-04-26 19:05:23,374
1124,Book hotel,1970-04-26 19:05:24,374
1125,Check plane,1970-04-26 19:05:25,375
1126,Decide,1970-04-26 19:05:26,375
1127,Book hotel,1970-04-26 19:05:27,375
1128,Check hotel,1970-04-26 19:05:28,376
1129,Decide,1970-04-26 19:05:29,376
1130,Book hotel,1970-04-26 19:05:30,376
1131,Check hotel,1970-04-26 19:05:31,377
1132,Decide,1970-04-26 19:05:32,377
1133,Book plane,1970-04-26 19:05:33,377
1134,Check hotel,1970-04-26 19:05:34,378
1135,Decide,1970-04-26 19:05:35,378
1136,Book hotel,1970-04-26 19:05:36,378
1137,Check hotel,1970-04-26 19:05:37,379
1138,Decide,1970-04-26 19:05:38,379
1139,Book hotel,1970-04-26 19:05:39,379
1140,Check plane,1970-04-26 19:05:40,380
1141,Decide,1970-04-26 19:05:41,380
1142,Book hotel,1970-04-26 19:05:42,380
1143,Check hotel,1970-04-26 19:05:43,381
1144,Decide,1970-04-26 19:05:44,381
1145,Book hotel,1970-04-26 19:05:45,381
1146,Check hotel,1970-04-26 19:05:46,382
1147,Decide,1970-04-26 19:05:47,382
1148,Book plane,1970-04-26 19:05:48,382
1149,Check hotel,1970-04-26 19:05:49,383
1150,Decide,1970-04-26 19:05:50,383
1151,Book plane,1970-04-26 19:05:51,383
1152,Check plane,1970-04-26 19:05:52,384
1153,Decide,1970-04-26 19:05:53,384
1154,Book hotel,1970-04-26 19:05:54,384
1155,Check hotel,1970-04-26 19:05:55,385
1156,Decide,1970-04-26 19:05:56,385
1157,Book plane,1970-04-26 19:05:57,385
1158,Check hotel,1970-04-26 19:05:58,386
1159,Decide,1970-04-26 19:05:59,386
1160,Book plane,1970-04-26 19:06:00,386
1161,Check plane,1970-04-26 19:06:01,387
1162,Decide,1970-04-26 19:06:02,387
1163,Book hotel,1970-04-26 19:06:03,387
1164,Check hotel,1970-04-26 19:06:04,388
1165,Decide,1970-04-26 19:06:05,388
1166,Book plane,1970-04-26 19:06:06,388
1167,Check hotel,1970-04-26 19:06:07,389
1168,Decide,1970-04-26 19:06:08,389
1169,Book plane,1970-04-26 19:06:09,389
1170,Check hotel,1970-04-26 19:06:10,390
1171,Decide,1970-04-26 19:06:11,390
1172,Book plane,1970-04-26 19:06:12,390
1173,Check hotel,1970-04-26 19:06:13,391
1174,Decide,1970-04-26 19:06:14,391
1175,Book plane,1970-04-26 19:06:15,391
1176,Check hotel,1970-04-26 19:06:16,392
1177,Decide,1970-04-26 19:06:17,392
1178,Book plane,1970-04-26 19:06:18,392
1179,Check plane,1970-04-26 19:06:19,393
1180,Decide,1970-04-26 19:06:20,393
1181,Book hotel,1970-04-26 19:06:21,393
1182,Check plane,1970-04-26 19:06:22,394
1183,Decide,1970-04-26 19:06:23,394
1184,Book plane,1970-04-26 19:06:24,394
1185,Check plane,1970-04-26 19:06:25,395
1186,Decide,1970-04-26 19:06:26,395
1187,Book plane,1970-04-26 19:06:27,395
1188,Check hotel,1970-04-26 19:06:28,396
1189,Decide,1970-04-26 19:06:29,396
1190,Book plane,1970-04-26 19:06:30,396
1191,Check hotel,1970-04-26 19:06:31,397
1192,Decide,1970-04-26 19:06:32,397
1193,Book plane,1970-04-26 19:06:33,397
1194,Check hotel,1970-04-26 19:06:34,398
1195,Decide,1970-04-26 19:06:35,398
1196,Book hotel,1970-04-26 19:06:36,398
1197,Check plane,1970-04-26 19:06:37,399
1198,Decide,1970-04-26 19:06:38,399
1199,Book plane,1970-04-26 19:06:39,399
1200,Check plane,1970-04-26 19:06:40,400
1201,Decide,1970-04-26 19:06:41,400
1202,Book hotel,1970-04-26 19:06:42,400
1203,Check plane,1970-04-26 19:06:43,401
1204,Decide,1970-04-26 19:06:44,401
1205,Book plane,1970-04-26 19:06:45,401
1206,Check plane,1970-04-26 19:06:46,402
1207,Decide,1970-04-26 19:06:47,402
1208,Book hotel,1970-04-26 19:06:48,402
1209,Check plane,1970-04-26 19:06:49,403
1210,Decide,1970-04-26 19:06:50,403
1211,Book hotel,1970-04-26 19:06:51,403
1212,Check hotel,1970-04-26 19:06:52,404
1213,Decide,1970-04-26 19:06:53,404
1214,Book hotel,1970-04-26 19:06:54,404
1215,Check plane,1970-04-26 19:06:55,405
1216,Decide,1970-04-26 19:06:56,405
1217,Book plane,1970-04-26 19:06:57,405
1218,Check hotel,1970-04-26 19:06:58,406
1219,Decide,1970-04-26 19:06:59,406
1220,Book plane,1970-04-26 19:07:00,406
1221,Check plane,1970-04-26 19:07:01,407
1222,Decide,1970-04-26 19:07:02,407
1223,Book hotel,1970-04-26 19:07:03,407
1224,Check plane,1970-04-26 19:07:04,408
1225,Decide,1970-04-26 19:07:05,408
1226,Book plane,1970-04-26 19:07:06,408
1227,Check plane,1970-04-26 19:07:07,409
1228,Decide,1970-04-26 19:07:08,409
1229,Book plane,1970-04-26 19:07:09,409
1230,Check hotel,1970-04-26 19:07:10,410
1231,Decide,1970-04-26 19:07:11,410
1232,Book hotel,1970-04-26 19:07:12,410
1233,Check plane,1970-04-26 19:07:13,411
1234,Decide,1970-04-26 19:07:14,411
1235,Book plane,1970-04-26 19:07:15,411
1236,Check hotel,1970-04-26 19:07:16,412
1237,Decide,1970-04-26 19:07:17,412
1238,Book plane,1970-04-26 19:07:18,412
1239,Check plane,1970-04-26 19:07:19,413
1240,Decide,1970-04-26 19:07:20,413
1241,Book plane,1970-04-26 19:07:21,413
1242,Check plane,1970-04-26 19:07:22,414
1243,Decide,1970-04-26 19:07:23,414
1244,Book plane,1970-04-26 19:07:24,414
1245,Check plane,1970-04-26 19:07:25,415
1246,Decide,1970-04-26 19:07:26,415
1247,Book hotel,1970-04-26 19:07:27,415
1248,Check hotel,1970-04-26 19:07:28,416
1249,Decide,1970-04-26 19:07:29,416
1250,Book hotel,1970-04-26 19:07:30,416
1251,Check plane,1970-04-26 19:07:31,417
1252,Decide,1970-04-26 19:07:32,417
1253,Book hotel,1970-04-26 19:07:33,417
1254,Check plane,1970-04-26 19:07:34,418
1255,Decide,1970-04-26 19:07:35,418
1256,Book hotel,1970-04-26 19:07:36,418
1257,Check hotel,1970-04-26 19:07:37,419
1258,Decide,1970-04-26 19:07:38,419
1259,Book plane,1970-04-26 19:07:39,419
1260,Check plane,1970-04-26 19:07:40,420
1261,Decide,1970-04-26 19:07:41,420
1262,Book hotel,1970-04-26 19:07:42,420
1263,Check plane,1970-04-26 19:07:43,421
1264,Decide,1970-04-26 19:07:44,421
1265,Book plane,1970-04-26 19:07:45,421
1266,Check hotel,1970-04-26 19:07:46,422
1267,Decide,1970-04-26 19:07:47,422
1268,Book hotel,1970-04-26 19:07:48,422
1269,Check hotel,1970-04-26 19:07:49,423
1270,Decide,1970-04-26 19:07:50,423
1271,Book plane,1970-04-26 19:07:51,423
1272,Check hotel,1970-04-26 19:07:52,424
1273,Decide,1970-04-26 19:07:53,424
1274,Book plane,1970-04-26 19:07:54,424
1275,Check plane,1970-04-26 19:07:55,425
1276,Decide,1970-04-26 19:07:56,425
1277,Book hotel,1970-04-26 19:07:57,425
1278,Check hotel,1970-04-26 19:07:58,426
1279,Decide,1970-04-26 19:07:59,426
1280,Book plane,1970-04-26 19:08:00,426
1281,Check hotel,1970-04-26 19:08:01,427
1282,Decide,1970-04-26 19:08:02,427
1283,Book plane,1970-04-26 19:08:03,427
1284,Check plane,1970-04-26 19:08:04,428
1285,Decide,1970-04-26 19:08:05,428
1286,Book plane,1970-04-26 19:08:06,428
1287,Check plane,1970-04-26 19:08:07,429
1288,Decide,1970-04-26 19:08:08,429
1289,Book plane,1970-04-26 19:08:09,429
1290,Check plane,1970-04-26 19:08:10,430
1291,Decide,1970-04-26 19:08:11,430
1292,Book plane,1970-04-26 19:08:12,430
1293,Check hotel,1970-04-26 19:08:13,431
1294,Decide,1970-04-26 19:08:14,431
1295,Book plane,1970-04-26 19:08:15,431
1296,Check plane,1970-04-26 19:08:16,432
1297,Decide,1970-04-26 19:08:17,432
1298,Book hotel,1970-04-26 19:08:18,432
1299,Check hotel,1970-04-26 19:08:19,433
1300,Decide,1970-04-26 19:08:20,433
1301,Book hotel,1970-04-26 19:08:21,433
1302,Check hotel,1970-04-26 19:08:22,434
1303,Decide,1970-04-26 19:08:23,434
1304,Book hotel,1970-04-26 19:08:24,434
1305,Check plane,1970-04-26 19:08:25,435
1306,Decide,1970-04-26 19:08:26,435
1307,Book hotel,1970-04-26 19:08:27,435
1308,Check plane,1970-04-26 19:08:28,436
1309,Decide,1970-04-26 19:08:29,436
1310,Book plane,1970-04-26 19:08:30,436
1311,Check plane,1970-04-26 19:08:31,437
1312,Decide,1970-04-26 19:08:32,437
1313,Book plane,1970-04-26 19:08:33,437
1314,Check hotel,1970-04-26 19:08:34,438
1315,Decide,1970-04-26 19:08:35,438
1316,Book plane,1970-04-26 19:08:36,438
1317,Check hotel,1970-04-26 19:08:37,439
1318,Decide,1970-04-26 19:08:38,439
1319,Book hotel,1970-04-26 19:08:39,439
1320,Check plane,1970-04-26 19:08:40,440
1321,Decide,1970-04-26 19:08:41,440
1322,Book hotel,1970-04-26 19:08:42,440
1323,Check hotel,1970-04-26 19:08:43,441
1324,Decide,1970-04-26 19:08:44,441
1325,Book plane,1970-04-26 19:08:45,441
1326,Check plane,1970-04-26 19:08:46,442
1327,Decide,1970-04-26 19:08:47,442
1328,Book hotel,1970-04-26 19:08:48,442
1329,Check hotel,1970-04-26 19:08:49,443
1330,Decide,1970-04-26 19:08:50,443
1331,Book hotel,1970-04-26 19:08:51,443
1332,Check hotel,1970-04-26 19:08:52,444
1333,Decide,1970-04-26 19:08:53,444
1334,Book plane,1970-04-26 19:08:54,444
1335,Check plane,1970-04-26 19:08:55,445
1336,Decide,1970-04-26 19:08:56,445
1337,Book hotel,1970-04-26 19:08:57,445
1338,Check plane,1970-04-26 19:08:58,446
1339,Decide,1970-04-26 19:08:59,446
1340,Book hotel,1970-04-26 19:09:00,446
1341,Check hotel,1970-04-26 19:09:01,447
1342,Decide,1970-04-26 19:09:02,447
1343,Book hotel,1970-04-26 19:09:03,447
1344,Check hotel,1970-04-26 19:09:04,448
1345,Decide,1970-04-26 19:09:05,448
1346,Book hotel,1970-04-26 19:09:06,448
1347,Check hotel,1970-04-26 19:09:07,449
1348,Decide,1970-04-26 19:09:08,449
1349,Book plane,1970-04-26 19:09:09,449
1350,Check hotel,1970-04-26 19:09:10,450
1351,Decide,1970-04-26 19:09:11,450
1352,Book hotel,1970-04-26 19:09:12,450
1353,Check plane,1970-04-26 19:09:13,451
1354,Decide,1970-04-26 19:09:14,451
1355,Book hotel,1970-04-26 19:09:15,451
1356,Check hotel,1970-04-26 19:09:16,452
1357,Decide,1970-04-26 19:09:17,452
1358,Book plane,1970-04-26 19:09:18,452
1359,Check hotel,1970-04-26 19:09:19,453
1360,Decide,1970-04-26 19:09:20,453
1361,Book plane,1970-04-26 19:09:21,453
1362,Check plane,1970-04-26 19:09:22,454
1363,Decide,1970-04-26 19:09:23,454
1364,Book hotel,1970-04-26 19:09:24,454
1365,Check plane,1970-04-26 19:09:25,455
1366,Decide,1970-04-26 19:09:26,455
1367,Book hotel,1970-04-26 19:09:27,455
1368,Check plane,1970-04-26 19:09:28,456
1369,Decide,1970-04-26 19:09:29,456
1370,Book plane,1970-04-26 19:09:30,456
1371,Check hotel,1970-04-26 19:09:31,457
1372,Decide,1970-04-26 19:09:32,457
1373,Book plane,1970-04-26 19:09:33,457
1374,Check hotel,1970-04-26 19:09:34,458
1375,Decide,1970-04-26 19:09:35,458
1376,Book hotel,1970-04-26 19:09:36,458
1377,Check plane,1970-04-26 19:09:37,459
1378,Decide,1970-04-26 19:09:38,459
1379,Book hotel,1970-04-26 19:09:39,459
1380,Check hotel,1970-04-26 19:09:40,460
1381,Decide,1970-04-26 19:09:41,460
1382,Book hotel,1970-04-26 19:09:42,460
1383,Check hotel,1970-04-26 19:09:43,461
1384,Decide,1970-04-26 19:09:44,461
1385,Book hotel,1970-04-26 19:09:45,461
1386,Check plane,1970-04-26 19:09:46,462
1387,Decide,1970-04-26 19:09:47,462
1388,Book hotel,1970-04-26 19:09:48,462
1389,Check hotel,1970-04-26 19:09:49,463
1390,Decide,1970-04-26 19:09:50,463
1391,Book hotel,1970-04-26 19:09:51,463
1392,Check plane,1970-04-26 19:09:52,464
1393,Decide,1970-04-26 19:09:53,464
1394,Book plane,1970-04-26 19:09:54,464
1395,Check hotel,1970-04-26 19:09:55,465
1396,Decide,1970-04-26 19:09:56,465
1397,Book hotel,1970-04-26 19:09:57,465
1398,Check hotel,1970-04-26 19:09:58,466
1399,Decide,1970-04-26 19:09:59,466
1400,Book plane,1970-04-26 19:10:00,466
1401,Check plane,1970-04-26 19:10:01,467
1402,Decide,1970-04-26 19:10:02,467
1403,Book hotel,1970-04-26 19:10:03,467
1404,Check plane,1970-04-26 19:10:04,468
1405,Decide,1970-04-26 19:10:05,468
1406,Book plane,1970-04-26 19:10:06,468
1407,Check hotel,1970-04-26 19:10:07,469
1408,Decide,1970-04-26 19:10:08,469
1409,Book hotel,1970-04-26 19:10:09,469
1410,Check plane,1970-04-26 19:10:10,470
1411,Decide,1970-04-26 19:10:11,470
1412,Book hotel,1970-04-26 19:10:12,470
1413,Check hotel,1970-04-26 19:10:13,471
1414,Decide,1970-04-26 19:10:14,471
1415,Book hotel,1970-04-26 19:10:15,471
1416,Check plane,1970-04-26 19:10:16,472
1417,Decide,1970-04-26 19:10:17,472
1418,Book plane,1970-04-26 19:10:18,472
1419,Check hotel,1970-04-26 19:10:19,473
1420,Decide,1970-04-26 19:10:20,473
1421,Book plane,1970-04-26 19:10:21,473
1422,Check plane,1970-04-26 19:10:22,474
1423,Decide,1970-04-26 19:10:23,474
1424,Book hotel,1970-04-26 19:10:24,474
1425,Check plane,1970-04-26 19:10:25,475
1426,Decide,1970-04-26 19:10:26,475
1427,Book hotel,1970-04-26 19:10:27,475
1428,Check hotel,1970-04-26 19:10:28,476
1429,Decide,1970-04-26 19:10:29,476
1430,Book plane,1970-04-26 19:10:30,476
1431,Check hotel,1970-04-26 19:10:31,477
1432,Decide,1970-04-26 19:10:32,477
1433,Book hotel,1970-04-26 19:10:33,477
1434,Check plane,1970-04-26 19:10:34,478
1435,Decide,1970-04-26 19:10:35,478
1436,Book hotel,1970-04-26 19:10:36,478
1437,Check hotel,1970-04-26 19:10:37,479
1438,Decide,1970-04-26 19:10:38,479
1439,Book hotel,1970-04-26 19:10:39,479
1440,Check plane,1970-04-26 19:10:40,480
1441,Decide,1970-04-26 19:10:41,480
1442,Book plane,1970-04-26 19:10:42,480
1443,Check plane,1970-04-26 19:10:43,481
1444,Decide,1970-04-26 19:10:44,481
1445,Book hotel,1970-04-26 19:10:45,481
1446,Check hotel,1970-04-26 19:10:46,482
1447,Decide,1970-04-26 19:10:47,482
1448,Book hotel,1970-04-26 19:10:48,482
1449,Check plane,1970-04-26 19:10:49,483
1450,Decide,1970-04-26 19:10:50,483
1451,Book hotel,1970-04-26 19:10:51,483
1452,Check hotel,1970-04-26 19:10:52,484
1453,Decide,1970-04-26 19:10:53,484
1454,Book hotel,1970-04-26 19:10:54,484
1455,Check plane,1970-04-26 19:10:55,485
1456,Decide,1970-04-26 19:10:56,485
1457,Book hotel,1970-04-26 19:10:57,485
1458,Check plane,1970-04-26 19:10:58,486
1459,Decide,1970-04-26 19:10:59,486
1460,Book plane,1970-04-26 19:11:00,486
1461,Check hotel,1970-04-26 19:11:01,487
1462,Decide,1970-04-26 19:11:02,487
1463,Book hotel,1970-04-26 19:11:03,487
1464,Check plane,1970-04-26 19:11:04,488
1465,Decide,1970-04-26 19:11:05,488
1466,Book plane,1970-04-26 19:11:06,488
1467,Check hotel,1970-04-26 19:11:07,489
1468,Decide,1970-04-26 19:11:08,489
1469,Book plane,1970-04-26 19:11:09,489
1470,Check plane,1970-04-26 19:11:10,490
1471,Decide,1970-04-26 19:11:11,490
1472,Book hotel,1970-04-26 19:11:12,490
1473,Check plane,1970-04-26 19:11:13,491
1474,Decide,1970-04-26 19:11:14,491
1475,Book hotel,1970-04-26 19:11:15,491
1476,Check plane,1970-04-26 19:11:16,492
1477,Decide,1970-04-26 19:11:17,492
1478,Book plane,1970-04-26 19:11:18,492
1479,Check hotel,1970-04-26 19:11:19,493
1480,Decide,1970-04-26 19:11:20,493
1481,Book hotel,1970-04-26 19:11:21,493
1482,Check plane,1970-04-26 19:11:22,494
1483,Decide,1970-04-26 19:11:23,494
1484,Book hotel,1970-04-26 19:11:24,494
1485,Check hotel,1970-04-26 19:11:25,495
1486,Decide,1970-04-26 19:11:26,495
1487,Book hotel,1970-04-26 19:11:27,495
1488,Check hotel,1970-04-26 19:11:28,496
1489,Decide,1970-04-26 19:11:29,496
1490,Book hotel,1970-04-26 19:11:30,496
1491,Check hotel,1970-04-26 19:11:31,497
1492,Decide,1970-04-26 19:11:32,497
1493,Book hotel,1970-04-26 19:11:33,497
1494,Check plane,1970-04-26 19:11:34,498
1495,Decide,1970-04-26 19:11:35,498
1496,Book hotel,1970-04-26 19:11:36,498
1497,Check hotel,1970-04-26 19:11:37,499
1498,Decide,1970-04-26 19:11:38,499
1499,Book hotel,1970-04-26 19:11:39,499
1500,Check hotel,1970-04-26 19:11:40,500
1501,Decide,1970-04-26 19:11:41,500
1502,Book plane,1970-04-26 19:11:42,500
1503,Check hotel,1970-04-26 19:11:43,501
1504,Decide,1970-04-26 19:11:44,501
1505,Book plane,1970-04-26 19:11:45,501
1506,Check hotel,1970-04-26 19:11:46,502
1507,Decide,1970-04-26 19:11:47,502
1508,Book hotel,1970-04-26 19:11:48,502
1509,Check plane,1970-04-26 19:11:49,503
1510,Decide,1970-04-26 19:11:50,503
1511,Book hotel,1970-04-26 19:11:51,503
1512,Check hotel,1970-04-26 19:11:52,504
1513,Decide,1970-04-26 19:11:53,504
1514,Book hotel,1970-04-26 19:11:54,504
1515,Check hotel,1970-04-26 19:11:55,505
1516,Decide,1970-04-26 19:11:56,505
1517,Book hotel,1970-04-26 19:11:57,505
1518,Check hotel,1970-04-26 19:11:58,506
1519,Decide,1970-04-26 19:11:59,506
1520,Book plane,1970-04-26 19:12:00,506
1521,Check hotel,1970-04-26 19:12:01,507
1522,Decide,1970-04-26 19:12:02,507
1523,Book plane,1970-04-26 19:12:03,507
1524,Check hotel,1970-04-26 19:12:04,508
1525,Decide,1970-04-26 19:12:05,508
1526,Book hotel,1970-04-26 19:12:06,508
1527,Check hotel,1970-04-26 19:12:07,509
1528,Decide,1970-04-26 19:12:08,509
1529,Book hotel,1970-04-26 19:12:09,509
1530,Check hotel,1970-04-26 19:12:10,510
1531,Decide,1970-04-26 19:12:11,510
1532,Book plane,1970-04-26 19:12:12,510
1533,Check plane,1970-04-26 19:12:13,511
1534,Decide,1970-04-26 19:12:14,511
1535,Book plane,1970-04-26 19:12:15,511
1536,Check plane,1970-04-26 19:12:16,512
1537,Decide,1970-04-26 19:12:17,512
1538,Book hotel,1970-04-26 19:12:18,512
1539,Check plane,1970-04-26 19:12:19,513
1540,Decide,1970-04-26 19:12:20,513
1541,Book plane,1970-04-26 19:12:21,513
1542,Check plane,1970-04-26 19:12:22,514
1543,Decide,1970-04-26 19:12:23,514
1544,Book plane,1970-04-26 19:12:24,514
1545,Check hotel,1970-04-26 19:12:25,515
1546,Decide,1970-04-26 19:12:26,515
1547,Book hotel,1970-04-26 19:12:27,515
1548,Check hotel,1970-04-26 19:12:28,516
1549,Decide,1970-04-26 19:12:29,516
1550,Book hotel,1970-04-26 19:12:30,516
1551,Check hotel,1970-04-26 19:12:31,517
1552,Decide,1970-04-26 19:12:32,517
1553,Book hotel,1970-04-26 19:12:33,517
1554,Check plane,1970-04-26 19:12:34,518
1555,Decide,1970-04-26 19:12:35,518
1556,Book plane,1970-04-26 19:12:36,518
1557,Check hotel,1970-04-26 19:12:37,519
1558,Decide,1970-04-26 19:12:38,519
1559,Book hotel,1970-04-26 19:12:39,519
1560,Check hotel,1970-04-26 19:12:40,520
1561,Decide,1970-04-26 19:12:41,520
1562,Book plane,1970-04-26 19:12:42,520
1563,Check plane,1970-04-26 19:12:43,521
1564,Decide,1970-04-26 19:12:44,521
1565,Book plane,1970-04-26 19:12:45,521
1566,Check hotel,1970-04-26 19:12:46,522
1567,Decide,1970-04-26 19:12:47,522
1568,Book hotel,1970-04-26 19:12:48,522
1569,Check hotel,1970-04-26 19:12:49,523
1570,Decide,1970-04-26 19:12:50,523
1571,Book hotel,1970-04-26 19:12:51,523
1572,Check plane,1970-04-26 19:12:52,524
1573,Decide,1970-04-26 19:12:53,524
1574,Book plane,1970-04-26 19:12:54,524
1575,Check plane,1970-04-26 19:12:55,525
1576,Decide,1970-04-26 19:12:56,525
1577,Book hotel,1970-04-26 19:12:57,525
1578,Check hotel,1970-04-26 19:12:58,526
1579,Decide,1970-04-26 19:12:59,526
1580,Book hotel,1970-04-26 19:13:00,526
1581,Check hotel,1970-04-26 19:13:01,527
1582,Decide,1970-04-26 19:13:02,527
1583,Book hotel,1970-04-26 19:13:03,527
1584,Check plane,1970-04-26 19:13:04,528
1585,Decide,1970-04-26 19:13:05,528
1586,Book plane,1970-04-26 19:13:06,528
1587,Check hotel,1970-04-26 19:13:07,529
1588,Decide,1970-04-26 19:13:08,529
1589,Book plane,1970-04-26 19:13:09,529
1590,Check plane,1970-04-26 19:13:10,530
1591,Decide,1970-04-26 19:13:11,530
1592,Book plane,1970-04-26 19:13:12,530
1593,Check plane,1970-04-26 19:13:13,531
1594,Decide,1970-04-26 19:13:14,531
1595,Book plane,1970-04-26 19:13:15,531
1596,Check plane,1970-04-26 19:13:16,532
1597,Decide,1970-04-26 19:13:17,532
1598,Book plane,1970-04-26 19:13:18,532
1599,Check hotel,1970-04-26 19:13:19,533
1600,Decide,1970-04-26 19:13:20,533
1601,Book plane,1970-04-26 19:13:21,533
1602,Check hotel,1970-04-26 19:13:22,534
1603,Decide,1970-04-26 19:13:23,534
1604,Book plane,1970-04-26 19:13:24,534
1605,Check plane,1970-04-26 19:13:25,535
1606,Decide,1970-04-26 19:13:26,535
1607,Book plane,1970-04-26 19:13:27,535
1608,Check plane,1970-04-26 19:13:28,536
1609,Decide,1970-04-26 19:13:29,536
1610,Book plane,1970-04-26 19:13:30,536
1611,Check hotel,1970-04-26 19:13:31,537
1612,Decide,1970-04-26 19:13:32,537
1613,Book hotel,1970-04-26 19:13:33,537
1614,Check hotel,1970-04-26 19:13:34,538
1615,Decide,1970-04-26 19:13:35,538
1616,Book hotel,1970-04-26 19:13:36,538
1617,Check plane,1970-04-26 19:13:37,539
1618,Decide,1970-04-26 19:13:38,539
1619,Book hotel,1970-04-26 19:13:39,539
1620,Check hotel,1970-04-26 19:13:40,540
1621,Decide,1970-04-26 19:13:41,540
1622,Book plane,1970-04-26 19:13:42,540
1623,Check hotel,1970-04-26 19:13:43,541
1624,Decide,1970-04-26 19:13:44,541
1625,Book hotel,1970-04-26 19:13:45,541
1626,Check hotel,1970-04-26 19:13:46,542
1627,Decide,1970-04-26 19:13:47,542
1628,Book hotel,1970-04-26 19:13:48,542
1629,Check plane,1970-04-26 19:13:49,543
1630,Decide,1970-04-26 19:13:50,543
1631,Book hotel,1970-04-26 19:13:51,543
1632,Check hotel,1970-04-26 19:13:52,544
1633,Decide,1970-04-26 19:13:53,544
1634,Book plane,1970-04-26 19:13:54,544
1635,Check plane,1970-04-26 19:13:55,545
1636,Decide,1970-04-26 19:13:56,545
1637,Book hotel,1970-04-26 19:13:57,545
1638,Check hotel,1970-04-26 19:13:58,546
1639,Decide,1970-04-26 19:13:59,546
1640,Book hotel,1970-04-26 19:14:00,546
1641,Check plane,1970-04-26 19:14:01,547
1642,Decide,1970-04-26 19:14:02,547
1643,Book plane,1970-04-26 19:14:03,547
1644,Check hotel,1970-04-26 19:14:04,548
1645,Decide,1970-04-26 19:14:05,548
1646,Book hotel,1970-04-26 19:14:06,548
1647,Check hotel,1970-04-26 19:14:07,549
1648,Decide,1970-04-26 19:14:08,549
1649,Book hotel,1970-04-26 19:14:09,549
1650,Check hotel,1970-04-26 19:14:10,550
1651,Decide,1970-04-26 19:14:11,550
1652,Book plane,1970-04-26 19:14:12,550
1653,Check hotel,1970-04-26 19:14:13,551
1654,Decide,1970-04-26 19:14:14,551
1655,Book hotel,1970-04-26 19:14:15,551
1656,Check plane,1970-04-26 19:14:16,552
1657,Decide,1970-04-26 19:14:17,552
1658,Book plane,1970-04-26 19:14:18,552
1659,Check hotel,1970-04-26 19:14:19,553
1660,Decide,1970-04-26 19:14:20,553
1661,Book hotel,1970-04-26 19:14:21,553
1662,Check plane,1970-04-26 19:14:22,554
1663,Decide,1970-04-26 19:14:23,554
1664,Book plane,1970-04-26 19:14:24,554
1665,Check hotel,1970-04-26 19:14:25,555
1666,Decide,1970-04-26 19:14:26,555
1667,Book hotel,1970-04-26 19:14:27,555
1668,Check hotel,1970-04-26 19:14:28,556
1669,Decide,1970-04-26 19:14:29,556
1670,Book hotel,1970-04-26 19:14:30,556
1671,Check hotel,1970-04-26 19:14:31,557
1672,Decide,1970-04-26 19:14:32,557
1673,Book plane,1970-04-26 19:14:33,557
1674,Check plane,1970-04-26 19:14:34,558
1675,Decide,1970-04-26 19:14:35,558
1676,Book plane,1970-04-26 19:14:36,558
1677,Check plane,1970-04-26 19:14:37,559
1678,Decide,1970-04-26 19:14:38,559
1679,Book hotel,1970-04-26 19:14:39,559
1680,Check plane,1970-04-26 19:14:40,560
1681,Decide,1970-04-26 19:14:41,560
1682,Book plane,1970-04-26 19:14:42,560
1683,Check hotel,1970-04-26 19:14:43,561
1684,Decide,1970-04-26 19:14:44,561
1685,Book hotel,1970-04-26 19:14:45,561
1686,Check hotel,1970-04-26 19:14:46,562
1687,Decide,1970-04-26 19:14:47,562
1688,Book hotel,1970-04-26 19:14:48,562
1689,Check hotel,1970-04-26 19:14:49,563
1690,Decide,1970-04-26 19:14:50,563
1691,Book plane,1970-04-26 19:14:51,563
1692,Check hotel,1970-04-26 19:14:52,564
1693,Decide,1970-04-26 19:14:53,564
1694,Book hotel,1970-04-26 19:14:54,564
1695,Check plane,1970-04-26 19:14:55,565
1696,Decide,1970-04-26 19:14:56,565
1697,Book hotel,1970-04-26 19:14:57,565
1698,Check hotel,1970-04-26 19:14:58,566
1699,Decide,1970-04-26 19:14:59,566
1700,Book hotel,1970-04-26 19:15:00,566
1701,Check plane,1970-04-26 19:15:01,567
1702,Decide,1970-04-26 19:15:02,567
1703,Book hotel,1970-04-26 19:15:03,567
1704,Check hotel,1970-04-26 19:15:04,568
1705,Decide,1970-04-26 19:15:05,568
1706,Book hotel,1970-04-26 19:15:06,568
1707,Check plane,1970-04-26 19:15:07,569
1708,Decide,1970-04-26 19:15:08,569
1709,Book plane,1970-04-26 19:15:09,569
1710,Check plane,1970-04-26 19:15:10,570
1711,Decide,1970-04-26 19:15:11,570
1712,Book hotel,1970-04-26 19:15:12,570
1713,Check hotel,1970-04-26 19:15:13,571
1714,Decide,1970-04-26 19:15:14,571
1715,Book hotel,1970-04-26 19:15:15,571
1716,Check plane,1970-04-26 19:15:16,572
1717,Decide,1970-04-26 19:15:17,572
1718,Book plane,1970-04-26 19:15:18,572
1719,Check hotel,1970-04-26 19:15:19,573
1720,Decide,1970-04-26 19:15:20,573
1721,Book hotel,1970-04-26 19:15:21,573
1722,Check plane,1970-04-26 19:15:22,574
1723,Decide,1970-04-26 19:15:23,574
1724,Book plane,1970-04-26 19:15:24,574
1725,Check hotel,1970-04-26 19:15:25,575
1726,Decide,1970-04-26 19:15:26,575
1727,Book plane,1970-04-26 19:15:27,575
1728,Check plane,1970-04-26 19:15:28,576
1729,Decide,1970-04-26 19:15:29,576
1730,Book hotel,1970-04-26 19:15:30,576
1731,Check plane,1970-04-26 19:15:31,577
1732,Decide,1970-04-26 19:15:32,577
1733,Book hotel,1970-04-26 19:15:33,577
1734,Check plane,1970-04-26 19:15:34,578
1735,Decide,1970-04-26 19:15:35,578
1736,Book hotel,1970-04-26 19:15:36,578
1737,Check plane,1970-04-26 19:15:37,579
1738,Decide,1970-04-26 19:15:38,579
1739,Book plane,1970-04-26 19:15:39,579
1740,Check plane,1970-04-26 19:15:40,580
1741,Decide,1970-04-26 19:15:41,580
1742,Book hotel,1970-04-26 19:15:42,580
1743,Check hotel,1970-04-26 19:15:43,581
1744,Decide,1970-04-26 19:15:44,581
1745,Book hotel,1970-04-26 19:15:45,581
1746,Check hotel,1970-04-26 19:15:46,582
1747,Decide,1970-04-26 19:15:47,582
1748,Book plane,1970-04-26 19:15:48,582
1749,Check plane,1970-04-26 19:15:49,583
1750,Decide,1970-04-26 19:15:50,583
1751,Book plane,1970-04-26 19:15:51,583
1752,Check plane,1970-04-26 19:15:52,584
1753,Decide,1970-04-26 19:15:53,584
1754,Book plane,1970-04-26 19:15:54,584
1755,Check hotel,1970-04-26 19:15:55,585
1756,Decide,1970-04-26 19:15:56,585
1757,Book hotel,1970-04-26 19:15:57,585
1758,Check plane,1970-04-26 19:15:58,586
1759,Decide,1970-04-26 19:15:59,586
1760,Book hotel,1970-04-26 19:16:00,586
1761,Check plane,1970-04-26 19:16:01,587
1762,Decide,1970-04-26 19:16:02,587
1763,Book plane,1970-04-26 19:16:03,587
1764,Check plane,1970-04-26 19:16:04,588
1765,Decide,1970-04-26 19:16:05,588
1766,Book hotel,1970-04-26 19:16:06,588
1767,Check hotel,1970-04-26 19:16:07,589
1768,Decide,1970-04-26 19:16:08,589
1769,Book hotel,1970-04-26 19:16:09,589
1770,Check hotel,1970-04-26 19:16:10,590
1771,Decide,1970-04-26 19:16:11,590
1772,Book plane,1970-04-26 19:16:12,590
1773,Check plane,1970-04-26 19:16:13,591
1774,Decide,1970-04-26 19:16:14,591
1775,Book plane,1970-04-26 19:16:15,591
1776,Check hotel,1970-04-26 19:16:16,592
1777,Decide,1970-04-26 19:16:17,592
1778,Book plane,1970-04-26 19:16:18,592
1779,Check plane,1970-04-26 19:16:19,593
1780,Decide,1970-04-26 19:16:20,593
1781,Book plane,1970-04-26 19:16:21,593
1782,Check hotel,1970-04-26 19:16:22,594
1783,Decide,1970-04-26 19:16:23,594
1784,Book hotel,1970-04-26 19:16:24,594
1785,Check hotel,1970-04-26 19:16:25,595
1786,Decide,1970-04-26 19:16:26,595
1787,Book hotel,1970-04-26 19:16:27,595
1788,Check hotel,1970-04-26 19:16:28,596
1789,Decide,1970-04-26 19:16:29,596
1790,Book hotel,1970-04-26 19:16:30,596
1791,Check plane,1970-04-26 19:16:31,597
1792,Decide,1970-04-26 19:16:32,597
1793,Book hotel,1970-04-26 19:16:33,597
1794,Check plane,1970-04-26 19:16:34,598
1795,Decide,1970-04-26 19:16:35,598
1796,Book plane,1970-04-26 19:16:36,598
1797,Check plane,1970-04-26 19:16:37,599
1798,Decide,1970-04-26 19:16:38,599
1799,Book plane,1970-04-26 19:16:39,599
1800,Check plane,1970-04-26 19:16:40,600
1801,Decide,1970-04-26 19:16:41,600
1802,Book hotel,1970-04-26 19:16:42,600
1803,Check plane,1970-04-26 19:16:43,601
1804,Decide,1970-04-26 19:16:44,601
1805,Book plane,1970-04-26 19:16:45,601
1806,Check plane,1970-04-26 19:16:46,602
1807,Decide,1970-04-26 19:16:47,602
1808,Book plane,1970-04-26 19:16:48,602
1809,Check hotel,1970-04-26 19:16:49,603
1810,Decide,1970-04-26 19:16:50,603
1811,Book plane,1970-04-26 19:16:51,603
1812,Check hotel,1970-04-26 19:16:52,604
1813,Decide,1970-04-26 19:16:53,604
1814,Book plane,1970-04-26 19:16:54,604
1815,Check plane,1970-04-26 19:16:55,605
1816,Decide,1970-04-26 19:16:56,605
1817,Book plane,1970-04-26 19:16:57,605
1818,Check plane,1970-04-26 19:16:58,606
1819,Decide,1970-04-26 19:16:59,606
1820,Book plane,1970-04-26 19:17:00,606
1821,Check plane,1970-04-26 19:17:01,607
1822,Decide,1970-04-26 19:17:02,607
1823,Book hotel,1970-04-26 19:17:03,607
1824,Check plane,1970-04-26 19:17:04,608
1825,Decide,1970-04-26 19:17:05,608
1826,Book hotel,1970-04-26 19:17:06,608
1827,Check plane,1970-04-26 19:17:07,609
1828,Decide,1970-04-26 19:17:08,609
1829,Book plane,1970-04-26 19:17:09,609
1830,Check plane,1970-04-26 19:17:10,610
1831,Decide,1970-04-26 19:17:11,610
1832,Book plane,1970-04-26 19:17:12,610
1833,Check plane,1970-04-26 19:17:13,611
1834,Decide,1970-04-26 19:17:14,611
1835,Book plane,1970-04-26 19:17:15,611
1836,Check hotel,1970-04-26 19:17:16,612
1837,Decide,1970-04-26 19:17:17,612
1838,Book plane,1970-04-26 19:17:18,612
1839,Check plane,1970-04-26 19:17:19,613
1840,Decide,1970-04-26 19:17:20,613
1841,Book hotel,1970-04-26 19:17:21,613
1842,Check hotel,1970-04-26 19:17:22,614
1843,Decide,1970-04-26 19:17:23,614
1844,Book plane,1970-04-26 19:17:24,614
1845,Check hotel,1970-04-26 19:17:25,615
1846,Decide,1970-04-26 19:17:26,615
1847,Book hotel,1970-04-26 19:17:27,615
1848,Check hotel,1970-04-26 19:17:28,616
1849,Decide,1970-04-26 19:17:29,616
1850,Book plane,1970-04-26 19:17:30,616
1851,Check plane,1970-04-26 19:17:31,617
1852,Decide,1970-04-26 19:17:32,617
1853,Book plane,1970-04-26 19:17:33,617
1854,Check plane,1970-04-26 19:17:34,618
1855,Decide,1970-04-26 19:17:35,618
1856,Book plane,1970-04-26 19:17:36,618
1857,Check plane,1970-04-26 19:17:37,619
1858,Decide,1970-04-26 19:17:38,619
1859,Book hotel,1970-04-26 19:17:39,619
1860,Check plane,1970-04-26 19:17:40,620
1861,Decide,1970-04-26 19:17:41,620
1862,Book plane,1970-04-26 19:17:42,620
1863,Check plane,1970-04-26 19:17:43,621
1864,Decide,1970-04-26 19:17:44,621
1865,Book hotel,1970-04-26 19:17:45,621
1866,Check plane,1970-04-26 19:17:46,622
1867,Decide,1970-04-26 19:17:47,622
1868,Book plane,1970-04-26 19:17:48,622
1869,Check plane,1970-04-26 19:17:49,623
1870,Decide,1970-04-26 19:17:50,623
1871,Book plane,1970-04-26 19:17:51,623
1872,Check plane,1970-04-26 19:17:52,624
1873,Decide,1970-04-26 19:17:53,624
1874,Book hotel,1970-04-26 19:17:54,624
1875,Check hotel,1970-04-26 19:17:55,625
1876,Decide,1970-04-26 19:17:56,625
1877,Book hotel,1970-04-26 19:17:57,625
1878,Check hotel,1970-04-26 19:17:58,626
1879,Decide,1970-04-26 19:17:59,626
1880,Book plane,1970-04-26 19:18:00,626
1881,Check hotel,1970-04-26 19:18:01,627
1882,Decide,1970-04-26 19:18:02,627
1883,Book hotel,1970-04-26 19:18:03,627
1884,Check hotel,1970-04-26 19:18:04,628
1885,Decide,1970-04-26 19:18:05,628
1886,Book hotel,1970-04-26 19:18:06,628
1887,Check plane,1970-04-26 19:18:07,629
1888,Decide,1970-04-26 19:18:08,629
1889,Book hotel,1970-04-26 19:18:09,629
1890,Check plane,1970-04-26 19:18:10,630
1891,Decide,1970-04-26 19:18:11,630
1892,Book hotel,1970-04-26 19:18:12,630
1893,Check plane,1970-04-26 19:18:13,631
1894,Decide,1970-04-26 19:18:14,631
1895,Book hotel,1970-04-26 19:18:15,631
1896,Check plane,1970-04-26 19:18:16,632
1897,Decide,1970-04-26 19:18:17,632
1898,Book plane,1970-04-26 19:18:18,632
1899,Check plane,1970-04-26 19:18:19,633
1900,Decide,1970-04-26 19:18:20,633
1901,Book hotel,1970-04-26 19:18:21,633
1902,Check plane,1970-04-26 19:18:22,634
1903,Decide,1970-04-26 19:18:23,634
1904,Book hotel,1970-04-26 19:18:24,634
1905,Check plane,1970-04-26 19:18:25,635
1906,Decide,1970-04-26 19:18:26,635
1907,Book plane,1970-04-26 19:18:27,635
1908,Check hotel,1970-04-26 19:18:28,636
1909,Decide,1970-04-26 19:18:29,636
1910,Book plane,1970-04-26 19:18:30,636
1911,Check plane,1970-04-26 19:18:31,637
1912,Decide,1970-04-26 19:18:32,637
1913,Book plane,1970-04-26 19:18:33,637
1914,Check hotel,1970-04-26 19:18:34,638
1915,Decide,1970-04-26 19:18:35,638
1916,Book hotel,1970-04-26 19:18:36,638
1917,Check plane,1970-04-26 19:18:37,639
1918,Decide,1970-04-26 19:18:38,639
1919,Book hotel,1970-04-26 19:18:39,639
1920,Check plane,1970-04-26 19:18:40,640
1921,Decide,1970-04-26 19:18:41,640
1922,Book hotel,1970-04-26 19:18:42,640
1923,Check hotel,1970-04-26 19:18:43,641
1924,Decide,1970-04-26 19:18:44,641
1925,Book hotel,1970-04-26 19:18:45,641
1926,Check plane,1970-04-26 19:18:46,642
1927,Decide,1970-04-26 19:18:47,642
1928,Book hotel,1970-04-26 19:18:48,642
1929,Check plane,1970-04-26 19:18:49,643
1930,Decide,1970-04-26 19:18:50,643
1931,Book hotel,1970-04-26 19:18:51,643
1932,Check hotel,1970-04-26 19:18:52,644
1933,Decide,1970-04-26 19:18:53,644
1934,Book plane,1970-04-26 19:18:54,644
1935,Check hotel,1970-04-26 19:18:55,645
1936,Decide,1970-04-26 19:18:56,645
1937,Book hotel,1970-04-26 19:18:57,645
1938,Check plane,1970-04-26 19:18:58,646
1939,Decide,1970-04-26 19:18:59,646
1940,Book hotel,1970-04-26 19:19:00,646
1941,Check plane,1970-04-26 19:19:01,647
1942,Decide,1970-04-26 19:19:02,647
1943,Book hotel,1970-04-26 19:19:03,647
1944,Check hotel,1970-04-26 19:19:04,648
1945,Decide,1970-04-26 19:19:05,648
1946,Book plane,1970-04-26 19:19:06,648
1947,Check plane,1970-04-26 19:19:07,649
1948,Decide,1970-04-26 19:19:08,649
1949,Book plane,1970-04-26 19:19:09,649
1950,Check plane,1970-04-26 19:19:10,650
1951,Decide,1970-04-26 19:19:11,650
1952,Book hotel,1970-04-26 19:19:12,650
1953,Check plane,1970-04-26 19:19:13,651
1954,Decide,1970-04-26 19:19:14,651
1955,Book plane,1970-04-26 19:19:15,651
1956,Check hotel,1970-04-26 19:19:16,652
1957,Decide,1970-04-26 19:19:17,652
1958,Book hotel,1970-04-26 19:19:18,652
1959,Check hotel,1970-04-26 19:19:19,653
1960,Decide,1970-04-26 19:19:20,653
1961,Book plane,1970-04-26 19:19:21,653
1962,Check hotel,1970-04-26 19:19:22,654
1963,Decide,1970-04-26 19:19:23,654
1964,Book plane,1970-04-26 19:19:24,654
1965,Check plane,1970-04-26 19:19:25,655
1966,Decide,1970-04-26 19:19:26,655
1967,Book plane,1970-04-26 19:19:27,655
1968,Check plane,1970-04-26 19:19:28,656
1969,Decide,1970-04-26 19:19:29,656
1970,Book plane,1970-04-26 19:19:30,656
1971,Check plane,1970-04-26 19:19:31,657
1972,Decide,1970-04-26 19:19:32,657
1973,Book plane,1970-04-26 19:19:33,657
1974,Check plane,1970-04-26 19:19:34,658
1975,Decide,1970-04-26 19:19:35,658
1976,Book plane,1970-04-26 19:19:36,658
1977,Check plane,1970-04-26 19:19:37,659
1978,Decide,1970-04-26 19:19:38,659
1979,Book plane,1970-04-26 19:19:39,659
1980,Check hotel,1970-04-26 19:19:40,660
1981,Decide,1970-04-26 19:19:41,660
1982,Book hotel,1970-04-26 19:19:42,660
1983,Check hotel,1970-04-26 19:19:43,661
1984,Decide,1970-04-26 19:19:44,661
1985,Book hotel,1970-04-26 19:19:45,661
1986,Check plane,1970-04-26 19:19:46,662
1987,Decide,1970-04-26 19:19:47,662
1988,Book plane,1970-04-26 19:19:48,662
1989,Check plane,1970-04-26 19:19:49,663
1990,Decide,1970-04-26 19:19:50,663
1991,Book hotel,1970-04-26 19:19:51,663
1992,Check plane,1970-04-26 19:19:52,664
1993,Decide,1970-04-26 19:19:53,664
1994,Book plane,1970-04-26 19:19:54,664
1995,Check hotel,1970-04-26 19:19:55,665
1996,Decide,1970-04-26 19:19:56,665
1997,Book plane,1970-04-26 19:19:57,665
1998,Check plane,1970-04-26 19:19:58,666
1999,Decide,1970-04-26 19:19:59,666
2000,Book hotel,1970-04-26 19:20:00,666
2001,Check plane,1970-04-26 19:20:01,667
2002,Decide,1970-04-26 19:20:02,667
2003,Book plane,1970-04-26 19:20:03,667
2004,Check plane,1970-04-26 19:20:04,668
2005,Decide,1970-04-26 19:20:05,668
2006,Book plane,1970-04-26 19:20:06,668
2007,Check hotel,1970-04-26 19:20:07,669
2008,Decide,1970-04-26 19:20:08,669
2009,Book plane,1970-04-26 19:20:09,669
2010,Check hotel,1970-04-26 19:20:10,670
2011,Decide,1970-04-26 19:20:11,670
2012,Book hotel,1970-04-26 19:20:12,670
2013,Check plane,1970-04-26 19:20:13,671
2014,Decide,1970-04-26 19:20:14,671
2015,Book plane,1970-04-26 19:20:15,671
2016,Check hotel,1970-04-26 19:20:16,672
2017,Decide,1970-04-26 19:20:17,672
2018,Book plane,1970-04-26 19:20:18,672
2019,Check plane,1970-04-26 19:20:19,673
2020,Decide,1970-04-26 19:20:20,673
2021,Book plane,1970-04-26 19:20:21,673
2022,Check plane,1970-04-26 19:20:22,674
2023,Decide,1970-04-26 19:20:23,674
2024,Book plane,1970-04-26 19:20:24,674
2025,Check plane,1970-04-26 19:20:25,675
2026,Decide,1970-04-26 19:20:26,675
2027,Book plane,1970-04-26 19:20:27,675
2028,Check hotel,1970-04-26 19:20:28,676
2029,Decide,1970-04-26 19:20:29,676
2030,Book plane,1970-04-26 19:20:30,676
2031,Check plane,1970-04-26 19:20:31,677
2032,Decide,1970-04-26 19:20:32,677
2033,Book plane,1970-04-26 19:20:33,677
2034,Check hotel,1970-04-26 19:20:34,678
2035,Decide,1970-04-26 19:20:35,678
2036,Book hotel,1970-04-26 19:20:36,678
2037,Check hotel,1970-04-26 19:20:37,679
2038,Decide,1970-04-26 19:20:38,679
2039,Book plane,1970-04-26 19:20:39,679
2040,Check plane,1970-04-26 19:20:40,680
2041,Decide,1970-04-26 19:20:41,680
2042,Book plane,1970-04-26 19:20:42,680
2043,Check plane,1970-04-26 19:20:43,681
2044,Decide,1970-04-26 19:20:44,681
2045,Book plane,1970-04-26 19:20:45,681
2046,Check hotel,1970-04-26 19:20:46,682
2047,Decide,1970-04-26 19:20:47,682
2048,Book hotel,1970-04-26 19:20:48,682
2049,Check hotel,1970-04-26 19:20:49,683
2050,Decide,1970-04-26 19:20:50,683
2051,Book hotel,1970-04-26 19:20:51,683
2052,Check plane,1970-04-26 19:20:52,684
2053,Decide,1970-04-26 19:20:53,684
2054,Book hotel,1970-04-26 19:20:54,684
2055,Check hotel,1970-04-26 19:20:55,685
2056,Decide,1970-04-26 19:20:56,685
2057,Book hotel,1970-04-26 19:20:57,685
2058,Check hotel,1970-04-26 19:20:58,686
2059,Decide,1970-04-26 19:20:59,686
2060,Book plane,1970-04-26 19:21:00,686
2061,Check hotel,1970-04-26 19:21:01,687
2062,Decide,1970-04-26 19:21:02,687
2063,Book plane,1970-04-26 19:21:03,687
2064,Check hotel,1970-04-26 19:21:04,688
2065,Decide,1970-04-26 19:21:05,688
2066,Book plane,1970-04-26 19:21:06,688
2067,Check hotel,1970-04-26 19:21:07,689
2068,Decide,1970-04-26 19:21:08,689
2069,Book hotel,1970-04-26 19:21:09,689
2070,Check plane,1970-04-26 19:21:10,690
2071,Decide,1970-04-26 19:21:11,690
2072,Book hotel,1970-04-26 19:21:12,690
2073,Check plane,1970-04-26 19:21:13,691
2074,Decide,1970-04-26 19:21:14,691
2075,Book plane,1970-04-26 19:21:15,691
2076,Check hotel,1970-04-26 19:21:16,692
2077,Decide,1970-04-26 19:21:17,692
2078,Book hotel,1970-04-26 19:21:18,692
2079,Check hotel,1970-04-26 19:21:19,693
2080,Decide,1970-04-26 19:21:20,693
2081,Book plane,1970-04-26 19:21:21,693
2082,Check plane,1970-04-26 19:21:22,694
2083,Decide,1970-04-26 19:21:23,694
2084,Book hotel,1970-04-26 19:21:24,694
2085,Check hotel,1970-04-26 19:21:25,695
2086,Decide,1970-04-26 19:21:26,695
2087,Book plane,1970-04-26 19:21:27,695
2088,Check plane,1970-04-26 19:21:28,696
2089,Decide,1970-04-26 19:21:29,696
2090,Book plane,1970-04-26 19:21:30,696
2091,Check plane,1970-04-26 19:21:31,697
2092,Decide,1970-04-26 19:21:32,697
2093,Book hotel,1970-04-26 19:21:33,697
2094,Check hotel,1970-04-26 19:21:34,698
2095,Decide,1970-04-26 19:21:35,698
2096,Book hotel,1970-04-26 19:21:36,698
2097,Check hotel,1970-04-26 19:21:37,699
2098,Decide,1970-04-26 19:21:38,699
2099,Book hotel,1970-04-26 19:21:39,699
2100,Check hotel,1970-04-26 19:21:40,700
2101,Decide,1970-04-26 19:21:41,700
2102,Book hotel,1970-04-26 19:21:42,700
2103,Check plane,1970-04-26 19:21:43,701
2104,Decide,1970-04-26 19:21:44,701
2105,Book hotel,1970-04-26 19:21:45,701
2106,Check plane,1970-04-26 19:21:46,702
2107,Decide,1970-04-26 19:21:47,702
2108,Book plane,1970-04-26 19:21:48,702
2109,Check plane,1970-04-26 19:21:49,703
2110,Decide,1970-04-26 19:21:50,703
2111,Book hotel,1970-04-26 19:21:51,703
2112,Check plane,1970-04-26 19:21:52,704
2113,Decide,1970-04-26 19:21:53,704
2114,Book plane,1970-04-26 19:21:54,704
2115,Check hotel,1970-04-26 19:21:55,705
2116,Decide,1970-04-26 19:21:56,705
2117,Book plane,1970-04-26 19:21:57,705
2118,Check hotel,1970-04-26 19:21:58,706
2119,Decide,1970-04-26 19:21:59,706
2120,Book hotel,1970-04-26 19:22:00,706
2121,Check hotel,1970-04-26 19:22:01,707
2122,Decide,1970-04-26 19:22:02,707
2123,Book plane,1970-04-26 19:22:03,707
2124,Check hotel,1970-04-26 19:22:04,708
2125,Decide,1970-04-26 19:22:05,708
2126,Book hotel,1970-04-26 19:22:06,708
2127,Check plane,1970-04-26 19:22:07,709
2128,Decide,1970-04-26 19:22:08,709
2129,Book plane,1970-04-26 19:22:09,709
2130,Check hotel,1970-04-26 19:22:10,710
2131,Decide,1970-04-26 19:22:11,710
2132,Book hotel,1970-04-26 19:22:12,710
2133,Check hotel,1970-04-26 19:22:13,711
2134,Decide,1970-04-26 19:22:14,711
2135,Book hotel,1970-04-26 19:22:15,711
2136,Check hotel,1970-04-26 19:22:16,712
2137,Decide,1970-04-26 19:22:17,712
2138,Book hotel,1970-04-26 19:22:18,712
2139,Check hotel,1970-04-26 19:22:19,713
2140,Decide,1970-04-26 19:22:20,713
2141,Book plane,1970-04-26 19:22:21,713
2142,Check plane,1970-04-26 19:22:22,714
2143,Decide,1970-04-26 19:22:23,714
2144,Book hotel,1970-04-26 19:22:24,714
2145,Check plane,1970-04-26 19:22:25,715
2146,Decide,1970-04-26 19:22:26,715
2147,Book plane,1970-04-26 19:22:27,715
2148,Check plane,1970-04-26 19:22:28,716
2149,Decide,1970-04-26 19:22:29,716
2150,Book hotel,1970-04-26 19:22:30,716
2151,Check hotel,1970-04-26 19:22:31,717
2152,Decide,1970-04-26 19:22:32,717
2153,Book hotel,1970-04-26 19:22:33,717
2154,Check hotel,1970-04-26 19:22:34,718
2155,Decide,1970-04-26 19:22:35,718
2156,Book plane,1970-04-26 19:22:36,718
2157,Check plane,1970-04-26 19:22:37,719
2158,Decide,1970-04-26 19:22:38,719
2159,Book hotel,1970-04-26 19:22:39,719
2160,Check hotel,1970-04-26 19:22:40,720
2161,Decide,1970-04-26 19:22:41,720
2162,Book plane,1970-04-26 19:22:42,720
2163,Check hotel,1970-04-26 19:22:43,721
2164,Decide,1970-04-26 19:22:44,721
2165,Book plane,1970-04-26 19:22:45,721
2166,Check hotel,1970-04-26 19:22:46,722
2167,Decide,1970-04-26 19:22:47,722
2168,Book hotel,1970-04-26 19:22:48,722
2169,Check hotel,1970-04-26 19:22:49,723
2170,Decide,1970-04-26 19:22:50,723
2171,Book hotel,1970-04-26 19:22:51,723
2172,Check hotel,1970-04-26 19:22:52,724
2173,Decide,1970-04-26 19:22:53,724
2174,Book plane,1970-04-26 19:22:54,724
2175,Check plane,1970-04-26 19:22:55,725
2176,Decide,1970-04-26 19:22:56,725
2177,Book plane,1970-04-26 19:22:57,725
2178,Check plane,1970-04-26 19:22:58,726
2179,Decide,1970-04-26 19:22:59,726
2180,Book hotel,1970-04-26 19:23:00,726
2181,Check plane,1970-04-26 19:23:01,727
2182,Decide,1970-04-26 19:23:02,727
2183,Book plane,1970-04-26 19:23:03,727
2184,Check plane,1970-04-26 19:23:04,728
2185,Decide,1970-04-26 19:23:05,728
2186,Book hotel,1970-04-26 19:23:06,728
2187,Check hotel,1970-04-26 19:23:07,729
2188,Decide,1970-04-26 19:23:08,729
2189,Book plane,1970-04-26 19:23:09,729
2190,Check plane,1970-04-26 19:23:10,730
2191,Decide,1970-04-26 19:23:11,730
2192,Book plane,1970-04-26 19:23:12,730
2193,Check plane,1970-04-26 19:23:13,731
2194,Decide,1970-04-26 19:23:14,731
2195,Book plane,1970-04-26 19:23:15,731
2196,Check hotel,1970-04-26 19:23:16,732
2197,Decide,1970-04-26 19:23:17,732
2198,Book plane,1970-04-26 19:23:18,732
2199,Check hotel,1970-04-26 19:23:19,733
2200,Decide,1970-04-26 19:23:20,733
2201,Book hotel,1970-04-26 19:23:21,733
2202,Check plane,1970-04-26 19:23:22,734
2203,Decide,1970-04-26 19:23:23,734
2204,Book plane,1970-04-26 19:23:24,734
2205,Check plane,1970-04-26 19:23:25,735
2206,Decide,1970-04-26 19:23:26,735
2207,Book plane,1970-04-26 19:23:27,735
2208,Check plane,1970-04-26 19:23:28,736
2209,Decide,1970-04-26 19:23:29,736
2210,Book plane,1970-04-26 19:23:30,736
2211,Check plane,1970-04-26 19:23:31,737
2212,Decide,1970-04-26 19:23:32,737
2213,Book plane,1970-04-26 19:23:33,737
2214,Check hotel,1970-04-26 19:23:34,738
2215,Decide,1970-04-26 19:23:35,738
2216,Book hotel,1970-04-26 19:23:36,738
2217,Check hotel,1970-04-26 19:23:37,739
2218,Decide,1970-04-26 19:23:38,739
2219,Book plane,1970-04-26 19:23:39,739
2220,Check hotel,1970-04-26 19:23:40,740
2221,Decide,1970-04-26 19:23:41,740
2222,Book plane,1970-04-26 19:23:42,740
2223,Check hotel,1970-04-26 19:23:43,741
2224,Decide,1970-04-26 19:23:44,741
2225,Book plane,1970-04-26 19:23:45,741
2226,Check hotel,1970-04-26 19:23:46,742
2227,Decide,1970-04-26 19:23:47,742
2228,Book plane,1970-04-26 19:23:48,742
2229,Check hotel,1970-04-26 19:23:49,743
2230,Decide,1970-04-26 19:23:50,743
2231,Book hotel,1970-04-26 19:23:51,743
2232,Check plane,1970-04-26 19:23:52,744
2233,Decide,1970-04-26 19:23:53,744
2234,Book plane,1970-04-26 19:23:54,744
2235,Check hotel,1970-04-26 19:23:55,745
2236,Decide,1970-04-26 19:23:56,745
2237,Book plane,1970-04-26 19:23:57,745
2238,Check plane,1970-04-26 19:23:58,746
2239,Decide,1970-04-26 19:23:59,746
2240,Book plane,1970-04-26 19:24:00,746
2241,Check plane,1970-04-26 19:24:01,747
2242,Decide,1970-04-26 19:24:02,747
2243,Book hotel,1970-04-26 19:24:03,747
2244,Check hotel,1970-04-26 19:24:04,748
2245,Decide,1970-04-26 19:24:05,748
2246,Book plane,1970-04-26 19:24:06,748
2247,Check hotel,1970-04-26 19:24:07,749
2248,Decide,1970-04-26 19:24:08,749
2249,Book plane,1970-04-26 19:24:09,749
2250,Check plane,1970-04-26 19:24:10,750
2251,Decide,1970-04-26 19:24:11,750
2252,Book plane,1970-04-26 19:24:12,750
2253,Check plane,1970-04-26 19:24:13,751
2254,Decide,1970-04-26 19:24:14,751
2255,Book hotel,1970-04-26 19:24:15,751
2256,Check hotel,1970-04-26 19:24:16,752
2257,Decide,1970-04-26 19:24:17,752
2258,Book plane,1970-04-26 19:24:18,752
2259,Check plane,1970-04-26 19:24:19,753
2260,Decide,1970-04-26 19:24:20,753
2261,Book plane,1970-04-26 19:24:21,753
2262,Check hotel,1970-04-26 19:24:22,754
2263,Decide,1970-04-26 19:24:23,754
2264,Book hotel,1970-04-26 19:24:24,754
2265,Check hotel,1970-04-26 19:24:25,755
2266,Decide,1970-04-26 19:24:26,755
2267,Book plane,1970-04-26 19:24:27,755
2268,Check hotel,1970-04-26 19:24:28,756
2269,Decide,1970-04-26 19:24:29,756
2270,Book plane,1970-04-26 19:24:30,756
2271,Check plane,1970-04-26 19:24:31,757
2272,Decide,1970-04-26 19:24:32,757
2273,Book plane,1970-04-26 19:24:33,757
2274,Check plane,1970-04-26 19:24:34,758
2275,Decide,1970-04-26 19:24:35,758
2276,Book hotel,1970-04-26 19:24:36,758
2277,Check plane,1970-04-26 19:24:37,759
2278,Decide,1970-04-26 19:24:38,759
2279,Book plane,1970-04-26 19:24:39,759
2280,Check plane,1970-04-26 19:24:40,760
2281,Decide,1970-04-26 19:24:41,760
2282,Book hotel,1970-04-26 19:24:42,760
2283,Check plane,1970-04-26 19:24:43,761
2284,Decide,1970-04-26 19:24:44,761
2285,Book hotel,1970-04-26 19:24:45,761
2286,Check plane,1970-04-26 19:24:46,762
2287,Decide,1970-04-26 19:24:47,762
2288,Book hotel,1970-04-26 19:24:48,762
2289,Check plane,1970-04-26 19:24:49,763
2290,Decide,1970-04-26 19:24:50,763
2291,Book hotel,1970-04-26 19:24:51,763
2292,Check hotel,1970-04-26 19:24:52,764
2293,Decide,1970-04-26 19:24:53,764
2294,Book plane,1970-04-26 19:24:54,764
2295,Check hotel,1970-04-26 19:24:55,765
2296,Decide,1970-04-26 19:24:56,765
2297,Book hotel,1970-04-26 19:24:57,765
2298,Check plane,1970-04-26 19:24:58,766
2299,Decide,1970-04-26 19:24:59,766
2300,Book hotel,1970-04-26 19:25:00,766
2301,Check hotel,1970-04-26 19:25:01,767
2302,Decide,1970-04-26 19:25:02,767
2303,Book hotel,1970-04-26 19:25:03,767
2304,Check hotel,1970-04-26 19:25:04,768
2305,Decide,1970-04-26 19:25:05,768
2306,Book hotel,1970-04-26 19:25:06,768
2307,Check plane,1970-04-26 19:25:07,769
2308,Decide,1970-04-26 19:25:08,769
2309,Book hotel,1970-04-26 19:25:09,769
2310,Check plane,1970-04-26 19:25:10,770
2311,Decide,1970-04-26 19:25:11,770
2312,Book plane,1970-04-26 19:25:12,770
2313,Check hotel,1970-04-26 19:25:13,771
2314,Decide,1970-04-26 19:25:14,771
2315,Book hotel,1970-04-26 19:25:15,771
2316,Check hotel,1970-04-26 19:25:16,772
2317,Decide,1970-04-26 19:25:17,772
2318,Book hotel,1970-04-26 19:25:18,772
2319,Check hotel,1970-04-26 19:25:19,773
2320,Decide,1970-04-26 19:25:20,773
2321,Book hotel,1970-04-26 19:25:21,773
2322,Check plane,1970-04-26 19:25:22,774
2323,Decide,1970-04-26 19:25:23,774
2324,Book hotel,1970-04-26 19:25:24,774
2325,Check plane,1970-04-26 19:25:25,775
2326,Decide,1970-04-26 19:25:26,775
2327,Book plane,1970-04-26 19:25:27,775
2328,Check plane,1970-04-26 19:25:28,776
2329,Decide,1970-04-26 19:25:29,776
2330,Book plane,1970-04-26 19:25:30,776
2331,Check plane,1970-04-26 19:25:31,777
2332,Decide,1970-04-26 19:25:32,777
2333,Book plane,1970-04-26 19:25:33,777
2334,Check hotel,1970-04-26 19:25:34,778
2335,Decide,1970-04-26 19:25:35,778
2336,Book plane,1970-04-26 19:25:36,778
2337,Check plane,1970-04-26 19:25:37,779
2338,Decide,1970-04-26 19:25:38,779
2339,Book plane,1970-04-26 19:25:39,779
2340,Check hotel,1970-04-26 19:25:40,780
2341,Decide,1970-04-26 19:25:41,780
2342,Book hotel,1970-04-26 19:25:42,780
2343,Check hotel,1970-04-26 19:25:43,781
2344,Decide,1970-04-26 19:25:44,781
2345,Book plane,1970-04-26 19:25:45,781
2346,Check plane,1970-04-26 19:25:46,782
2347,Decide,1970-04-26 19:25:47,782
2348,Book hotel,1970-04-26 19:25:48,782
2349,Check hotel,1970-04-26 19:25:49,783
2350,Decide,1970-04-26 19:25:50,783
2351,Book plane,1970-04-26 19:25:51,783
2352,Check plane,1970-04-26 19:25:52,784
2353,Decide,1970-04-26 19:25:53,784
2354,Book plane,1970-04-26 19:25:54,784
2355,Check hotel,1970-04-26 19:25:55,785
2356,Decide,1970-04-26 19:25:56,785
2357,Book plane,1970-04-26 19:25:57,785
2358,Check hotel,1970-04-26 19:25:58,786
2359,Decide,1970-04-26 19:25:59,786
2360,Book plane,1970-04-26 19:26:00,786
2361,Check plane,1970-04-26 19:26:01,787
2362,Decide,1970-04-26 19:26:02,787
2363,Book plane,1970-04-26 19:26:03,787
2364,Check hotel,1970-04-26 19:26:04,788
2365,Decide,1970-04-26 19:26:05,788
2366,Book plane,1970-04-26 19:26:06,788
2367,Check hotel,1970-04-26 19:26:07,789
2368,Decide,1970-04-26 19:26:08,789
2369,Book plane,1970-04-26 19:26:09,789
2370,Check plane,1970-04-26 19:26:10,790
2371,Decide,1970-04-26 19:26:11,790
2372,Book hotel,1970-04-26 19:26:12,790
2373,Check hotel,1970-04-26 19:26:13,791
2374,Decide,1970-04-26 19:26:14,791
2375,Book plane,1970-04-26 19:26:15,791
2376,Check hotel,1970-04-26 19:26:16,792
2377,Decide,1970-04-26 19:26:17,792
2378,Book hotel,1970-04-26 19:26:18,792
2379,Check hotel,1970-04-26 19:26:19,793
2380,Decide,1970-04-26 19:26:20,793
2381,Book plane,1970-04-26 19:26:21,793
2382,Check hotel,1970-04-26 19:26:22,794
2383,Decide,1970-04-26 19:26:23,794
2384,Book hotel,1970-04-26 19:26:24,794
2385,Check hotel,1970-04-26 19:26:25,795
2386,Decide,1970-04-26 19:26:26,795
2387,Book plane,1970-04-26 19:26:27,795
2388,Check plane,1970-04-26 19:26:28,796
2389,Decide,1970-04-26 19:26:29,796
2390,Book hotel,1970-04-26 19:26:30,796
2391,Check plane,1970-04-26 19:26:31,797
2392,Decide,1970-04-26 19:26:32,797
2393,Book hotel,1970-04-26 19:26:33,797
2394,Check plane,1970-04-26 19:26:34,798
2395,Decide,1970-04-26 19:26:35,798
2396,Book plane,1970-04-26 19:26:36,798
2397,Check plane,1970-04-26 19:26:37,799
2398,Decide,1970-04-26 19:26:38,799
2399,Book plane,1970-04-26 19:26:39,799
2400,Check plane,1970-04-26 19:26:40,800
2401,Decide,1970-04-26 19:26:41,800
2402,Book hotel,1970-04-26 19:26:42,800
2403,Check plane,1970-04-26 19:26:43,801
2404,Decide,1970-04-26 19:26:44,801
2405,Book plane,1970-04-26 19:26:45,801
2406,Check plane,1970-04-26 19:26:46,802
2407,Decide,1970-04-26 19:26:47,802
2408,Book hotel,1970-04-26 19:26:48,802
2409,Check hotel,1970-04-26 19:26:49,803
2410,Decide,1970-04-26 19:26:50,803
2411,Book plane,1970-04-26 19:26:51,803
2412,Check hotel,1970-04-26 19:26:52,804
2413,Decide,1970-04-26 19:26:53,804
2414,Book plane,1970-04-26 19:26:54,804
2415,Check hotel,1970-04-26 19:26:55,805
2416,Decide,1970-04-26 19:26:56,805
2417,Book hotel,1970-04-26 19:26:57,805
2418,Check hotel,1970-04-26 19:26:58,806
2419,Decide,1970-04-26 19:26:59,806
2420,Book hotel,1970-04-26 19:27:00,806
2421,Check plane,1970-04-26 19:27:01,807
2422,Decide,1970-04-26 19:27:02,807
2423,Book hotel,1970-04-26 19:27:03,807
2424,Check plane,1970-04-26 19:27:04,808
2425,Decide,1970-04-26 19:27:05,808
2426,Book plane,1970-04-26 19:27:06,808
2427,Check plane,1970-04-26 19:27:07,809
2428,Decide,1970-04-26 19:27:08,809
2429,Book hotel,1970-04-26 19:27:09,809
2430,Check hotel,1970-04-26 19:27:10,810
2431,Decide,1970-04-26 19:27:11,810
2432,Book plane,1970-04-26 19:27:12,810
2433,Check hotel,1970-04-26 19:27:13,811
2434,Decide,1970-04-26 19:27:14,811
2435,Book plane,1970-04-26 19:27:15,811
2436,Check hotel,1970-04-26 19:27:16,812
2437,Decide,1970-04-26 19:27:17,812
2438,Book plane,1970-04-26 19:27:18,812
2439,Check hotel,1970-04-26 19:27:19,813
2440,Decide,1970-04-26 19:27:20,813
2441,Book hotel,1970-04-26 19:27:21,813
2442,Check hotel,1970-04-26 19:27:22,814
2443,Decide,1970-04-26 19:27:23,814
2444,Book plane,1970-04-26 19:27:24,814
2445,Check hotel,1970-04-26 19:27:25,815
2446,Decide,1970-04-26 19:27:26,815
2447,Book plane,1970-04-26 19:27:27,815
2448,Check plane,1970-04-26 19:27:28,816
2449,Decide,1970-04-26 19:27:29,816
2450,Book hotel,1970-04-26 19:27:30,816
2451,Check plane,1970-04-26 19:27:31,817
2452,Decide,1970-04-26 19:27:32,817
2453,Book plane,1970-04-26 19:27:33,817
2454,Check plane,1970-04-26 19:27:34,818
2455,Decide,1970-04-26 19:27:35,818
2456,Book hotel,1970-04-26 19:27:36,818
2457,Check hotel,1970-04-26 19:27:37,819
2458,Decide,1970-04-26 19:27:38,819
2459,Book plane,1970-04-26 19:27:39,819
2460,Check hotel,1970-04-26 19:27:40,820
2461,Decide,1970-04-26 19:27:41,820
2462,Book plane,1970-04-26 19:27:42,820
2463,Check plane,1970-04-26 19:27:43,821
2464,Decide,1970-04-26 19:27:44,821
2465,Book hotel,1970-04-26 19:27:45,821
2466,Check plane,1970-04-26 19:27:46,822
2467,Decide,1970-04-26 19:27:47,822
2468,Book hotel,1970-04-26 19:27:48,822
2469,Check hotel,1970-04-26 19:27:49,823
2470,Decide,1970-04-26 19:27:50,823
2471,Book plane,1970-04-26 19:27:51,823
2472,Check plane,1970-04-26 19:27:52,824
2473,Decide,1970-04-26 19:27:53,824
2474,Book hotel,1970-04-26 19:27:54,824
2475,Check plane,1970-04-26 19:27:55,825
2476,Decide,1970-04-26 19:27:56,825
2477,Book hotel,1970-04-26 19:27:57,825
2478,Check hotel,1970-04-26 19:27:58,826
2479,Decide,1970-04-26 19:27:59,826
2480,Book hotel,1970-04-26 19:28:00,826
2481,Check hotel,1970-04-26 19:28:01,827
2482,Decide,1970-04-26 19:28:02,827
2483,Book plane,1970-04-26 19:28:03,827
2484,Check hotel,1970-04-26 19:28:04,828
2485,Decide,1970-04-26 19:28:05,828
2486,Book hotel,1970-04-26 19:28:06,828
2487,Check hotel,1970-04-26 19:28:07,829
2488,Decide,1970-04-26 19:28:08,829
2489,Book plane,1970-04-26 19:28:09,829
2490,Check hotel,1970-04-26 19:28:10,830
2491,Decide,1970-04-26 19:28:11,830
2492,Book hotel,1970-04-26 19:28:12,830
2493,Check hotel,1970-04-26 19:28:13,831
2494,Decide,1970-04-26 19:28:14,831
2495,Book hotel,1970-04-26 19:28:15,831
2496,Check plane,1970-04-26 19:28:16,832
2497,Decide,1970-04-26 19:28:17,832
2498,Book hotel,1970-04-26 19:28:18,832
2499,Check hotel,1970-04-26 19:28:19,833
2500,Decide,1970-04-26 19:28:20,833
2501,Book hotel,1970-04-26 19:28:21,833
2502,Check plane,1970-04-26 19:28:22,834
2503,Decide,1970-04-26 19:28:23,834
2504,Book plane,1970-04-26 19:28:24,834
2505,Check hotel,1970-04-26 19:28:25,835
2506,Decide,1970-04-26 19:28:26,835
2507,Book plane,1970-04-26 19:28:27,835
2508,Check plane,1970-04-26 19:28:28,836
2509,Decide,1970-04-26 19:28:29,836
2510,Book hotel,1970-04-26 19:28:30,836
2511,Check plane,1970-04-26 19:28:31,837
2512,Decide,1970-04-26 19:28:32,837
2513,Book hotel,1970-04-26 19:28:33,837
2514,Check hotel,1970-04-26 19:28:34,838
2515,Decide,1970-04-26 19:28:35,838
2516,Book hotel,1970-04-26 19:28:36,838
2517,Check plane,1970-04-26 19:28:37,839
2518,Decide,1970-04-26 19:28:38,839
2519,Book hotel,1970-04-26 19:28:39,839
2520,Check plane,1970-04-26 19:28:40,840
2521,Decide,1970-04-26 19:28:41,840
2522,Book plane,1970-04-26 19:28:42,840
2523,Check plane,1970-04-26 19:28:43,841
2524,Decide,1970-04-26 19:28:44,841
2525,Book hotel,1970-04-26 19:28:45,841
2526,Check hotel,1970-04-26 19:28:46,842
2527,Decide,1970-04-26 19:28:47,842
2528,Book hotel,1970-04-26 19:28:48,842
2529,Check plane,1970-04-26 19:28:49,843
2530,Decide,1970-04-26 19:28:50,843
2531,Book hotel,1970-04-26 19:28:51,843
2532,Check hotel,1970-04-26 19:28:52,844
2533,Decide,1970-04-26 19:28:53,844
2534,Book hotel,1970-04-26 19:28:54,844
2535,Check hotel,1970-04-26 19:28:55,845
2536,Decide,1970-04-26 19:28:56,845
2537,Book plane,1970-04-26 19:28:57,845
2538,Check hotel,1970-04-26 19:28:58,846
2539,Decide,1970-04-26 19:28:59,846
2540,Book plane,1970-04-26 19:29:00,846
2541,Check plane,1970-04-26 19:29:01,847
2542,Decide,1970-04-26 19:29:02,847
2543,Book plane,1970-04-26 19:29:03,847
2544,Check plane,1970-04-26 19:29:04,848
2545,Decide,1970-04-26 19:29:05,848
2546,Book hotel,1970-04-26 19:29:06,848
2547,Check plane,1970-04-26 19:29:07,849
2548,Decide,1970-04-26 19:29:08,849
2549,Book hotel,1970-04-26 19:29:09,849
2550,Check hotel,1970-04-26 19:29:10,850
2551,Decide,1970-04-26 19:29:11,850
2552,Book plane,1970-04-26 19:29:12,850
2553,Check hotel,1970-04-26 19:29:13,851
2554,Decide,1970-04-26 19:29:14,851
2555,Book plane,1970-04-26 19:29:15,851
2556,Check plane,1970-04-26 19:29:16,852
2557,Decide,1970-04-26 19:29:17,852
2558,Book plane,1970-04-26 19:29:18,852
2559,Check hotel,1970-04-26 19:29:19,853
2560,Decide,1970-04-26 19:29:20,853
2561,Book plane,1970-04-26 19:29:21,853
2562,Check hotel,1970-04-26 19:29:22,854
2563,Decide,1970-04-26 19:29:23,854
2564,Book hotel,1970-04-26 19:29:24,854
2565,Check plane,1970-04-26 19:29:25,855
2566,Decide,1970-04-26 19:29:26,855
2567,Book hotel,1970-04-26 19:29:27,855
2568,Check plane,1970-04-26 19:29:28,856
2569,Decide,1970-04-26 19:29:29,856
2570,Book hotel,1970-04-26 19:29:30,856
2571,Check hotel,1970-04-26 19:29:31,857
2572,Decide,1970-04-26 19:29:32,857
2573,Book plane,1970-04-26 19:29:33,857
2574,Check plane,1970-04-26 19:29:34,858
2575,Decide,1970-04-26 19:29:35,858
2576,Book hotel,1970-04-26 19:29:36,858
2577,Check plane,1970-04-26 19:29:37,859
2578,Decide,1970-04-26 19:29:38,859
2579,Book plane,1970-04-26 19:29:39,859
2580,Check plane,1970-04-26 19:29:40,860
2581,Decide,1970-04-26 19:29:41,860
2582,Book plane,1970-04-26 19:29:42,860
2583,Check plane,1970-04-26 19:29:43,861
2584,Decide,1970-04-26 19:29:44,861
2585,Book plane,1970-04-26 19:29:45,861
2586,Check hotel,1970-04-26 19:29:46,862
2587,Decide,1970-04-26 19:29:47,862
2588,Book plane,1970-04-26 19:29:48,862
2589,Check hotel,1970-04-26 19:29:49,863
2590,Decide,1970-04-26 19:29:50,863
2591,Book plane,1970-04-26 19:29:51,863
2592,Check hotel,1970-04-26 19:29:52,864
2593,Decide,1970-04-26 19:29:53,864
2594,Book hotel,1970-04-26 19:29:54,864
2595,Check plane,1970-04-26 19:29:55,865
2596,Decide,1970-04-26 19:29:56,865
2597,Book hotel,1970-04-26 19:29:57,865
2598,Check plane,1970-04-26 19:29:58,866
2599,Decide,1970-04-26 19:29:59,866
2600,Book hotel,1970-04-26 19:30:00,866
2601,Check hotel,1970-04-26 19:30:01,867
2602,Decide,1970-04-26 19:30:02,867
2603,Book hotel,1970-04-26 19:30:03,867
2604,Check hotel,1970-04-26 19:30:04,868
2605,Decide,1970-04-26 19:30:05,868
2606,Book hotel,1970-04-26 19:30:06,868
2607,Check hotel,1970-04-26 19:30:07,869
2608,Decide,1970-04-26 19:30:08,869
2609,Book hotel,1970-04-26 19:30:09,869
2610,Check hotel,1970-04-26 19:30:10,870
2611,Decide,1970-04-26 19:30:11,870
2612,Book plane,1970-04-26 19:30:12,870
2613,Check plane,1970-04-26 19:30:13,871
2614,Decide,1970-04-26 19:30:14,871
2615,Book hotel,1970-04-26 19:30:15,871
2616,Check hotel,1970-04-26 19:30:16,872
2617,Decide,1970-04-26 19:30:17,872
2618,Book plane,1970-04-26 19:30:18,872
2619,Check hotel,1970-04-26 19:30:19,873
2620,Decide,1970-04-26 19:30:20,873
2621,Book hotel,1970-04-26 19:30:21,873
2622,Check plane,1970-04-26 19:30:22,874
2623,Decide,1970-04-26 19:30:23,874
2624,Book hotel,1970-04-26 19:30:24,874
2625,Check plane,1970-04-26 19:30:25,875
2626,Decide,1970-04-26 19:30:26,875
2627,Book plane,1970-04-26 19:30:27,875
2628,Check hotel,1970-04-26 19:30:28,876
2629,Decide,1970-04-26 19:30:29,876
2630,Book hotel,1970-04-26 19:30:30,876
2631,Check plane,1970-04-26 19:30:31,877
2632,Decide,1970-04-26 19:30:32,877
2633,Book plane,1970-04-26 19:30:33,877
2634,Check hotel,1970-04-26 19:30:34,878
2635,Decide,1970-04-26 19:30:35,878
2636,Book hotel,1970-04-26 19:30:36,878
2637,Check hotel,1970-04-26 19:30:37,879
2638,Decide,1970-04-26 19:30:38,879
2639,Book plane,1970-04-26 19:30:39,879
2640,Check hotel,1970-04-26 19:30:40,880
2641,Decide,1970-04-26 19:30:41,880
2642,Book plane,1970-04-26 19:30:42,880
2643,Check hotel,1970-04-26 19:30:43,881
2644,Decide,1970-04-26 19:30:44,881
2645,Book hotel,1970-04-26 19:30:45,881
2646,Check plane,1970-04-26 19:30:46,882
2647,Decide,1970-04-26 19:30:47,882
2648,Book plane,1970-04-26 19:30:48,882
2649,Check hotel,1970-04-26 19:30:49,883
2650,Decide,1970-04-26 19:30:50,883
2651,Book hotel,1970-04-26 19:30:51,883
2652,Check plane,1970-04-26 19:30:52,884
2653,Decide,1970-04-26 19:30:53,884
2654,Book hotel,1970-04-26 19:30:54,884
2655,Check hotel,1970-04-26 19:30:55,885
2656,Decide,1970-04-26 19:30:56,885
2657,Book plane,1970-04-26 19:30:57,885
2658,Check plane,1970-04-26 19:30:58,886
2659,Decide,1970-04-26 19:30:59,886
2660,Book plane,1970-04-26 19:31:00,886
2661,Check hotel,1970-04-26 19:31:01,887
2662,Decide,1970-04-26 19:31:02,887
2663,Book plane,1970-04-26 19:31:03,887
2664,Check plane,1970-04-26 19:31:04,888
2665,Decide,1970-04-26 19:31:05,888
2666,Book plane,1970-04-26 19:31:06,888
2667,Check plane,1970-04-26 19:31:07,889
2668,Decide,1970-04-26 19:31:08,889
2669,Book hotel,1970-04-26 19:31:09,889
2670,Check hotel,1970-04-26 19:31:10,890
2671,Decide,1970-04-26 19:31:11,890
2672,Book hotel,1970-04-26 19:31:12,890
2673,Check plane,1970-04-26 19:31:13,891
2674,Decide,1970-04-26 19:31:14,891
2675,Book hotel,1970-04-26 19:31:15,891
2676,Check plane,1970-04-26 19:31:16,892
2677,Decide,1970-04-26 19:31:17,892
2678,Book plane,1970-04-26 19:31:18,892
2679,Check plane,1970-04-26 19:31:19,893
2680,Decide,1970-04-26 19:31:20,893
2681,Book hotel,1970-04-26 19:31:21,893
2682,Check hotel,1970-04-26 19:31:22,894
2683,Decide,1970-04-26 19:31:23,894
2684,Book hotel,1970-04-26 19:31:24,894
2685,Check hotel,1970-04-26 19:31:25,895
2686,Decide,1970-04-26 19:31:26,895
2687,Book plane,1970-04-26 19:31:27,895
2688,Check plane,1970-04-26 19:31:28,896
2689,Decide,1970-04-26 19:31:29,896
2690,Book hotel,1970-04-26 19:31:30,896
2691,Check plane,1970-04-26 19:31:31,897
2692,Decide,1970-04-26 19:31:32,897
2693,Book plane,1970-04-26 19:31:33,897
2694,Check hotel,1970-04-26 19:31:34,898
2695,Decide,1970-04-26 19:31:35,898
2696,Book plane,1970-04-26 19:31:36,898
2697,Check plane,1970-04-26 19:31:37,899
2698,Decide,1970-04-26 19:31:38,899
2699,Book plane,1970-04-26 19:31:39,899
2700,Check hotel,1970-04-26 19:31:40,900
2701,Decide,1970-04-26 19:31:41,900
2702,Book hotel,1970-04-26 19:31:42,900
2703,Check plane,1970-04-26 19:31:43,901
2704,Decide,1970-04-26 19:31:44,901
2705,Book plane,1970-04-26 19:31:45,901
2706,Check plane,1970-04-26 19:31:46,902
2707,Decide,1970-04-26 19:31:47,902
2708,Book plane,1970-04-26 19:31:48,902
2709,Check plane,1970-04-26 19:31:49,903
2710,Decide,1970-04-26 19:31:50,903
2711,Book plane,1970-04-26 19:31:51,903
2712,Check plane,1970-04-26 19:31:52,904
2713,Decide,1970-04-26 19:31:53,904
2714,Book hotel,1970-04-26 19:31:54,904
2715,Check plane,1970-04-26 19:31:55,905
2716,Decide,1970-04-26 19:31:56,905
2717,Book plane,1970-04-26 19:31:57,905
2718,Check hotel,1970-04-26 19:31:58,906
2719,Decide,1970-04-26 19:31:59,906
2720,Book hotel,1970-04-26 19:32:00,906
2721,Check hotel,1970-04-26 19:32:01,907
2722,Decide,1970-04-26 19:32:02,907
2723,Book plane,1970-04-26 19:32:03,907
2724,Check plane,1970-04-26 19:32:04,908
2725,Decide,1970-04-26 19:32:05,908
2726,Book plane,1970-04-26 19:32:06,908
2727,Check plane,1970-04-26 19:32:07,909
2728,Decide,1970-04-26 19:32:08,909
2729,Book plane,1970-04-26 19:32:09,909
2730,Check plane,1970-04-26 19:32:10,910
2731,Decide,1970-04-26 19:32:11,910
2732,Book hotel,1970-04-26 19:32:12,910
2733,Check plane,1970-04-26 19:32:13,911
2734,Decide,1970-04-26 19:32:14,911
2735,Book plane,1970-04-26 19:32:15,911
2736,Check hotel,1970-04-26 19:32:16,912
2737,Decide,1970-04-26 19:32:17,912
2738,Book hotel,1970-04-26 19:32:18,912
2739,Check hotel,1970-04-26 19:32:19,913
2740,Decide,1970-04-26 19:32:20,913
2741,Book hotel,1970-04-26 19:32:21,913
2742,Check plane,1970-04-26 19:32:22,914
2743,Decide,1970-04-26 19:32:23,914
2744,Book hotel,1970-04-26 19:32:24,914
2745,Check plane,1970-04-26 19:32:25,915
2746,Decide,1970-04-26 19:32:26,915
2747,Book plane,1970-04-26 19:32:27,915
2748,Check hotel,1970-04-26 19:32:28,916
2749,Decide,1970-04-26 19:32:29,916
2750,Book hotel,1970-04-26 19:32:30,916
2751,Check hotel,1970-04-26 19:32:31,917
2752,Decide,1970-04-26 19:32:32,917
2753,Book plane,1970-04-26 19:32:33,917
2754,Check plane,1970-04-26 19:32:34,918
2755,Decide,1970-04-26 19:32:35,918
2756,Book hotel,1970-04-26 19:32:36,918
2757,Check hotel,1970-04-26 19:32:37,919
2758,Decide,1970-04-26 19:32:38,919
2759,Book plane,1970-04-26 19:32:39,919
2760,Check plane,1970-04-26 19:32:40,920
2761,Decide,1970-04-26 19:32:41,920
2762,Book hotel,1970-04-26 19:32:42,920
2763,Check plane,1970-04-26 19:32:43,921
2764,Decide,1970-04-26 19:32:44,921
2765,Book hotel,1970-04-26 19:32:45,921
2766,Check hotel,1970-04-26 19:32:46,922
2767,Decide,1970-04-26 19:32:47,922
2768,Book plane,1970-04-26 19:32:48,922
2769,Check plane,1970-04-26 19:32:49,923
2770,Decide,1970-04-26 19:32:50,923
2771,Book plane,1970-04-26 19:32:51,923
2772,Check hotel,1970-04-26 19:32:52,924
2773,Decide,1970-04-26 19:32:53,924
2774,Book plane,1970-04-26 19:32:54,924
2775,Check hotel,1970-04-26 19:32:55,925
2776,Decide,1970-04-26 19:32:56,925
2777,Book hotel,1970-04-26 19:32:57,925
2778,Check hotel,1970-04-26 19:32:58,926
2779,Decide,1970-04-26 19:32:59,926
2780,Book plane,1970-04-26 19:33:00,926
2781,Check plane,1970-04-26 19:33:01,927
2782,Decide,1970-04-26 19:33:02,927
2783,Book hotel,1970-04-26 19:33:03,927
2784,Check plane,1970-04-26 19:33:04,928
2785,Decide,1970-04-26 19:33:05,928
2786,Book hotel,1970-04-26 19:33:06,928
2787,Check plane,1970-04-26 19:33:07,929
2788,Decide,1970-04-26 19:33:08,929
2789,Book hotel,1970-04-26 19:33:09,929
2790,Check hotel,1970-04-26 19:33:10,930
2791,Decide,1970-04-26 19:33:11,930
2792,Book plane,1970-04-26 19:33:12,930
2793,Check hotel,1970-04-26 19:33:13,931
2794,Decide,1970-04-26 19:33:14,931
2795,Book plane,1970-04-26 19:33:15,931
2796,Check hotel,1970-04-26 19:33:16,932
2797,Decide,1970-04-26 19:33:17,932
2798,Book plane,1970-04-26 19:33:18,932
2799,Check plane,1970-04-26 19:33:19,933
2800,Decide,1970-04-26 19:33:20,933
2801,Book hotel,1970-04-26 19:33:21,933
2802,Check plane,1970-04-26 19:33:22,934
2803,Decide,1970-04-26 19:33:23,934
2804,Book plane,1970-04-26 19:33:24,934
2805,Check hotel,1970-04-26 19:33:25,935
2806,Decide,1970-04-26 19:33:26,935
2807,Book plane,1970-04-26 19:33:27,935
2808,Check plane,1970-04-26 19:33:28,936
2809,Decide,1970-04-26 19:33:29,936
2810,Book hotel,1970-04-26 19:33:30,936
2811,Check hotel,1970-04-26 19:33:31,937
2812,Decide,1970-04-26 19:33:32,937
2813,Book plane,1970-04-26 19:33:33,937
2814,Check plane,1970-04-26 19:33:34,938
2815,Decide,1970-04-26 19:33:35,938
2816,Book hotel,1970-04-26 19:33:36,938
2817,Check plane,1970-04-26 19:33:37,939
2818,Decide,1970-04-26 19:33:38,939
2819,Book hotel,1970-04-26 19:33:39,939
2820,Check plane,1970-04-26 19:33:40,940
2821,Decide,1970-04-26 19:33:41,940
2822,Book hotel,1970-04-26 19:33:42,940
2823,Check plane,1970-04-26 19:33:43,941
2824,Decide,1970-04-26 19:33:44,941
2825,Book plane,1970-04-26 19:33:45,941
2826,Check plane,1970-04-26 19:33:46,942
2827,Decide,1970-04-26 19:33:47,942
2828,Book hotel,1970-04-26 19:33:48,942
2829,Check plane,1970-04-26 19:33:49,943
2830,Decide,1970-04-26 19:33:50,943
2831,Book plane,1970-04-26 19:33:51,943
2832,Check hotel,1970-04-26 19:33:52,944
2833,Decide,1970-04-26 19:33:53,944
2834,Book hotel,1970-04-26 19:33:54,944
2835,Check hotel,1970-04-26 19:33:55,945
2836,Decide,1970-04-26 19:33:56,945
2837,Book plane,1970-04-26 19:33:57,945
2838,Check plane,1970-04-26 19:33:58,946
2839,Decide,1970-04-26 19:33:59,946
2840,Book hotel,1970-04-26 19:34:00,946
2841,Check plane,1970-04-26 19:34:01,947
2842,Decide,1970-04-26 19:34:02,947
2843,Book hotel,1970-04-26 19:34:03,947
2844,Check hotel,1970-04-26 19:34:04,948
2845,Decide,1970-04-26 19:34:05,948
2846,Book plane,1970-04-26 19:34:06,948
2847,Check plane,1970-04-26 19:34:07,949
2848,Decide,1970-04-26 19:34:08,949
2849,Book hotel,1970-04-26 19:34:09,949
2850,Check plane,1970-04-26 19:34:10,950
2851,Decide,1970-04-26 19:34:11,950
2852,Book hotel,1970-04-26 19:34:12,950
2853,Check hotel,1970-04-26 19:34:13,951
2854,Decide,1970-04-26 19:34:14,951
2855,Book hotel,1970-04-26 19:34:15,951
2856,Check hotel,1970-04-26 19:34:16,952
2857,Decide,1970-04-26 19:34:17,952
2858,Book hotel,1970-04-26 19:34:18,952
2859,Check plane,1970-04-26 19:34:19,953
2860,Decide,1970-04-26 19:34:20,953
2861,Book hotel,1970-04-26 19:34:21,953
2862,Check plane,1970-04-26 19:34:22,954
2863,Decide,1970-04-26 19:34:23,954
2864,Book hotel,1970-04-26 19:34:24,954
2865,Check hotel,1970-04-26 19:34:25,955
2866,Decide,1970-04-26 19:34:26,955
2867,Book plane,1970-04-26 19:34:27,955
2868,Check plane,1970-04-26 19:34:28,956
2869,Decide,1970-04-26 19:34:29,956
2870,Book hotel,1970-04-26 19:34:30,956
2871,Check hotel,1970-04-26 19:34:31,957
2872,Decide,1970-04-26 19:34:32,957
2873,Book hotel,1970-04-26 19:34:33,957
2874,Check hotel,1970-04-26 19:34:34,958
2875,Decide,1970-04-26 19:34:35,958
2876,Book plane,1970-04-26 19:34:36,958
2877,Check plane,1970-04-26 19:34:37,959
2878,Decide,1970-04-26 19:34:38,959
2879,Book hotel,1970-04-26 19:34:39,959
2880,Check plane,1970-04-26 19:34:40,960
2881,Decide,1970-04-26 19:34:41,960
2882,Book plane,1970-04-26 19:34:42,960
2883,Check hotel,1970-04-26 19:34:43,961
2884,Decide,1970-04-26 19:34:44,961
2885,Book hotel,1970-04-26 19:34:45,961
2886,Check plane,1970-04-26 19:34:46,962
2887,Decide,1970-04-26 19:34:47,962
2888,Book hotel,1970-04-26 19:34:48,962
2889,Check plane,1970-04-26 19:34:49,963
2890,Decide,1970-04-26 19:34:50,963
2891,Book plane,1970-04-26 19:34:51,963
2892,Check plane,1970-04-26 19:34:52,964
2893,Decide,1970-04-26 19:34:53,964
2894,Book hotel,1970-04-26 19:34:54,964
2895,Check hotel,1970-04-26 19:34:55,965
2896,Decide,1970-04-26 19:34:56,965
2897,Book hotel,1970-04-26 19:34:57,965
2898,Check plane,1970-04-26 19:34:58,966
2899,Decide,1970-04-26 19:34:59,966
2900,Book hotel,1970-04-26 19:35:00,966
2901,Check plane,1970-04-26 19:35:01,967
2902,Decide,1970-04-26 19:35:02,967
2903,Book plane,1970-04-26 19:35:03,967
2904,Check hotel,1970-04-26 19:35:04,968
2905,Decide,1970-04-26 19:35:05,968
2906,Book plane,1970-04-26 19:35:06,968
2907,Check hotel,1970-04-26 19:35:07,969
2908,Decide,1970-04-26 19:35:08,969
2909,Book plane,1970-04-26 19:35:09,969
2910,Check hotel,1970-04-26 19:35:10,970
2911,Decide,1970-04-26 19:35:11,970
2912,Book plane,1970-04-26 19:35:12,970
2913,Check hotel,1970-04-26 19:35:13,971
2914,Decide,1970-04-26 19:35:14,971
2915,Book hotel,1970-04-26 19:35:15,971
2916,Check hotel,1970-04-26 19:35:16,972
2917,Decide,1970-04-26 19:35:17,972
2918,Book hotel,1970-04-26 19:35:18,972
2919,Check plane,1970-04-26 19:35:19,973
2920,Decide,1970-04-26 19:35:20,973
2921,Book plane,1970-04-26 19:35:21,973
2922,Check plane,1970-04-26 19:35:22,974
2923,Decide,1970-04-26 19:35:23,974
2924,Book plane,1970-04-26 19:35:24,974
2925,Check hotel,1970-04-26 19:35:25,975
2926,Decide,1970-04-26 19:35:26,975
2927,Book plane,1970-04-26 19:35:27,975
2928,Check hotel,1970-04-26 19:35:28,976
2929,Decide,1970-04-26 19:35:29,976
2930,Book hotel,1970-04-26 19:35:30,976
2931,Check hotel,1970-04-26 19:35:31,977
2932,Decide,1970-04-26 19:35:32,977
2933,Book hotel,1970-04-26 19:35:33,977
2934,Check hotel,1970-04-26 19:35:34,978
2935,Decide,1970-04-26 19:35:35,978
2936,Book hotel,1970-04-26 19:35:36,978
2937,Check plane,1970-04-26 19:35:37,979
2938,Decide,1970-04-26 19:35:38,979
2939,Book hotel,1970-04-26 19:35:39,979
2940,Check hotel,1970-04-26 19:35:40,980
2941,Decide,1970-04-26 19:35:41,980
2942,Book plane,1970-04-26 19:35:42,980
2943,Check plane,1970-04-26 19:35:43,981
2944,Decide,1970-04-26 19:35:44,981
2945,Book hotel,1970-04-26 19:35:45,981
2946,Check hotel,1970-04-26 19:35:46,982
2947,Decide,1970-04-26 19:35:47,982
2948,Book hotel,1970-04-26 19:35:48,982
2949,Check hotel,1970-04-26 19:35:49,983
2950,Decide,1970-04-26 19:35:50,983
2951,Book hotel,1970-04-26 19:35:51,983
2952,Check plane,1970-04-26 19:35:52,984
2953,Decide,1970-04-26 19:35:53,984
2954,Book plane,1970-04-26 19:35:54,984
2955,Check hotel,1970-04-26 19:35:55,985
2956,Decide,1970-04-26 19:35:56,985
2957,Book plane,1970-04-26 19:35:57,985
2958,Check plane,1970-04-26 19:35:58,986
2959,Decide,1970-04-26 19:35:59,986
2960,Book hotel,1970-04-26 19:36:00,986
2961,Check plane,1970-04-26 19:36:01,987
2962,Decide,1970-04-26 19:36:02,987
2963,Book hotel,1970-04-26 19:36:03,987
2964,Check hotel,1970-04-26 19:36:04,988
2965,Decide,1970-04-26 19:36:05,988
2966,Book hotel,1970-04-26 19:36:06,988
2967,Check plane,1970-04-26 19:36:07,989
2968,Decide,1970-04-26 19:36:08,989
2969,Book plane,1970-04-26 19:36:09,989
2970,Check plane,1970-04-26 19:36:10,990
2971,Decide,1970-04-26 19:36:11,990
2972,Book plane,1970-04-26 19:36:12,990
2973,Check hotel,1970-04-26 19:36:13,991
2974,Decide,1970-04-26 19:36:14,991
2975,Book plane,1970-04-26 19:36:15,991
2976,Check plane,1970-04-26 19:36:16,992
2977,Decide,1970-04-26 19:36:17,992
2978,Book hotel,1970-04-26 19:36:18,992
2979,Check hotel,1970-04-26 19:36:19,993
2980,Decide,1970-04-26 19:36:20,993
2981,Book plane,1970-04-26 19:36:21,993
2982,Check plane,1970-04-26 19:36:22,994
2983,Decide,1970-04-26 19:36:23,994
2984,Book plane,1970-04-26 19:36:24,994
2985,Check hotel,1970-04-26 19:36:25,995
2986,Decide,1970-04-26 19:36:26,995
2987,Book hotel,1970-04-26 19:36:27,995
2988,Check hotel,1970-04-26 19:36:28,996
2989,Decide,1970-04-26 19:36:29,996
2990,Book plane,1970-04-26 19:36:30,996
2991,Check hotel,1970-04-26 19:36:31,997
2992,Decide,1970-04-26 19:36:32,997
2993,Book hotel,1970-04-26 19:36:33,997
2994,Check plane,1970-04-26 19:36:34,998
2995,Decide,1970-04-26 19:36:35,998
2996,Book hotel,1970-04-26 19:36:36,998
2997,Check plane,1970-04-26 19:36:37,999
2998,Decide,1970-04-26 19:36:38,999
2999,Book hotel,1970-04-26 19:36:39,999
3000,Check hotel,1970-04-26 19:36:40,1000
3001,Decide,1970-04-26 19:36:41,1000
3002,Book hotel,1970-04-26 19:36:42,1000
3003,Check hotel,1970-04-26 19:36:43,1001
3004,Decide,1970-04-26 19:36:44,1001
3005,Book plane,1970-04-26 19:36:45,1001
3006,Check plane,1970-04-26 19:36:46,1002
3007,Decide,1970-04-26 19:36:47,1002
3008,Book plane,1970-04-26 19:36:48,1002
3009,Check plane,1970-04-26 19:36:49,1003
3010,Decide,1970-04-26 19:36:50,1003
3011,Book hotel,1970-04-26 19:36:51,1003
3012,Check hotel,1970-04-26 19:36:52,1004
3013,Decide,1970-04-26 19:36:53,1004
3014,Book hotel,1970-04-26 19:36:54,1004
3015,Check plane,1970-04-26 19:36:55,1005
3016,Decide,1970-04-26 19:36:56,1005
3017,Book hotel,1970-04-26 19:36:57,1005
3018,Check plane,1970-04-26 19:36:58,1006
3019,Decide,1970-04-26 19:36:59,1006
3020,Book plane,1970-04-26 19:37:00,1006
3021,Check hotel,1970-04-26 19:37:01,1007
3022,Decide,1970-04-26 19:37:02,1007
3023,Book plane,1970-04-26 19:37:03,1007
3024,Check plane,1970-04-26 19:37:04,1008
3025,Decide,1970-04-26 19:37:05,1008
3026,Book hotel,1970-04-26 19:37:06,1008
3027,Check hotel,1970-04-26 19:37:07,1009
3028,Decide,1970-04-26 19:37:08,1009
3029,Book hotel,1970-04-26 19:37:09,1009
3030,Check plane,1970-04-26 19:37:10,1010
3031,Decide,1970-04-26 19:37:11,1010
3032,Book hotel,1970-04-26 19:37:12,1010
3033,Check hotel,1970-04-26 19:37:13,1011
3034,Decide,1970-04-26 19:37:14,1011
3035,Book hotel,1970-04-26 19:37:15,1011
3036,Check hotel,1970-04-26 19:37:16,1012
3037,Decide,1970-04-26 19:37:17,1012
3038,Book hotel,1970-04-26 19:37:18,1012
3039,Check plane,1970-04-26 19:37:19,1013
3040,Decide,1970-04-26 19:37:20,1013
3041,Book plane,1970-04-26 19:37:21,1013
3042,Check plane,1970-04-26 19:37:22,1014
3043,Decide,1970-04-26 19:37:23,1014
3044,Book plane,1970-04-26 19:37:24,1014
3045,Check plane,1970-04-26 19:37:25,1015
3046,Decide,1970-04-26 19:37:26,1015
3047,Book plane,1970-04-26 19:37:27,1015
3048,Check plane,1970-04-26 19:37:28,1016
3049,Decide,1970-04-26 19:37:29,1016
3050,Book plane,1970-04-26 19:37:30,1016
3051,Check plane,1970-04-26 19:37:31,1017
3052,Decide,1970-04-26 19:37:32,1017
3053,Book hotel,1970-04-26 19:37:33,1017
3054,Check plane,1970-04-26 19:37:34,1018
3055,Decide,1970-04-26 19:37:35,1018
3056,Book hotel,1970-04-26 19:37:36,1018
3057,Check plane,1970-04-26 19:37:37,1019
3058,Decide,1970-04-26 19:37:38,1019
3059,Book plane,1970-04-26 19:37:39,1019
3060,Check plane,1970-04-26 19:37:40,1020
3061,Decide,1970-04-26 19:37:41,1020
3062,Book hotel,1970-04-26 19:37:42,1020
3063,Check plane,1970-04-26 19:37:43,1021
3064,Decide,1970-04-26 19:37:44,1021
3065,Book hotel,1970-04-26 19:37:45,1021
3066,Check plane,1970-04-26 19:37:46,1022
3067,Decide,1970-04-26 19:37:47,1022
3068,Book plane,1970-04-26 19:37:48,1022
3069,Check plane,1970-04-26 19:37:49,1023
3070,Decide,1970-04-26 19:37:50,1023
3071,Book hotel,1970-04-26 19:37:51,1023
3072,Check hotel,1970-04-26 19:37:52,1024
3073,Decide,1970-04-26 19:37:53,1024
3074,Book hotel,1970-04-26 19:37:54,1024
3075,Check hotel,1970-04-26 19:37:55,1025
3076,Decide,1970-04-26 19:37:56,1025
3077,Book hotel,1970-04-26 19:37:57,1025
3078,Check plane,1970-04-26 19:37:58,1026
3079,Decide,1970-04-26 19:37:59,1026
3080,Book plane,1970-04-26 19:38:00,1026
3081,Check plane,1970-04-26 19:38:01,1027
3082,Decide,1970-04-26 19:38:02,1027
3083,Book plane,1970-04-26 19:38:03,1027
3084,Check plane,1970-04-26 19:38:04,1028
3085,Decide,1970-04-26 19:38:05,1028
3086,Book hotel,1970-04-26 19:38:06,1028
3087,Check plane,1970-04-26 19:38:07,1029
3088,Decide,1970-04-26 19:38:08,1029
3089,Book hotel,1970-04-26 19:38:09,1029
3090,Check hotel,1970-04-26 19:38:10,1030
3091,Decide,1970-04-26 19:38:11,1030
3092,Book plane,1970-04-26 19:38:12,1030
3093,Check hotel,1970-04-26 19:38:13,1031
3094,Decide,1970-04-26 19:38:14,1031
3095,Book hotel,1970-04-26 19:38:15,1031
3096,Check hotel,1970-04-26 19:38:16,1032
3097,Decide,1970-04-26 19:38:17,1032
3098,Book hotel,1970-04-26 19:38:18,1032
3099,Check hotel,1970-04-26 19:38:19,1033
3100,Decide,1970-04-26 19:38:20,1033
3101,Book plane,1970-04-26 19:38:21,1033
3102,Check hotel,1970-04-26 19:38:22,1034
3103,Decide,1970-04-26 19:38:23,1034
3104,Book plane,1970-04-26 19:38:24,1034
3105,Check hotel,1970-04-26 19:38:25,1035
3106,Decide,1970-04-26 19:38:26,1035
3107,Book plane,1970-04-26 19:38:27,1035
3108,Check hotel,1970-04-26 19:38:28,1036
3109,Decide,1970-04-26 19:38:29,1036
3110,Book hotel,1970-04-26 19:38:30,1036
3111,Check plane,1970-04-26 19:38:31,1037
3112,Decide,1970-04-26 19:38:32,1037
3113,Book hotel,1970-04-26 19:38:33,1037
3114,Check plane,1970-04-26 19:38:34,1038
3115,Decide,1970-04-26 19:38:35,1038
3116,Book plane,1970-04-26 19:38:36,1038
3117,Check hotel,1970-04-26 19:38:37,1039
3118,Decide,1970-04-26 19:38:38,1039
3119,Book hotel,1970-04-26 19:38:39,1039
3120,Check plane,1970-04-26 19:38:40,1040
3121,Decide,1970-04-26 19:38:41,1040
3122,Book hotel,1970-04-26 19:38:42,1040
3123,Check hotel,1970-04-26 19:38:43,1041
3124,Decide,1970-04-26 19:38:44,1041
3125,Book hotel,1970-04-26 19:38:45,1041
3126,Check plane,1970-04-26 19:38:46,1042
3127,Decide,1970-04-26 19:38:47,1042
3128,Book plane,1970-04-26 19:38:48,1042
3129,Check hotel,1970-04-26 19:38:49,1043
3130,Decide,1970-04-26 19:38:50,1043
3131,Book hotel,1970-04-26 19:38:51,1043
3132,Check hotel,1970-04-26 19:38:52,1044
3133,Decide,1970-04-26 19:38:53,1044
3134,Book hotel,1970-04-26 19:38:54,1044
3135,Check hotel,1970-04-26 19:38:55,1045
3136,Decide,1970-04-26 19:38:56,1045
3137,Book hotel,1970-04-26 19:38:57,1045
3138,Check plane,1970-04-26 19:38:58,1046
3139,Decide,1970-04-26 19:38:59,1046
3140,Book hotel,1970-04-26 19:39:00,1046
3141,Check plane,1970-04-26 19:39:01,1047
3142,Decide,1970-04-26 19:39:02,1047
3143,Book plane,1970-04-26 19:39:03,1047
3144,Check plane,1970-04-26 19:39:04,1048
3145,Decide,1970-04-26 19:39:05,1048
3146,Book hotel,1970-04-26 19:39:06,1048
3147,Check plane,1970-04-26 19:39:07,1049
3148,Decide,1970-04-26 19:39:08,1049
3149,Book plane,1970-04-26 19:39:09,1049
3150,Check plane,1970-04-26 19:39:10,1050
3151,Decide,1970-04-26 19:39:11,1050
3152,Book hotel,1970-04-26 19:39:12,1050
3153,Check hotel,1970-04-26 19:39:13,1051
3154,Decide,1970-04-26 19:39:14,1051
3155,Book plane,1970-04-26 19:39:15,1051
3156,Check plane,1970-04-26 19:39:16,1052
3157,Decide,1970-04-26 19:39:17,1052
3158,Book hotel,1970-04-26 19:39:18,1052
3159,Check plane,1970-04-26 19:39:19,1053
3160,Decide,1970-04-26 19:39:20,1053
3161,Book plane,1970-04-26 19:39:21,1053
3162,Check hotel,1970-04-26 19:39:22,1054
3163,Decide,1970-04-26 19:39:23,1054
3164,Book hotel,1970-04-26 19:39:24,1054
3165,Check plane,1970-04-26 19:39:25,1055
3166,Decide,1970-04-26 19:39:26,1055
3167,Book plane,1970-04-26 19:39:27,1055
3168,Check hotel,1970-04-26 19:39:28,1056
3169,Decide,1970-04-26 19:39:29,1056
3170,Book hotel,1970-04-26 19:39:30,1056
3171,Check hotel,1970-04-26 19:39:31,1057
3172,Decide,1970-04-26 19:39:32,1057
3173,Book hotel,1970-04-26 19:39:33,1057
3174,Check hotel,1970-04-26 19:39:34,1058
3175,Decide,1970-04-26 19:39:35,1058
3176,Book hotel,1970-04-26 19:39:36,1058
3177,Check hotel,1970-04-26 19:39:37,1059
3178,Decide,1970-04-26 19:39:38,1059
3179,Book hotel,1970-04-26 19:39:39,1059
3180,Check plane,1970-04-26 19:39:40,1060
3181,Decide,1970-04-26 19:39:41,1060
3182,Book hotel,1970-04-26 19:39:42,1060
3183,Check plane,1970-04-26 19:39:43,1061
3184,Decide,1970-04-26 19:39:44,1061
3185,Book hotel,1970-04-26 19:39:45,1061
3186,Check hotel,1970-04-26 19:39:46,1062
3187,Decide,1970-04-26 19:39:47,1062
3188,Book plane,1970-04-26 19:39:48,1062
3189,Check hotel,1970-04-26 19:39:49,1063
3190,Decide,1970-04-26 19:39:50,1063
3191,Book plane,1970-04-26 19:39:51,1063
3192,Check plane,1970-04-26 19:39:52,1064
3193,Decide,1970-04-26 19:39:53,1064
3194,Book hotel,1970-04-26 19:39:54,1064
3195,Check hotel,1970-04-26 19:39:55,1065
3196,Decide,1970-04-26 19:39:56,1065
3197,Book plane,1970-04-26 19:39:57,1065
3198,Check hotel,1970-04-26 19:39:58,1066
3199,Decide,1970-04-26 19:39:59,1066
3200,Book hotel,1970-04-26 19:40:00,1066
3201,Check hotel,1970-04-26 19:40:01,1067
3202,Decide,1970-04-26 19:40:02,1067
3203,Book hotel,1970-04-26 19:40:03,1067
3204,Check hotel,1970-04-26 19:40:04,1068
3205,Decide,1970-04-26 19:40:05,1068
3206,Book plane,1970-04-26 19:40:06,1068
3207,Check plane,1970-04-26 19:40:07,1069
3208,Decide,1970-04-26 19:40:08,1069
3209,Book hotel,1970-04-26 19:40:09,1069
3210,Check hotel,1970-04-26 19:40:10,1070
3211,Decide,1970-04-26 19:40:11,1070
3212,Book plane,1970-04-26 19:40:12,1070
3213,Check hotel,1970-04-26 19:40:13,1071
3214,Decide,1970-04-26 19:40:14,1071
3215,Book hotel,1970-04-26 19:40:15,1071
3216,Check plane,1970-04-26 19:40:16,1072
3217,Decide,1970-04-26 19:40:17,1072
3218,Book plane,1970-04-26 19:40:18,1072
3219,Check hotel,1970-04-26 19:40:19,1073
3220,Decide,1970-04-26 19:40:20,1073
3221,Book hotel,1970-04-26 19:40:21,1073
3222,Check hotel,1970-04-26 19:40:22,1074
3223,Decide,1970-04-26 19:40:23,1074
3224,Book hotel,1970-04-26 19:40:24,1074
3225,Check plane,1970-04-26 19:40:25,1075
3226,Decide,1970-04-26 19:40:26,1075
3227,Book hotel,1970-04-26 19:40:27,1075
3228,Check plane,1970-04-26 19:40:28,1076
3229,Decide,1970-04-26 19:40:29,1076
3230,Book plane,1970-04-26 19:40:30,1076
3231,Check hotel,1970-04-26 19:40:31,1077
3232,Decide,1970-04-26 19:40:32,1077
3233,Book plane,1970-04-26 19:40:33,1077
3234,Check hotel,1970-04-26 19:40:34,1078
3235,Decide,1970-04-26 19:40:35,1078
3236,Book hotel,1970-04-26 19:40:36,1078
3237,Check hotel,1970-04-26 19:40:37,1079
3238,Decide,1970-04-26 19:40:38,1079
3239,Book plane,1970-04-26 19:40:39,1079
3240,Check plane,1970-04-26 19:40:40,1080
3241,Decide,1970-04-26 19:40:41,1080
3242,Book hotel,1970-04-26 19:40:42,1080
3243,Check plane,1970-04-26 19:40:43,1081
3244,Decide,1970-04-26 19:40:44,1081
3245,Book hotel,1970-04-26 19:40:45,1081
3246,Check hotel,1970-04-26 19:40:46,1082
3247,Decide,1970-04-26 19:40:47,1082
3248,Book hotel,1970-04-26 19:40:48,1082
3249,Check plane,1970-04-26 19:40:49,1083
3250,Decide,1970-04-26 19:40:50,1083
3251,Book plane,1970-04-26 19:40:51,1083
3252,Check plane,1970-04-26 19:40:52,1084
3253,Decide,1970-04-26 19:40:53,1084
3254,Book hotel,1970-04-26 19:40:54,1084
3255,Check hotel,1970-04-26 19:40:55,1085
3256,Decide,1970-04-26 19:40:56,1085
3257,Book hotel,1970-04-26 19:40:57,1085
3258,Check plane,1970-04-26 19:40:58,1086
3259,Decide,1970-04-26 19:40:59,1086
3260,Book plane,1970-04-26 19:41:00,1086
3261,Check hotel,1970-04-26 19:41:01,1087
3262,Decide,1970-04-26 19:41:02,1087
3263,Book hotel,1970-04-26 19:41:03,1087
3264,Check hotel,1970-04-26 19:41:04,1088
3265,Decide,1970-04-26 19:41:05,1088
3266,Book hotel,1970-04-26 19:41:06,1088
3267,Check hotel,1970-04-26 19:41:07,1089
3268,Decide,1970-04-26 19:41:08,1089
3269,Book hotel,1970-04-26 19:41:09,1089
3270,Check hotel,1970-04-26 19:41:10,1090
3271,Decide,1970-04-26 19:41:11,1090
3272,Book hotel,1970-04-26 19:41:12,1090
3273,Check plane,1970-04-26 19:41:13,1091
3274,Decide,1970-04-26 19:41:14,1091
3275,Book plane,1970-04-26 19:41:15,1091
3276,Check hotel,1970-04-26 19:41:16,1092
3277,Decide,1970-04-26 19:41:17,1092
3278,Book hotel,1970-04-26 19:41:18,1092
3279,Check plane,1970-04-26 19:41:19,1093
3280,Decide,1970-04-26 19:41:20,1093
3281,Book plane,1970-04-26 19:41:21,1093
3282,Check hotel,1970-04-26 19:41:22,1094
3283,Decide,1970-04-26 19:41:23,1094
3284,Book hotel,1970-04-26 19:41:24,1094
3285,Check plane,1970-04-26 19:41:25,1095
3286,Decide,1970-04-26 19:41:26,1095
3287,Book hotel,1970-04-26 19:41:27,1095
3288,Check plane,1970-04-26 19:41:28,1096
3289,Decide,1970-04-26 19:41:29,1096
3290,Book hotel,1970-04-26 19:41:30,1096
3291,Check plane,1970-04-26 19:41:31,1097
3292,Decide,1970-04-26 19:41:32,1097
3293,Book hotel,1970-04-26 19:41:33,1097
3294,Check plane,1970-04-26 19:41:34,1098
3295,Decide,1970-04-26 19:41:35,1098
3296,Book plane,1970-04-26 19:41:36,1098
3297,Check hotel,1970-04-26 19:41:37,1099
3298,Decide,1970-04-26 19:41:38,1099
3299,Book plane,1970-04-26 19:41:39,1099
3300,Check hotel,1970-04-26 19:41:40,1100
3301,Decide,1970-04-26 19:41:41,1100
3302,Book plane,1970-04-26 19:41:42,1100
3303,Check hotel,1970-04-26 19:41:43,1101
3304,Decide,1970-04-26 19:41:44,1101
3305,Book hotel,1970-04-26 19:41:45,1101
3306,Check hotel,1970-04-26 19:41:46,1102
3307,Decide,1970-04-26 19:41:47,1102
3308,Book hotel,1970-04-26 19:41:48,1102
3309,Check hotel,1970-04-26 19:41:49,1103
3310,Decide,1970-04-26 19:41:50,1103
3311,Book hotel,1970-04-26 19:41:51,1103
3312,Check plane,1970-04-26 19:41:52,1104
3313,Decide,1970-04-26 19:41:53,1104
3314,Book hotel,1970-04-26 19:41:54,1104
3315,Check hotel,1970-04-26 19:41:55,1105
3316,Decide,1970-04-26 19:41:56,1105
3317,Book plane,1970-04-26 19:41:57,1105
3318,Check hotel,1970-04-26 19:41:58,1106
3319,Decide,1970-04-26 19:41:59,1106
3320,Book plane,1970-04-26 19:42:00,1106
3321,Check hotel,1970-04-26 19:42:01,1107
3322,Decide,1970-04-26 19:42:02,1107
3323,Book hotel,1970-04-26 19:42:03,1107
3324,Check plane,1970-04-26 19:42:04,1108
3325,Decide,1970-04-26 19:42:05,1108
3326,Book plane,1970-04-26 19:42:06,1108
3327,Check hotel,1970-04-26 19:42:07,1109
3328,Decide,1970-04-26 19:42:08,1109
3329,Book plane,1970-04-26 19:42:09,1109
3330,Check hotel,1970-04-26 19:42:10,1110
3331,Decide,1970-04-26 19:42:11,1110
3332,Book hotel,1970-04-26 19:42:12,1110
3333,Check hotel,1970-04-26 19:42:13,1111
3334,Decide,1970-04-26 19:42:14,1111
3335,Book hotel,1970-04-26 19:42:15,1111
3336,Check plane,1970-04-26 19:42:16,1112
3337,Decide,1970-04-26 19:42:17,1112
3338,Book hotel,1970-04-26 19:42:18,1112
3339,Check hotel,1970-04-26 19:42:19,1113
3340,Decide,1970-04-26 19:42:20,1113
3341,Book plane,1970-04-26 19:42:21,1113
3342,Check plane,1970-04-26 19:42:22,1114
3343,Decide,1970-04-26 19:42:23,1114
3344,Book plane,1970-04-26 19:42:24,1114
3345,Check hotel,1970-04-26 19:42:25,1115
3346,Decide,1970-04-26 19:42:26,1115
3347,Book hotel,1970-04-26 19:42:27,1115
3348,Check plane,1970-04-26 19:42:28,1116
3349,Decide,1970-04-26 19:42:29,1116
3350,Book plane,1970-04-26 19:42:30,1116
3351,Check plane,1970-04-26 19:42:31,1117
3352,Decide,1970-04-26 19:42:32,1117
3353,Book plane,1970-04-26 19:42:33,1117
3354,Check hotel,1970-04-26 19:42:34,1118
3355,Decide,1970-04-26 19:42:35,1118
3356,Book hotel,1970-04-26 19:42:36,1118
3357,Check plane,1970-04-26 19:42:37,1119
3358,Decide,1970-04-26 19:42:38,1119
3359,Book hotel,1970-04-26 19:42:39,1119
3360,Check hotel,1970-04-26 19:42:40,1120
3361,Decide,1970-04-26 19:42:41,1120
3362,Book plane,1970-04-26 19:42:42,1120
3363,Check plane,1970-04-26 19:42:43,1121
3364,Decide,1970-04-26 19:42:44,1121
3365,Book hotel,1970-04-26 19:42:45,1121
3366,Check plane,1970-04-26 19:42:46,1122
3367,Decide,1970-04-26 19:42:47,1122
3368,Book plane,1970-04-26 19:42:48,1122
3369,Check plane,1970-04-26 19:42:49,1123
3370,Decide,1970-04-26 19:42:50,1123
3371,Book hotel,1970-04-26 19:42:51,1123
3372,Check hotel,1970-04-26 19:42:52,1124
3373,Decide,1970-04-26 19:42:53,1124
3374,Book plane,1970-04-26 19:42:54,1124
3375,Check hotel,1970-04-26 19:42:55,1125
3376,Decide,1970-04-26 19:42:56,1125
3377,Book plane,1970-04-26 19:42:57,1125
3378,Check plane,1970-04-26 19:42:58,1126
3379,Decide,1970-04-26 19:42:59,1126
3380,Book hotel,1970-04-26 19:43:00,1126
3381,Check hotel,1970-04-26 19:43:01,1127
3382,Decide,1970-04-26 19:43:02,1127
3383,Book hotel,1970-04-26 19:43:03,1127
3384,Check plane,1970-04-26 19:43:04,1128
3385,Decide,1970-04-26 19:43:05,1128
3386,Book hotel,1970-04-26 19:43:06,1128
3387,Check hotel,1970-04-26 19:43:07,1129
3388,Decide,1970-04-26 19:43:08,1129
3389,Book hotel,1970-04-26 19:43:09,1129
3390,Check plane,1970-04-26 19:43:10,1130
3391,Decide,1970-04-26 19:43:11,1130
3392,Book hotel,1970-04-26 19:43:12,1130
3393,Check plane,1970-04-26 19:43:13,1131
3394,Decide,1970-04-26 19:43:14,1131
3395,Book hotel,1970-04-26 19:43:15,1131
3396,Check plane,1970-04-26 19:43:16,1132
3397,Decide,1970-04-26 19:43:17,1132
3398,Book plane,1970-04-26 19:43:18,1132
3399,Check plane,1970-04-26 19:43:19,1133
3400,Decide,1970-04-26 19:43:20,1133
3401,Book plane,1970-04-26 19:43:21,1133
3402,Check hotel,1970-04-26 19:43:22,1134
3403,Decide,1970-04-26 19:43:23,1134
3404,Book hotel,1970-04-26 19:43:24,1134
3405,Check plane,1970-04-26 19:43:25,1135
3406,Decide,1970-04-26 19:43:26,1135
3407,Book plane,1970-04-26 19:43:27,1135
3408,Check hotel,1970-04-26 19:43:28,1136
3409,Decide,1970-04-26 19:43:29,1136
3410,Book plane,1970-04-26 19:43:30,1136
3411,Check plane,1970-04-26 19:43:31,1137
3412,Decide,1970-04-26 19:43:32,1137
3413,Book plane,1970-04-26 19:43:33,1137
3414,Check plane,1970-04-26 19:43:34,1138
3415,Decide,1970-04-26 19:43:35,1138
3416,Book hotel,1970-04-26 19:43:36,1138
3417,Check hotel,1970-04-26 19:43:37,1139
3418,Decide,1970-04-26 19:43:38,1139
3419,Book plane,1970-04-26 19:43:39,1139
3420,Check plane,1970-04-26 19:43:40,1140
3421,Decide,1970-04-26 19:43:41,1140
3422,Book plane,1970-04-26 19:43:42,1140
3423,Check hotel,1970-04-26 19:43:43,1141
3424,Decide,1970-04-26 19:43:44,1141
3425,Book plane,1970-04-26 19:43:45,1141
3426,Check hotel,1970-04-26 19:43:46,1142
3427,Decide,1970-04-26 19:43:47,1142
3428,Book plane,1970-04-26 19:43:48,1142
3429,Check plane,1970-04-26 19:43:49,1143
3430,Decide,1970-04-26 19:43:50,1143
3431,Book plane,1970-04-26 19:43:51,1143
3432,Check plane,1970-04-26 19:43:52,1144
3433,Decide,1970-04-26 19:43:53,1144
3434,Book hotel,1970-04-26 19:43:54,1144
3435,Check plane,1970-04-26 19:43:55,1145
3436,Decide,1970-04-26 19:43:56,1145
3437,Book plane,1970-04-26 19:43:57,1145
3438,Check hotel,1970-04-26 19:43:58,1146
3439,Decide,1970-04-26 19:43:59,1146
3440,Book plane,1970-04-26 19:44:00,1146
3441,Check plane,1970-04-26 19:44:01,1147
3442,Decide,1970-04-26 19:44:02,1147
3443,Book hotel,1970-04-26 19:44:03,1147
3444,Check hotel,1970-04-26 19:44:04,1148
3445,Decide,1970-04-26 19:44:05,1148
3446,Book hotel,1970-04-26 19:44:06,1148
3447,Check hotel,1970-04-26 19:44:07,1149
3448,Decide,1970-04-26 19:44:08,1149
3449,Book hotel,1970-04-26 19:44:09,1149
3450,Check plane,1970-04-26 19:44:10,1150
3451,Decide,1970-04-26 19:44:11,1150
3452,Book plane,1970-04-26 19:44:12,1150
3453,Check hotel,1970-04-26 19:44:13,1151
3454,Decide,1970-04-26 19:44:14,1151
3455,Book hotel,1970-04-26 19:44:15,1151
3456,Check hotel,1970-04-26 19:44:16,1152
3457,Decide,1970-04-26 19:44:17,1152
3458,Book hotel,1970-04-26 19:44:18,1152
3459,Check plane,1970-04-26 19:44:19,1153
3460,Decide,1970-04-26 19:44:20,1153
3461,Book hotel,1970-04-26 19:44:21,1153
3462,Check hotel,1970-04-26 19:44:22,1154
3463,Decide,1970-04-26 19:44:23,1154
3464,Book hotel,1970-04-26 19:44:24,1154
3465,Check hotel,1970-04-26 19:44:25,1155
3466,Decide,1970-04-26 19:44:26,1155
3467,Book plane,1970-04-26 19:44:27,1155
3468,Check hotel,1970-04-26 19:44:28,1156
3469,Decide,1970-04-26 19:44:29,1156
3470,Book plane,1970-04-26 19:44:30,1156
3471,Check plane,1970-04-26 19:44:31,1157
3472,Decide,1970-04-26 19:44:32,1157
3473,Book hotel,1970-04-26 19:44:33,1157
3474,Check hotel,1970-04-26 19:44:34,1158
3475,Decide,1970-04-26 19:44:35,1158
3476,Book hotel,1970-04-26 19:44:36,1158
3477,Check hotel,1970-04-26 19:44:37,1159
3478,Decide,1970-04-26 19:44:38,1159
3479,Book plane,1970-04-26 19:44:39,1159
3480,Check hotel,1970-04-26 19:44:40,1160
3481,Decide,1970-04-26 19:44:41,1160
3482,Book plane,1970-04-26 19:44:42,1160
3483,Check hotel,1970-04-26 19:44:43,1161
3484,Decide,1970-04-26 19:44:44,1161
3485,Book plane,1970-04-26 19:44:45,1161
3486,Check plane,1970-04-26 19:44:46,1162
3487,Decide,1970-04-26 19:44:47,1162
3488,Book hotel,1970-04-26 19:44:48,1162
3489,Check hotel,1970-04-26 19:44:49,1163
3490,Decide,1970-04-26 19:44:50,1163
3491,Book plane,1970-04-26 19:44:51,1163
3492,Check hotel,1970-04-26 19:44:52,1164
3493,Decide,1970-04-26 19:44:53,1164
3494,Book plane,1970-04-26 19:44:54,1164
3495,Check plane,1970-04-26 19:44:55,1165
3496,Decide,1970-04-26 19:44:56,1165
3497,Book plane,1970-04-26 19:44:57,1165
3498,Check plane,1970-04-26 19:44:58,1166
3499,Decide,1970-04-26 19:44:59,1166
3500,Book hotel,1970-04-26 19:45:00,1166
3501,Check hotel,1970-04-26 19:45:01,1167
3502,Decide,1970-04-26 19:45:02,1167
3503,Book hotel,1970-04-26 19:45:03,1167
3504,Check hotel,1970-04-26 19:45:04,1168
3505,Decide,1970-04-26 19:45:05,1168
3506,Book plane,1970-04-26 19:45:06,1168
3507,Check hotel,1970-04-26 19:45:07,1169
3508,Decide,1970-04-26 19:45:08,1169
3509,Book plane,1970-04-26 19:45:09,1169
3510,Check plane,1970-04-26 19:45:10,1170
3511,Decide,1970-04-26 19:45:11,1170
3512,Book hotel,1970-04-26 19:45:12,1170
3513,Check plane,1970-04-26 19:45:13,1171
3514,Decide,1970-04-26 19:45:14,1171
3515,Book plane,1970-04-26 19:45:15,1171
3516,Check plane,1970-04-26 19:45:16,1172
3517,Decide,1970-04-26 19:45:17,1172
3518,Book hotel,1970-04-26 19:45:18,1172
3519,Check plane,1970-04-26 19:45:19,1173
3520,Decide,1970-04-26 19:45:20,1173
3521,Book plane,1970-04-26 19:45:21,1173
3522,Check plane,1970-04-26 19:45:22,1174
3523,Decide,1970-04-26 19:45:23,1174
3524,Book hotel,1970-04-26 19:45:24,1174
3525,Check plane,1970-04-26 19:45:25,1175
3526,Decide,1970-04-26 19:45:26,1175
3527,Book plane,1970-04-26 19:45:27,1175
3528,Check hotel,1970-04-26 19:45:28,1176
3529,Decide,1970-04-26 19:45:29,1176
3530,Book hotel,1970-04-26 19:45:30,1176
3531,Check plane,1970-04-26 19:45:31,1177
3532,Decide,1970-04-26 19:45:32,1177
3533,Book plane,1970-04-26 19:45:33,1177
3534,Check hotel,1970-04-26 19:45:34,1178
3535,Decide,1970-04-26 19:45:35,1178
3536,Book hotel,1970-04-26 19:45:36,1178
3537,Check hotel,1970-04-26 19:45:37,1179
3538,Decide,1970-04-26 19:45:38,1179
3539,Book plane,1970-04-26 19:45:39,1179
3540,Check hotel,1970-04-26 19:45:40,1180
3541,Decide,1970-04-26 19:45:41,1180
3542,Book plane,1970-04-26 19:45:42,1180
3543,Check plane,1970-04-26 19:45:43,1181
3544,Decide,1970-04-26 19:45:44,1181
3545,Book hotel,1970-04-26 19:45:45,1181
3546,Check plane,1970-04-26 19:45:46,1182
3547,Decide,1970-04-26 19:45:47,1182
3548,Book plane,1970-04-26 19:45:48,1182
3549,Check hotel,1970-04-26 19:45:49,1183
3550,Decide,1970-04-26 19:45:50,1183
3551,Book plane,1970-04-26 19:45:51,1183
3552,Check plane,1970-04-26 19:45:52,1184
3553,Decide,1970-04-26 19:45:53,1184
3554,Book plane,1970-04-26 19:45:54,1184
3555,Check hotel,1970-04-26 19:45:55,1185
3556,Decide,1970-04-26 19:45:56,1185
3557,Book plane,1970-04-26 19:45:57,1185
3558,Check hotel,1970-04-26 19:45:58,1186
3559,Decide,1970-04-26 19:45:59,1186
3560,Book plane,1970-04-26 19:46:00,1186
3561,Check hotel,1970-04-26 19:46:01,1187
3562,Decide,1970-04-26 19:46:02,1187
3563,Book plane,1970-04-26 19:46:03,1187
3564,Check hotel,1970-04-26 19:46:04,1188
3565,Decide,1970-04-26 19:46:05,1188
3566,Book plane,1970-04-26 19:46:06,1188
3567,Check plane,1970-04-26 19:46:07,1189
3568,Decide,1970-04-26 19:46:08,1189
3569,Book hotel,1970-04-26 19:46:09,1189
3570,Check plane,1970-04-26 19:46:10,1190
3571,Decide,1970-04-26 19:46:11,1190
3572,Book plane,1970-04-26 19:46:12,1190
3573,Check plane,1970-04-26 19:46:13,1191
3574,Decide,1970-04-26 19:46:14,1191
3575,Book plane,1970-04-26 19:46:15,1191
3576,Check plane,1970-04-26 19:46:16,1192
3577,Decide,1970-04-26 19:46:17,1192
3578,Book hotel,1970-04-26 19:46:18,1192
3579,Check hotel,1970-04-26 19:46:19,1193
3580,Decide,1970-04-26 19:46:20,1193
3581,Book hotel,1970-04-26 19:46:21,1193
3582,Check plane,1970-04-26 19:46:22,1194
3583,Decide,1970-04-26 19:46:23,1194
3584,Book plane,1970-04-26 19:46:24,1194
3585,Check plane,1970-04-26 19:46:25,1195
3586,Decide,1970-04-26 19:46:26,1195
3587,Book plane,1970-04-26 19:46:27,1195
3588,Check plane,1970-04-26 19:46:28,1196
3589,Decide,1970-04-26 19:46:29,1196
3590,Book plane,1970-04-26 19:46:30,1196
3591,Check hotel,1970-04-26 19:46:31,1197
3592,Decide,1970-04-26 19:46:32,1197
3593,Book hotel,1970-04-26 19:46:33,1197
3594,Check plane,1970-04-26 19:46:34,1198
3595,Decide,1970-04-26 19:46:35,1198
3596,Book plane,1970-04-26 19:46:36,1198
3597,Check plane,1970-04-26 19:46:37,1199
3598,Decide,1970-04-26 19:46:38,1199
3599,Book plane,1970-04-26 19:46:39,1199
3600,Check plane,1970-04-26 19:46:40,1200
3601,Decide,1970-04-26 19:46:41,1200
3602,Book hotel,1970-04-26 19:46:42,1200
3603,Check hotel,1970-04-26 19:46:43,1201
3604,Decide,1970-04-26 19:46:44,1201
3605,Book plane,1970-04-26 19:46:45,1201
3606,Check plane,1970-04-26 19:46:46,1202
3607,Decide,1970-04-26 19:46:47,1202
3608,Book hotel,1970-04-26 19:46:48,1202
3609,Check plane,1970-04-26 19:46:49,1203
3610,Decide,1970-04-26 19:46:50,1203
3611,Book hotel,1970-04-26 19:46:51,1203
3612,Check plane,1970-04-26 19:46:52,1204
3613,Decide,1970-04-26 19:46:53,1204
3614,Book hotel,1970-04-26 19:46:54,1204
3615,Check hotel,1970-04-26 19:46:55,1205
3616,Decide,1970-04-26 19:46:56,1205
3617,Book hotel,1970-04-26 19:46:57,1205
3618,Check plane,1970-04-26 19:46:58,1206
3619,Decide,1970-04-26 19:46:59,1206
3620,Book plane,1970-04-26 19:47:00,1206
3621,Check hotel,1970-04-26 19:47:01,1207
3622,Decide,1970-04-26 19:47:02,1207
3623,Book hotel,1970-04-26 19:47:03,1207
3624,Check hotel,1970-04-26 19:47:04,1208
3625,Decide,1970-04-26 19:47:05,1208
3626,Book hotel,1970-04-26 19:47:06,1208
3627,Check hotel,1970-04-26 19:47:07,1209
3628,Decide,1970-04-26 19:47:08,1209
3629,Book hotel,1970-04-26 19:47:09,1209
3630,Check plane,1970-04-26 19:47:10,1210
3631,Decide,1970-04-26 19:47:11,1210
3632,Book plane,1970-04-26 19:47:12,1210
3633,Check hotel,1970-04-26 19:47:13,1211
3634,Decide,1970-04-26 19:47:14,1211
3635,Book hotel,1970-04-26 19:47:15,1211
3636,Check hotel,1970-04-26 19:47:16,1212
3637,Decide,1970-04-26 19:47:17,1212
3638,Book plane,1970-04-26 19:47:18,1212
3639,Check plane,1970-04-26 19:47:19,1213
3640,Decide,1970-04-26 19:47:20,1213
3641,Book hotel,1970-04-26 19:47:21,1213
3642,Check plane,1970-04-26 19:47:22,1214
3643,Decide,1970-04-26 19:47:23,1214
3644,Book hotel,1970-04-26 19:47:24,1214
3645,Check plane,1970-04-26 19:47:25,1215
3646,Decide,1970-04-26 19:47:26,1215
3647,Book hotel,1970-04-26 19:47:27,1215
3648,Check hotel,1970-04-26 19:47:28,1216
3649,Decide,1970-04-26 19:47:29,1216
3650,Book hotel,1970-04-26 19:47:30,1216
3651,Check hotel,1970-04-26 19:47:31,1217
3652,Decide,1970-04-26 19:47:32,1217
3653,Book plane,1970-04-26 19:47:33,1217
3654,Check hotel,1970-04-26 19:47:34,1218
3655,Decide,1970-04-26 19:47:35,1218
3656,Book hotel,1970-04-26 19:47:36,1218
3657,Check hotel,1970-04-26 19:47:37,1219
3658,Decide,1970-04-26 19:47:38,1219
3659,Book plane,1970-04-26 19:47:39,1219
3660,Check plane,1970-04-26 19:47:40,1220
3661,Decide,1970-04-26 19:47:41,1220
3662,Book plane,1970-04-26 19:47:42,1220
3663,Check hotel,1970-04-26 19:47:43,1221
3664,Decide,1970-04-26 19:47:44,1221
3665,Book plane,1970-04-26 19:47:45,1221
3666,Check hotel,1970-04-26 19:47:46,1222
3667,Decide,1970-04-26 19:47:47,1222
3668,Book hotel,1970-04-26 19:47:48,1222
3669,Check plane,1970-04-26 19:47:49,1223
3670,Decide,1970-04-26 19:47:50,1223
3671,Book hotel,1970-04-26 19:47:51,1223
3672,Check hotel,1970-04-26 19:47:52,1224
3673,Decide,1970-04-26 19:47:53,1224
3674,Book hotel,1970-04-26 19:47:54,1224
3675,Check plane,1970-04-26 19:47:55,1225
3676,Decide,1970-04-26 19:47:56,1225
3677,Book plane,1970-04-26 19:47:57,1225
3678,Check hotel,1970-04-26 19:47:58,1226
3679,Decide,1970-04-26 19:47:59,1226
3680,Book plane,1970-04-26 19:48:00,1226
3681,Check plane,1970-04-26 19:48:01,1227
3682,Decide,1970-04-26 19:48:02,1227
3683,Book hotel,1970-04-26 19:48:03,1227
3684,Check hotel,1970-04-26 19:48:04,1228
3685,Decide,1970-04-26 19:48:05,1228
3686,Book plane,1970-04-26 19:48:06,1228
3687,Check hotel,1970-04-26 19:48:07,1229
3688,Decide,1970-04-26 19:48:08,1229
3689,Book plane,1970-04-26 19:48:09,1229
3690,Check plane,1970-04-26 19:48:10,1230
3691,Decide,1970-04-26 19:48:11,1230
3692,Book hotel,1970-04-26 19:48:12,1230
3693,Check hotel,1970-04-26 19:48:13,1231
3694,Decide,1970-04-26 19:48:14,1231
3695,Book plane,1970-04-26 19:48:15,1231
3696,Check plane,1970-04-26 19:48:16,1232
3697,Decide,1970-04-26 19:48:17,1232
3698,Book hotel,1970-04-26 19:48:18,1232
3699,Check plane,1970-04-26 19:48:19,1233
3700,Decide,1970-04-26 19:48:20,1233
3701,Book hotel,1970-04-26 19:48:21,1233
3702,Check plane,1970-04-26 19:48:22,1234
3703,Decide,1970-04-26 19:48:23,1234
3704,Book plane,1970-04-26 19:48:24,1234
3705,Check hotel,1970-04-26 19:48:25,1235
3706,Decide,1970-04-26 19:48:26,1235
3707,Book plane,1970-04-26 19:48:27,1235
3708,Check hotel,1970-04-26 19:48:28,1236
3709,Decide,1970-04-26 19:48:29,1236
3710,Book plane,1970-04-26 19:48:30,1236
3711,Check plane,1970-04-26 19:48:31,1237
3712,Decide,1970-04-26 19:48:32,1237
3713,Book hotel,1970-04-26 19:48:33,1237
3714,Check hotel,1970-04-26 19:48:34,1238
3715,Decide,1970-04-26 19:48:35,1238
3716,Book hotel,1970-04-26 19:48:36,1238
3717,Check plane,1970-04-26 19:48:37,1239
3718,Decide,1970-04-26 19:48:38,1239
3719,Book plane,1970-04-26 19:48:39,1239
3720,Check plane,1970-04-26 19:48:40,1240
3721,Decide,1970-04-26 19:48:41,1240
3722,Book hotel,1970-04-26 19:48:42,1240
3723,Check hotel,1970-04-26 19:48:43,1241
3724,Decide,1970-04-26 19:48:44,1241
3725,Book plane,1970-04-26 19:48:45,1241
3726,Check hotel,1970-04-26 19:48:46,1242
3727,Decide,1970-04-26 19:48:47,1242
3728,Book hotel,1970-04-26 19:48:48,1242
3729,Check hotel,1970-04-26 19:48:49,1243
3730,Decide,1970-04-26 19:48:50,1243
3731,Book hotel,1970-04-26 19:48:51,1243
3732,Check plane,1970-04-26 19:48:52,1244
3733,Decide,1970-04-26 19:48:53,1244
3734,Book plane,1970-04-26 19:48:54,1244
3735,Check hotel,1970-04-26 19:48:55,1245
3736,Decide,1970-04-26 19:48:56,1245
3737,Book hotel,1970-04-26 19:48:57,1245
3738,Check plane,1970-04-26 19:48:58,1246
3739,Decide,1970-04-26 19:48:59,1246
3740,Book plane,1970-04-26 19:49:00,1246
3741,Check hotel,1970-04-26 19:49:01,1247
3742,Decide,1970-04-26 19:49:02,1247
3743,Book plane,1970-04-26 19:49:03,1247
3744,Check plane,1970-04-26 19:49:04,1248
3745,Decide,1970-04-26 19:49:05,1248
3746,Book plane,1970-04-26 19:49:06,1248
3747,Check hotel,1970-04-26 19:49:07,1249
3748,Decide,1970-04-26 19:49:08,1249
3749,Book hotel,1970-04-26 19:49:09,1249
3750,Check hotel,1970-04-26 19:49:10,1250
3751,Decide,1970-04-26 19:49:11,1250
3752,Book plane,1970-04-26 19:49:12,1250
3753,Check hotel,1970-04-26 19:49:13,1251
3754,Decide,1970-04-26 19:49:14,1251
3755,Book plane,1970-04-26 19:49:15,1251
3756,Check plane,1970-04-26 19:49:16,1252
3757,Decide,1970-04-26 19:49:17,1252
3758,Book hotel,1970-04-26 19:49:18,1252
3759,Check hotel,1970-04-26 19:49:19,1253
3760,Decide,1970-04-26 19:49:20,1253
3761,Book plane,1970-04-26 19:49:21,1253
3762,Check hotel,1970-04-26 19:49:22,1254
3763,Decide,1970-04-26 19:49:23,1254
3764,Book hotel,1970-04-26 19:49:24,1254
3765,Check plane,1970-04-26 19:49:25,1255
3766,Decide,1970-04-26 19:49:26,1255
3767,Book plane,1970-04-26 19:49:27,1255
3768,Check hotel,1970-04-26 19:49:28,1256
3769,Decide,1970-04-26 19:49:29,1256
3770,Book plane,1970-04-26 19:49:30,1256
3771,Check plane,1970-04-26 19:49:31,1257
3772,Decide,1970-04-26 19:49:32,1257
3773,Book hotel,1970-04-26 19:49:33,1257
3774,Check plane,1970-04-26 19:49:34,1258
3775,Decide,1970-04-26 19:49:35,1258
3776,Book hotel,1970-04-26 19:49:36,1258
3777,Check plane,1970-04-26 19:49:37,1259
3778,Decide,1970-04-26 19:49:38,1259
3779,Book hotel,1970-04-26 19:49:39,1259
3780,Check hotel,1970-04-26 19:49:40,1260
3781,Decide,1970-04-26 19:49:41,1260
3782,Book plane,1970-04-26 19:49:42,1260
3783,Check plane,1970-04-26 19:49:43,1261
3784,Decide,1970-04-26 19:49:44,1261
3785,Book plane,1970-04-26 19:49:45,1261
3786,Check hotel,1970-04-26 19:49:46,1262
3787,Decide,1970-04-26 19:49:47,1262
3788,Book hotel,1970-04-26 19:49:48,1262
3789,Check hotel,1970-04-26 19:49:49,1263
3790,Decide,1970-04-26 19:49:50,1263
3791,Book plane,1970-04-26 19:49:51,1263
3792,Check plane,1970-04-26 19:49:52,1264
3793,Decide,1970-04-26 19:49:53,1264
3794,Book plane,1970-04-26 19:49:54,1264
3795,Check hotel,1970-04-26 19:49:55,1265
3796,Decide,1970-04-26 19:49:56,1265
3797,Book plane,1970-04-26 19:49:57,1265
3798,Check hotel,1970-04-26 19:49:58,1266
3799,Decide,1970-04-26 19:49:59,1266
3800,Book hotel,1970-04-26 19:50:00,1266
3801,Check plane,1970-04-26 19:50:01,1267
3802,Decide,1970-04-26 19:50:02,1267
3803,Book plane,1970-04-26 19:50:03,1267
3804,Check plane,1970-04-26 19:50:04,1268
3805,Decide,1970-04-26 19:50:05,1268
3806,Book hotel,1970-04-26 19:50:06,1268
3807,Check hotel,1970-04-26 19:50:07,1269
3808,Decide,1970-04-26 19:50:08,1269
3809,Book hotel,1970-04-26 19:50:09,1269
3810,Check plane,1970-04-26 19:50:10,1270
3811,Decide,1970-04-26 19:50:11,1270
3812,Book plane,1970-04-26 19:50:12,1270
3813,Check hotel,1970-04-26 19:50:13,1271
3814,Decide,1970-04-26 19:50:14,1271
3815,Book hotel,1970-04-26 19:50:15,1271
3816,Check hotel,1970-04-26 19:50:16,1272
3817,Decide,1970-04-26 19:50:17,1272
3818,Book plane,1970-04-26 19:50:18,1272
3819,Check hotel,1970-04-26 19:50:19,1273
3820,Decide,1970-04-26 19:50:20,1273
3821,Book hotel,1970-04-26 19:50:21,1273
3822,Check hotel,1970-04-26 19:50:22,1274
3823,Decide,1970-04-26 19:50:23,1274
3824,Book plane,1970-04-26 19:50:24,1274
3825,Check plane,1970-04-26 19:50:25,1275
3826,Decide,1970-04-26 19:50:26,1275
3827,Book plane,1970-04-26 19:50:27,1275
3828,Check hotel,1970-04-26 19:50:28,1276
3829,Decide,1970-04-26 19:50:29,1276
3830,Book plane,1970-04-26 19:50:30,1276
3831,Check hotel,1970-04-26 19:50:31,1277
3832,Decide,1970-04-26 19:50:32,1277
3833,Book plane,1970-04-26 19:50:33,1277
3834,Check plane,1970-04-26 19:50:34,1278
3835,Decide,1970-04-26 19:50:35,1278
3836,Book plane,1970-04-26 19:50:36,1278
3837,Check hotel,1970-04-26 19:50:37,1279
3838,Decide,1970-04-26 19:50:38,1279
3839,Book hotel,1970-04-26 19:50:39,1279
3840,Check hotel,1970-04-26 19:50:40,1280
3841,Decide,1970-04-26 19:50:41,1280
3842,Book plane,1970-04-26 19:50:42,1280
3843,Check hotel,1970-04-26 19:50:43,1281
3844,Decide,1970-04-26 19:50:44,1281
3845,Book hotel,1970-04-26 19:50:45,1281
3846,Check plane,1970-04-26 19:50:46,1282
3847,Decide,1970-04-26 19:50:47,1282
3848,Book plane,1970-04-26 19:50:48,1282
3849,Check plane,1970-04-26 19:50:49,1283
3850,Decide,1970-04-26 19:50:50,1283
3851,Book hotel,1970-04-26 19:50:51,1283
3852,Check hotel,1970-04-26 19:50:52,1284
3853,Decide,1970-04-26 19:50:53,1284
3854,Book hotel,1970-04-26 19:50:54,1284
3855,Check hotel,1970-04-26 19:50:55,1285
3856,Decide,1970-04-26 19:50:56,1285
3857,Book hotel,1970-04-26 19:50:57,1285
3858,Check hotel,1970-04-26 19:50:58,1286
3859,Decide,1970-04-26 19:50:59,1286
3860,Book hotel,1970-04-26 19:51:00,1286
3861,Check hotel,1970-04-26 19:51:01,1287
3862,Decide,1970-04-26 19:51:02,1287
3863,Book hotel,1970-04-26 19:51:03,1287
3864,Check plane,1970-04-26 19:51:04,1288
3865,Decide,1970-04-26 19:51:05,1288
3866,Book hotel,1970-04-26 19:51:06,1288
3867,Check plane,1970-04-26 19:51:07,1289
3868,Decide,1970-04-26 19:51:08,1289
3869,Book hotel,1970-04-26 19:51:09,1289
3870,Check plane,1970-04-26 19:51:10,1290
3871,Decide,1970-04-26 19:51:11,1290
3872,Book hotel,1970-04-26 19:51:12,1290
3873,Check hotel,1970-04-26 19:51:13,1291
3874,Decide,1970-04-26 19:51:14,1291
3875,Book hotel,1970-04-26 19:51:15,1291
3876,Check hotel,1970-04-26 19:51:16,1292
3877,Decide,1970-04-26 19:51:17,1292
3878,Book hotel,1970-04-26 19:51:18,1292
3879,Check hotel,1970-04-26 19:51:19,1293
3880,Decide,1970-04-26 19:51:20,1293
3881,Book plane,1970-04-26 19:51:21,1293
3882,Check hotel,1970-04-26 19:51:22,1294
3883,Decide,1970-04-26 19:51:23,1294
3884,Book plane,1970-04-26 19:51:24,1294
3885,Check hotel,1970-04-26 19:51:25,1295
3886,Decide,1970-04-26 19:51:26,1295
3887,Book hotel,1970-04-26 19:51:27,1295
3888,Check hotel,1970-04-26 19:51:28,1296
3889,Decide,1970-04-26 19:51:29,1296
3890,Book plane,1970-04-26 19:51:30,1296
3891,Check plane,1970-04-26 19:51:31,1297
3892,Decide,1970-04-26 19:51:32,1297
3893,Book hotel,1970-04-26 19:51:33,1297
3894,Check hotel,1970-04-26 19:51:34,1298
3895,Decide,1970-04-26 19:51:35,1298
3896,Book plane,1970-04-26 19:51:36,1298
3897,Check plane,1970-04-26 19:51:37,1299
3898,Decide,1970-04-26 19:51:38,1299
3899,Book hotel,1970-04-26 19:51:39,1299
3900,Check plane,1970-04-26 19:51:40,1300
3901,Decide,1970-04-26 19:51:41,1300
3902,Book plane,1970-04-26 19:51:42,1300
3903,Check plane,1970-04-26 19:51:43,1301
3904,Decide,1970-04-26 19:51:44,1301
3905,Book hotel,1970-04-26 19:51:45,1301
3906,Check plane,1970-04-26 19:51:46,1302
3907,Decide,1970-04-26 19:51:47,1302
3908,Book hotel,1970-04-26 19:51:48,1302
3909,Check plane,1970-04-26 19:51:49,1303
3910,Decide,1970-04-26 19:51:50,1303
3911,Book plane,1970-04-26 19:51:51,1303
3912,Check plane,1970-04-26 19:51:52,1304
3913,Decide,1970-04-26 19:51:53,1304
3914,Book hotel,1970-04-26 19:51:54,1304
3915,Check plane,1970-04-26 19:51:55,1305
3916,Decide,1970-04-26 19:51:56,1305
3917,Book plane,1970-04-26 19:51:57,1305
3918,Check plane,1970-04-26 19:51:58,1306
3919,Decide,1970-04-26 19:51:59,1306
3920,Book plane,1970-04-26 19:52:00,1306
3921,Check plane,1970-04-26 19:52:01,1307
3922,Decide,1970-04-26 19:52:02,1307
3923,Book plane,1970-04-26 19:52:03,1307
3924,Check plane,1970-04-26 19:52:04,1308
3925,Decide,1970-04-26 19:52:05,1308
3926,Book hotel,1970-04-26 19:52:06,1308
3927,Check hotel,1970-04-26 19:52:07,1309
3928,Decide,1970-04-26 19:52:08,1309
3929,Book hotel,1970-04-26 19:52:09,1309
3930,Check hotel,1970-04-26 19:52:10,1310
3931,Decide,1970-04-26 19:52:11,1310
3932,Book plane,1970-04-26 19:52:12,1310
3933,Check hotel,1970-04-26 19:52:13,1311
3934,Decide,1970-04-26 19:52:14,1311
3935,Book plane,1970-04-26 19:52:15,1311
3936,Check hotel,1970-04-26 19:52:16,1312
3937,Decide,1970-04-26 19:52:17,1312
3938,Book plane,1970-04-26 19:52:18,1312
3939,Check hotel,1970-04-26 19:52:19,1313
3940,Decide,1970-04-26 19:52:20,1313
3941,Book plane,1970-04-26 19:52:21,1313
3942,Check plane,1970-04-26 19:52:22,1314
3943,Decide,1970-04-26 19:52:23,1314
3944,Book plane,1970-04-26 19:52:24,1314
3945,Check plane,1970-04-26 19:52:25,1315
3946,Decide,1970-04-26 19:52:26,1315
3947,Book hotel,1970-04-26 19:52:27,1315
3948,Check plane,1970-04-26 19:52:28,1316
3949,Decide,1970-04-26 19:52:29,1316
3950,Book hotel,1970-04-26 19:52:30,1316
3951,Check plane,1970-04-26 19:52:31,1317
3952,Decide,1970-04-26 19:52:32,1317
3953,Book plane,1970-04-26 19:52:33,1317
3954,Check plane,1970-04-26 19:52:34,1318
3955,Decide,1970-04-26 19:52:35,1318
3956,Book plane,1970-04-26 19:52:36,1318
3957,Check hotel,1970-04-26 19:52:37,1319
3958,Decide,1970-04-26 19:52:38,1319
3959,Book plane,1970-04-26 19:52:39,1319
3960,Check plane,1970-04-26 19:52:40,1320
3961,Decide,1970-04-26 19:52:41,1320
3962,Book hotel,1970-04-26 19:52:42,1320
3963,Check hotel,1970-04-26 19:52:43,1321
3964,Decide,1970-04-26 19:52:44,1321
3965,Book plane,1970-04-26 19:52:45,1321
3966,Check hotel,1970-04-26 19:52:46,1322
3967,Decide,1970-04-26 19:52:47,1322
3968,Book hotel,1970-04-26 19:52:48,1322
3969,Check hotel,1970-04-26 19:52:49,1323
3970,Decide,1970-04-26 19:52:50,1323
3971,Book plane,1970-04-26 19:52:51,1323
3972,Check plane,1970-04-26 19:52:52,1324
3973,Decide,1970-04-26 19:52:53,1324
3974,Book plane,1970-04-26 19:52:54,1324
3975,Check plane,1970-04-26 19:52:55,1325
3976,Decide,1970-04-26 19:52:56,1325
3977,Book plane,1970-04-26 19:52:57,1325
3978,Check plane,1970-04-26 19:52:58,1326
3979,Decide,1970-04-26 19:52:59,1326
3980,Book plane,1970-04-26 19:53:00,1326
3981,Check plane,1970-04-26 19:53:01,1327
3982,Decide,1970-04-26 19:53:02,1327
3983,Book hotel,1970-04-26 19:53:03,1327
3984,Check hotel,1970-04-26 19:53:04,1328
3985,Decide,1970-04-26 19:53:05,1328
3986,Book plane,1970-04-26 19:53:06,1328
3987,Check plane,1970-04-26 19:53:07,1329
3988,Decide,1970-04-26 19:53:08,1329
3989,Book hotel,1970-04-26 19:53:09,1329
3990,Check plane,1970-04-26 19:53:10,1330
3991,Decide,1970-04-26 19:53:11,1330
3992,Book hotel,1970-04-26 19:53:12,1330
3993,Check plane,1970-04-26 19:53:13,1331
3994,Decide,1970-04-26 19:53:14,1331
3995,Book plane,1970-04-26 19:53:15,1331
3996,Check plane,1970-04-26 19:53:16,1332
3997,Decide,1970-04-26 19:53:17,1332
3998,Book hotel,1970-04-26 19:53:18,1332
3999,Check hotel,1970-04-26 19:53:19,1333
4000,Decide,1970-04-26 19:53:20,1333
4001,Book plane,1970-04-26 19:53:21,1333
4002,Check hotel,1970-04-26 19:53:22,1334
4003,Decide,1970-04-26 19:53:23,1334
4004,Book hotel,1970-04-26 19:53:24,1334
4005,Check hotel,1970-04-26 19:53:25,1335
4006,Decide,1970-04-26 19:53:26,1335
4007,Book plane,1970-04-26 19:53:27,1335
4008,Check plane,1970-04-26 19:53:28,1336
4009,Decide,1970-04-26 19:53:29,1336
4010,Book hotel,1970-04-26 19:53:30,1336
4011,Check plane,1970-04-26 19:53:31,1337
4012,Decide,1970-04-26 19:53:32,1337
4013,Book plane,1970-04-26 19:53:33,1337
4014,Check hotel,1970-04-26 19:53:34,1338
4015,Decide,1970-04-26 19:53:35,1338
4016,Book hotel,1970-04-26 19:53:36,1338
4017,Check plane,1970-04-26 19:53:37,1339
4018,Decide,1970-04-26 19:53:38,1339
4019,Book hotel,1970-04-26 19:53:39,1339
4020,Check plane,1970-04-26 19:53:40,1340
4021,Decide,1970-04-26 19:53:41,1340
4022,Book hotel,1970-04-26 19:53:42,1340
4023,Check hotel,1970-04-26 19:53:43,1341
4024,Decide,1970-04-26 19:53:44,1341
4025,Book plane,1970-04-26 19:53:45,1341
4026,Check plane,1970-04-26 19:53:46,1342
4027,Decide,1970-04-26 19:53:47,1342
4028,Book hotel,1970-04-26 19:53:48,1342
4029,Check hotel,1970-04-26 19:53:49,1343
4030,Decide,1970-04-26 19:53:50,1343
4031,Book plane,1970-04-26 19:53:51,1343
4032,Check plane,1970-04-26 19:53:52,1344
4033,Decide,1970-04-26 19:53:53,1344
4034,Book plane,1970-04-26 19:53:54,1344
4035,Check hotel,1970-04-26 19:53:55,1345
4036,Decide,1970-04-26 19:53:56,1345
4037,Book hotel,1970-04-26 19:53:57,1345
4038,Check hotel,1970-04-26 19:53:58,1346
4039,Decide,1970-04-26 19:53:59,1346
4040,Book hotel,1970-04-26 19:54:00,1346
4041,Check plane,1970-04-26 19:54:01,1347
4042,Decide,1970-04-26 19:54:02,1347
4043,Book hotel,1970-04-26 19:54:03,1347
4044,Check plane,1970-04-26 19:54:04,1348
4045,Decide,1970-04-26 19:54:05,1348
4046,Book hotel,1970-04-26 19:54:06,1348
4047,Check hotel,1970-04-26 19:54:07,1349
4048,Decide,1970-04-26 19:54:08,1349
4049,Book plane,1970-04-26 19:54:09,1349
4050,Check hotel,1970-04-26 19:54:10,1350
4051,Decide,1970-04-26 19:54:11,1350
4052,Book hotel,1970-04-26 19:54:12,1350
4053,Check hotel,1970-04-26 19:54:13,1351
4054,Decide,1970-04-26 19:54:14,1351
4055,Book plane,1970-04-26 19:54:15,1351
4056,Check plane,1970-04-26 19:54:16,1352
4057,Decide,1970-04-26 19:54:17,1352
4058,Book hotel,1970-04-26 19:54:18,1352
4059,Check plane,1970-04-26 19:54:19,1353
4060,Decide,1970-04-26 19:54:20,1353
4061,Book hotel,1970-04-26 19:54:21,1353
4062,Check hotel,1970-04-26 19:54:22,1354
4063,Decide,1970-04-26 19:54:23,1354
4064,Book plane,1970-04-26 19:54:24,1354
4065,Check plane,1970-04-26 19:54:25,1355
4066,Decide,1970-04-26 19:54:26,1355
4067,Book plane,1970-04-26 19:54:27,1355
4068,Check plane,1970-04-26 19:54:28,1356
4069,Decide,1970-04-26 19:54:29,1356
4070,Book plane,1970-04-26 19:54:30,1356
4071,Check plane,1970-04-26 19:54:31,1357
4072,Decide,1970-04-26 19:54:32,1357
4073,Book hotel,1970-04-26 19:54:33,1357
4074,Check hotel,1970-04-26 19:54:34,1358
4075,Decide,1970-04-26 19:54:35,1358
4076,Book hotel,1970-04-26 19:54:36,1358
4077,Check plane,1970-04-26 19:54:37,1359
4078,Decide,1970-04-26 19:54:38,1359
4079,Book plane,1970-04-26 19:54:39,1359
4080,Check plane,1970-04-26 19:54:40,1360
4081,Decide,1970-04-26 19:54:41,1360
4082,Book plane,1970-04-26 19:54:42,1360
4083,Check plane,1970-04-26 19:54:43,1361
4084,Decide,1970-04-26 19:54:44,1361
4085,Book hotel,1970-04-26 19:54:45,1361
4086,Check hotel,1970-04-26 19:54:46,1362
4087,Decide,1970-04-26 19:54:47,1362
4088,Book hotel,1970-04-26 19:54:48,1362
4089,Check hotel,1970-04-26 19:54:49,1363
4090,Decide,1970-04-26 19:54:50,1363
4091,Book plane,1970-04-26 19:54:51,1363
4092,Check plane,1970-04-26 19:54:52,1364
4093,Decide,1970-04-26 19:54:53,1364
4094,Book hotel,1970-04-26 19:54:54,1364
4095,Check hotel,1970-04-26 19:54:55,1365
4096,Decide,1970-04-26 19:54:56,1365
4097,Book hotel,1970-04-26 19:54:57,1365
4098,Check hotel,1970-04-26 19:54:58,1366
4099,Decide,1970-04-26 19:54:59,1366
4100,Book plane,1970-04-26 19:55:00,1366
4101,Check plane,1970-04-26 19:55:01,1367
4102,Decide,1970-04-26 19:55:02,1367
4103,Book plane,1970-04-26 19:55:03,1367
4104,Check hotel,1970-04-26 19:55:04,1368
4105,Decide,1970-04-26 19:55:05,1368
4106,Book plane,1970-04-26 19:55:06,1368
4107,Check plane,1970-04-26 19:55:07,1369
4108,Decide,1970-04-26 19:55:08,1369
4109,Book hotel,1970-04-26 19:55:09,1369
4110,Check hotel,1970-04-26 19:55:10,1370
4111,Decide,1970-04-26 19:55:11,1370
4112,Book plane,1970-04-26 19:55:12,1370
4113,Check hotel,1970-04-26 19:55:13,1371
4114,Decide,1970-04-26 19:55:14,1371
4115,Book plane,1970-04-26 19:55:15,1371
4116,Check plane,1970-04-26 19:55:16,1372
4117,Decide,1970-04-26 19:55:17,1372
4118,Book hotel,1970-04-26 19:55:18,1372
4119,Check hotel,1970-04-26 19:55:19,1373
4120,Decide,1970-04-26 19:55:20,1373
4121,Book hotel,1970-04-26 19:55:21,1373
4122,Check hotel,1970-04-26 19:55:22,1374
4123,Decide,1970-04-26 19:55:23,1374
4124,Book plane,1970-04-26 19:55:24,1374
4125,Check hotel,1970-04-26 19:55:25,1375
4126,Decide,1970-04-26 19:55:26,1375
4127,Book hotel,1970-04-26 19:55:27,1375
4128,Check hotel,1970-04-26 19:55:28,1376
4129,Decide,1970-04-26 19:55:29,1376
4130,Book hotel,1970-04-26 19:55:30,1376
4131,Check plane,1970-04-26 19:55:31,1377
4132,Decide,1970-04-26 19:55:32,1377
4133,Book hotel,1970-04-26 19:55:33,1377
4134,Check hotel,1970-04-26 19:55:34,1378
4135,Decide,1970-04-26 19:55:35,1378
4136,Book plane,1970-04-26 19:55:36,1378
4137,Check plane,1970-04-26 19:55:37,1379
4138,Decide,1970-04-26 19:55:38,1379
4139,Book plane,1970-04-26 19:55:39,1379
4140,Check plane,1970-04-26 19:55:40,1380
4141,Decide,1970-04-26 19:55:41,1380
4142,Book hotel,1970-04-26 19:55:42,1380
4143,Check hotel,1970-04-26 19:55:43,1381
4144,Decide,1970-04-26 19:55:44,1381
4145,Book hotel,1970-04-26 19:55:45,1381
4146,Check plane,1970-04-26 19:55:46,1382
4147,Decide,1970-04-26 19:55:47,1382
4148,Book hotel,1970-04-26 19:55:48,1382
4149,Check hotel,1970-04-26 19:55:49,1383
4150,Decide,1970-04-26 19:55:50,1383
4151,Book plane,1970-04-26 19:55:51,1383
4152,Check plane,1970-04-26 19:55:52,1384
4153,Decide,1970-04-26 19:55:53,1384
4154,Book plane,1970-04-26 19:55:54,1384
4155,Check hotel,1970-04-26 19:55:55,1385
4156,Decide,1970-04-26 19:55:56,1385
4157,Book hotel,1970-04-26 19:55:57,1385
4158,Check hotel,1970-04-26 19:55:58,1386
4159,Decide,1970-04-26 19:55:59,1386
4160,Book plane,1970-04-26 19:56:00,1386
4161,Check plane,1970-04-26 19:56:01,1387
4162,Decide,1970-04-26 19:56:02,1387
4163,Book hotel,1970-04-26 19:56:03,1387
4164,Check hotel,1970-04-26 19:56:04,1388
4165,Decide,1970-04-26 19:56:05,1388
4166,Book hotel,1970-04-26 19:56:06,1388
4167,Check plane,1970-04-26 19:56:07,1389
4168,Decide,1970-04-26 19:56:08,1389
4169,Book hotel,1970-04-26 19:56:09,1389
4170,Check hotel,1970-04-26 19:56:10,1390
4171,Decide,1970-04-26 19:56:11,1390
4172,Book plane,1970-04-26 19:56:12,1390
4173,Check hotel,1970-04-26 19:56:13,1391
4174,Decide,1970-04-26 19:56:14,1391
4175,Book hotel,1970-04-26 19:56:15,1391
4176,Check hotel,1970-04-26 19:56:16,1392
4177,Decide,1970-04-26 19:56:17,1392
4178,Book plane,1970-04-26 19:56:18,1392
4179,Check plane,1970-04-26 19:56:19,1393
4180,Decide,1970-04-26 19:56:20,1393
4181,Book hotel,1970-04-26 19:56:21,1393
4182,Check hotel,1970-04-26 19:56:22,1394
4183,Decide,1970-04-26 19:56:23,1394
4184,Book plane,1970-04-26 19:56:24,1394
4185,Check hotel,1970-04-26 19:56:25,1395
4186,Decide,1970-04-26 19:56:26,1395
4187,Book hotel,1970-04-26 19:56:27,1395
4188,Check plane,1970-04-26 19:56:28,1396
4189,Decide,1970-04-26 19:56:29,1396
4190,Book plane,1970-04-26 19:56:30,1396
4191,Check plane,1970-04-26 19:56:31,1397
4192,Decide,1970-04-26 19:56:32,1397
4193,Book hotel,1970-04-26 19:56:33,1397
4194,Check plane,1970-04-26 19:56:34,1398
4195,Decide,1970-04-26 19:56:35,1398
4196,Book hotel,1970-04-26 19:56:36,1398
4197,Check plane,1970-04-26 19:56:37,1399
4198,Decide,1970-04-26 19:56:38,1399
4199,Book hotel,1970-04-26 19:56:39,1399
4200,Check hotel,1970-04-26 19:56:40,1400
4201,Decide,1970-04-26 19:56:41,1400
4202,Book plane,1970-04-26 19:56:42,1400
4203,Check plane,1970-04-26 19:56:43,1401
4204,Decide,1970-04-26 19:56:44,1401
4205,Book hotel,1970-04-26 19:56:45,1401
4206,Check hotel,1970-04-26 19:56:46,1402
4207,Decide,1970-04-26 19:56:47,1402
4208,Book plane,1970-04-26 19:56:48,1402
4209,Check plane,1970-04-26 19:56:49,1403
4210,Decide,1970-04-26 19:56:50,1403
4211,Book plane,1970-04-26 19:56:51,1403
4212,Check plane,1970-04-26 19:56:52,1404
4213,Decide,1970-04-26 19:56:53,1404
4214,Book plane,1970-04-26 19:56:54,1404
4215,Check hotel,1970-04-26 19:56:55,1405
4216,Decide,1970-04-26 19:56:56,1405
4217,Book hotel,1970-04-26 19:56:57,1405
4218,Check hotel,1970-04-26 19:56:58,1406
4219,Decide,1970-04-26 19:56:59,1406
4220,Book plane,1970-04-26 19:57:00,1406
4221,Check plane,1970-04-26 19:57:01,1407
4222,Decide,1970-04-26 19:57:02,1407
4223,Book hotel,1970-04-26 19:57:03,1407
4224,Check plane,1970-04-26 19:57:04,1408
4225,Decide,1970-04-26 19:57:05,1408
4226,Book hotel,1970-04-26 19:57:06,1408
4227,Check plane,1970-04-26 19:57:07,1409
4228,Decide,1970-04-26 19:57:08,1409
4229,Book plane,1970-04-26 19:57:09,1409
4230,Check plane,1970-04-26 19:57:10,1410
4231,Decide,1970-04-26 19:57:11,1410
4232,Book hotel,1970-04-26 19:57:12,1410
4233,Check plane,1970-04-26 19:57:13,1411
4234,Decide,1970-04-26 19:57:14,1411
4235,Book hotel,1970-04-26 19:57:15,1411
4236,Check plane,1970-04-26 19:57:16,1412
4237,Decide,1970-04-26 19:57:17,1412
4238,Book hotel,1970-04-26 19:57:18,1412
4239,Check hotel,1970-04-26 19:57:19,1413
4240,Decide,1970-04-26 19:57:20,1413
4241,Book hotel,1970-04-26 19:57:21,1413
4242,Check hotel,1970-04-26 19:57:22,1414
4243,Decide,1970-04-26 19:57:23,1414
4244,Book plane,1970-04-26 19:57:24,1414
4245,Check plane,1970-04-26 19:57:25,1415
4246,Decide,1970-04-26 19:57:26,1415
4247,Book plane,1970-04-26 19:57:27,1415
4248,Check hotel,1970-04-26 19:57:28,1416
4249,Decide,1970-04-26 19:57:29,1416
4250,Book plane,1970-04-26 19:57:30,1416
4251,Check hotel,1970-04-26 19:57:31,1417
4252,Decide,1970-04-26 19:57:32,1417
4253,Book plane,1970-04-26 19:57:33,1417
4254,Check hotel,1970-04-26 19:57:34,1418
4255,Decide,1970-04-26 19:57:35,1418
4256,Book plane,1970-04-26 19:57:36,1418
4257,Check hotel,1970-04-26 19:57:37,1419
4258,Decide,1970-04-26 19:57:38,1419
4259,Book plane,1970-04-26 19:57:39,1419
4260,Check hotel,1970-04-26 19:57:40,1420
4261,Decide,1970-04-26 19:57:41,1420
4262,Book plane,1970-04-26 19:57:42,1420
4263,Check plane,1970-04-26 19:57:43,1421
4264,Decide,1970-04-26 19:57:44,1421
4265,Book hotel,1970-04-26 19:57:45,1421
4266,Check plane,1970-04-26 19:57:46,1422
4267,Decide,1970-04-26 19:57:47,1422
4268,Book plane,1970-04-26 19:57:48,1422
4269,Check plane,1970-04-26 19:57:49,1423
4270,Decide,1970-04-26 19:57:50,1423
4271,Book plane,1970-04-26 19:57:51,1423
4272,Check hotel,1970-04-26 19:57:52,1424
4273,Decide,1970-04-26 19:57:53,1424
4274,Book hotel,1970-04-26 19:57:54,1424
4275,Check hotel,1970-04-26 19:57:55,1425
4276,Decide,1970-04-26 19:57:56,1425
4277,Book hotel,1970-04-26 19:57:57,1425
4278,Check hotel,1970-04-26 19:57:58,1426
4279,Decide,1970-04-26 19:57:59,1426
4280,Book hotel,1970-04-26 19:58:00,1426
4281,Check hotel,1970-04-26 19:58:01,1427
4282,Decide,1970-04-26 19:58:02,1427
4283,Book plane,1970-04-26 19:58:03,1427
4284,Check plane,1970-04-26 19:58:04,1428
4285,Decide,1970-04-26 19:58:05,1428
4286,Book hotel,1970-04-26 19:58:06,1428
4287,Check plane,1970-04-26 19:58:07,1429
4288,Decide,1970-04-26 19:58:08,1429
4289,Book plane,1970-04-26 19:58:09,1429
4290,Check hotel,1970-04-26 19:58:10,1430
4291,Decide,1970-04-26 19:58:11,1430
4292,Book plane,1970-04-26 19:58:12,1430
4293,Check hotel,1970-04-26 19:58:13,1431
4294,Decide,1970-04-26 19:58:14,1431
4295,Book plane,1970-04-26 19:58:15,1431
4296,Check plane,1970-04-26 19:58:16,1432
4297,Decide,1970-04-26 19:58:17,1432
4298,Book hotel,1970-04-26 19:58:18,1432
4299,Check hotel,1970-04-26 19:58:19,1433
4300,Decide,1970-04-26 19:58:20,1433
4301,Book hotel,1970-04-26 19:58:21,1433
4302,Check hotel,1970-04-26 19:58:22,1434
4303,Decide,1970-04-26 19:58:23,1434
4304,Book hotel,1970-04-26 19:58:24,1434
4305,Check hotel,1970-04-26 19:58:25,1435
4306,Decide,1970-04-26 19:58:26,1435
4307,Book hotel,1970-04-26 19:58:27,1435
4308,Check plane,1970-04-26 19:58:28,1436
4309,Decide,1970-04-26 19:58:29,1436
4310,Book hotel,1970-04-26 19:58:30,1436
4311,Check hotel,1970-04-26 19:58:31,1437
4312,Decide,1970-04-26 19:58:32,1437
4313,Book hotel,1970-04-26 19:58:33,1437
4314,Check plane,1970-04-26 19:58:34,1438
4315,Decide,1970-04-26 19:58:35,1438
4316,Book plane,1970-04-26 19:58:36,1438
4317,Check hotel,1970-04-26 19:58:37,1439
4318,Decide,1970-04-26 19:58:38,1439
4319,Book plane,1970-04-26 19:58:39,1439
4320,Check plane,1970-04-26 19:58:40,1440
4321,Decide,1970-04-26 19:58:41,1440
4322,Book plane,1970-04-26 19:58:42,1440
4323,Check plane,1970-04-26 19:58:43,1441
4324,Decide,1970-04-26 19:58:44,1441
4325,Book hotel,1970-04-26 19:58:45,1441
4326,Check plane,1970-04-26 19:58:46,1442
4327,Decide,1970-04-26 19:58:47,1442
4328,Book hotel,1970-04-26 19:58:48,1442
4329,Check hotel,1970-04-26 19:58:49,1443
4330,Decide,1970-04-26 19:58:50,1443
4331,Book hotel,1970-04-26 19:58:51,1443
4332,Check plane,1970-04-26 19:58:52,1444
4333,Decide,1970-04-26 19:58:53,1444
4334,Book plane,1970-04-26 19:58:54,1444
4335,Check plane,1970-04-26 19:58:55,1445
4336,Decide,1970-04-26 19:58:56,1445
4337,Book hotel,1970-04-26 19:58:57,1445
4338,Check hotel,1970-04-26 19:58:58,1446
4339,Decide,1970-04-26 19:58:59,1446
4340,Book plane,1970-04-26 19:59:00,1446
4341,Check hotel,1970-04-26 19:59:01,1447
4342,Decide,1970-04-26 19:59:02,1447
4343,Book hotel,1970-04-26 19:59:03,1447
4344,Check plane,1970-04-26 19:59:04,1448
4345,Decide,1970-04-26 19:59:05,1448
4346,Book plane,1970-04-26 19:59:06,1448
4347,Check plane,1970-04-26 19:59:07,1449
4348,Decide,1970-04-26 19:59:08,1449
4349,Book plane,1970-04-26 19:59:09,1449
4350,Check hotel,1970-04-26 19:59:10,1450
4351,Decide,1970-04-26 19:59:11,1450
4352,Book plane,1970-04-26 19:59:12,1450
4353,Check hotel,1970-04-26 19:59:13,1451
4354,Decide,1970-04-26 19:59:14,1451
4355,Book hotel,1970-04-26 19:59:15,1451
4356,Check hotel,1970-04-26 19:59:16,1452
4357,Decide,1970-04-26 19:59:17,1452
4358,Book hotel,1970-04-26 19:59:18,1452
4359,Check plane,1970-04-26 19:59:19,1453
4360,Decide,1970-04-26 19:59:20,1453
4361,Book plane,1970-04-26 19:59:21,1453
4362,Check hotel,1970-04-26 19:59:22,1454
4363,Decide,1970-04-26 19:59:23,1454
4364,Book hotel,1970-04-26 19:59:24,1454
4365,Check plane,1970-04-26 19:59:25,1455
4366,Decide,1970-04-26 19:59:26,1455
4367,Book hotel,1970-04-26 19:59:27,1455
4368,Check hotel,1970-04-26 19:59:28,1456
4369,Decide,1970-04-26 19:59:29,1456
4370,Book hotel,1970-04-26 19:59:30,1456
4371,Check hotel,1970-04-26 19:59:31,1457
4372,Decide,1970-04-26 19:59:32,1457
4373,Book plane,1970-04-26 19:59:33,1457
4374,Check plane,1970-04-26 19:59:34,1458
4375,Decide,1970-04-26 19:59:35,1458
4376,Book plane,1970-04-26 19:59:36,1458
4377,Check plane,1970-04-26 19:59:37,1459
4378,Decide,1970-04-26 19:59:38,1459
4379,Book plane,1970-04-26 19:59:39,1459
4380,Check hotel,1970-04-26 19:59:40,1460
4381,Decide,1970-04-26 19:59:41,1460
4382,Book plane,1970-04-26 19:59:42,1460
4383,Check plane,1970-04-26 19:59:43,1461
4384,Decide,1970-04-26 19:59:44,1461
4385,Book hotel,1970-04-26 19:59:45,1461
4386,Check hotel,1970-04-26 19:59:46,1462
4387,Decide,1970-04-26 19:59:47,1462
4388,Book plane,1970-04-26 19:59:48,1462
4389,Check hotel,1970-04-26 19:59:49,1463
4390,Decide,1970-04-26 19:59:50,1463
4391,Book plane,1970-04-26 19:59:51,1463
4392,Check hotel,1970-04-26 19:59:52,1464
4393,Decide,1970-04-26 19:59:53,1464
4394,Book hotel,1970-04-26 19:59:54,1464
4395,Check plane,1970-04-26 19:59:55,1465
4396,Decide,1970-04-26 19:59:56,1465
4397,Book hotel,1970-04-26 19:59:57,1465
4398,Check hotel,1970-04-26 19:59:58,1466
4399,Decide,1970-04-26 19:59:59,1466
4400,Book hotel,1970-04-26 20:00:00,1466
4401,Check plane,1970-04-26 20:00:01,1467
4402,Decide,1970-04-26 20:00:02,1467
4403,Book plane,1970-04-26 20:00:03,1467
4404,Check plane,1970-04-26 20:00:04,1468
4405,Decide,1970-04-26 20:00:05,1468
4406,Book hotel,1970-04-26 20:00:06,1468
4407,Check hotel,1970-04-26 20:00:07,1469
4408,Decide,1970-04-26 20:00:08,1469
4409,Book hotel,1970-04-26 20:00:09,1469
4410,Check hotel,1970-04-26 20:00:10,1470
4411,Decide,1970-04-26 20:00:11,1470
4412,Book plane,1970-04-26 20:00:12,1470
4413,Check plane,1970-04-26 20:00:13,1471
4414,Decide,1970-04-26 20:00:14,1471
4415,Book hotel,1970-04-26 20:00:15,1471
4416,Check hotel,1970-04-26 20:00:16,1472
4417,Decide,1970-04-26 20:00:17,1472
4418,Book plane,1970-04-26 20:00:18,1472
4419,Check plane,1970-04-26 20:00:19,1473
4420,Decide,1970-04-26 20:00:20,1473
4421,Book plane,1970-04-26 20:00:21,1473
4422,Check plane,1970-04-26 20:00:22,1474
4423,Decide,1970-04-26 20:00:23,1474
4424,Book plane,1970-04-26 20:00:24,1474
4425,Check hotel,1970-04-26 20:00:25,1475
4426,Decide,1970-04-26 20:00:26,1475
4427,Book hotel,1970-04-26 20:00:27,1475
4428,Check plane,1970-04-26 20:00:28,1476
4429,Decide,1970-04-26 20:00:29,1476
4430,Book plane,1970-04-26 20:00:30,1476
4431,Check plane,1970-04-26 20:00:31,1477
4432,Decide,1970-04-26 20:00:32,1477
4433,Book hotel,1970-04-26 20:00:33,1477
4434,Check hotel,1970-04-26 20:00:34,1478
4435,Decide,1970-04-26 20:00:35,1478
4436,Book plane,1970-04-26 20:00:36,1478
4437,Check hotel,1970-04-26 20:00:37,1479
4438,Decide,1970-04-26 20:00:38,1479
4439,Book plane,1970-04-26 20:00:39,1479
4440,Check hotel,1970-04-26 20:00:40,1480
4441,Decide,1970-04-26 20:00:41,1480
4442,Book hotel,1970-04-26 20:00:42,1480
4443,Check hotel,1970-04-26 20:00:43,1481
4444,Decide,1970-04-26 20:00:44,1481
4445,Book hotel,1970-04-26 20:00:45,1481
4446,Check hotel,1970-04-26 20:00:46,1482
4447,Decide,1970-04-26 20:00:47,1482
4448,Book hotel,1970-04-26 20:00:48,1482
4449,Check plane,1970-04-26 20:00:49,1483
4450,Decide,1970-04-26 20:00:50,1483
4451,Book hotel,1970-04-26 20:00:51,1483
4452,Check hotel,1970-04-26 20:00:52,1484
4453,Decide,1970-04-26 20:00:53,1484
4454,Book hotel,1970-04-26 20:00:54,1484
4455,Check plane,1970-04-26 20:00:55,1485
4456,Decide,1970-04-26 20:00:56,1485
4457,Book plane,1970-04-26 20:00:57,1485
4458,Check hotel,1970-04-26 20:00:58,1486
4459,Decide,1970-04-26 20:00:59,1486
4460,Book hotel,1970-04-26 20:01:00,1486
4461,Check hotel,1970-04-26 20:01:01,1487
4462,Decide,1970-04-26 20:01:02,1487
4463,Book plane,1970-04-26 20:01:03,1487
4464,Check hotel,1970-04-26 20:01:04,1488
4465,Decide,1970-04-26 20:01:05,1488
4466,Book hotel,1970-04-26 20:01:06,1488
4467,Check plane,1970-04-26 20:01:07,1489
4468,Decide,1970-04-26 20:01:08,1489
4469,Book plane,1970-04-26 20:01:09,1489
4470,Check hotel,1970-04-26 20:01:10,1490
4471,Decide,1970-04-26 20:01:11,1490
4472,Book hotel,1970-04-26 20:01:12,1490
4473,Check plane,1970-04-26 20:01:13,1491
4474,Decide,1970-04-26 20:01:14,1491
4475,Book plane,1970-04-26 20:01:15,1491
4476,Check hotel,1970-04-26 20:01:16,1492
4477,Decide,1970-04-26 20:01:17,1492
4478,Book plane,1970-04-26 20:01:18,1492
4479,Check hotel,1970-04-26 20:01:19,1493
4480,Decide,1970-04-26 20:01:20,1493
4481,Book plane,1970-04-26 20:01:21,1493
4482,Check plane,1970-04-26 20:01:22,1494
4483,Decide,1970-04-26 20:01:23,1494
4484,Book hotel,1970-04-26 20:01:24,1494
4485,Check hotel,1970-04-26 20:01:25,1495
4486,Decide,1970-04-26 20:01:26,1495
4487,Book plane,1970-04-26 20:01:27,1495
4488,Check plane,1970-04-26 20:01:28,1496
4489,Decide,1970-04-26 20:01:29,1496
4490,Book plane,1970-04-26 20:01:30,1496
4491,Check hotel,1970-04-26 20:01:31,1497
4492,Decide,1970-04-26 20:01:32,1497
4493,Book hotel,1970-04-26 20:01:33,1497
4494,Check plane,1970-04-26 20:01:34,1498
4495,Decide,1970-04-26 20:01:35,1498
4496,Book plane,1970-04-26 20:01:36,1498
4497,Check hotel,1970-04-26 20:01:37,1499
4498,Decide,1970-04-26 20:01:38,1499
4499,Book hotel,1970-04-26 20:01:39,1499
4500,Check hotel,1970-04-26 20:01:40,1500
4501,Decide,1970-04-26 20:01:41,1500
4502,Book plane,1970-04-26 20:01:42,1500
4503,Check plane,1970-04-26 20:01:43,1501
4504,Decide,1970-04-26 20:01:44,1501
4505,Book hotel,1970-04-26 20:01:45,1501
4506,Check hotel,1970-04-26 20:01:46,1502
4507,Decide,1970-04-26 20:01:47,1502
4508,Book hotel,1970-04-26 20:01:48,1502
4509,Check plane,1970-04-26 20:01:49,1503
4510,Decide,1970-04-26 20:01:50,1503
4511,Book plane,1970-04-26 20:01:51,1503
4512,Check hotel,1970-04-26 20:01:52,1504
4513,Decide,1970-04-26 20:01:53,1504
4514,Book plane,1970-04-26 20:01:54,1504
4515,Check hotel,1970-04-26 20:01:55,1505
4516,Decide,1970-04-26 20:01:56,1505
4517,Book hotel,1970-04-26 20:01:57,1505
4518,Check plane,1970-04-26 20:01:58,1506
4519,Decide,1970-04-26 20:01:59,1506
4520,Book hotel,1970-04-26 20:02:00,1506
4521,Check plane,1970-04-26 20:02:01,1507
4522,Decide,1970-04-26 20:02:02,1507
4523,Book hotel,1970-04-26 20:02:03,1507
4524,Check plane,1970-04-26 20:02:04,1508
4525,Decide,1970-04-26 20:02:05,1508
4526,Book plane,1970-04-26 20:02:06,1508
4527,Check plane,1970-04-26 20:02:07,1509
4528,Decide,1970-04-26 20:02:08,1509
4529,Book plane,1970-04-26 20:02:09,1509
4530,Check hotel,1970-04-26 20:02:10,1510
4531,Decide,1970-04-26 20:02:11,1510
4532,Book plane,1970-04-26 20:02:12,1510
4533,Check plane,1970-04-26 20:02:13,1511
4534,Decide,1970-04-26 20:02:14,1511
4535,Book plane,1970-04-26 20:02:15,1511
4536,Check hotel,1970-04-26 20:02:16,1512
4537,Decide,1970-04-26 20:02:17,1512
4538,Book hotel,1970-04-26 20:02:18,1512
4539,Check hotel,1970-04-26 20:02:19,1513
4540,Decide,1970-04-26 20:02:20,1513
4541,Book plane,1970-04-26 20:02:21,1513
4542,Check hotel,1970-04-26 20:02:22,1514
4543,Decide,1970-04-26 20:02:23,1514
4544,Book hotel,1970-04-26 20:02:24,1514
4545,Check hotel,1970-04-26 20:02:25,1515
4546,Decide,1970-04-26 20:02:26,1515
4547,Book plane,1970-04-26 20:02:27,1515
4548,Check hotel,1970-04-26 20:02:28,1516
4549,Decide,1970-04-26 20:02:29,1516
4550,Book hotel,1970-04-26 20:02:30,1516
4551,Check plane,1970-04-26 20:02:31,1517
4552,Decide,1970-04-26 20:02:32,1517
4553,Book plane,1970-04-26 20:02:33,1517
4554,Check plane,1970-04-26 20:02:34,1518
4555,Decide,1970-04-26 20:02:35,1518
4556,Book hotel,1970-04-26 20:02:36,1518
4557,Check plane,1970-04-26 20:02:37,1519
4558,Decide,1970-04-26 20:02:38,1519
4559,Book hotel,1970-04-26 20:02:39,1519
4560,Check hotel,1970-04-26 20:02:40,1520
4561,Decide,1970-04-26 20:02:41,1520
4562,Book plane,1970-04-26 20:02:42,1520
4563,Check plane,1970-04-26 20:02:43,1521
4564,Decide,1970-04-26 20:02:44,1521
4565,Book hotel,1970-04-26 20:02:45,1521
4566,Check hotel,1970-04-26 20:02:46,1522
4567,Decide,1970-04-26 20:02:47,1522
4568,Book plane,1970-04-26 20:02:48,1522
4569,Check hotel,1970-04-26 20:02:49,1523
4570,Decide,1970-04-26 20:02:50,1523
4571,Book plane,1970-04-26 20:02:51,1523
4572,Check plane,1970-04-26 20:02:52,1524
4573,Decide,1970-04-26 20:02:53,1524
4574,Book hotel,1970-04-26 20:02:54,1524
4575,Check plane,1970-04-26 20:02:55,1525
4576,Decide,1970-04-26 20:02:56,1525
4577,Book plane,1970-04-26 20:02:57,1525
4578,Check hotel,1970-04-26 20:02:58,1526
4579,Decide,1970-04-26 20:02:59,1526
4580,Book hotel,1970-04-26 20:03:00,1526
4581,Check hotel,1970-04-26 20:03:01,1527
4582,Decide,1970-04-26 20:03:02,1527
4583,Book hotel,1970-04-26 20:03:03,1527
4584,Check plane,1970-04-26 20:03:04,1528
4585,Decide,1970-04-26 20:03:05,1528
4586,Book hotel,1970-04-26 20:03:06,1528
4587,Check hotel,1970-04-26 20:03:07,1529
4588,Decide,1970-04-26 20:03:08,1529
4589,Book hotel,1970-04-26 20:03:09,1529
4590,Check hotel,1970-04-26 20:03:10,1530
4591,Decide,1970-04-26 20:03:11,1530
4592,Book plane,1970-04-26 20:03:12,1530
4593,Check hotel,1970-04-26 20:03:13,1531
4594,Decide,1970-04-26 20:03:14,1531
4595,Book plane,1970-04-26 20:03:15,1531
4596,Check plane,1970-04-26 20:03:16,1532
4597,Decide,1970-04-26 20:03:17,1532
4598,Book plane,1970-04-26 20:03:18,1532
4599,Check plane,1970-04-26 20:03:19,1533
4600,Decide,1970-04-26 20:03:20,1533
4601,Book hotel,1970-04-26 20:03:21,1533
4602,Check plane,1970-04-26 20:03:22,1534
4603,Decide,1970-04-26 20:03:23,1534
4604,Book plane,1970-04-26 20:03:24,1534
4605,Check hotel,1970-04-26 20:03:25,1535
4606,Decide,1970-04-26 20:03:26,1535
4607,Book plane,1970-04-26 20:03:27,1535
4608,Check plane,1970-04-26 20:03:28,1536
4609,Decide,1970-04-26 20:03:29,1536
4610,Book hotel,1970-04-26 20:03:30,1536
4611,Check plane,1970-04-26 20:03:31,1537
4612,Decide,1970-04-26 20:03:32,1537
4613,Book hotel,1970-04-26 20:03:33,1537
4614,Check hotel,1970-04-26 20:03:34,1538
4615,Decide,1970-04-26 20:03:35,1538
4616,Book plane,1970-04-26 20:03:36,1538
4617,Check hotel,1970-04-26 20:03:37,1539
4618,Decide,1970-04-26 20:03:38,1539
4619,Book plane,1970-04-26 20:03:39,1539
4620,Check hotel,1970-04-26 20:03:40,1540
4621,Decide,1970-04-26 20:03:41,1540
4622,Book plane,1970-04-26 20:03:42,1540
4623,Check hotel,1970-04-26 20:03:43,1541
4624,Decide,1970-04-26 20:03:44,1541
4625,Book hotel,1970-04-26 20:03:45,1541
4626,Check hotel,1970-04-26 20:03:46,1542
4627,Decide,1970-04-26 20:03:47,1542
4628,Book plane,1970-04-26 20:03:48,1542
4629,Check hotel,1970-04-26 20:03:49,1543
4630,Decide,1970-04-26 20:03:50,1543
4631,Book hotel,1970-04-26 20:03:51,1543
4632,Check plane,1970-04-26 20:03:52,1544
4633,Decide,1970-04-26 20:03:53,1544
4634,Book plane,1970-04-26 20:03:54,1544
4635,Check plane,1970-04-26 20:03:55,1545
4636,Decide,1970-04-26 20:03:56,1545
4637,Book hotel,1970-04-26 20:03:57,1545
4638,Check hotel,1970-04-26 20:03:58,1546
4639,Decide,1970-04-26 20:03:59,1546
4640,Book hotel,1970-04-26 20:04:00,1546
4641,Check plane,1970-04-26 20:04:01,1547
4642,Decide,1970-04-26 20:04:02,1547
4643,Book plane,1970-04-26 20:04:03,1547
4644,Check hotel,1970-04-26 20:04:04,1548
4645,Decide,1970-04-26 20:04:05,1548
4646,Book hotel,1970-04-26 20:04:06,1548
4647,Check plane,1970-04-26 20:04:07,1549
4648,Decide,1970-04-26 20:04:08,1549
4649,Book plane,1970-04-26 20:04:09,1549
4650,Check hotel,1970-04-26 20:04:10,1550
4651,Decide,1970-04-26 20:04:11,1550
4652,Book hotel,1970-04-26 20:04:12,1550
4653,Check plane,1970-04-26 20:04:13,1551
4654,Decide,1970-04-26 20:04:14,1551
4655,Book plane,1970-04-26 20:04:15,1551
4656,Check plane,1970-04-26 20:04:16,1552
4657,Decide,1970-04-26 20:04:17,1552
4658,Book hotel,1970-04-26 20:04:18,1552
4659,Check hotel,1970-04-26 20:04:19,1553
4660,Decide,1970-04-26 20:04:20,1553
4661,Book plane,1970-04-26 20:04:21,1553
4662,Check plane,1970-04-26 20:04:22,1554
4663,Decide,1970-04-26 20:04:23,1554
4664,Book hotel,1970-04-26 20:04:24,1554
4665,Check plane,1970-04-26 20:04:25,1555
4666,Decide,1970-04-26 20:04:26,1555
4667,Book plane,1970-04-26 20:04:27,1555
4668,Check plane,1970-04-26 20:04:28,1556
4669,Decide,1970-04-26 20:04:29,1556
4670,Book plane,1970-04-26 20:04:30,1556
4671,Check hotel,1970-04-26 20:04:31,1557
4672,Decide,1970-04-26 20:04:32,1557
4673,Book plane,1970-04-26 20:04:33,1557
4674,Check plane,1970-04-26 20:04:34,1558
4675,Decide,1970-04-26 20:04:35,1558
4676,Book hotel,1970-04-26 20:04:36,1558
4677,Check hotel,1970-04-26 20:04:37,1559
4678,Decide,1970-04-26 20:04:38,1559
4679,Book plane,1970-04-26 20:04:39,1559
4680,Check plane,1970-04-26 20:04:40,1560
4681,Decide,1970-04-26 20:04:41,1560
4682,Book plane,1970-04-26 20:04:42,1560
4683,Check hotel,1970-04-26 20:04:43,1561
4684,Decide,1970-04-26 20:04:44,1561
4685,Book hotel,1970-04-26 20:04:45,1561
4686,Check plane,1970-04-26 20:04:46,1562
4687,Decide,1970-04-26 20:04:47,1562
4688,Book hotel,1970-04-26 20:04:48,1562
4689,Check plane,1970-04-26 20:04:49,1563
4690,Decide,1970-04-26 20:04:50,1563
4691,Book plane,1970-04-26 20:04:51,1563
4692,Check hotel,1970-04-26 20:04:52,1564
4693,Decide,1970-04-26 20:04:53,1564
4694,Book plane,1970-04-26 20:04:54,1564
4695,Check plane,1970-04-26 20:04:55,1565
4696,Decide,1970-04-26 20:04:56,1565
4697,Book plane,1970-04-26 20:04:57,1565
4698,Check hotel,1970-04-26 20:04:58,1566
4699,Decide,1970-04-26 20:04:59,1566
4700,Book plane,1970-04-26 20:05:00,1566
4701,Check hotel,1970-04-26 20:05:01,1567
4702,Decide,1970-04-26 20:05:02,1567
4703,Book hotel,1970-04-26 20:05:03,1567
4704,Check plane,1970-04-26 20:05:04,1568
4705,Decide,1970-04-26 20:05:05,1568
4706,Book plane,1970-04-26 20:05:06,1568
4707,Check hotel,1970-04-26 20:05:07,1569
4708,Decide,1970-04-26 20:05:08,1569
4709,Book plane,1970-04-26 20:05:09,1569
4710,Check hotel,1970-04-26 20:05:10,1570
4711,Decide,1970-04-26 20:05:11,1570
4712,Book plane,1970-04-26 20:05:12,1570
4713,Check hotel,1970-04-26 20:05:13,1571
4714,Decide,1970-04-26 20:05:14,1571
4715,Book hotel,1970-04-26 20:05:15,1571
4716,Check hotel,1970-04-26 20:05:16,1572
4717,Decide,1970-04-26 20:05:17,1572
4718,Book hotel,1970-04-26 20:05:18,1572
4719,Check plane,1970-04-26 20:05:19,1573
4720,Decide,1970-04-26 20:05:20,1573
4721,Book hotel,1970-04-26 20:05:21,1573
4722,Check plane,1970-04-26 20:05:22,1574
4723,Decide,1970-04-26 20:05:23,1574
4724,Book hotel,1970-04-26 20:05:24,1574
4725,Check plane,1970-04-26 20:05:25,1575
4726,Decide,1970-04-26 20:05:26,1575
4727,Book plane,1970-04-26 20:05:27,1575
4728,Check plane,1970-04-26 20:05:28,1576
4729,Decide,1970-04-26 20:05:29,1576
4730,Book hotel,1970-04-26 20:05:30,1576
4731,Check plane,1970-04-26 20:05:31,1577
4732,Decide,1970-04-26 20:05:32,1577
4733,Book plane,1970-04-26 20:05:33,1577
4734,Check plane,1970-04-26 20:05:34,1578
4735,Decide,1970-04-26 20:05:35,1578
4736,Book plane,1970-04-26 20:05:36,1578
4737,Check plane,1970-04-26 20:05:37,1579
4738,Decide,1970-04-26 20:05:38,1579
4739,Book plane,1970-04-26 20:05:39,1579
4740,Check hotel,1970-04-26 20:05:40,1580
4741,Decide,1970-04-26 20:05:41,1580
4742,Book plane,1970-04-26 20:05:42,1580
4743,Check hotel,1970-04-26 20:05:43,1581
4744,Decide,1970-04-26 20:05:44,1581
4745,Book plane,1970-04-26 20:05:45,1581
4746,Check plane,1970-04-26 20:05:46,1582
4747,Decide,1970-04-26 20:05:47,1582
4748,Book plane,1970-04-26 20:05:48,1582
4749,Check plane,1970-04-26 20:05:49,1583
4750,Decide,1970-04-26 20:05:50,1583
4751,Book plane,1970-04-26 20:05:51,1583
4752,Check hotel,1970-04-26 20:05:52,1584
4753,Decide,1970-04-26 20:05:53,1584
4754,Book plane,1970-04-26 20:05:54,1584
4755,Check plane,1970-04-26 20:05:55,1585
4756,Decide,1970-04-26 20:05:56,1585
4757,Book hotel,1970-04-26 20:05:57,1585
4758,Check plane,1970-04-26 20:05:58,1586
4759,Decide,1970-04-26 20:05:59,1586
4760,Book plane,1970-04-26 20:06:00,1586
4761,Check hotel,1970-04-26 20:06:01,1587
4762,Decide,1970-04-26 20:06:02,1587
4763,Book hotel,1970-04-26 20:06:03,1587
4764,Check hotel,1970-04-26 20:06:04,1588
4765,Decide,1970-04-26 20:06:05,1588
4766,Book hotel,1970-04-26 20:06:06,1588
4767,Check hotel,1970-04-26 20:06:07,1589
4768,Decide,1970-04-26 20:06:08,1589
4769,Book hotel,1970-04-26 20:06:09,1589
4770,Check plane,1970-04-26 20:06:10,1590
4771,Decide,1970-04-26 20:06:11,1590
4772,Book plane,1970-04-26 20:06:12,1590
4773,Check plane,1970-04-26 20:06:13,1591
4774,Decide,1970-04-26 20:06:14,1591
4775,Book plane,1970-04-26 20:06:15,1591
4776,Check hotel,1970-04-26 20:06:16,1592
4777,Decide,1970-04-26 20:06:17,1592
4778,Book hotel,1970-04-26 20:06:18,1592
4779,Check hotel,1970-04-26 20:06:19,1593
4780,Decide,1970-04-26 20:06:20,1593
4781,Book plane,1970-04-26 20:06:21,1593
4782,Check plane,1970-04-26 20:06:22,1594
4783,Decide,1970-04-26 20:06:23,1594
4784,Book plane,1970-04-26 20:06:24,1594
4785,Check plane,1970-04-26 20:06:25,1595
4786,Decide,1970-04-26 20:06:26,1595
4787,Book hotel,1970-04-26 20:06:27,1595
4788,Check plane,1970-04-26 20:06:28,1596
4789,Decide,1970-04-26 20:06:29,1596
4790,Book hotel,1970-04-26 20:06:30,1596
4791,Check plane,1970-04-26 20:06:31,1597
4792,Decide,1970-04-26 20:06:32,1597
4793,Book plane,1970-04-26 20:06:33,1597
4794,Check plane,1970-04-26 20:06:34,1598
4795,Decide,1970-04-26 20:06:35,1598
4796,Book hotel,1970-04-26 20:06:36,1598
4797,Check hotel,1970-04-26 20:06:37,1599
4798,Decide,1970-04-26 20:06:38,1599
4799,Book plane,1970-04-26 20:06:39,1599
4800,Check hotel,1970-04-26 20:06:40,1600
4801,Decide,1970-04-26 20:06:41,1600
4802,Book plane,1970-04-26 20:06:42,1600
4803,Check hotel,1970-04-26 20:06:43,1601
4804,Decide,1970-04-26 20:06:44,1601
4805,Book hotel,1970-04-26 20:06:45,1601
4806,Check hotel,1970-04-26 20:06:46,1602
4807,Decide,1970-04-26 20:06:47,1602
4808,Book plane,1970-04-26 20:06:48,1602
4809,Check plane,1970-04-26 20:06:49,1603
4810,Decide,1970-04-26 20:06:50,1603
4811,Book hotel,1970-04-26 20:06:51,1603
4812,Check plane,1970-04-26 20:06:52,1604
4813,Decide,1970-04-26 20:06:53,1604
4814,Book plane,1970-04-26 20:06:54,1604
4815,Check plane,1970-04-26 20:06:55,1605
4816,Decide,1970-04-26 20:06:56,1605
4817,Book hotel,1970-04-26 20:06:57,1605
4818,Check hotel,1970-04-26 20:06:58,1606
4819,Decide,1970-04-26 20:06:59,1606
4820,Book hotel,1970-04-26 20:07:00,1606
4821,Check hotel,1970-04-26 20:07:01,1607
4822,Decide,1970-04-26 20:07:02,1607
4823,Book plane,1970-04-26 20:07:03,1607
4824,Check hotel,1970-04-26 20:07:04,1608
4825,Decide,1970-04-26 20:07:05,1608
4826,Book hotel,1970-04-26 20:07:06,1608
4827,Check hotel,1970-04-26 20:07:07,1609
4828,Decide,1970-04-26 20:07:08,1609
4829,Book plane,1970-04-26 20:07:09,1609
4830,Check hotel,1970-04-26 20:07:10,1610
4831,Decide,1970-04-26 20:07:11,1610
4832,Book plane,1970-04-26 20:07:12,1610
4833,Check hotel,1970-04-26 20:07:13,1611
4834,Decide,1970-04-26 20:07:14,1611
4835,Book plane,1970-04-26 20:07:15,1611
4836,Check plane,1970-04-26 20:07:16,1612
4837,Decide,1970-04-26 20:07:17,1612
4838,Book hotel,1970-04-26 20:07:18,1612
4839,Check plane,1970-04-26 20:07:19,1613
4840,Decide,1970-04-26 20:07:20,1613
4841,Book hotel,1970-04-26 20:07:21,1613
4842,Check hotel,1970-04-26 20:07:22,1614
4843,Decide,1970-04-26 20:07:23,1614
4844,Book hotel,1970-04-26 20:07:24,1614
4845,Check hotel,1970-04-26 20:07:25,1615
4846,Decide,1970-04-26 20:07:26,1615
4847,Book hotel,1970-04-26 20:07:27,1615
4848,Check hotel,1970-04-26 20:07:28,1616
4849,Decide,1970-04-26 20:07:29,1616
4850,Book hotel,1970-04-26 20:07:30,1616
4851,Check plane,1970-04-26 20:07:31,1617
4852,Decide,1970-04-26 20:07:32,1617
4853,Book hotel,1970-04-26 20:07:33,1617
4854,Check plane,1970-04-26 20:07:34,1618
4855,Decide,1970-04-26 20:07:35,1618
4856,Book hotel,1970-04-26 20:07:36,1618
4857,Check hotel,1970-04-26 20:07:37,1619
4858,Decide,1970-04-26 20:07:38,1619
4859,Book hotel,1970-04-26 20:07:39,1619
4860,Check plane,1970-04-26 20:07:40,1620
4861,Decide,1970-04-26 20:07:41,1620
4862,Book plane,1970-04-26 20:07:42,1620
4863,Check hotel,1970-04-26 20:07:43,1621
4864,Decide,1970-04-26 20:07:44,1621
4865,Book hotel,1970-04-26 20:07:45,1621
4866,Check hotel,1970-04-26 20:07:46,1622
4867,Decide,1970-04-26 20:07:47,1622
4868,Book plane,1970-04-26 20:07:48,1622
4869,Check hotel,1970-04-26 20:07:49,1623
4870,Decide,1970-04-26 20:07:50,1623
4871,Book hotel,1970-04-26 20:07:51,1623
4872,Check hotel,1970-04-26 20:07:52,1624
4873,Decide,1970-04-26 20:07:53,1624
4874,Book plane,1970-04-26 20:07:54,1624
4875,Check plane,1970-04-26 20:07:55,1625
4876,Decide,1970-04-26 20:07:56,1625
4877,Book plane,1970-04-26 20:07:57,1625
4878,Check hotel,1970-04-26 20:07:58,1626
4879,Decide,1970-04-26 20:07:59,1626
4880,Book plane,1970-04-26 20:08:00,1626
4881,Check hotel,1970-04-26 20:08:01,1627
4882,Decide,1970-04-26 20:08:02,1627
4883,Book plane,1970-04-26 20:08:03,1627
4884,Check plane,1970-04-26 20:08:04,1628
4885,Decide,1970-04-26 20:08:05,1628
4886,Book hotel,1970-04-26 20:08:06,1628
4887,Check plane,1970-04-26 20:08:07,1629
4888,Decide,1970-04-26 20:08:08,1629
4889,Book plane,1970-04-26 20:08:09,1629
4890,Check hotel,1970-04-26 20:08:10,1630
4891,Decide,1970-04-26 20:08:11,1630
4892,Book hotel,1970-04-26 20:08:12,1630
4893,Check hotel,1970-04-26 20:08:13,1631
4894,Decide,1970-04-26 20:08:14,1631
4895,Book hotel,1970-04-26 20:08:15,1631
4896,Check hotel,1970-04-26 20:08:16,1632
4897,Decide,1970-04-26 20:08:17,1632
4898,Book plane,1970-04-26 20:08:18,1632
4899,Check plane,1970-04-26 20:08:19,1633
4900,Decide,1970-04-26 20:08:20,1633
4901,Book plane,1970-04-26 20:08:21,1633
4902,Check hotel,1970-04-26 20:08:22,1634
4903,Decide,1970-04-26 20:08:23,1634
4904,Book hotel,1970-04-26 20:08:24,1634
4905,Check hotel,1970-04-26 20:08:25,1635
4906,Decide,1970-04-26 20:08:26,1635
4907,Book plane,1970-04-26 20:08:27,1635
4908,Check hotel,1970-04-26 20:08:28,1636
4909,Decide,1970-04-26 20:08:29,1636
4910,Book hotel,1970-04-26 20:08:30,1636
4911,Check hotel,1970-04-26 20:08:31,1637
4912,Decide,1970-04-26 20:08:32,1637
4913,Book hotel,1970-04-26 20:08:33,1637
4914,Check plane,1970-04-26 20:08:34,1638
4915,Decide,1970-04-26 20:08:35,1638
4916,Book hotel,1970-04-26 20:08:36,1638
4917,Check hotel,1970-04-26 20:08:37,1639
4918,Decide,1970-04-26 20:08:38,1639
4919,Book plane,1970-04-26 20:08:39,1639
4920,Check hotel,1970-04-26 20:08:40,1640
4921,Decide,1970-04-26 20:08:41,1640
4922,Book plane,1970-04-26 20:08:42,1640
4923,Check hotel,1970-04-26 20:08:43,1641
4924,Decide,1970-04-26 20:08:44,1641
4925,Book plane,1970-04-26 20:08:45,1641
4926,Check plane,1970-04-26 20:08:46,1642
4927,Decide,1970-04-26 20:08:47,1642
4928,Book hotel,1970-04-26 20:08:48,1642
4929,Check plane,1970-04-26 20:08:49,1643
4930,Decide,1970-04-26 20:08:50,1643
4931,Book plane,1970-04-26 20:08:51,1643
4932,Check plane,1970-04-26 20:08:52,1644
4933,Decide,1970-04-26 20:08:53,1644
4934,Book hotel,1970-04-26 20:08:54,1644
4935,Check plane,1970-04-26 20:08:55,1645
4936,Decide,1970-04-26 20:08:56,1645
4937,Book hotel,1970-04-26 20:08:57,1645
4938,Check plane,1970-04-26 20:08:58,1646
4939,Decide,1970-04-26 20:08:59,1646
4940,Book plane,1970-04-26 20:09:00,1646
4941,Check plane,1970-04-26 20:09:01,1647
4942,Decide,1970-04-26 20:09:02,1647
4943,Book plane,1970-04-26 20:09:03,1647
4944,Check hotel,1970-04-26 20:09:04,1648
4945,Decide,1970-04-26 20:09:05,1648
4946,Book hotel,1970-04-26 20:09:06,1648
4947,Check plane,1970-04-26 20:09:07,1649
4948,Decide,1970-04-26 20:09:08,1649
4949,Book hotel,1970-04-26 20:09:09,1649
4950,Check plane,1970-04-26 20:09:10,1650
4951,Decide,1970-04-26 20:09:11,1650
4952,Book plane,1970-04-26 20:09:12,1650
4953,Check plane,1970-04-26 20:09:13,1651
4954,Decide,1970-04-26 20:09:14,1651
4955,Book hotel,1970-04-26 20:09:15,1651
4956,Check plane,1970-04-26 20:09:16,1652
4957,Decide,1970-04-26 20:09:17,1652
4958,Book plane,1970-04-26 20:09:18,1652
4959,Check hotel,1970-04-26 20:09:19,1653
4960,Decide,1970-04-26 20:09:20,1653
4961,Book hotel,1970-04-26 20:09:21,1653
4962,Check plane,1970-04-26 20:09:22,1654
4963,Decide,1970-04-26 20:09:23,1654
4964,Book hotel,1970-04-26 20:09:24,1654
4965,Check plane,1970-04-26 20:09:25,1655
4966,Decide,1970-04-26 20:09:26,1655
4967,Book plane,1970-04-26 20:09:27,1655
4968,Check hotel,1970-04-26 20:09:28,1656
4969,Decide,1970-04-26 20:09:29,1656
4970,Book plane,1970-04-26 20:09:30,1656
4971,Check hotel,1970-04-26 20:09:31,1657
4972,Decide,1970-04-26 20:09:32,1657
4973,Book plane,1970-04-26 20:09:33,1657
4974,Check hotel,1970-04-26 20:09:34,1658
4975,Decide,1970-04-26 20:09:35,1658
4976,Book plane,1970-04-26 20:09:36,1658
4977,Check hotel,1970-04-26 20:09:37,1659
4978,Decide,1970-04-26 20:09:38,1659
4979,Book plane,1970-04-26 20:09:39,1659
4980,Check hotel,1970-04-26 20:09:40,1660
4981,Decide,1970-04-26 20:09:41,1660
4982,Book plane,1970-04-26 20:09:42,1660
4983,Check plane,1970-04-26 20:09:43,1661
4984,Decide,1970-04-26 20:09:44,1661
4985,Book plane,1970-04-26 20:09:45,1661
4986,Check hotel,1970-04-26 20:09:46,1662
4987,Decide,1970-04-26 20:09:47,1662
4988,Book plane,1970-04-26 20:09:48,1662
4989,Check hotel,1970-04-26 20:09:49,1663
4990,Decide,1970-04-26 20:09:50,1663
4991,Book hotel,1970-04-26 20:09:51,1663
4992,Check hotel,1970-04-26 20:09:52,1664
4993,Decide,1970-04-26 20:09:53,1664
4994,Book hotel,1970-04-26 20:09:54,1664
4995,Check hotel,1970-04-26 20:09:55,1665
4996,Decide,1970-04-26 20:09:56,1665
4997,Book plane,1970-04-26 20:09:57,1665
4998,Check hotel,1970-04-26 20:09:58,1666
4999,Decide,1970-04-26 20:09:59,1666
5000,Book plane,1970-04-26 20:10:00,1666
5001,Check plane,1970-04-26 20:10:01,1667
5002,Decide,1970-04-26 20:10:02,1667
5003,Book hotel,1970-04-26 20:10:03,1667
5004,Check plane,1970-04-26 20:10:04,1668
5005,Decide,1970-04-26 20:10:05,1668
5006,Book hotel,1970-04-26 20:10:06,1668
5007,Check hotel,1970-04-26 20:10:07,1669
5008,Decide,1970-04-26 20:10:08,1669
5009,Book hotel,1970-04-26 20:10:09,1669
5010,Check hotel,1970-04-26 20:10:10,1670
5011,Decide,1970-04-26 20:10:11,1670
5012,Book plane,1970-04-26 20:10:12,1670
5013,Check hotel,1970-04-26 20:10:13,1671
5014,Decide,1970-04-26 20:10:14,1671
5015,Book plane,1970-04-26 20:10:15,1671
5016,Check hotel,1970-04-26 20:10:16,1672
5017,Decide,1970-04-26 20:10:17,1672
5018,Book plane,1970-04-26 20:10:18,1672
5019,Check plane,1970-04-26 20:10:19,1673
5020,Decide,1970-04-26 20:10:20,1673
5021,Book hotel,1970-04-26 20:10:21,1673
5022,Check plane,1970-04-26 20:10:22,1674
5023,Decide,1970-04-26 20:10:23,1674
5024,Book plane,1970-04-26 20:10:24,1674
5025,Check plane,1970-04-26 20:10:25,1675
5026,Decide,1970-04-26 20:10:26,1675
5027,Book hotel,1970-04-26 20:10:27,1675
5028,Check plane,1970-04-26 20:10:28,1676
5029,Decide,1970-04-26 20:10:29,1676
5030,Book hotel,1970-04-26 20:10:30,1676
5031,Check plane,1970-04-26 20:10:31,1677
5032,Decide,1970-04-26 20:10:32,1677
5033,Book plane,1970-04-26 20:10:33,1677
5034,Check hotel,1970-04-26 20:10:34,1678
5035,Decide,1970-04-26 20:10:35,1678
5036,Book hotel,1970-04-26 20:10:36,1678
5037,Check plane,1970-04-26 20:10:37,1679
5038,Decide,1970-04-26 20:10:38,1679
5039,Book plane,1970-04-26 20:10:39,1679
5040,Check plane,1970-04-26 20:10:40,1680
5041,Decide,1970-04-26 20:10:41,1680
5042,Book plane,1970-04-26 20:10:42,1680
5043,Check plane,1970-04-26 20:10:43,1681
5044,Decide,1970-04-26 20:10:44,1681
5045,Book hotel,1970-04-26 20:10:45,1681
5046,Check plane,1970-04-26 20:10:46,1682
5047,Decide,1970-04-26 20:10:47,1682
5048,Book hotel,1970-04-26 20:10:48,1682
5049,Check hotel,1970-04-26 20:10:49,1683
5050,Decide,1970-04-26 20:10:50,1683
5051,Book plane,1970-04-26 20:10:51,1683
5052,Check hotel,1970-04-26 20:10:52,1684
5053,Decide,1970-04-26 20:10:53,1684
5054,Book plane,1970-04-26 20:10:54,1684
5055,Check hotel,1970-04-26 20:10:55,1685
5056,Decide,1970-04-26 20:10:56,1685
5057,Book hotel,1970-04-26 20:10:57,1685
5058,Check plane,1970-04-26 20:10:58,1686
5059,Decide,1970-04-26 20:10:59,1686
5060,Book plane,1970-04-26 20:11:00,1686
5061,Check plane,1970-04-26 20:11:01,1687
5062,Decide,1970-04-26 20:11:02,1687
5063,Book plane,1970-04-26 20:11:03,1687
5064,Check plane,1970-04-26 20:11:04,1688
5065,Decide,1970-04-26 20:11:05,1688
5066,Book plane,1970-04-26 20:11:06,1688
5067,Check plane,1970-04-26 20:11:07,1689
5068,Decide,1970-04-26 20:11:08,1689
5069,Book hotel,1970-04-26 20:11:09,1689
5070,Check plane,1970-04-26 20:11:10,1690
5071,Decide,1970-04-26 20:11:11,1690
5072,Book hotel,1970-04-26 20:11:12,1690
5073,Check plane,1970-04-26 20:11:13,1691
5074,Decide,1970-04-26 20:11:14,1691
5075,Book plane,1970-04-26 20:11:15,1691
5076,Check plane,1970-04-26 20:11:16,1692
5077,Decide,1970-04-26 20:11:17,1692
5078,Book hotel,1970-04-26 20:11:18,1692
5079,Check hotel,1970-04-26 20:11:19,1693
5080,Decide,1970-04-26 20:11:20,1693
5081,Book plane,1970-04-26 20:11:21,1693
5082,Check hotel,1970-04-26 20:11:22,1694
5083,Decide,1970-04-26 20:11:23,1694
5084,Book hotel,1970-04-26 20:11:24,1694
5085,Check hotel,1970-04-26 20:11:25,1695
5086,Decide,1970-04-26 20:11:26,1695
5087,Book hotel,1970-04-26 20:11:27,1695
5088,Check plane,1970-04-26 20:11:28,1696
5089,Decide,1970-04-26 20:11:29,1696
5090,Book plane,1970-04-26 20:11:30,1696
5091,Check plane,1970-04-26 20:11:31,1697
5092,Decide,1970-04-26 20:11:32,1697
5093,Book plane,1970-04-26 20:11:33,1697
5094,Check hotel,1970-04-26 20:11:34,1698
5095,Decide,1970-04-26 20:11:35,1698
5096,Book plane,1970-04-26 20:11:36,1698
5097,Check plane,1970-04-26 20:11:37,1699
5098,Decide,1970-04-26 20:11:38,1699
5099,Book hotel,1970-04-26 20:11:39,1699
5100,Check hotel,1970-04-26 20:11:40,1700
5101,Decide,1970-04-26 20:11:41,1700
5102,Book hotel,1970-04-26 20:11:42,1700
5103,Check plane,1970-04-26 20:11:43,1701
5104,Decide,1970-04-26 20:11:44,1701
5105,Book hotel,1970-04-26 20:11:45,1701
5106,Check hotel,1970-04-26 20:11:46,1702
5107,Decide,1970-04-26 20:11:47,1702
5108,Book hotel,1970-04-26 20:11:48,1702
5109,Check plane,1970-04-26 20:11:49,1703
5110,Decide,1970-04-26 20:11:50,1703
5111,Book hotel,1970-04-26 20:11:51,1703
5112,Check plane,1970-04-26 20:11:52,1704
5113,Decide,1970-04-26 20:11:53,1704
5114,Book hotel,1970-04-26 20:11:54,1704
5115,Check plane,1970-04-26 20:11:55,1705
5116,Decide,1970-04-26 20:11:56,1705
5117,Book hotel,1970-04-26 20:11:57,1705
5118,Check plane,1970-04-26 20:11:58,1706
5119,Decide,1970-04-26 20:11:59,1706
5120,Book plane,1970-04-26 20:12:00,1706
5121,Check hotel,1970-04-26 20:12:01,1707
5122,Decide,1970-04-26 20:12:02,1707
5123,Book plane,1970-04-26 20:12:03,1707
5124,Check hotel,1970-04-26 20:12:04,1708
5125,Decide,1970-04-26 20:12:05,1708
5126,Book hotel,1970-04-26 20:12:06,1708
5127,Check plane,1970-04-26 20:12:07,1709
5128,Decide,1970-04-26 20:12:08,1709
5129,Book plane,1970-04-26 20:12:09,1709
5130,Check hotel,1970-04-26 20:12:10,1710
5131,Decide,1970-04-26 20:12:11,1710
5132,Book hotel,1970-04-26 20:12:12,1710
5133,Check hotel,1970-04-26 20:12:13,1711
5134,Decide,1970-04-26 20:12:14,1711
5135,Book hotel,1970-04-26 20:12:15,1711
5136,Check plane,1970-04-26 20:12:16,1712
5137,Decide,1970-04-26 20:12:17,1712
5138,Book plane,1970-04-26 20:12:18,1712
5139,Check plane,1970-04-26 20:12:19,1713
5140,Decide,1970-04-26 20:12:20,1713
5141,Book hotel,1970-04-26 20:12:21,1713
5142,Check plane,1970-04-26 20:12:22,1714
5143,Decide,1970-04-26 20:12:23,1714
5144,Book plane,1970-04-26 20:12:24,1714
5145,Check plane,1970-04-26 20:12:25,1715
5146,Decide,1970-04-26 20:12:26,1715
5147,Book plane,1970-04-26 20:12:27,1715
5148,Check hotel,1970-04-26 20:12:28,1716
5149,Decide,1970-04-26 20:12:29,1716
5150,Book hotel,1970-04-26 20:12:30,1716
5151,Check hotel,1970-04-26 20:12:31,1717
5152,Decide,1970-04-26 20:12:32,1717
5153,Book plane,1970-04-26 20:12:33,1717
5154,Check plane,1970-04-26 20:12:34,1718
5155,Decide,1970-04-26 20:12:35,1718
5156,Book hotel,1970-04-26 20:12:36,1718
5157,Check hotel,1970-04-26 20:12:37,1719
5158,Decide,1970-04-26 20:12:38,1719
5159,Book hotel,1970-04-26 20:12:39,1719
5160,Check plane,1970-04-26 20:12:40,1720
5161,Decide,1970-04-26 20:12:41,1720
5162,Book hotel,1970-04-26 20:12:42,1720
5163,Check plane,1970-04-26 20:12:43,1721
5164,Decide,1970-04-26 20:12:44,1721
5165,Book plane,1970-04-26 20:12:45,1721
5166,Check plane,1970-04-26 20:12:46,1722
5167,Decide,1970-04-26 20:12:47,1722
5168,Book plane,1970-04-26 20:12:48,1722
5169,Check hotel,1970-04-26 20:12:49,1723
5170,Decide,1970-04-26 20:12:50,1723
5171,Book plane,1970-04-26 20:12:51,1723
5172,Check hotel,1970-04-26 20:12:52,1724
5173,Decide,1970-04-26 20:12:53,1724
5174,Book plane,1970-04-26 20:12:54,1724
5175,Check hotel,1970-04-26 20:12:55,1725
5176,Decide,1970-04-26 20:12:56,1725
5177,Book plane,1970-04-26 20:12:57,1725
5178,Check plane,1970-04-26 20:12:58,1726
5179,Decide,1970-04-26 20:12:59,1726
5180,Book hotel,1970-04-26 20:13:00,1726
5181,Check hotel,1970-04-26 20:13:01,1727
5182,Decide,1970-04-26 20:13:02,1727
5183,Book hotel,1970-04-26 20:13:03,1727
5184,Check hotel,1970-04-26 20:13:04,1728
5185,Decide,1970-04-26 20:13:05,1728
5186,Book plane,1970-04-26 20:13:06,1728
5187,Check hotel,1970-04-26 20:13:07,1729
5188,Decide,1970-04-26 20:13:08,1729
5189,Book plane,1970-04-26 20:13:09,1729
5190,Check plane,1970-04-26 20:13:10,1730
5191,Decide,1970-04-26 20:13:11,1730
5192,Book hotel,1970-04-26 20:13:12,1730
5193,Check plane,1970-04-26 20:13:13,1731
5194,Decide,1970-04-26 20:13:14,1731
5195,Book hotel,1970-04-26 20:13:15,1731
5196,Check plane,1970-04-26 20:13:16,1732
5197,Decide,1970-04-26 20:13:17,1732
5198,Book plane,1970-04-26 20:13:18,1732
5199,Check hotel,1970-04-26 20:13:19,1733
5200,Decide,1970-04-26 20:13:20,1733
5201,Book hotel,1970-04-26 20:13:21,1733
5202,Check plane,1970-04-26 20:13:22,1734
5203,Decide,1970-04-26 20:13:23,1734
5204,Book hotel,1970-04-26 20:13:24,1734
5205,Check hotel,1970-04-26 20:13:25,1735
5206,Decide,1970-04-26 20:13:26,1735
5207,Book hotel,1970-04-26 20:13:27,1735
5208,Check plane,1970-04-26 20:13:28,1736
5209,Decide,1970-04-26 20:13:29,1736
5210,Book plane,1970-04-26 20:13:30,1736
5211,Check plane,1970-04-26 20:13:31,1737
5212,Decide,1970-04-26 20:13:32,1737
5213,Book plane,1970-04-26 20:13:33,1737
5214,Check hotel,1970-04-26 20:13:34,1738
5215,Decide,1970-04-26 20:13:35,1738
5216,Book plane,1970-04-26 20:13:36,1738
5217,Check plane,1970-04-26 20:13:37,1739
5218,Decide,1970-04-26 20:13:38,1739
5219,Book plane,1970-04-26 20:13:39,1739
5220,Check hotel,1970-04-26 20:13:40,1740
5221,Decide,1970-04-26 20:13:41,1740
5222,Book plane,1970-04-26 20:13:42,1740
5223,Check plane,1970-04-26 20:13:43,1741
5224,Decide,1970-04-26 20:13:44,1741
5225,Book plane,1970-04-26 20:13:45,1741
5226,Check hotel,1970-04-26 20:13:46,1742
5227,Decide,1970-04-26 20:13:47,1742
5228,Book hotel,1970-04-26 20:13:48,1742
5229,Check plane,1970-04-26 20:13:49,1743
5230,Decide,1970-04-26 20:13:50,1743
5231,Book hotel,1970-04-26 20:13:51,1743
5232,Check plane,1970-04-26 20:13:52,1744
5233,Decide,1970-04-26 20:13:53,1744
5234,Book plane,1970-04-26 20:13:54,1744
5235,Check hotel,1970-04-26 20:13:55,1745
5236,Decide,1970-04-26 20:13:56,1745
5237,Book hotel,1970-04-26 20:13:57,1745
5238,Check plane,1970-04-26 20:13:58,1746
5239,Decide,1970-04-26 20:13:59,1746
5240,Book hotel,1970-04-26 20:14:00,1746
5241,Check plane,1970-04-26 20:14:01,1747
5242,Decide,1970-04-26 20:14:02,1747
5243,Book plane,1970-04-26 20:14:03,1747
5244,Check plane,1970-04-26 20:14:04,1748
5245,Decide,1970-04-26 20:14:05,1748
5246,Book hotel,1970-04-26 20:14:06,1748
5247,Check plane,1970-04-26 20:14:07,1749
5248,Decide,1970-04-26 20:14:08,1749
5249,Book hotel,1970-04-26 20:14:09,1749
5250,Check hotel,1970-04-26 20:14:10,1750
5251,Decide,1970-04-26 20:14:11,1750
5252,Book plane,1970-04-26 20:14:12,1750
5253,Check plane,1970-04-26 20:14:13,1751
5254,Decide,1970-04-26 20:14:14,1751
5255,Book hotel,1970-04-26 20:14:15,1751
5256,Check hotel,1970-04-26 20:14:16,1752
5257,Decide,1970-04-26 20:14:17,1752
5258,Book hotel,1970-04-26 20:14:18,1752
5259,Check hotel,1970-04-26 20:14:19,1753
5260,Decide,1970-04-26 20:14:20,1753
5261,Book plane,1970-04-26 20:14:21,1753
5262,Check plane,1970-04-26 20:14:22,1754
5263,Decide,1970-04-26 20:14:23,1754
5264,Book hotel,1970-04-26 20:14:24,1754
5265,Check hotel,1970-04-26 20:14:25,1755
5266,Decide,1970-04-26 20:14:26,1755
5267,Book plane,1970-04-26 20:14:27,1755
5268,Check plane,1970-04-26 20:14:28,1756
5269,Decide,1970-04-26 20:14:29,1756
5270,Book hotel,1970-04-26 20:14:30,1756
5271,Check plane,1970-04-26 20:14:31,1757
5272,Decide,1970-04-26 20:14:32,1757
5273,Book hotel,1970-04-26 20:14:33,1757
5274,Check hotel,1970-04-26 20:14:34,1758
5275,Decide,1970-04-26 20:14:35,1758
5276,Book hotel,1970-04-26 20:14:36,1758
5277,Check hotel,1970-04-26 20:14:37,1759
5278,Decide,1970-04-26 20:14:38,1759
5279,Book plane,1970-04-26 20:14:39,1759
5280,Check hotel,1970-04-26 20:14:40,1760
5281,Decide,1970-04-26 20:14:41,1760
5282,Book hotel,1970-04-26 20:14:42,1760
5283,Check plane,1970-04-26 20:14:43,1761
5284,Decide,1970-04-26 20:14:44,1761
5285,Book hotel,1970-04-26 20:14:45,1761
5286,Check hotel,1970-04-26 20:14:46,1762
5287,Decide,1970-04-26 20:14:47,1762
5288,Book plane,1970-04-26 20:14:48,1762
5289,Check plane,1970-04-26 20:14:49,1763
5290,Decide,1970-04-26 20:14:50,1763
5291,Book plane,1970-04-26 20:14:51,1763
5292,Check hotel,1970-04-26 20:14:52,1764
5293,Decide,1970-04-26 20:14:53,1764
5294,Book plane,1970-04-26 20:14:54,1764
5295,Check plane,1970-04-26 20:14:55,1765
5296,Decide,1970-04-26 20:14:56,1765
5297,Book plane,1970-04-26 20:14:57,1765
5298,Check plane,1970-04-26 20:14:58,1766
5299,Decide,1970-04-26 20:14:59,1766
5300,Book plane,1970-04-26 20:15:00,1766
5301,Check plane,1970-04-26 20:15:01,1767
5302,Decide,1970-04-26 20:15:02,1767
5303,Book plane,1970-04-26 20:15:03,1767
5304,Check plane,1970-04-26 20:15:04,1768
5305,Decide,1970-04-26 20:15:05,1768
5306,Book hotel,1970-04-26 20:15:06,1768
5307,Check plane,1970-04-26 20:15:07,1769
5308,Decide,1970-04-26 20:15:08,1769
5309,Book plane,1970-04-26 20:15:09,1769
5310,Check plane,1970-04-26 20:15:10,1770
5311,Decide,1970-04-26 20:15:11,1770
5312,Book hotel,1970-04-26 20:15:12,1770
5313,Check hotel,1970-04-26 20:15:13,1771
5314,Decide,1970-04-26 20:15:14,1771
5315,Book hotel,1970-04-26 20:15:15,1771
5316,Check hotel,1970-04-26 20:15:16,1772
5317,Decide,1970-04-26 20:15:17,1772
5318,Book hotel,1970-04-26 20:15:18,1772
5319,Check hotel,1970-04-26 20:15:19,1773
5320,Decide,1970-04-26 20:15:20,1773
5321,Book hotel,1970-04-26 20:15:21,1773
5322,Check hotel,1970-04-26 20:15:22,1774
5323,Decide,1970-04-26 20:15:23,1774
5324,Book hotel,1970-04-26 20:15:24,1774
5325,Check hotel,1970-04-26 20:15:25,1775
5326,Decide,1970-04-26 20:15:26,1775
5327,Book hotel,1970-04-26 20:15:27,1775
5328,Check plane,1970-04-26 20:15:28,1776
5329,Decide,1970-04-26 20:15:29,1776
5330,Book plane,1970-04-26 20:15:30,1776
5331,Check hotel,1970-04-26 20:15:31,1777
5332,Decide,1970-04-26 20:15:32,1777
5333,Book plane,1970-04-26 20:15:33,1777
5334,Check hotel,1970-04-26 20:15:34,1778
5335,Decide,1970-04-26 20:15:35,1778
5336,Book plane,1970-04-26 20:15:36,1778
5337,Check hotel,1970-04-26 20:15:37,1779
5338,Decide,1970-04-26 20:15:38,1779
5339,Book plane,1970-04-26 20:15:39,1779
5340,Check plane,1970-04-26 20:15:40,1780
5341,Decide,1970-04-26 20:15:41,1780
5342,Book hotel,1970-04-26 20:15:42,1780
5343,Check hotel,1970-04-26 20:15:43,1781
5344,Decide,1970-04-26 20:15:44,1781
5345,Book plane,1970-04-26 20:15:45,1781
5346,Check plane,1970-04-26 20:15:46,1782
5347,Decide,1970-04-26 20:15:47,1782
5348,Book plane,1970-04-26 20:15:48,1782
5349,Check hotel,1970-04-26 20:15:49,1783
5350,Decide,1970-04-26 20:15:50,1783
5351,Book hotel,1970-04-26 20:15:51,1783
5352,Check plane,1970-04-26 20:15:52,1784
5353,Decide,1970-04-26 20:15:53,1784
5354,Book plane,1970-04-26 20:15:54,1784
5355,Check plane,1970-04-26 20:15:55,1785
5356,Decide,1970-04-26 20:15:56,1785
5357,Book plane,1970-04-26 20:15:57,1785
5358,Check plane,1970-04-26 20:15:58,1786
5359,Decide,1970-04-26 20:15:59,1786
5360,Book hotel,1970-04-26 20:16:00,1786
5361,Check plane,1970-04-26 20:16:01,1787
5362,Decide,1970-04-26 20:16:02,1787
5363,Book hotel,1970-04-26 20:16:03,1787
5364,Check plane,1970-04-26 20:16:04,1788
5365,Decide,1970-04-26 20:16:05,1788
5366,Book hotel,1970-04-26 20:16:06,1788
5367,Check hotel,1970-04-26 20:16:07,1789
5368,Decide,1970-04-26 20:16:08,1789
5369,Book hotel,1970-04-26 20:16:09,1789
5370,Check plane,1970-04-26 20:16:10,1790
5371,Decide,1970-04-26 20:16:11,1790
5372,Book hotel,1970-04-26 20:16:12,1790
5373,Check hotel,1970-04-26 20:16:13,1791
5374,Decide,1970-04-26 20:16:14,1791
5375,Book plane,1970-04-26 20:16:15,1791
5376,Check hotel,1970-04-26 20:16:16,1792
5377,Decide,1970-04-26 20:16:17,1792
5378,Book hotel,1970-04-26 20:16:18,1792
5379,Check hotel,1970-04-26 20:16:19,1793
5380,Decide,1970-04-26 20:16:20,1793
5381,Book plane,1970-04-26 20:16:21,1793
5382,Check hotel,1970-04-26 20:16:22,1794
5383,Decide,1970-04-26 20:16:23,1794
5384,Book plane,1970-04-26 20:16:24,1794
5385,Check hotel,1970-04-26 20:16:25,1795
5386,Decide,1970-04-26 20:16:26,1795
5387,Book plane,1970-04-26 20:16:27,1795
5388,Check hotel,1970-04-26 20:16:28,1796
5389,Decide,1970-04-26 20:16:29,1796
5390,Book hotel,1970-04-26 20:16:30,1796
5391,Check plane,1970-04-26 20:16:31,1797
5392,Decide,1970-04-26 20:16:32,1797
5393,Book hotel,1970-04-26 20:16:33,1797
5394,Check plane,1970-04-26 20:16:34,1798
5395,Decide,1970-04-26 20:16:35,1798
5396,Book plane,1970-04-26 20:16:36,1798
5397,Check plane,1970-04-26 20:16:37,1799
5398,Decide,1970-04-26 20:16:38,1799
5399,Book plane,1970-04-26 20:16:39,1799
5400,Check plane,1970-04-26 20:16:40,1800
5401,Decide,1970-04-26 20:16:41,1800
5402,Book plane,1970-04-26 20:16:42,1800
5403,Check plane,1970-04-26 20:16:43,1801
5404,Decide,1970-04-26 20:16:44,1801
5405,Book plane,1970-04-26 20:16:45,1801
5406,Check hotel,1970-04-26 20:16:46,1802
5407,Decide,1970-04-26 20:16:47,1802
5408,Book plane,1970-04-26 20:16:48,1802
5409,Check hotel,1970-04-26 20:16:49,1803
5410,Decide,1970-04-26 20:16:50,1803
5411,Book plane,1970-04-26 20:16:51,1803
5412,Check hotel,1970-04-26 20:16:52,1804
5413,Decide,1970-04-26 20:16:53,1804
5414,Book plane,1970-04-26 20:16:54,1804
5415,Check hotel,1970-04-26 20:16:55,1805
5416,Decide,1970-04-26 20:16:56,1805
5417,Book plane,1970-04-26 20:16:57,1805
5418,Check hotel,1970-04-26 20:16:58,1806
5419,Decide,1970-04-26 20:16:59,1806
5420,Book hotel,1970-04-26 20:17:00,1806
5421,Check hotel,1970-04-26 20:17:01,1807
5422,Decide,1970-04-26 20:17:02,1807
5423,Book hotel,1970-04-26 20:17:03,1807
5424,Check plane,1970-04-26 20:17:04,1808
5425,Decide,1970-04-26 20:17:05,1808
5426,Book plane,1970-04-26 20:17:06,1808
5427,Check plane,1970-04-26 20:17:07,1809
5428,Decide,1970-04-26 20:17:08,1809
5429,Book hotel,1970-04-26 20:17:09,1809
5430,Check hotel,1970-04-26 20:17:10,1810
5431,Decide,1970-04-26 20:17:11,1810
5432,Book plane,1970-04-26 20:17:12,1810
5433,Check plane,1970-04-26 20:17:13,1811
5434,Decide,1970-04-26 20:17:14,1811
5435,Book hotel,1970-04-26 20:17:15,1811
5436,Check hotel,1970-04-26 20:17:16,1812
5437,Decide,1970-04-26 20:17:17,1812
5438,Book hotel,1970-04-26 20:17:18,1812
5439,Check hotel,1970-04-26 20:17:19,1813
5440,Decide,1970-04-26 20:17:20,1813
5441,Book plane,1970-04-26 20:17:21,1813
5442,Check hotel,1970-04-26 20:17:22,1814
5443,Decide,1970-04-26 20:17:23,1814
5444,Book hotel,1970-04-26 20:17:24,1814
5445,Check hotel,1970-04-26 20:17:25,1815
5446,Decide,1970-04-26 20:17:26,1815
5447,Book hotel,1970-04-26 20:17:27,1815
5448,Check plane,1970-04-26 20:17:28,1816
5449,Decide,1970-04-26 20:17:29,1816
5450,Book plane,1970-04-26 20:17:30,1816
5451,Check hotel,1970-04-26 20:17:31,1817
5452,Decide,1970-04-26 20:17:32,1817
5453,Book hotel,1970-04-26 20:17:33,1817
5454,Check plane,1970-04-26 20:17:34,1818
5455,Decide,1970-04-26 20:17:35,1818
5456,Book plane,1970-04-26 20:17:36,1818
5457,Check plane,1970-04-26 20:17:37,1819
5458,Decide,1970-04-26 20:17:38,1819
5459,Book hotel,1970-04-26 20:17:39,1819
5460,Check plane,1970-04-26 20:17:40,1820
5461,Decide,1970-04-26 20:17:41,1820
5462,Book hotel,1970-04-26 20:17:42,1820
5463,Check hotel,1970-04-26 20:17:43,1821
5464,Decide,1970-04-26 20:17:44,1821
5465,Book hotel,1970-04-26 20:17:45,1821
5466,Check plane,1970-04-26 20:17:46,1822
5467,Decide,1970-04-26 20:17:47,1822
5468,Book hotel,1970-04-26 20:17:48,1822
5469,Check hotel,1970-04-26 20:17:49,1823
5470,Decide,1970-04-26 20:17:50,1823
5471,Book hotel,1970-04-26 20:17:51,1823
5472,Check plane,1970-04-26 20:17:52,1824
5473,Decide,1970-04-26 20:17:53,1824
5474,Book hotel,1970-04-26 20:17:54,1824
5475,Check plane,1970-04-26 20:17:55,1825
5476,Decide,1970-04-26 20:17:56,1825
5477,Book plane,1970-04-26 20:17:57,1825
5478,Check hotel,1970-04-26 20:17:58,1826
5479,Decide,1970-04-26 20:17:59,1826
5480,Book plane,1970-04-26 20:18:00,1826
5481,Check plane,1970-04-26 20:18:01,1827
5482,Decide,1970-04-26 20:18:02,1827
5483,Book plane,1970-04-26 20:18:03,1827
5484,Check hotel,1970-04-26 20:18:04,1828
5485,Decide,1970-04-26 20:18:05,1828
5486,Book hotel,1970-04-26 20:18:06,1828
5487,Check hotel,1970-04-26 20:18:07,1829
5488,Decide,1970-04-26 20:18:08,1829
5489,Book plane,1970-04-26 20:18:09,1829
5490,Check hotel,1970-04-26 20:18:10,1830
5491,Decide,1970-04-26 20:18:11,1830
5492,Book hotel,1970-04-26 20:18:12,1830
5493,Check hotel,1970-04-26 20:18:13,1831
5494,Decide,1970-04-26 20:18:14,1831
5495,Book hotel,1970-04-26 20:18:15,1831
5496,Check hotel,1970-04-26 20:18:16,1832
5497,Decide,1970-04-26 20:18:17,1832
5498,Book plane,1970-04-26 20:18:18,1832
5499,Check plane,1970-04-26 20:18:19,1833
5500,Decide,1970-04-26 20:18:20,1833
5501,Book plane,1970-04-26 20:18:21,1833
5502,Check hotel,1970-04-26 20:18:22,1834
5503,Decide,1970-04-26 20:18:23,1834
5504,Book plane,1970-04-26 20:18:24,1834
5505,Check plane,1970-04-26 20:18:25,1835
5506,Decide,1970-04-26 20:18:26,1835
5507,Book hotel,1970-04-26 20:18:27,1835
5508,Check hotel,1970-04-26 20:18:28,1836
5509,Decide,1970-04-26 20:18:29,1836
5510,Book plane,1970-04-26 20:18:30,1836
5511,Check hotel,1970-04-26 20:18:31,1837
5512,Decide,1970-04-26 20:18:32,1837
5513,Book hotel,1970-04-26 20:18:33,1837
5514,Check hotel,1970-04-26 20:18:34,1838
5515,Decide,1970-04-26 20:18:35,1838
5516,Book hotel,1970-04-26 20:18:36,1838
5517,Check hotel,1970-04-26 20:18:37,1839
5518,Decide,1970-04-26 20:18:38,1839
5519,Book hotel,1970-04-26 20:18:39,1839
5520,Check hotel,1970-04-26 20:18:40,1840
5521,Decide,1970-04-26 20:18:41,1840
5522,Book hotel,1970-04-26 20:18:42,1840
5523,Check plane,1970-04-26 20:18:43,1841
5524,Decide,1970-04-26 20:18:44,1841
5525,Book hotel,1970-04-26 20:18:45,1841
5526,Check plane,1970-04-26 20:18:46,1842
5527,Decide,1970-04-26 20:18:47,1842
5528,Book plane,1970-04-26 20:18:48,1842
5529,Check plane,1970-04-26 20:18:49,1843
5530,Decide,1970-04-26 20:18:50,1843
5531,Book plane,1970-04-26 20:18:51,1843
5532,Check plane,1970-04-26 20:18:52,1844
5533,Decide,1970-04-26 20:18:53,1844
5534,Book hotel,1970-04-26 20:18:54,1844
5535,Check hotel,1970-04-26 20:18:55,1845
5536,Decide,1970-04-26 20:18:56,1845
5537,Book hotel,1970-04-26 20:18:57,1845
5538,Check plane,1970-04-26 20:18:58,1846
5539,Decide,1970-04-26 20:18:59,1846
5540,Book hotel,1970-04-26 20:19:00,1846
5541,Check plane,1970-04-26 20:19:01,1847
5542,Decide,1970-04-26 20:19:02,1847
5543,Book plane,1970-04-26 20:19:03,1847
5544,Check plane,1970-04-26 20:19:04,1848
5545,Decide,1970-04-26 20:19:05,1848
5546,Book hotel,1970-04-26 20:19:06,1848
5547,Check plane,1970-04-26 20:19:07,1849
5548,Decide,1970-04-26 20:19:08,1849
5549,Book hotel,1970-04-26 20:19:09,1849
5550,Check plane,1970-04-26 20:19:10,1850
5551,Decide,1970-04-26 20:19:11,1850
5552,Book hotel,1970-04-26 20:19:12,1850
5553,Check plane,1970-04-26 20:19:13,1851
5554,Decide,1970-04-26 20:19:14,1851
5555,Book hotel,1970-04-26 20:19:15,1851
5556,Check plane,1970-04-26 20:19:16,1852
5557,Decide,1970-04-26 20:19:17,1852
5558,Book plane,1970-04-26 20:19:18,1852
5559,Check plane,1970-04-26 20:19:19,1853
5560,Decide,1970-04-26 20:19:20,1853
5561,Book plane,1970-04-26 20:19:21,1853
5562,Check plane,1970-04-26 20:19:22,1854
5563,Decide,1970-04-26 20:19:23,1854
5564,Book hotel,1970-04-26 20:19:24,1854
5565,Check plane,1970-04-26 20:19:25,1855
5566,Decide,1970-04-26 20:19:26,1855
5567,Book plane,1970-04-26 20:19:27,1855
5568,Check hotel,1970-04-26 20:19:28,1856
5569,Decide,1970-04-26 20:19:29,1856
5570,Book plane,1970-04-26 20:19:30,1856
5571,Check hotel,1970-04-26 20:19:31,1857
5572,Decide,1970-04-26 20:19:32,1857
5573,Book plane,1970-04-26 20:19:33,1857
5574,Check hotel,1970-04-26 20:19:34,1858
5575,Decide,1970-04-26 20:19:35,1858
5576,Book hotel,1970-04-26 20:19:36,1858
5577,Check plane,1970-04-26 20:19:37,1859
5578,Decide,1970-04-26 20:19:38,1859
5579,Book plane,1970-04-26 20:19:39,1859
5580,Check plane,1970-04-26 20:19:40,1860
5581,Decide,1970-04-26 20:19:41,1860
5582,Book hotel,1970-04-26 20:19:42,1860
5583,Check hotel,1970-04-26 20:19:43,1861
5584,Decide,1970-04-26 20:19:44,1861
5585,Book hotel,1970-04-26 20:19:45,1861
5586,Check plane,1970-04-26 20:19:46,1862
5587,Decide,1970-04-26 20:19:47,1862
5588,Book hotel,1970-04-26 20:19:48,1862
5589,Check plane,1970-04-26 20:19:49,1863
5590,Decide,1970-04-26 20:19:50,1863
5591,Book hotel,1970-04-26 20:19:51,1863
5592,Check hotel,1970-04-26 20:19:52,1864
5593,Decide,1970-04-26 20:19:53,1864
5594,Book hotel,1970-04-26 20:19:54,1864
5595,Check plane,1970-04-26 20:19:55,1865
5596,Decide,1970-04-26 20:19:56,1865
5597,Book hotel,1970-04-26 20:19:57,1865
5598,Check plane,1970-04-26 20:19:58,1866
5599,Decide,1970-04-26 20:19:59,1866
5600,Book plane,1970-04-26 20:20:00,1866
5601,Check hotel,1970-04-26 20:20:01,1867
5602,Decide,1970-04-26 20:20:02,1867
5603,Book plane,1970-04-26 20:20:03,1867
5604,Check hotel,1970-04-26 20:20:04,1868
5605,Decide,1970-04-26 20:20:05,1868
5606,Book hotel,1970-04-26 20:20:06,1868
5607,Check hotel,1970-04-26 20:20:07,1869
5608,Decide,1970-04-26 20:20:08,1869
5609,Book hotel,1970-04-26 20:20:09,1869
5610,Check hotel,1970-04-26 20:20:10,1870
5611,Decide,1970-04-26 20:20:11,1870
5612,Book hotel,1970-04-26 20:20:12,1870
5613,Check plane,1970-04-26 20:20:13,1871
5614,Decide,1970-04-26 20:20:14,1871
5615,Book plane,1970-04-26 20:20:15,1871
5616,Check plane,1970-04-26 20:20:16,1872
5617,Decide,1970-04-26 20:20:17,1872
5618,Book hotel,1970-04-26 20:20:18,1872
5619,Check plane,1970-04-26 20:20:19,1873
5620,Decide,1970-04-26 20:20:20,1873
5621,Book hotel,1970-04-26 20:20:21,1873
5622,Check plane,1970-04-26 20:20:22,1874
5623,Decide,1970-04-26 20:20:23,1874
5624,Book plane,1970-04-26 20:20:24,1874
5625,Check hotel,1970-04-26 20:20:25,1875
5626,Decide,1970-04-26 20:20:26,1875
5627,Book hotel,1970-04-26 20:20:27,1875
5628,Check hotel,1970-04-26 20:20:28,1876
5629,Decide,1970-04-26 20:20:29,1876
5630,Book plane,1970-04-26 20:20:30,1876
5631,Check plane,1970-04-26 20:20:31,1877
5632,Decide,1970-04-26 20:20:32,1877
5633,Book plane,1970-04-26 20:20:33,1877
5634,Check plane,1970-04-26 20:20:34,1878
5635,Decide,1970-04-26 20:20:35,1878
5636,Book hotel,1970-04-26 20:20:36,1878
5637,Check plane,1970-04-26 20:20:37,1879
5638,Decide,1970-04-26 20:20:38,1879
5639,Book plane,1970-04-26 20:20:39,1879
5640,Check hotel,1970-04-26 20:20:40,1880
5641,Decide,1970-04-26 20:20:41,1880
5642,Book hotel,1970-04-26 20:20:42,1880
5643,Check hotel,1970-04-26 20:20:43,1881
5644,Decide,1970-04-26 20:20:44,1881
5645,Book plane,1970-04-26 20:20:45,1881
5646,Check hotel,1970-04-26 20:20:46,1882
5647,Decide,1970-04-26 20:20:47,1882
5648,Book plane,1970-04-26 20:20:48,1882
5649,Check plane,1970-04-26 20:20:49,1883
5650,Decide,1970-04-26 20:20:50,1883
5651,Book plane,1970-04-26 20:20:51,1883
5652,Check hotel,1970-04-26 20:20:52,1884
5653,Decide,1970-04-26 20:20:53,1884
5654,Book plane,1970-04-26 20:20:54,1884
5655,Check plane,1970-04-26 20:20:55,1885
5656,Decide,1970-04-26 20:20:56,1885
5657,Book plane,1970-04-26 20:20:57,1885
5658,Check plane,1970-04-26 20:20:58,1886
5659,Decide,1970-04-26 20:20:59,1886
5660,Book hotel,1970-04-26 20:21:00,1886
5661,Check plane,1970-04-26 20:21:01,1887
5662,Decide,1970-04-26 20:21:02,1887
5663,Book hotel,1970-04-26 20:21:03,1887
5664,Check hotel,1970-04-26 20:21:04,1888
5665,Decide,1970-04-26 20:21:05,1888
5666,Book plane,1970-04-26 20:21:06,1888
5667,Check plane,1970-04-26 20:21:07,1889
5668,Decide,1970-04-26 20:21:08,1889
5669,Book hotel,1970-04-26 20:21:09,1889
5670,Check plane,1970-04-26 20:21:10,1890
5671,Decide,1970-04-26 20:21:11,1890
5672,Book hotel,1970-04-26 20:21:12,1890
5673,Check plane,1970-04-26 20:21:13,1891
5674,Decide,1970-04-26 20:21:14,1891
5675,Book hotel,1970-04-26 20:21:15,1891
5676,Check hotel,1970-04-26 20:21:16,1892
5677,Decide,1970-04-26 20:21:17,1892
5678,Book hotel,1970-04-26 20:21:18,1892
5679,Check hotel,1970-04-26 20:21:19,1893
5680,Decide,1970-04-26 20:21:20,1893
5681,Book hotel,1970-04-26 20:21:21,1893
5682,Check plane,1970-04-26 20:21:22,1894
5683,Decide,1970-04-26 20:21:23,1894
5684,Book plane,1970-04-26 20:21:24,1894
5685,Check hotel,1970-04-26 20:21:25,1895
5686,Decide,1970-04-26 20:21:26,1895
5687,Book plane,1970-04-26 20:21:27,1895
5688,Check hotel,1970-04-26 20:21:28,1896
5689,Decide,1970-04-26 20:21:29,1896
5690,Book plane,1970-04-26 20:21:30,1896
5691,Check hotel,1970-04-26 20:21:31,1897
5692,Decide,1970-04-26 20:21:32,1897
5693,Book hotel,1970-04-26 20:21:33,1897
5694,Check hotel,1970-04-26 20:21:34,1898
5695,Decide,1970-04-26 20:21:35,1898
5696,Book plane,1970-04-26 20:21:36,1898
5697,Check hotel,1970-04-26 20:21:37,1899
5698,Decide,1970-04-26 20:21:38,1899
5699,Book hotel,1970-04-26 20:21:39,1899
5700,Check plane,1970-04-26 20:21:40,1900
5701,Decide,1970-04-26 20:21:41,1900
5702,Book hotel,1970-04-26 20:21:42,1900
5703,Check plane,1970-04-26 20:21:43,1901
5704,Decide,1970-04-26 20:21:44,1901
5705,Book plane,1970-04-26 20:21:45,1901
5706,Check plane,1970-04-26 20:21:46,1902
5707,Decide,1970-04-26 20:21:47,1902
5708,Book plane,1970-04-26 20:21:48,1902
5709,Check hotel,1970-04-26 20:21:49,1903
5710,Decide,1970-04-26 20:21:50,1903
5711,Book plane,1970-04-26 20:21:51,1903
5712,Check plane,1970-04-26 20:21:52,1904
5713,Decide,1970-04-26 20:21:53,1904
5714,Book hotel,1970-04-26 20:21:54,1904
5715,Check hotel,1970-04-26 20:21:55,1905
5716,Decide,1970-04-26 20:21:56,1905
5717,Book hotel,1970-04-26 20:21:57,1905
5718,Check plane,1970-04-26 20:21:58,1906
5719,Decide,1970-04-26 20:21:59,1906
5720,Book hotel,1970-04-26 20:22:00,1906
5721,Check plane,1970-04-26 20:22:01,1907
5722,Decide,1970-04-26 20:22:02,1907
5723,Book plane,1970-04-26 20:22:03,1907
5724,Check plane,1970-04-26 20:22:04,1908
5725,Decide,1970-04-26 20:22:05,1908
5726,Book plane,1970-04-26 20:22:06,1908
5727,Check plane,1970-04-26 20:22:07,1909
5728,Decide,1970-04-26 20:22:08,1909
5729,Book plane,1970-04-26 20:22:09,1909
5730,Check hotel,1970-04-26 20:22:10,1910
5731,Decide,1970-04-26 20:22:11,1910
5732,Book plane,1970-04-26 20:22:12,1910
5733,Check plane,1970-04-26 20:22:13,1911
5734,Decide,1970-04-26 20:22:14,1911
5735,Book plane,1970-04-26 20:22:15,1911
5736,Check plane,1970-04-26 20:22:16,1912
5737,Decide,1970-04-26 20:22:17,1912
5738,Book hotel,1970-04-26 20:22:18,1912
5739,Check plane,1970-04-26 20:22:19,1913
5740,Decide,1970-04-26 20:22:20,1913
5741,Book hotel,1970-04-26 20:22:21,1913
5742,Check hotel,1970-04-26 20:22:22,1914
5743,Decide,1970-04-26 20:22:23,1914
5744,Book hotel,1970-04-26 20:22:24,1914
5745,Check plane,1970-04-26 20:22:25,1915
5746,Decide,1970-04-26 20:22:26,1915
5747,Book plane,1970-04-26 20:22:27,1915
5748,Check plane,1970-04-26 20:22:28,1916
5749,Decide,1970-04-26 20:22:29,1916
5750,Book plane,1970-04-26 20:22:30,1916
5751,Check plane,1970-04-26 20:22:31,1917
5752,Decide,1970-04-26 20:22:32,1917
5753,Book plane,1970-04-26 20:22:33,1917
5754,Check plane,1970-04-26 20:22:34,1918
5755,Decide,1970-04-26 20:22:35,1918
5756,Book plane,1970-04-26 20:22:36,1918
5757,Check hotel,1970-04-26 20:22:37,1919
5758,Decide,1970-04-26 20:22:38,1919
5759,Book hotel,1970-04-26 20:22:39,1919
5760,Check hotel,1970-04-26 20:22:40,1920
5761,Decide,1970-04-26 20:22:41,1920
5762,Book hotel,1970-04-26 20:22:42,1920
5763,Check plane,1970-04-26 20:22:43,1921
5764,Decide,1970-04-26 20:22:44,1921
5765,Book plane,1970-04-26 20:22:45,1921
5766,Check plane,1970-04-26 20:22:46,1922
5767,Decide,1970-04-26 20:22:47,1922
5768,Book hotel,1970-04-26 20:22:48,1922
5769,Check hotel,1970-04-26 20:22:49,1923
5770,Decide,1970-04-26 20:22:50,1923
5771,Book plane,1970-04-26 20:22:51,1923
5772,Check hotel,1970-04-26 20:22:52,1924
5773,Decide,1970-04-26 20:22:53,1924
5774,Book plane,1970-04-26 20:22:54,1924
5775,Check hotel,1970-04-26 20:22:55,1925
5776,Decide,1970-04-26 20:22:56,1925
5777,Book hotel,1970-04-26 20:22:57,1925
5778,Check hotel,1970-04-26 20:22:58,1926
5779,Decide,1970-04-26 20:22:59,1926
5780,Book plane,1970-04-26 20:23:00,1926
5781,Check hotel,1970-04-26 20:23:01,1927
5782,Decide,1970-04-26 20:23:02,1927
5783,Book plane,1970-04-26 20:23:03,1927
5784,Check hotel,1970-04-26 20:23:04,1928
5785,Decide,1970-04-26 20:23:05,1928
5786,Book hotel,1970-04-26 20:23:06,1928
5787,Check hotel,1970-04-26 20:23:07,1929
5788,Decide,1970-04-26 20:23:08,1929
5789,Book plane,1970-04-26 20:23:09,1929
5790,Check hotel,1970-04-26 20:23:10,1930
5791,Decide,1970-04-26 20:23:11,1930
5792,Book hotel,1970-04-26 20:23:12,1930
5793,Check hotel,1970-04-26 20:23:13,1931
5794,Decide,1970-04-26 20:23:14,1931
5795,Book plane,1970-04-26 20:23:15,1931
5796,Check hotel,1970-04-26 20:23:16,1932
5797,Decide,1970-04-26 20:23:17,1932
5798,Book hotel,1970-04-26 20:23:18,1932
5799,Check plane,1970-04-26 20:23:19,1933
5800,Decide,1970-04-26 20:23:20,1933
5801,Book hotel,1970-04-26 20:23:21,1933
5802,Check hotel,1970-04-26 20:23:22,1934
5803,Decide,1970-04-26 20:23:23,1934
5804,Book plane,1970-04-26 20:23:24,1934
5805,Check plane,1970-04-26 20:23:25,1935
5806,Decide,1970-04-26 20:23:26,1935
5807,Book plane,1970-04-26 20:23:27,1935
5808,Check plane,1970-04-26 20:23:28,1936
5809,Decide,1970-04-26 20:23:29,1936
5810,Book plane,1970-04-26 20:23:30,1936
5811,Check plane,1970-04-26 20:23:31,1937
5812,Decide,1970-04-26 20:23:32,1937
5813,Book plane,1970-04-26 20:23:33,1937
5814,Check plane,1970-04-26 20:23:34,1938
5815,Decide,1970-04-26 20:23:35,1938
5816,Book plane,1970-04-26 20:23:36,1938
5817,Check hotel,1970-04-26 20:23:37,1939
5818,Decide,1970-04-26 20:23:38,1939
5819,Book hotel,1970-04-26 20:23:39,1939
5820,Check hotel,1970-04-26 20:23:40,1940
5821,Decide,1970-04-26 20:23:41,1940
5822,Book plane,1970-04-26 20:23:42,1940
5823,Check hotel,1970-04-26 20:23:43,1941
5824,Decide,1970-04-26 20:23:44,1941
5825,Book hotel,1970-04-26 20:23:45,1941
5826,Check plane,1970-04-26 20:23:46,1942
5827,Decide,1970-04-26 20:23:47,1942
5828,Book hotel,1970-04-26 20:23:48,1942
5829,Check hotel,1970-04-26 20:23:49,1943
5830,Decide,1970-04-26 20:23:50,1943
5831,Book plane,1970-04-26 20:23:51,1943
5832,Check plane,1970-04-26 20:23:52,1944
5833,Decide,1970-04-26 20:23:53,1944
5834,Book hotel,1970-04-26 20:23:54,1944
5835,Check hotel,1970-04-26 20:23:55,1945
5836,Decide,1970-04-26 20:23:56,1945
5837,Book plane,1970-04-26 20:23:57,1945
5838,Check plane,1970-04-26 20:23:58,1946
5839,Decide,1970-04-26 20:23:59,1946
5840,Book hotel,1970-04-26 20:24:00,1946
5841,Check hotel,1970-04-26 20:24:01,1947
5842,Decide,1970-04-26 20:24:02,1947
5843,Book plane,1970-04-26 20:24:03,1947
5844,Check hotel,1970-04-26 20:24:04,1948
5845,Decide,1970-04-26 20:24:05,1948
5846,Book hotel,1970-04-26 20:24:06,1948
5847,Check hotel,1970-04-26 20:24:07,1949
5848,Decide,1970-04-26 20:24:08,1949
5849,Book hotel,1970-04-26 20:24:09,1949
5850,Check hotel,1970-04-26 20:24:10,1950
5851,Decide,1970-04-26 20:24:11,1950
5852,Book plane,1970-04-26 20:24:12,1950
5853,Check plane,1970-04-26 20:24:13,1951
5854,Decide,1970-04-26 20:24:14,1951
5855,Book plane,1970-04-26 20:24:15,1951
5856,Check hotel,1970-04-26 20:24:16,1952
5857,Decide,1970-04-26 20:24:17,1952
5858,Book plane,1970-04-26 20:24:18,1952
5859,Check hotel,1970-04-26 20:24:19,1953
5860,Decide,1970-04-26 20:24:20,1953
5861,Book plane,1970-04-26 20:24:21,1953
5862,Check hotel,1970-04-26 20:24:22,1954
5863,Decide,1970-04-26 20:24:23,1954
5864,Book hotel,1970-04-26 20:24:24,1954
5865,Check hotel,1970-04-26 20:24:25,1955
5866,Decide,1970-04-26 20:24:26,1955
5867,Book hotel,1970-04-26 20:24:27,1955
5868,Check plane,1970-04-26 20:24:28,1956
5869,Decide,1970-04-26 20:24:29,1956
5870,Book plane,1970-04-26 20:24:30,1956
5871,Check plane,1970-04-26 20:24:31,1957
5872,Decide,1970-04-26 20:24:32,1957
5873,Book hotel,1970-04-26 20:24:33,1957
5874,Check hotel,1970-04-26 20:24:34,1958
5875,Decide,1970-04-26 20:24:35,1958
5876,Book hotel,1970-04-26 20:24:36,1958
5877,Check hotel,1970-04-26 20:24:37,1959
5878,Decide,1970-04-26 20:24:38,1959
5879,Book hotel,1970-04-26 20:24:39,1959
5880,Check hotel,1970-04-26 20:24:40,1960
5881,Decide,1970-04-26 20:24:41,1960
5882,Book hotel,1970-04-26 20:24:42,1960
5883,Check plane,1970-04-26 20:24:43,1961
5884,Decide,1970-04-26 20:24:44,1961
5885,Book hotel,1970-04-26 20:24:45,1961
5886,Check hotel,1970-04-26 20:24:46,1962
5887,Decide,1970-04-26 20:24:47,1962
5888,Book plane,1970-04-26 20:24:48,1962
5889,Check plane,1970-04-26 20:24:49,1963
5890,Decide,1970-04-26 20:24:50,1963
5891,Book hotel,1970-04-26 20:24:51,1963
5892,Check hotel,1970-04-26 20:24:52,1964
5893,Decide,1970-04-26 20:24:53,1964
5894,Book plane,1970-04-26 20:24:54,1964
5895,Check plane,1970-04-26 20:24:55,1965
5896,Decide,1970-04-26 20:24:56,1965
5897,Book hotel,1970-04-26 20:24:57,1965
5898,Check hotel,1970-04-26 20:24:58,1966
5899,Decide,1970-04-26 20:24:59,1966
5900,Book hotel,1970-04-26 20:25:00,1966
5901,Check hotel,1970-04-26 20:25:01,1967
5902,Decide,1970-04-26 20:25:02,1967
5903,Book plane,1970-04-26 20:25:03,1967
5904,Check hotel,1970-04-26 20:25:04,1968
5905,Decide,1970-04-26 20:25:05,1968
5906,Book hotel,1970-04-26 20:25:06,1968
5907,Check hotel,1970-04-26 20:25:07,1969
5908,Decide,1970-04-26 20:25:08,1969
5909,Book plane,1970-04-26 20:25:09,1969
5910,Check hotel,1970-04-26 20:25:10,1970
5911,Decide,1970-04-26 20:25:11,1970
5912,Book hotel,1970-04-26 20:25:12,1970
5913,Check plane,1970-04-26 20:25:13,1971
5914,Decide,1970-04-26 20:25:14,1971
5915,Book plane,1970-04-26 20:25:15,1971
5916,Check hotel,1970-04-26 20:25:16,1972
5917,Decide,1970-04-26 20:25:17,1972
5918,Book plane,1970-04-26 20:25:18,1972
5919,Check plane,1970-04-26 20:25:19,1973
5920,Decide,1970-04-26 20:25:20,1973
5921,Book plane,1970-04-26 20:25:21,1973
5922,Check plane,1970-04-26 20:25:22,1974
5923,Decide,1970-04-26 20:25:23,1974
5924,Book hotel,1970-04-26 20:25:24,1974
5925,Check hotel,1970-04-26 20:25:25,1975
5926,Decide,1970-04-26 20:25:26,1975
5927,Book hotel,1970-04-26 20:25:27,1975
5928,Check hotel,1970-04-26 20:25:28,1976
5929,Decide,1970-04-26 20:25:29,1976
5930,Book plane,1970-04-26 20:25:30,1976
5931,Check hotel,1970-04-26 20:25:31,1977
5932,Decide,1970-04-26 20:25:32,1977
5933,Book plane,1970-04-26 20:25:33,1977
5934,Check plane,1970-04-26 20:25:34,1978
5935,Decide,1970-04-26 20:25:35,1978
5936,Book hotel,1970-04-26 20:25:36,1978
5937,Check plane,1970-04-26 20:25:37,1979
5938,Decide,1970-04-26 20:25:38,1979
5939,Book hotel,1970-04-26 20:25:39,1979
5940,Check hotel,1970-04-26 20:25:40,1980
5941,Decide,1970-04-26 20:25:41,1980
5942,Book hotel,1970-04-26 20:25:42,1980
5943,Check plane,1970-04-26 20:25:43,1981
5944,Decide,1970-04-26 20:25:44,1981
5945,Book hotel,1970-04-26 20:25:45,1981
5946,Check plane,1970-04-26 20:25:46,1982
5947,Decide,1970-04-26 20:25:47,1982
5948,Book hotel,1970-04-26 20:25:48,1982
5949,Check plane,1970-04-26 20:25:49,1983
5950,Decide,1970-04-26 20:25:50,1983
5951,Book hotel,1970-04-26 20:25:51,1983
5952,Check hotel,1970-04-26 20:25:52,1984
5953,Decide,1970-04-26 20:25:53,1984
5954,Book hotel,1970-04-26 20:25:54,1984
5955,Check plane,1970-04-26 20:25:55,1985
5956,Decide,1970-04-26 20:25:56,1985
5957,Book hotel,1970-04-26 20:25:57,1985
5958,Check hotel,1970-04-26 20:25:58,1986
5959,Decide,1970-04-26 20:25:59,1986
5960,Book plane,1970-04-26 20:26:00,1986
5961,Check plane,1970-04-26 20:26:01,1987
5962,Decide,1970-04-26 20:26:02,1987
5963,Book plane,1970-04-26 20:26:03,1987
5964,Check hotel,1970-04-26 20:26:04,1988
5965,Decide,1970-04-26 20:26:05,1988
5966,Book hotel,1970-04-26 20:26:06,1988
5967,Check hotel,1970-04-26 20:26:07,1989
5968,Decide,1970-04-26 20:26:08,1989
5969,Book plane,1970-04-26 20:26:09,1989
5970,Check plane,1970-04-26 20:26:10,1990
5971,Decide,1970-04-26 20:26:11,1990
5972,Book hotel,1970-04-26 20:26:12,1990
5973,Check plane,1970-04-26 20:26:13,1991
5974,Decide,1970-04-26 20:26:14,1991
5975,Book plane,1970-04-26 20:26:15,1991
5976,Check plane,1970-04-26 20:26:16,1992
5977,Decide,1970-04-26 20:26:17,1992
5978,Book plane,1970-04-26 20:26:18,1992
5979,Check hotel,1970-04-26 20:26:19,1993
5980,Decide,1970-04-26 20:26:20,1993
5981,Book plane,1970-04-26 20:26:21,1993
5982,Check plane,1970-04-26 20:26:22,1994
5983,Decide,1970-04-26 20:26:23,1994
5984,Book plane,1970-04-26 20:26:24,1994
5985,Check hotel,1970-04-26 20:26:25,1995
5986,Decide,1970-04-26 20:26:26,1995
5987,Book plane,1970-04-26 20:26:27,1995
5988,Check hotel,1970-04-26 20:26:28,1996
5989,Decide,1970-04-26 20:26:29,1996
5990,Book hotel,1970-04-26 20:26:30,1996
5991,Check plane,1970-04-26 20:26:31,1997
5992,Decide,1970-04-26 20:26:32,1997
5993,Book plane,1970-04-26 20:26:33,1997
5994,Check plane,1970-04-26 20:26:34,1998
5995,Decide,1970-04-26 20:26:35,1998
5996,Book plane,1970-04-26 20:26:36,1998
5997,Check hotel,1970-04-26 20:26:37,1999
5998,Decide,1970-04-26 20:26:38,1999
5999,Book plane,1970-04-26 20:26:39,1999
6000,Check plane,1970-04-26 20:26:40,2000
6001,Decide,1970-04-26 20:26:41,2000
6002,Book plane,1970-04-26 20:26:42,2000
6003,Check plane,1970-04-26 20:26:43,2001
6004,Decide,1970-04-26 20:26:44,2001
6005,Book plane,1970-04-26 20:26:45,2001
6006,Check hotel,1970-04-26 20:26:46,2002
6007,Decide,1970-04-26 20:26:47,2002
6008,Book hotel,1970-04-26 20:26:48,2002
6009,Check plane,1970-04-26 20:26:49,2003
6010,Decide,1970-04-26 20:26:50,2003
6011,Book hotel,1970-04-26 20:26:51,2003
6012,Check plane,1970-04-26 20:26:52,2004
6013,Decide,1970-04-26 20:26:53,2004
6014,Book plane,1970-04-26 20:26:54,2004
6015,Check hotel,1970-04-26 20:26:55,2005
6016,Decide,1970-04-26 20:26:56,2005
6017,Book plane,1970-04-26 20:26:57,2005
6018,Check plane,1970-04-26 20:26:58,2006
6019,Decide,1970-04-26 20:26:59,2006
6020,Book hotel,1970-04-26 20:27:00,2006
6021,Check hotel,1970-04-26 20:27:01,2007
6022,Decide,1970-04-26 20:27:02,2007
6023,Book plane,1970-04-26 20:27:03,2007
6024,Check plane,1970-04-26 20:27:04,2008
6025,Decide,1970-04-26 20:27:05,2008
6026,Book plane,1970-04-26 20:27:06,2008
6027,Check plane,1970-04-26 20:27:07,2009
6028,Decide,1970-04-26 20:27:08,2009
6029,Book hotel,1970-04-26 20:27:09,2009
6030,Check plane,1970-04-26 20:27:10,2010
6031,Decide,1970-04-26 20:27:11,2010
6032,Book plane,1970-04-26 20:27:12,2010
6033,Check hotel,1970-04-26 20:27:13,2011
6034,Decide,1970-04-26 20:27:14,2011
6035,Book plane,1970-04-26 20:27:15,2011
6036,Check plane,1970-04-26 20:27:16,2012
6037,Decide,1970-04-26 20:27:17,2012
6038,Book plane,1970-04-26 20:27:18,2012
6039,Check hotel,1970-04-26 20:27:19,2013
6040,Decide,1970-04-26 20:27:20,2013
6041,Book hotel,1970-04-26 20:27:21,2013
6042,Check plane,1970-04-26 20:27:22,2014
6043,Decide,1970-04-26 20:27:23,2014
6044,Book hotel,1970-04-26 20:27:24,2014
6045,Check plane,1970-04-26 20:27:25,2015
6046,Decide,1970-04-26 20:27:26,2015
6047,Book plane,1970-04-26 20:27:27,2015
6048,Check plane,1970-04-26 20:27:28,2016
6049,Decide,1970-04-26 20:27:29,2016
6050,Book hotel,1970-04-26 20:27:30,2016
6051,Check hotel,1970-04-26 20:27:31,2017
6052,Decide,1970-04-26 20:27:32,2017
6053,Book plane,1970-04-26 20:27:33,2017
6054,Check plane,1970-04-26 20:27:34,2018
6055,Decide,1970-04-26 20:27:35,2018
6056,Book hotel,1970-04-26 20:27:36,2018
6057,Check hotel,1970-04-26 20:27:37,2019
6058,Decide,1970-04-26 20:27:38,2019
6059,Book hotel,1970-04-26 20:27:39,2019
6060,Check plane,1970-04-26 20:27:40,2020
6061,Decide,1970-04-26 20:27:41,2020
6062,Book plane,1970-04-26 20:27:42,2020
6063,Check plane,1970-04-26 20:27:43,2021
6064,Decide,1970-04-26 20:27:44,2021
6065,Book hotel,1970-04-26 20:27:45,2021
6066,Check plane,1970-04-26 20:27:46,2022
6067,Decide,1970-04-26 20:27:47,2022
6068,Book hotel,1970-04-26 20:27:48,2022
6069,Check hotel,1970-04-26 20:27:49,2023
6070,Decide,1970-04-26 20:27:50,2023
6071,Book hotel,1970-04-26 20:27:51,2023
6072,Check hotel,1970-04-26 20:27:52,2024
6073,Decide,1970-04-26 20:27:53,2024
6074,Book plane,1970-04-26 20:27:54,2024
6075,Check plane,1970-04-26 20:27:55,2025
6076,Decide,1970-04-26 20:27:56,2025
6077,Book hotel,1970-04-26 20:27:57,2025
6078,Check plane,1970-04-26 20:27:58,2026
6079,Decide,1970-04-26 20:27:59,2026
6080,Book hotel,1970-04-26 20:28:00,2026
6081,Check hotel,1970-04-26 20:28:01,2027
6082,Decide,1970-04-26 20:28:02,2027
6083,Book hotel,1970-04-26 20:28:03,2027
6084,Check plane,1970-04-26 20:28:04,2028
6085,Decide,1970-04-26 20:28:05,2028
6086,Book plane,1970-04-26 20:28:06,2028
6087,Check hotel,1970-04-26 20:28:07,2029
6088,Decide,1970-04-26 20:28:08,2029
6089,Book plane,1970-04-26 20:28:09,2029
6090,Check hotel,1970-04-26 20:28:10,2030
6091,Decide,1970-04-26 20:28:11,2030
6092,Book hotel,1970-04-26 20:28:12,2030
6093,Check plane,1970-04-26 20:28:13,2031
6094,Decide,1970-04-26 20:28:14,2031
6095,Book hotel,1970-04-26 20:28:15,2031
6096,Check hotel,1970-04-26 20:28:16,2032
6097,Decide,1970-04-26 20:28:17,2032
6098,Book plane,1970-04-26 20:28:18,2032
6099,Check hotel,1970-04-26 20:28:19,2033
6100,Decide,1970-04-26 20:28:20,2033
6101,Book hotel,1970-04-26 20:28:21,2033
6102,Check hotel,1970-04-26 20:28:22,2034
6103,Decide,1970-04-26 20:28:23,2034
6104,Book plane,1970-04-26 20:28:24,2034
6105,Check hotel,1970-04-26 20:28:25,2035
6106,Decide,1970-04-26 20:28:26,2035
6107,Book plane,1970-04-26 20:28:27,2035
6108,Check plane,1970-04-26 20:28:28,2036
6109,Decide,1970-04-26 20:28:29,2036
6110,Book hotel,1970-04-26 20:28:30,2036
6111,Check plane,1970-04-26 20:28:31,2037
6112,Decide,1970-04-26 20:28:32,2037
6113,Book plane,1970-04-26 20:28:33,2037
6114,Check hotel,1970-04-26 20:28:34,2038
6115,Decide,1970-04-26 20:28:35,2038
6116,Book plane,1970-04-26 20:28:36,2038
6117,Check hotel,1970-04-26 20:28:37,2039
6118,Decide,1970-04-26 20:28:38,2039
6119,Book hotel,1970-04-26 20:28:39,2039
6120,Check plane,1970-04-26 20:28:40,2040
6121,Decide,1970-04-26 20:28:41,2040
6122,Book plane,1970-04-26 20:28:42,2040
6123,Check hotel,1970-04-26 20:28:43,2041
6124,Decide,1970-04-26 20:28:44,2041
6125,Book hotel,1970-04-26 20:28:45,2041
6126,Check hotel,1970-04-26 20:28:46,2042
6127,Decide,1970-04-26 20:28:47,2042
6128,Book plane,1970-04-26 20:28:48,2042
6129,Check hotel,1970-04-26 20:28:49,2043
6130,Decide,1970-04-26 20:28:50,2043
6131,Book hotel,1970-04-26 20:28:51,2043
6132,Check plane,1970-04-26 20:28:52,2044
6133,Decide,1970-04-26 20:28:53,2044
6134,Book hotel,1970-04-26 20:28:54,2044
6135,Check hotel,1970-04-26 20:28:55,2045
6136,Decide,1970-04-26 20:28:56,2045
6137,Book hotel,1970-04-26 20:28:57,2045
6138,Check hotel,1970-04-26 20:28:58,2046
6139,Decide,1970-04-26 20:28:59,2046
6140,Book hotel,1970-04-26 20:29:00,2046
6141,Check plane,1970-04-26 20:29:01,2047
6142,Decide,1970-04-26 20:29:02,2047
6143,Book plane,1970-04-26 20:29:03,2047
6144,Check hotel,1970-04-26 20:29:04,2048
6145,Decide,1970-04-26 20:29:05,2048
6146,Book plane,1970-04-26 20:29:06,2048
6147,Check plane,1970-04-26 20:29:07,2049
6148,Decide,1970-04-26 20:29:08,2049
6149,Book hotel,1970-04-26 20:29:09,2049
6150,Check hotel,1970-04-26 20:29:10,2050
6151,Decide,1970-04-26 20:29:11,2050
6152,Book hotel,1970-04-26 20:29:12,2050
6153,Check hotel,1970-04-26 20:29:13,2051
6154,Decide,1970-04-26 20:29:14,2051
6155,Book hotel,1970-04-26 20:29:15,2051
6156,Check plane,1970-04-26 20:29:16,2052
6157,Decide,1970-04-26 20:29:17,2052
6158,Book plane,1970-04-26 20:29:18,2052
6159,Check hotel,1970-04-26 20:29:19,2053
6160,Decide,1970-04-26 20:29:20,2053
6161,Book plane,1970-04-26 20:29:21,2053
6162,Check plane,1970-04-26 20:29:22,2054
6163,Decide,1970-04-26 20:29:23,2054
6164,Book hotel,1970-04-26 20:29:24,2054
6165,Check plane,1970-04-26 20:29:25,2055
6166,Decide,1970-04-26 20:29:26,2055
6167,Book hotel,1970-04-26 20:29:27,2055
6168,Check hotel,1970-04-26 20:29:28,2056
6169,Decide,1970-04-26 20:29:29,2056
6170,Book hotel,1970-04-26 20:29:30,2056
6171,Check hotel,1970-04-26 20:29:31,2057
6172,Decide,1970-04-26 20:29:32,2057
6173,Book hotel,1970-04-26 20:29:33,2057
6174,Check hotel,1970-04-26 20:29:34,2058
6175,Decide,1970-04-26 20:29:35,2058
6176,Book plane,1970-04-26 20:29:36,2058
6177,Check hotel,1970-04-26 20:29:37,2059
6178,Decide,1970-04-26 20:29:38,2059
6179,Book hotel,1970-04-26 20:29:39,2059
6180,Check hotel,1970-04-26 20:29:40,2060
6181,Decide,1970-04-26 20:29:41,2060
6182,Book hotel,1970-04-26 20:29:42,2060
6183,Check plane,1970-04-26 20:29:43,2061
6184,Decide,1970-04-26 20:29:44,2061
6185,Book plane,1970-04-26 20:29:45,2061
6186,Check plane,1970-04-26 20:29:46,2062
6187,Decide,1970-04-26 20:29:47,2062
6188,Book hotel,1970-04-26 20:29:48,2062
6189,Check hotel,1970-04-26 20:29:49,2063
6190,Decide,1970-04-26 20:29:50,2063
6191,Book plane,1970-04-26 20:29:51,2063
6192,Check plane,1970-04-26 20:29:52,2064
6193,Decide,1970-04-26 20:29:53,2064
6194,Book plane,1970-04-26 20:29:54,2064
6195,Check plane,1970-04-26 20:29:55,2065
6196,Decide,1970-04-26 20:29:56,2065
6197,Book plane,1970-04-26 20:29:57,2065
6198,Check hotel,1970-04-26 20:29:58,2066
6199,Decide,1970-04-26 20:29:59,2066
6200,Book plane,1970-04-26 20:30:00,2066
6201,Check plane,1970-04-26 20:30:01,2067
6202,Decide,1970-04-26 20:30:02,2067
6203,Book plane,1970-04-26 20:30:03,2067
6204,Check plane,1970-04-26 20:30:04,2068
6205,Decide,1970-04-26 20:30:05,2068
6206,Book plane,1970-04-26 20:30:06,2068
6207,Check plane,1970-04-26 20:30:07,2069
6208,Decide,1970-04-26 20:30:08,2069
6209,Book plane,1970-04-26 20:30:09,2069
6210,Check hotel,1970-04-26 20:30:10,2070
6211,Decide,1970-04-26 20:30:11,2070
6212,Book hotel,1970-04-26 20:30:12,2070
6213,Check hotel,1970-04-26 20:30:13,2071
6214,Decide,1970-04-26 20:30:14,2071
6215,Book hotel,1970-04-26 20:30:15,2071
6216,Check hotel,1970-04-26 20:30:16,2072
6217,Decide,1970-04-26 20:30:17,2072
6218,Book plane,1970-04-26 20:30:18,2072
6219,Check hotel,1970-04-26 20:30:19,2073
6220,Decide,1970-04-26 20:30:20,2073
6221,Book plane,1970-04-26 20:30:21,2073
6222,Check hotel,1970-04-26 20:30:22,2074
6223,Decide,1970-04-26 20:30:23,2074
6224,Book plane,1970-04-26 20:30:24,2074
6225,Check hotel,1970-04-26 20:30:25,2075
6226,Decide,1970-04-26 20:30:26,2075
6227,Book hotel,1970-04-26 20:30:27,2075
6228,Check hotel,1970-04-26 20:30:28,2076
6229,Decide,1970-04-26 20:30:29,2076
6230,Book plane,1970-04-26 20:30:30,2076
6231,Check plane,1970-04-26 20:30:31,2077
6232,Decide,1970-04-26 20:30:32,2077
6233,Book hotel,1970-04-26 20:30:33,2077
6234,Check hotel,1970-04-26 20:30:34,2078
6235,Decide,1970-04-26 20:30:35,2078
6236,Book hotel,1970-04-26 20:30:36,2078
6237,Check hotel,1970-04-26 20:30:37,2079
6238,Decide,1970-04-26 20:30:38,2079
6239,Book hotel,1970-04-26 20:30:39,2079
6240,Check hotel,1970-04-26 20:30:40,2080
6241,Decide,1970-04-26 20:30:41,2080
6242,Book plane,1970-04-26 20:30:42,2080
6243,Check hotel,1970-04-26 20:30:43,2081
6244,Decide,1970-04-26 20:30:44,2081
6245,Book hotel,1970-04-26 20:30:45,2081
6246,Check plane,1970-04-26 20:30:46,2082
6247,Decide,1970-04-26 20:30:47,2082
6248,Book hotel,1970-04-26 20:30:48,2082
6249,Check plane,1970-04-26 20:30:49,2083
6250,Decide,1970-04-26 20:30:50,2083
6251,Book plane,1970-04-26 20:30:51,2083
6252,Check hotel,1970-04-26 20:30:52,2084
6253,Decide,1970-04-26 20:30:53,2084
6254,Book plane,1970-04-26 20:30:54,2084
6255,Check hotel,1970-04-26 20:30:55,2085
6256,Decide,1970-04-26 20:30:56,2085
6257,Book hotel,1970-04-26 20:30:57,2085
6258,Check plane,1970-04-26 20:30:58,2086
6259,Decide,1970-04-26 20:30:59,2086
6260,Book plane,1970-04-26 20:31:00,2086
6261,Check plane,1970-04-26 20:31:01,2087
6262,Decide,1970-04-26 20:31:02,2087
6263,Book hotel,1970-04-26 20:31:03,2087
6264,Check plane,1970-04-26 20:31:04,2088
6265,Decide,1970-04-26 20:31:05,2088
6266,Book hotel,1970-04-26 20:31:06,2088
6267,Check hotel,1970-04-26 20:31:07,2089
6268,Decide,1970-04-26 20:31:08,2089
6269,Book hotel,1970-04-26 20:31:09,2089
6270,Check hotel,1970-04-26 20:31:10,2090
6271,Decide,1970-04-26 20:31:11,2090
6272,Book hotel,1970-04-26 20:31:12,2090
6273,Check plane,1970-04-26 20:31:13,2091
6274,Decide,1970-04-26 20:31:14,2091
6275,Book hotel,1970-04-26 20:31:15,2091
6276,Check plane,1970-04-26 20:31:16,2092
6277,Decide,1970-04-26 20:31:17,2092
6278,Book hotel,1970-04-26 20:31:18,2092
6279,Check hotel,1970-04-26 20:31:19,2093
6280,Decide,1970-04-26 20:31:20,2093
6281,Book hotel,1970-04-26 20:31:21,2093
6282,Check hotel,1970-04-26 20:31:22,2094
6283,Decide,1970-04-26 20:31:23,2094
6284,Book hotel,1970-04-26 20:31:24,2094
6285,Check hotel,1970-04-26 20:31:25,2095
6286,Decide,1970-04-26 20:31:26,2095
6287,Book plane,1970-04-26 20:31:27,2095
6288,Check hotel,1970-04-26 20:31:28,2096
6289,Decide,1970-04-26 20:31:29,2096
6290,Book plane,1970-04-26 20:31:30,2096
6291,Check plane,1970-04-26 20:31:31,2097
6292,Decide,1970-04-26 20:31:32,2097
6293,Book plane,1970-04-26 20:31:33,2097
6294,Check plane,1970-04-26 20:31:34,2098
6295,Decide,1970-04-26 20:31:35,2098
6296,Book hotel,1970-04-26 20:31:36,2098
6297,Check plane,1970-04-26 20:31:37,2099
6298,Decide,1970-04-26 20:31:38,2099
6299,Book plane,1970-04-26 20:31:39,2099
6300,Check plane,1970-04-26 20:31:40,2100
6301,Decide,1970-04-26 20:31:41,2100
6302,Book hotel,1970-04-26 20:31:42,2100
6303,Check plane,1970-04-26 20:31:43,2101
6304,Decide,1970-04-26 20:31:44,2101
6305,Book hotel,1970-04-26 20:31:45,2101
6306,Check plane,1970-04-26 20:31:46,2102
6307,Decide,1970-04-26 20:31:47,2102
6308,Book plane,1970-04-26 20:31:48,2102
6309,Check plane,1970-04-26 20:31:49,2103
6310,Decide,1970-04-26 20:31:50,2103
6311,Book plane,1970-04-26 20:31:51,2103
6312,Check plane,1970-04-26 20:31:52,2104
6313,Decide,1970-04-26 20:31:53,2104
6314,Book plane,1970-04-26 20:31:54,2104
6315,Check plane,1970-04-26 20:31:55,2105
6316,Decide,1970-04-26 20:31:56,2105
6317,Book plane,1970-04-26 20:31:57,2105
6318,Check hotel,1970-04-26 20:31:58,2106
6319,Decide,1970-04-26 20:31:59,2106
6320,Book hotel,1970-04-26 20:32:00,2106
6321,Check plane,1970-04-26 20:32:01,2107
6322,Decide,1970-04-26 20:32:02,2107
6323,Book plane,1970-04-26 20:32:03,2107
6324,Check plane,1970-04-26 20:32:04,2108
6325,Decide,1970-04-26 20:32:05,2108
6326,Book plane,1970-04-26 20:32:06,2108
6327,Check hotel,1970-04-26 20:32:07,2109
6328,Decide,1970-04-26 20:32:08,2109
6329,Book hotel,1970-04-26 20:32:09,2109
6330,Check plane,1970-04-26 20:32:10,2110
6331,Decide,1970-04-26 20:32:11,2110
6332,Book plane,1970-04-26 20:32:12,2110
6333,Check hotel,1970-04-26 20:32:13,2111
6334,Decide,1970-04-26 20:32:14,2111
6335,Book hotel,1970-04-26 20:32:15,2111
6336,Check plane,1970-04-26 20:32:16,2112
6337,Decide,1970-04-26 20:32:17,2112
6338,Book plane,1970-04-26 20:32:18,2112
6339,Check hotel,1970-04-26 20:32:19,2113
6340,Decide,1970-04-26 20:32:20,2113
6341,Book hotel,1970-04-26 20:32:21,2113
6342,Check plane,1970-04-26 20:32:22,2114
6343,Decide,1970-04-26 20:32:23,2114
6344,Book hotel,1970-04-26 20:32:24,2114
6345,Check plane,1970-04-26 20:32:25,2115
6346,Decide,1970-04-26 20:32:26,2115
6347,Book plane,1970-04-26 20:32:27,2115
6348,Check plane,1970-04-26 20:32:28,2116
6349,Decide,1970-04-26 20:32:29,2116
6350,Book plane,1970-04-26 20:32:30,2116
6351,Check plane,1970-04-26 20:32:31,2117
6352,Decide,1970-04-26 20:32:32,2117
6353,Book hotel,1970-04-26 20:32:33,2117
6354,Check plane,1970-04-26 20:32:34,2118
6355,Decide,1970-04-26 20:32:35,2118
6356,Book hotel,1970-04-26 20:32:36,2118
6357,Check plane,1970-04-26 20:32:37,2119
6358,Decide,1970-04-26 20:32:38,2119
6359,Book hotel,1970-04-26 20:32:39,2119
6360,Check hotel,1970-04-26 20:32:40,2120
6361,Decide,1970-04-26 20:32:41,2120
6362,Book hotel,1970-04-26 20:32:42,2120
6363,Check hotel,1970-04-26 20:32:43,2121
6364,Decide,1970-04-26 20:32:44,2121
6365,Book hotel,1970-04-26 20:32:45,2121
6366,Check hotel,1970-04-26 20:32:46,2122
6367,Decide,1970-04-26 20:32:47,2122
6368,Book plane,1970-04-26 20:32:48,2122
6369,Check plane,1970-04-26 20:32:49,2123
6370,Decide,1970-04-26 20:32:50,2123
6371,Book hotel,1970-04-26 20:32:51,2123
6372,Check plane,1970-04-26 20:32:52,2124
6373,Decide,1970-04-26 20:32:53,2124
6374,Book hotel,1970-04-26 20:32:54,2124
6375,Check hotel,1970-04-26 20:32:55,2125
6376,Decide,1970-04-26 20:32:56,2125
6377,Book plane,1970-04-26 20:32:57,2125
6378,Check plane,1970-04-26 20:32:58,2126
6379,Decide,1970-04-26 20:32:59,2126
6380,Book plane,1970-04-26 20:33:00,2126
6381,Check plane,1970-04-26 20:33:01,2127
6382,Decide,1970-04-26 20:33:02,2127
6383,Book plane,1970-04-26 20:33:03,2127
6384,Check hotel,1970-04-26 20:33:04,2128
6385,Decide,1970-04-26 20:33:05,2128
6386,Book hotel,1970-04-26 20:33:06,2128
6387,Check plane,1970-04-26 20:33:07,2129
6388,Decide,1970-04-26 20:33:08,2129
6389,Book plane,1970-04-26 20:33:09,2129
6390,Check hotel,1970-04-26 20:33:10,2130
6391,Decide,1970-04-26 20:33:11,2130
6392,Book hotel,1970-04-26 20:33:12,2130
6393,Check plane,1970-04-26 20:33:13,2131
6394,Decide,1970-04-26 20:33:14,2131
6395,Book plane,1970-04-26 20:33:15,2131
6396,Check plane,1970-04-26 20:33:16,2132
6397,Decide,1970-04-26 20:33:17,2132
6398,Book plane,1970-04-26 20:33:18,2132
6399,Check hotel,1970-04-26 20:33:19,2133
6400,Decide,1970-04-26 20:33:20,2133
6401,Book plane,1970-04-26 20:33:21,2133
6402,Check plane,1970-04-26 20:33:22,2134
6403,Decide,1970-04-26 20:33:23,2134
6404,Book hotel,1970-04-26 20:33:24,2134
6405,Check plane,1970-04-26 20:33:25,2135
6406,Decide,1970-04-26 20:33:26,2135
6407,Book hotel,1970-04-26 20:33:27,2135
6408,Check hotel,1970-04-26 20:33:28,2136
6409,Decide,1970-04-26 20:33:29,2136
6410,Book hotel,1970-04-26 20:33:30,2136
6411,Check plane,1970-04-26 20:33:31,2137
6412,Decide,1970-04-26 20:33:32,2137
6413,Book hotel,1970-04-26 20:33:33,2137
6414,Check hotel,1970-04-26 20:33:34,2138
6415,Decide,1970-04-26 20:33:35,2138
6416,Book plane,1970-04-26 20:33:36,2138
6417,Check plane,1970-04-26 20:33:37,2139
6418,Decide,1970-04-26 20:33:38,2139
6419,Book hotel,1970-04-26 20:33:39,2139
6420,Check plane,1970-04-26 20:33:40,2140
6421,Decide,1970-04-26 20:33:41,2140
6422,Book plane,1970-04-26 20:33:42,2140
6423,Check plane,1970-04-26 20:33:43,2141
6424,Decide,1970-04-26 20:33:44,2141
6425,Book hotel,1970-04-26 20:33:45,2141
6426,Check plane,1970-04-26 20:33:46,2142
6427,Decide,1970-04-26 20:33:47,2142
6428,Book hotel,1970-04-26 20:33:48,2142
6429,Check hotel,1970-04-26 20:33:49,2143
6430,Decide,1970-04-26 20:33:50,2143
6431,Book plane,1970-04-26 20:33:51,2143
6432,Check hotel,1970-04-26 20:33:52,2144
6433,Decide,1970-04-26 20:33:53,2144
6434,Book plane,1970-04-26 20:33:54,2144
6435,Check plane,1970-04-26 20:33:55,2145
6436,Decide,1970-04-26 20:33:56,2145
6437,Book plane,1970-04-26 20:33:57,2145
6438,Check hotel,1970-04-26 20:33:58,2146
6439,Decide,1970-04-26 20:33:59,2146
6440,Book plane,1970-04-26 20:34:00,2146
6441,Check plane,1970-04-26 20:34:01,2147
6442,Decide,1970-04-26 20:34:02,2147
6443,Book plane,1970-04-26 20:34:03,2147
6444,Check hotel,1970-04-26 20:34:04,2148
6445,Decide,1970-04-26 20:34:05,2148
6446,Book hotel,1970-04-26 20:34:06,2148
6447,Check plane,1970-04-26 20:34:07,2149
6448,Decide,1970-04-26 20:34:08,2149
6449,Book hotel,1970-04-26 20:34:09,2149
6450,Check plane,1970-04-26 20:34:10,2150
6451,Decide,1970-04-26 20:34:11,2150
6452,Book plane,1970-04-26 20:34:12,2150
6453,Check plane,1970-04-26 20:34:13,2151
6454,Decide,1970-04-26 20:34:14,2151
6455,Book plane,1970-04-26 20:34:15,2151
6456,Check hotel,1970-04-26 20:34:16,2152
6457,Decide,1970-04-26 20:34:17,2152
6458,Book hotel,1970-04-26 20:34:18,2152
6459,Check plane,1970-04-26 20:34:19,2153
6460,Decide,1970-04-26 20:34:20,2153
6461,Book hotel,1970-04-26 20:34:21,2153
6462,Check hotel,1970-04-26 20:34:22,2154
6463,Decide,1970-04-26 20:34:23,2154
6464,Book hotel,1970-04-26 20:34:24,2154
6465,Check plane,1970-04-26 20:34:25,2155
6466,Decide,1970-04-26 20:34:26,2155
6467,Book plane,1970-04-26 20:34:27,2155
6468,Check hotel,1970-04-26 20:34:28,2156
6469,Decide,1970-04-26 20:34:29,2156
6470,Book plane,1970-04-26 20:34:30,2156
6471,Check hotel,1970-04-26 20:34:31,2157
6472,Decide,1970-04-26 20:34:32,2157
6473,Book hotel,1970-04-26 20:34:33,2157
6474,Check plane,1970-04-26 20:34:34,2158
6475,Decide,1970-04-26 20:34:35,2158
6476,Book hotel,1970-04-26 20:34:36,2158
6477,Check plane,1970-04-26 20:34:37,2159
6478,Decide,1970-04-26 20:34:38,2159
6479,Book plane,1970-04-26 20:34:39,2159
6480,Check hotel,1970-04-26 20:34:40,2160
6481,Decide,1970-04-26 20:34:41,2160
6482,Book plane,1970-04-26 20:34:42,2160
6483,Check hotel,1970-04-26 20:34:43,2161
6484,Decide,1970-04-26 20:34:44,2161
6485,Book plane,1970-04-26 20:34:45,2161
6486,Check plane,1970-04-26 20:34:46,2162
6487,Decide,1970-04-26 20:34:47,2162
6488,Book hotel,1970-04-26 20:34:48,2162
6489,Check hotel,1970-04-26 20:34:49,2163
6490,Decide,1970-04-26 20:34:50,2163
6491,Book plane,1970-04-26 20:34:51,2163
6492,Check plane,1970-04-26 20:34:52,2164
6493,Decide,1970-04-26 20:34:53,2164
6494,Book plane,1970-04-26 20:34:54,2164
6495,Check plane,1970-04-26 20:34:55,2165
6496,Decide,1970-04-26 20:34:56,2165
6497,Book hotel,1970-04-26 20:34:57,2165
6498,Check plane,1970-04-26 20:34:58,2166
6499,Decide,1970-04-26 20:34:59,2166
6500,Book hotel,1970-04-26 20:35:00,2166
6501,Check hotel,1970-04-26 20:35:01,2167
6502,Decide,1970-04-26 20:35:02,2167
6503,Book plane,1970-04-26 20:35:03,2167
6504,Check plane,1970-04-26 20:35:04,2168
6505,Decide,1970-04-26 20:35:05,2168
6506,Book hotel,1970-04-26 20:35:06,2168
6507,Check hotel,1970-04-26 20:35:07,2169
6508,Decide,1970-04-26 20:35:08,2169
6509,Book hotel,1970-04-26 20:35:09,2169
6510,Check plane,1970-04-26 20:35:10,2170
6511,Decide,1970-04-26 20:35:11,2170
6512,Book plane,1970-04-26 20:35:12,2170
6513,Check plane,1970-04-26 20:35:13,2171
6514,Decide,1970-04-26 20:35:14,2171
6515,Book hotel,1970-04-26 20:35:15,2171
6516,Check hotel,1970-04-26 20:35:16,2172
6517,Decide,1970-04-26 20:35:17,2172
6518,Book hotel,1970-04-26 20:35:18,2172
6519,Check plane,1970-04-26 20:35:19,2173
6520,Decide,1970-04-26 20:35:20,2173
6521,Book hotel,1970-04-26 20:35:21,2173
6522,Check plane,1970-04-26 20:35:22,2174
6523,Decide,1970-04-26 20:35:23,2174
6524,Book hotel,1970-04-26 20:35:24,2174
6525,Check hotel,1970-04-26 20:35:25,2175
6526,Decide,1970-04-26 20:35:26,2175
6527,Book hotel,1970-04-26 20:35:27,2175
6528,Check plane,1970-04-26 20:35:28,2176
6529,Decide,1970-04-26 20:35:29,2176
6530,Book hotel,1970-04-26 20:35:30,2176
6531,Check hotel,1970-04-26 20:35:31,2177
6532,Decide,1970-04-26 20:35:32,2177
6533,Book plane,1970-04-26 20:35:33,2177
6534,Check hotel,1970-04-26 20:35:34,2178
6535,Decide,1970-04-26 20:35:35,2178
6536,Book hotel,1970-04-26 20:35:36,2178
6537,Check hotel,1970-04-26 20:35:37,2179
6538,Decide,1970-04-26 20:35:38,2179
6539,Book hotel,1970-04-26 20:35:39,2179
6540,Check plane,1970-04-26 20:35:40,2180
6541,Decide,1970-04-26 20:35:41,2180
6542,Book hotel,1970-04-26 20:35:42,2180
6543,Check plane,1970-04-26 20:35:43,2181
6544,Decide,1970-04-26 20:35:44,2181
6545,Book hotel,1970-04-26 20:35:45,2181
6546,Check plane,1970-04-26 20:35:46,2182
6547,Decide,1970-04-26 20:35:47,2182
6548,Book hotel,1970-04-26 20:35:48,2182
6549,Check hotel,1970-04-26 20:35:49,2183
6550,Decide,1970-04-26 20:35:50,2183
6551,Book hotel,1970-04-26 20:35:51,2183
6552,Check plane,1970-04-26 20:35:52,2184
6553,Decide,1970-04-26 20:35:53,2184
6554,Book plane,1970-04-26 20:35:54,2184
6555,Check hotel,1970-04-26 20:35:55,2185
6556,Decide,1970-04-26 20:35:56,2185
6557,Book hotel,1970-04-26 20:35:57,2185
6558,Check hotel,1970-04-26 20:35:58,2186
6559,Decide,1970-04-26 20:35:59,2186
6560,Book hotel,1970-04-26 20:36:00,2186
6561,Check hotel,1970-04-26 20:36:01,2187
6562,Decide,1970-04-26 20:36:02,2187
6563,Book hotel,1970-04-26 20:36:03,2187
6564,Check plane,1970-04-26 20:36:04,2188
6565,Decide,1970-04-26 20:36:05,2188
6566,Book plane,1970-04-26 20:36:06,2188
6567,Check hotel,1970-04-26 20:36:07,2189
6568,Decide,1970-04-26 20:36:08,2189
6569,Book hotel,1970-04-26 20:36:09,2189
6570,Check plane,1970-04-26 20:36:10,2190
6571,Decide,1970-04-26 20:36:11,2190
6572,Book hotel,1970-04-26 20:36:12,2190
6573,Check plane,1970-04-26 20:36:13,2191
6574,Decide,1970-04-26 20:36:14,2191
6575,Book hotel,1970-04-26 20:36:15,2191
6576,Check hotel,1970-04-26 20:36:16,2192
6577,Decide,1970-04-26 20:36:17,2192
6578,Book hotel,1970-04-26 20:36:18,2192
6579,Check plane,1970-04-26 20:36:19,2193
6580,Decide,1970-04-26 20:36:20,2193
6581,Book plane,1970-04-26 20:36:21,2193
6582,Check hotel,1970-04-26 20:36:22,2194
6583,Decide,1970-04-26 20:36:23,2194
6584,Book plane,1970-04-26 20:36:24,2194
6585,Check hotel,1970-04-26 20:36:25,2195
6586,Decide,1970-04-26 20:36:26,2195
6587,Book hotel,1970-04-26 20:36:27,2195
6588,Check hotel,1970-04-26 20:36:28,2196
6589,Decide,1970-04-26 20:36:29,2196
6590,Book hotel,1970-04-26 20:36:30,2196
6591,Check hotel,1970-04-26 20:36:31,2197
6592,Decide,1970-04-26 20:36:32,2197
6593,Book plane,1970-04-26 20:36:33,2197
6594,Check hotel,1970-04-26 20:36:34,2198
6595,Decide,1970-04-26 20:36:35,2198
6596,Book plane,1970-04-26 20:36:36,2198
6597,Check plane,1970-04-26 20:36:37,2199
6598,Decide,1970-04-26 20:36:38,2199
6599,Book hotel,1970-04-26 20:36:39,2199
6600,Check plane,1970-04-26 20:36:40,2200
6601,Decide,1970-04-26 20:36:41,2200
6602,Book plane,1970-04-26 20:36:42,2200
6603,Check plane,1970-04-26 20:36:43,2201
6604,Decide,1970-04-26 20:36:44,2201
6605,Book plane,1970-04-26 20:36:45,2201
6606,Check plane,1970-04-26 20:36:46,2202
6607,Decide,1970-04-26 20:36:47,2202
6608,Book hotel,1970-04-26 20:36:48,2202
6609,Check hotel,1970-04-26 20:36:49,2203
6610,Decide,1970-04-26 20:36:50,2203
6611,Book plane,1970-04-26 20:36:51,2203
6612,Check plane,1970-04-26 20:36:52,2204
6613,Decide,1970-04-26 20:36:53,2204
6614,Book plane,1970-04-26 20:36:54,2204
6615,Check plane,1970-04-26 20:36:55,2205
6616,Decide,1970-04-26 20:36:56,2205
6617,Book plane,1970-04-26 20:36:57,2205
6618,Check hotel,1970-04-26 20:36:58,2206
6619,Decide,1970-04-26 20:36:59,2206
6620,Book plane,1970-04-26 20:37:00,2206
6621,Check plane,1970-04-26 20:37:01,2207
6622,Decide,1970-04-26 20:37:02,2207
6623,Book plane,1970-04-26 20:37:03,2207
6624,Check plane,1970-04-26 20:37:04,2208
6625,Decide,1970-04-26 20:37:05,2208
6626,Book hotel,1970-04-26 20:37:06,2208
6627,Check hotel,1970-04-26 20:37:07,2209
6628,Decide,1970-04-26 20:37:08,2209
6629,Book plane,1970-04-26 20:37:09,2209
6630,Check hotel,1970-04-26 20:37:10,2210
6631,Decide,1970-04-26 20:37:11,2210
6632,Book plane,1970-04-26 20:37:12,2210
6633,Check plane,1970-04-26 20:37:13,2211
6634,Decide,1970-04-26 20:37:14,2211
6635,Book plane,1970-04-26 20:37:15,2211
6636,Check plane,1970-04-26 20:37:16,2212
6637,Decide,1970-04-26 20:37:17,2212
6638,Book plane,1970-04-26 20:37:18,2212
6639,Check hotel,1970-04-26 20:37:19,2213
6640,Decide,1970-04-26 20:37:20,2213
6641,Book plane,1970-04-26 20:37:21,2213
6642,Check hotel,1970-04-26 20:37:22,2214
6643,Decide,1970-04-26 20:37:23,2214
6644,Book hotel,1970-04-26 20:37:24,2214
6645,Check plane,1970-04-26 20:37:25,2215
6646,Decide,1970-04-26 20:37:26,2215
6647,Book plane,1970-04-26 20:37:27,2215
6648,Check hotel,1970-04-26 20:37:28,2216
6649,Decide,1970-04-26 20:37:29,2216
6650,Book plane,1970-04-26 20:37:30,2216
6651,Check hotel,1970-04-26 20:37:31,2217
6652,Decide,1970-04-26 20:37:32,2217
6653,Book hotel,1970-04-26 20:37:33,2217
6654,Check plane,1970-04-26 20:37:34,2218
6655,Decide,1970-04-26 20:37:35,2218
6656,Book hotel,1970-04-26 20:37:36,2218
6657,Check plane,1970-04-26 20:37:37,2219
6658,Decide,1970-04-26 20:37:38,2219
6659,Book hotel,1970-04-26 20:37:39,2219
6660,Check hotel,1970-04-26 20:37:40,2220
6661,Decide,1970-04-26 20:37:41,2220
6662,Book plane,1970-04-26 20:37:42,2220
6663,Check plane,1970-04-26 20:37:43,2221
6664,Decide,1970-04-26 20:37:44,2221
6665,Book hotel,1970-04-26 20:37:45,2221
6666,Check hotel,1970-04-26 20:37:46,2222
6667,Decide,1970-04-26 20:37:47,2222
6668,Book hotel,1970-04-26 20:37:48,2222
6669,Check hotel,1970-04-26 20:37:49,2223
6670,Decide,1970-04-26 20:37:50,2223
6671,Book hotel,1970-04-26 20:37:51,2223
6672,Check hotel,1970-04-26 20:37:52,2224
6673,Decide,1970-04-26 20:37:53,2224
6674,Book plane,1970-04-26 20:37:54,2224
6675,Check plane,1970-04-26 20:37:55,2225
6676,Decide,1970-04-26 20:37:56,2225
6677,Book plane,1970-04-26 20:37:57,2225
6678,Check plane,1970-04-26 20:37:58,2226
6679,Decide,1970-04-26 20:37:59,2226
6680,Book plane,1970-04-26 20:38:00,2226
6681,Check plane,1970-04-26 20:38:01,2227
6682,Decide,1970-04-26 20:38:02,2227
6683,Book plane,1970-04-26 20:38:03,2227
6684,Check plane,1970-04-26 20:38:04,2228
6685,Decide,1970-04-26 20:38:05,2228
6686,Book hotel,1970-04-26 20:38:06,2228
6687,Check plane,1970-04-26 20:38:07,2229
6688,Decide,1970-04-26 20:38:08,2229
6689,Book plane,1970-04-26 20:38:09,2229
6690,Check plane,1970-04-26 20:38:10,2230
6691,Decide,1970-04-26 20:38:11,2230
6692,Book hotel,1970-04-26 20:38:12,2230
6693,Check plane,1970-04-26 20:38:13,2231
6694,Decide,1970-04-26 20:38:14,2231
6695,Book hotel,1970-04-26 20:38:15,2231
6696,Check hotel,1970-04-26 20:38:16,2232
6697,Decide,1970-04-26 20:38:17,2232
6698,Book hotel,1970-04-26 20:38:18,2232
6699,Check hotel,1970-04-26 20:38:19,2233
6700,Decide,1970-04-26 20:38:20,2233
6701,Book hotel,1970-04-26 20:38:21,2233
6702,Check plane,1970-04-26 20:38:22,2234
6703,Decide,1970-04-26 20:38:23,2234
6704,Book plane,1970-04-26 20:38:24,2234
6705,Check hotel,1970-04-26 20:38:25,2235
6706,Decide,1970-04-26 20:38:26,2235
6707,Book plane,1970-04-26 20:38:27,2235
6708,Check plane,1970-04-26 20:38:28,2236
6709,Decide,1970-04-26 20:38:29,2236
6710,Book plane,1970-04-26 20:38:30,2236
6711,Check plane,1970-04-26 20:38:31,2237
6712,Decide,1970-04-26 20:38:32,2237
6713,Book plane,1970-04-26 20:38:33,2237
6714,Check hotel,1970-04-26 20:38:34,2238
6715,Decide,1970-04-26 20:38:35,2238
6716,Book hotel,1970-04-26 20:38:36,2238
6717,Check hotel,1970-04-26 20:38:37,2239
6718,Decide,1970-04-26 20:38:38,2239
6719,Book plane,1970-04-26 20:38:39,2239
6720,Check hotel,1970-04-26 20:38:40,2240
6721,Decide,1970-04-26 20:38:41,2240
6722,Book plane,1970-04-26 20:38:42,2240
6723,Check hotel,1970-04-26 20:38:43,2241
6724,Decide,1970-04-26 20:38:44,2241
6725,Book plane,1970-04-26 20:38:45,2241
6726,Check plane,1970-04-26 20:38:46,2242
6727,Decide,1970-04-26 20:38:47,2242
6728,Book plane,1970-04-26 20:38:48,2242
6729,Check plane,1970-04-26 20:38:49,2243
6730,Decide,1970-04-26 20:38:50,2243
6731,Book plane,1970-04-26 20:38:51,2243
6732,Check hotel,1970-04-26 20:38:52,2244
6733,Decide,1970-04-26 20:38:53,2244
6734,Book hotel,1970-04-26 20:38:54,2244
6735,Check plane,1970-04-26 20:38:55,2245
6736,Decide,1970-04-26 20:38:56,2245
6737,Book hotel,1970-04-26 20:38:57,2245
6738,Check plane,1970-04-26 20:38:58,2246
6739,Decide,1970-04-26 20:38:59,2246
6740,Book hotel,1970-04-26 20:39:00,2246
6741,Check hotel,1970-04-26 20:39:01,2247
6742,Decide,1970-04-26 20:39:02,2247
6743,Book plane,1970-04-26 20:39:03,2247
6744,Check plane,1970-04-26 20:39:04,2248
6745,Decide,1970-04-26 20:39:05,2248
6746,Book plane,1970-04-26 20:39:06,2248
6747,Check plane,1970-04-26 20:39:07,2249
6748,Decide,1970-04-26 20:39:08,2249
6749,Book hotel,1970-04-26 20:39:09,2249
6750,Check hotel,1970-04-26 20:39:10,2250
6751,Decide,1970-04-26 20:39:11,2250
6752,Book plane,1970-04-26 20:39:12,2250
6753,Check plane,1970-04-26 20:39:13,2251
6754,Decide,1970-04-26 20:39:14,2251
6755,Book plane,1970-04-26 20:39:15,2251
6756,Check plane,1970-04-26 20:39:16,2252
6757,Decide,1970-04-26 20:39:17,2252
6758,Book plane,1970-04-26 20:39:18,2252
6759,Check plane,1970-04-26 20:39:19,2253
6760,Decide,1970-04-26 20:39:20,2253
6761,Book hotel,1970-04-26 20:39:21,2253
6762,Check plane,1970-04-26 20:39:22,2254
6763,Decide,1970-04-26 20:39:23,2254
6764,Book plane,1970-04-26 20:39:24,2254
6765,Check hotel,1970-04-26 20:39:25,2255
6766,Decide,1970-04-26 20:39:26,2255
6767,Book plane,1970-04-26 20:39:27,2255
6768,Check hotel,1970-04-26 20:39:28,2256
6769,Decide,1970-04-26 20:39:29,2256
6770,Book plane,1970-04-26 20:39:30,2256
6771,Check hotel,1970-04-26 20:39:31,2257
6772,Decide,1970-04-26 20:39:32,2257
6773,Book plane,1970-04-26 20:39:33,2257
6774,Check plane,1970-04-26 20:39:34,2258
6775,Decide,1970-04-26 20:39:35,2258
6776,Book hotel,1970-04-26 20:39:36,2258
6777,Check plane,1970-04-26 20:39:37,2259
6778,Decide,1970-04-26 20:39:38,2259
6779,Book plane,1970-04-26 20:39:39,2259
6780,Check plane,1970-04-26 20:39:40,2260
6781,Decide,1970-04-26 20:39:41,2260
6782,Book plane,1970-04-26 20:39:42,2260
6783,Check hotel,1970-04-26 20:39:43,2261
6784,Decide,1970-04-26 20:39:44,2261
6785,Book plane,1970-04-26 20:39:45,2261
6786,Check hotel,1970-04-26 20:39:46,2262
6787,Decide,1970-04-26 20:39:47,2262
6788,Book hotel,1970-04-26 20:39:48,2262
6789,Check plane,1970-04-26 20:39:49,2263
6790,Decide,1970-04-26 20:39:50,2263
6791,Book hotel,1970-04-26 20:39:51,2263
6792,Check plane,1970-04-26 20:39:52,2264
6793,Decide,1970-04-26 20:39:53,2264
6794,Book plane,1970-04-26 20:39:54,2264
6795,Check plane,1970-04-26 20:39:55,2265
6796,Decide,1970-04-26 20:39:56,2265
6797,Book plane,1970-04-26 20:39:57,2265
6798,Check plane,1970-04-26 20:39:58,2266
6799,Decide,1970-04-26 20:39:59,2266
6800,Book hotel,1970-04-26 20:40:00,2266
6801,Check hotel,1970-04-26 20:40:01,2267
6802,Decide,1970-04-26 20:40:02,2267
6803,Book hotel,1970-04-26 20:40:03,2267
6804,Check plane,1970-04-26 20:40:04,2268
6805,Decide,1970-04-26 20:40:05,2268
6806,Book plane,1970-04-26 20:40:06,2268
6807,Check plane,1970-04-26 20:40:07,2269
6808,Decide,1970-04-26 20:40:08,2269
6809,Book plane,1970-04-26 20:40:09,2269
6810,Check hotel,1970-04-26 20:40:10,2270
6811,Decide,1970-04-26 20:40:11,2270
6812,Book plane,1970-04-26 20:40:12,2270
6813,Check hotel,1970-04-26 20:40:13,2271
6814,Decide,1970-04-26 20:40:14,2271
6815,Book plane,1970-04-26 20:40:15,2271
6816,Check hotel,1970-04-26 20:40:16,2272
6817,Decide,1970-04-26 20:40:17,2272
6818,Book hotel,1970-04-26 20:40:18,2272
6819,Check plane,1970-04-26 20:40:19,2273
6820,Decide,1970-04-26 20:40:20,2273
6821,Book plane,1970-04-26 20:40:21,2273
6822,Check hotel,1970-04-26 20:40:22,2274
6823,Decide,1970-04-26 20:40:23,2274
6824,Book plane,1970-04-26 20:40:24,2274
6825,Check hotel,1970-04-26 20:40:25,2275
6826,Decide,1970-04-26 20:40:26,2275
6827,Book hotel,1970-04-26 20:40:27,2275
6828,Check hotel,1970-04-26 20:40:28,2276
6829,Decide,1970-04-26 20:40:29,2276
6830,Book plane,1970-04-26 20:40:30,2276
6831,Check hotel,1970-04-26 20:40:31,2277
6832,Decide,1970-04-26 20:40:32,2277
6833,Book hotel,1970-04-26 20:40:33,2277
6834,Check plane,1970-04-26 20:40:34,2278
6835,Decide,1970-04-26 20:40:35,2278
6836,Book plane,1970-04-26 20:40:36,2278
6837,Check plane,1970-04-26 20:40:37,2279
6838,Decide,1970-04-26 20:40:38,2279
6839,Book hotel,1970-04-26 20:40:39,2279
6840,Check plane,1970-04-26 20:40:40,2280
6841,Decide,1970-04-26 20:40:41,2280
6842,Book hotel,1970-04-26 20:40:42,2280
6843,Check hotel,1970-04-26 20:40:43,2281
6844,Decide,1970-04-26 20:40:44,2281
6845,Book plane,1970-04-26 20:40:45,2281
6846,Check hotel,1970-04-26 20:40:46,2282
6847,Decide,1970-04-26 20:40:47,2282
6848,Book plane,1970-04-26 20:40:48,2282
6849,Check hotel,1970-04-26 20:40:49,2283
6850,Decide,1970-04-26 20:40:50,2283
6851,Book hotel,1970-04-26 20:40:51,2283
6852,Check hotel,1970-04-26 20:40:52,2284
6853,Decide,1970-04-26 20:40:53,2284
6854,Book hotel,1970-04-26 20:40:54,2284
6855,Check hotel,1970-04-26 20:40:55,2285
6856,Decide,1970-04-26 20:40:56,2285
6857,Book plane,1970-04-26 20:40:57,2285
6858,Check plane,1970-04-26 20:40:58,2286
6859,Decide,1970-04-26 20:40:59,2286
6860,Book hotel,1970-04-26 20:41:00,2286
6861,Check plane,1970-04-26 20:41:01,2287
6862,Decide,1970-04-26 20:41:02,2287
6863,Book hotel,1970-04-26 20:41:03,2287
6864,Check plane,1970-04-26 20:41:04,2288
6865,Decide,1970-04-26 20:41:05,2288
6866,Book plane,1970-04-26 20:41:06,2288
6867,Check hotel,1970-04-26 20:41:07,2289
6868,Decide,1970-04-26 20:41:08,2289
6869,Book plane,1970-04-26 20:41:09,2289
6870,Check hotel,1970-04-26 20:41:10,2290
6871,Decide,1970-04-26 20:41:11,2290
6872,Book plane,1970-04-26 20:41:12,2290
6873,Check hotel,1970-04-26 20:41:13,2291
6874,Decide,1970-04-26 20:41:14,2291
6875,Book plane,1970-04-26 20:41:15,2291
6876,Check hotel,1970-04-26 20:41:16,2292
6877,Decide,1970-04-26 20:41:17,2292
6878,Book hotel,1970-04-26 20:41:18,2292
6879,Check hotel,1970-04-26 20:41:19,2293
6880,Decide,1970-04-26 20:41:20,2293
6881,Book hotel,1970-04-26 20:41:21,2293
6882,Check plane,1970-04-26 20:41:22,2294
6883,Decide,1970-04-26 20:41:23,2294
6884,Book plane,1970-04-26 20:41:24,2294
6885,Check plane,1970-04-26 20:41:25,2295
6886,Decide,1970-04-26 20:41:26,2295
6887,Book hotel,1970-04-26 20:41:27,2295
6888,Check plane,1970-04-26 20:41:28,2296
6889,Decide,1970-04-26 20:41:29,2296
6890,Book plane,1970-04-26 20:41:30,2296
6891,Check hotel,1970-04-26 20:41:31,2297
6892,Decide,1970-04-26 20:41:32,2297
6893,Book plane,1970-04-26 20:41:33,2297
6894,Check plane,1970-04-26 20:41:34,2298
6895,Decide,1970-04-26 20:41:35,2298
6896,Book hotel,1970-04-26 20:41:36,2298
6897,Check hotel,1970-04-26 20:41:37,2299
6898,Decide,1970-04-26 20:41:38,2299
6899,Book plane,1970-04-26 20:41:39,2299
6900,Check hotel,1970-04-26 20:41:40,2300
6901,Decide,1970-04-26 20:41:41,2300
6902,Book plane,1970-04-26 20:41:42,2300
6903,Check hotel,1970-04-26 20:41:43,2301
6904,Decide,1970-04-26 20:41:44,2301
6905,Book plane,1970-04-26 20:41:45,2301
6906,Check hotel,1970-04-26 20:41:46,2302
6907,Decide,1970-04-26 20:41:47,2302
6908,Book plane,1970-04-26 20:41:48,2302
6909,Check hotel,1970-04-26 20:41:49,2303
6910,Decide,1970-04-26 20:41:50,2303
6911,Book hotel,1970-04-26 20:41:51,2303
6912,Check hotel,1970-04-26 20:41:52,2304
6913,Decide,1970-04-26 20:41:53,2304
6914,Book plane,1970-04-26 20:41:54,2304
6915,Check hotel,1970-04-26 20:41:55,2305
6916,Decide,1970-04-26 20:41:56,2305
6917,Book plane,1970-04-26 20:41:57,2305
6918,Check hotel,1970-04-26 20:41:58,2306
6919,Decide,1970-04-26 20:41:59,2306
6920,Book plane,1970-04-26 20:42:00,2306
6921,Check hotel,1970-04-26 20:42:01,2307
6922,Decide,1970-04-26 20:42:02,2307
6923,Book hotel,1970-04-26 20:42:03,2307
6924,Check plane,1970-04-26 20:42:04,2308
6925,Decide,1970-04-26 20:42:05,2308
6926,Book plane,1970-04-26 20:42:06,2308
6927,Check plane,1970-04-26 20:42:07,2309
6928,Decide,1970-04-26 20:42:08,2309
6929,Book plane,1970-04-26 20:42:09,2309
6930,Check hotel,1970-04-26 20:42:10,2310
6931,Decide,1970-04-26 20:42:11,2310
6932,Book hotel,1970-04-26 20:42:12,2310
6933,Check plane,1970-04-26 20:42:13,2311
6934,Decide,1970-04-26 20:42:14,2311
6935,Book plane,1970-04-26 20:42:15,2311
6936,Check hotel,1970-04-26 20:42:16,2312
6937,Decide,1970-04-26 20:42:17,2312
6938,Book plane,1970-04-26 20:42:18,2312
6939,Check hotel,1970-04-26 20:42:19,2313
6940,Decide,1970-04-26 20:42:20,2313
6941,Book hotel,1970-04-26 20:42:21,2313
6942,Check plane,1970-04-26 20:42:22,2314
6943,Decide,1970-04-26 20:42:23,2314
6944,Book plane,1970-04-26 20:42:24,2314
6945,Check plane,1970-04-26 20:42:25,2315
6946,Decide,1970-04-26 20:42:26,2315
6947,Book hotel,1970-04-26 20:42:27,2315
6948,Check hotel,1970-04-26 20:42:28,2316
6949,Decide,1970-04-26 20:42:29,2316
6950,Book hotel,1970-04-26 20:42:30,2316
6951,Check plane,1970-04-26 20:42:31,2317
6952,Decide,1970-04-26 20:42:32,2317
6953,Book hotel,1970-04-26 20:42:33,2317
6954,Check plane,1970-04-26 20:42:34,2318
6955,Decide,1970-04-26 20:42:35,2318
6956,Book plane,1970-04-26 20:42:36,2318
6957,Check plane,1970-04-26 20:42:37,2319
6958,Decide,1970-04-26 20:42:38,2319
6959,Book hotel,1970-04-26 20:42:39,2319
6960,Check hotel,1970-04-26 20:42:40,2320
6961,Decide,1970-04-26 20:42:41,2320
6962,Book plane,1970-04-26 20:42:42,2320
6963,Check plane,1970-04-26 20:42:43,2321
6964,Decide,1970-04-26 20:42:44,2321
6965,Book hotel,1970-04-26 20:42:45,2321
6966,Check plane,1970-04-26 20:42:46,2322
6967,Decide,1970-04-26 20:42:47,2322
6968,Book hotel,1970-04-26 20:42:48,2322
6969,Check plane,1970-04-26 20:42:49,2323
6970,Decide,1970-04-26 20:42:50,2323
6971,Book plane,1970-04-26 20:42:51,2323
6972,Check hotel,1970-04-26 20:42:52,2324
6973,Decide,1970-04-26 20:42:53,2324
6974,Book plane,1970-04-26 20:42:54,2324
6975,Check plane,1970-04-26 20:42:55,2325
6976,Decide,1970-04-26 20:42:56,2325
6977,Book hotel,1970-04-26 20:42:57,2325
6978,Check plane,1970-04-26 20:42:58,2326
6979,Decide,1970-04-26 20:42:59,2326
6980,Book hotel,1970-04-26 20:43:00,2326
6981,Check plane,1970-04-26 20:43:01,2327
6982,Decide,1970-04-26 20:43:02,2327
6983,Book plane,1970-04-26 20:43:03,2327
6984,Check plane,1970-04-26 20:43:04,2328
6985,Decide,1970-04-26 20:43:05,2328
6986,Book hotel,1970-04-26 20:43:06,2328
6987,Check hotel,1970-04-26 20:43:07,2329
6988,Decide,1970-04-26 20:43:08,2329
6989,Book plane,1970-04-26 20:43:09,2329
6990,Check plane,1970-04-26 20:43:10,2330
6991,Decide,1970-04-26 20:43:11,2330
6992,Book hotel,1970-04-26 20:43:12,2330
6993,Check hotel,1970-04-26 20:43:13,2331
6994,Decide,1970-04-26 20:43:14,2331
6995,Book plane,1970-04-26 20:43:15,2331
6996,Check hotel,1970-04-26 20:43:16,2332
6997,Decide,1970-04-26 20:43:17,2332
6998,Book plane,1970-04-26 20:43:18,2332
6999,Check plane,1970-04-26 20:43:19,2333
7000,Decide,1970-04-26 20:43:20,2333
7001,Book hotel,1970-04-26 20:43:21,2333
7002,Check hotel,1970-04-26 20:43:22,2334
7003,Decide,1970-04-26 20:43:23,2334
7004,Book hotel,1970-04-26 20:43:24,2334
7005,Check plane,1970-04-26 20:43:25,2335
7006,Decide,1970-04-26 20:43:26,2335
7007,Book plane,1970-04-26 20:43:27,2335
7008,Check hotel,1970-04-26 20:43:28,2336
7009,Decide,1970-04-26 20:43:29,2336
7010,Book hotel,1970-04-26 20:43:30,2336
7011,Check plane,1970-04-26 20:43:31,2337
7012,Decide,1970-04-26 20:43:32,2337
7013,Book plane,1970-04-26 20:43:33,2337
7014,Check hotel,1970-04-26 20:43:34,2338
7015,Decide,1970-04-26 20:43:35,2338
7016,Book hotel,1970-04-26 20:43:36,2338
7017,Check plane,1970-04-26 20:43:37,2339
7018,Decide,1970-04-26 20:43:38,2339
7019,Book plane,1970-04-26 20:43:39,2339
7020,Check plane,1970-04-26 20:43:40,2340
7021,Decide,1970-04-26 20:43:41,2340
7022,Book plane,1970-04-26 20:43:42,2340
7023,Check hotel,1970-04-26 20:43:43,2341
7024,Decide,1970-04-26 20:43:44,2341
7025,Book hotel,1970-04-26 20:43:45,2341
7026,Check hotel,1970-04-26 20:43:46,2342
7027,Decide,1970-04-26 20:43:47,2342
7028,Book plane,1970-04-26 20:43:48,2342
7029,Check plane,1970-04-26 20:43:49,2343
7030,Decide,1970-04-26 20:43:50,2343
7031,Book plane,1970-04-26 20:43:51,2343
7032,Check hotel,1970-04-26 20:43:52,2344
7033,Decide,1970-04-26 20:43:53,2344
7034,Book hotel,1970-04-26 20:43:54,2344
7035,Check plane,1970-04-26 20:43:55,2345
7036,Decide,1970-04-26 20:43:56,2345
7037,Book hotel,1970-04-26 20:43:57,2345
7038,Check hotel,1970-04-26 20:43:58,2346
7039,Decide,1970-04-26 20:43:59,2346
7040,Book hotel,1970-04-26 20:44:00,2346
7041,Check hotel,1970-04-26 20:44:01,2347
7042,Decide,1970-04-26 20:44:02,2347
7043,Book plane,1970-04-26 20:44:03,2347
7044,Check plane,1970-04-26 20:44:04,2348
7045,Decide,1970-04-26 20:44:05,2348
7046,Book hotel,1970-04-26 20:44:06,2348
7047,Check plane,1970-04-26 20:44:07,2349
7048,Decide,1970-04-26 20:44:08,2349
7049,Book plane,1970-04-26 20:44:09,2349
7050,Check plane,1970-04-26 20:44:10,2350
7051,Decide,1970-04-26 20:44:11,2350
7052,Book plane,1970-04-26 20:44:12,2350
7053,Check hotel,1970-04-26 20:44:13,2351
7054,Decide,1970-04-26 20:44:14,2351
7055,Book hotel,1970-04-26 20:44:15,2351
7056,Check plane,1970-04-26 20:44:16,2352
7057,Decide,1970-04-26 20:44:17,2352
7058,Book hotel,1970-04-26 20:44:18,2352
7059,Check hotel,1970-04-26 20:44:19,2353
7060,Decide,1970-04-26 20:44:20,2353
7061,Book plane,1970-04-26 20:44:21,2353
7062,Check hotel,1970-04-26 20:44:22,2354
7063,Decide,1970-04-26 20:44:23,2354
7064,Book hotel,1970-04-26 20:44:24,2354
7065,Check hotel,1970-04-26 20:44:25,2355
7066,Decide,1970-04-26 20:44:26,2355
7067,Book plane,1970-04-26 20:44:27,2355
7068,Check plane,1970-04-26 20:44:28,2356
7069,Decide,1970-04-26 20:44:29,2356
7070,Book plane,1970-04-26 20:44:30,2356
7071,Check hotel,1970-04-26 20:44:31,2357
7072,Decide,1970-04-26 20:44:32,2357
7073,Book hotel,1970-04-26 20:44:33,2357
7074,Check hotel,1970-04-26 20:44:34,2358
7075,Decide,1970-04-26 20:44:35,2358
7076,Book plane,1970-04-26 20:44:36,2358
7077,Check hotel,1970-04-26 20:44:37,2359
7078,Decide,1970-04-26 20:44:38,2359
7079,Book hotel,1970-04-26 20:44:39,2359
7080,Check plane,1970-04-26 20:44:40,2360
7081,Decide,1970-04-26 20:44:41,2360
7082,Book hotel,1970-04-26 20:44:42,2360
7083,Check hotel,1970-04-26 20:44:43,2361
7084,Decide,1970-04-26 20:44:44,2361
7085,Book plane,1970-04-26 20:44:45,2361
7086,Check plane,1970-04-26 20:44:46,2362
7087,Decide,1970-04-26 20:44:47,2362
7088,Book plane,1970-04-26 20:44:48,2362
7089,Check hotel,1970-04-26 20:44:49,2363
7090,Decide,1970-04-26 20:44:50,2363
7091,Book hotel,1970-04-26 20:44:51,2363
7092,Check plane,1970-04-26 20:44:52,2364
7093,Decide,1970-04-26 20:44:53,2364
7094,Book hotel,1970-04-26 20:44:54,2364
7095,Check hotel,1970-04-26 20:44:55,2365
7096,Decide,1970-04-26 20:44:56,2365
7097,Book plane,1970-04-26 20:44:57,2365
7098,Check plane,1970-04-26 20:44:58,2366
7099,Decide,1970-04-26 20:44:59,2366
7100,Book hotel,1970-04-26 20:45:00,2366
7101,Check hotel,1970-04-26 20:45:01,2367
7102,Decide,1970-04-26 20:45:02,2367
7103,Book plane,1970-04-26 20:45:03,2367
7104,Check plane,1970-04-26 20:45:04,2368
7105,Decide,1970-04-26 20:45:05,2368
7106,Book plane,1970-04-26 20:45:06,2368
7107,Check plane,1970-04-26 20:45:07,2369
7108,Decide,1970-04-26 20:45:08,2369
7109,Book hotel,1970-04-26 20:45:09,2369
7110,Check hotel,1970-04-26 20:45:10,2370
7111,Decide,1970-04-26 20:45:11,2370
7112,Book plane,1970-04-26 20:45:12,2370
7113,Check hotel,1970-04-26 20:45:13,2371
7114,Decide,1970-04-26 20:45:14,2371
7115,Book hotel,1970-04-26 20:45:15,2371
7116,Check hotel,1970-04-26 20:45:16,2372
7117,Decide,1970-04-26 20:45:17,2372
7118,Book hotel,1970-04-26 20:45:18,2372
7119,Check plane,1970-04-26 20:45:19,2373
7120,Decide,1970-04-26 20:45:20,2373
7121,Book plane,1970-04-26 20:45:21,2373
7122,Check plane,1970-04-26 20:45:22,2374
7123,Decide,1970-04-26 20:45:23,2374
7124,Book plane,1970-04-26 20:45:24,2374
7125,Check plane,1970-04-26 20:45:25,2375
7126,Decide,1970-04-26 20:45:26,2375
7127,Book plane,1970-04-26 20:45:27,2375
7128,Check hotel,1970-04-26 20:45:28,2376
7129,Decide,1970-04-26 20:45:29,2376
7130,Book hotel,1970-04-26 20:45:30,2376
7131,Check plane,1970-04-26 20:45:31,2377
7132,Decide,1970-04-26 20:45:32,2377
7133,Book plane,1970-04-26 20:45:33,2377
7134,Check hotel,1970-04-26 20:45:34,2378
7135,Decide,1970-04-26 20:45:35,2378
7136,Book plane,1970-04-26 20:45:36,2378
7137,Check plane,1970-04-26 20:45:37,2379
7138,Decide,1970-04-26 20:45:38,2379
7139,Book hotel,1970-04-26 20:45:39,2379
7140,Check hotel,1970-04-26 20:45:40,2380
7141,Decide,1970-04-26 20:45:41,2380
7142,Book hotel,1970-04-26 20:45:42,2380
7143,Check plane,1970-04-26 20:45:43,2381
7144,Decide,1970-04-26 20:45:44,2381
7145,Book hotel,1970-04-26 20:45:45,2381
7146,Check plane,1970-04-26 20:45:46,2382
7147,Decide,1970-04-26 20:45:47,2382
7148,Book hotel,1970-04-26 20:45:48,2382
7149,Check plane,1970-04-26 20:45:49,2383
7150,Decide,1970-04-26 20:45:50,2383
7151,Book plane,1970-04-26 20:45:51,2383
7152,Check plane,1970-04-26 20:45:52,2384
7153,Decide,1970-04-26 20:45:53,2384
7154,Book hotel,1970-04-26 20:45:54,2384
7155,Check plane,1970-04-26 20:45:55,2385
7156,Decide,1970-04-26 20:45:56,2385
7157,Book hotel,1970-04-26 20:45:57,2385
7158,Check hotel,1970-04-26 20:45:58,2386
7159,Decide,1970-04-26 20:45:59,2386
7160,Book plane,1970-04-26 20:46:00,2386
7161,Check hotel,1970-04-26 20:46:01,2387
7162,Decide,1970-04-26 20:46:02,2387
7163,Book plane,1970-04-26 20:46:03,2387
7164,Check hotel,1970-04-26 20:46:04,2388
7165,Decide,1970-04-26 20:46:05,2388
7166,Book hotel,1970-04-26 20:46:06,2388
7167,Check plane,1970-04-26 20:46:07,2389
7168,Decide,1970-04-26 20:46:08,2389
7169,Book hotel,1970-04-26 20:46:09,2389
7170,Check plane,1970-04-26 20:46:10,2390
7171,Decide,1970-04-26 20:46:11,2390
7172,Book plane,1970-04-26 20:46:12,2390
7173,Check plane,1970-04-26 20:46:13,2391
7174,Decide,1970-04-26 20:46:14,2391
7175,Book plane,1970-04-26 20:46:15,2391
7176,Check plane,1970-04-26 20:46:16,2392
7177,Decide,1970-04-26 20:46:17,2392
7178,Book hotel,1970-04-26 20:46:18,2392
7179,Check hotel,1970-04-26 20:46:19,2393
7180,Decide,1970-04-26 20:46:20,2393
7181,Book plane,1970-04-26 20:46:21,2393
7182,Check plane,1970-04-26 20:46:22,2394
7183,Decide,1970-04-26 20:46:23,2394
7184,Book hotel,1970-04-26 20:46:24,2394
7185,Check plane,1970-04-26 20:46:25,2395
7186,Decide,1970-04-26 20:46:26,2395
7187,Book plane,1970-04-26 20:46:27,2395
7188,Check plane,1970-04-26 20:46:28,2396
7189,Decide,1970-04-26 20:46:29,2396
7190,Book hotel,1970-04-26 20:46:30,2396
7191,Check hotel,1970-04-26 20:46:31,2397
7192,Decide,1970-04-26 20:46:32,2397
7193,Book hotel,1970-04-26 20:46:33,2397
7194,Check hotel,1970-04-26 20:46:34,2398
7195,Decide,1970-04-26 20:46:35,2398
7196,Book plane,1970-04-26 20:46:36,2398
7197,Check hotel,1970-04-26 20:46:37,2399
7198,Decide,1970-04-26 20:46:38,2399
7199,Book hotel,1970-04-26 20:46:39,2399
7200,Check hotel,1970-04-26 20:46:40,2400
7201,Decide,1970-04-26 20:46:41,2400
7202,Book hotel,1970-04-26 20:46:42,2400
7203,Check hotel,1970-04-26 20:46:43,2401
7204,Decide,1970-04-26 20:46:44,2401
7205,Book plane,1970-04-26 20:46:45,2401
7206,Check hotel,1970-04-26 20:46:46,2402
7207,Decide,1970-04-26 20:46:47,2402
7208,Book plane,1970-04-26 20:46:48,2402
7209,Check hotel,1970-04-26 20:46:49,2403
7210,Decide,1970-04-26 20:46:50,2403
7211,Book hotel,1970-04-26 20:46:51,2403
7212,Check hotel,1970-04-26 20:46:52,2404
7213,Decide,1970-04-26 20:46:53,2404
7214,Book hotel,1970-04-26 20:46:54,2404
7215,Check plane,1970-04-26 20:46:55,2405
7216,Decide,1970-04-26 20:46:56,2405
7217,Book plane,1970-04-26 20:46:57,2405
7218,Check plane,1970-04-26 20:46:58,2406
7219,Decide,1970-04-26 20:46:59,2406
7220,Book hotel,1970-04-26 20:47:00,2406
7221,Check plane,1970-04-26 20:47:01,2407
7222,Decide,1970-04-26 20:47:02,2407
7223,Book hotel,1970-04-26 20:47:03,2407
7224,Check hotel,1970-04-26 20:47:04,2408
7225,Decide,1970-04-26 20:47:05,2408
7226,Book plane,1970-04-26 20:47:06,2408
7227,Check plane,1970-04-26 20:47:07,2409
7228,Decide,1970-04-26 20:47:08,2409
7229,Book plane,1970-04-26 20:47:09,2409
7230,Check hotel,1970-04-26 20:47:10,2410
7231,Decide,1970-04-26 20:47:11,2410
7232,Book hotel,1970-04-26 20:47:12,2410
7233,Check plane,1970-04-26 20:47:13,2411
7234,Decide,1970-04-26 20:47:14,2411
7235,Book plane,1970-04-26 20:47:15,2411
7236,Check plane,1970-04-26 20:47:16,2412
7237,Decide,1970-04-26 20:47:17,2412
7238,Book plane,1970-04-26 20:47:18,2412
7239,Check plane,1970-04-26 20:47:19,2413
7240,Decide,1970-04-26 20:47:20,2413
7241,Book plane,1970-04-26 20:47:21,2413
7242,Check hotel,1970-04-26 20:47:22,2414
7243,Decide,1970-04-26 20:47:23,2414
7244,Book plane,1970-04-26 20:47:24,2414
7245,Check plane,1970-04-26 20:47:25,2415
7246,Decide,1970-04-26 20:47:26,2415
7247,Book hotel,1970-04-26 20:47:27,2415
7248,Check hotel,1970-04-26 20:47:28,2416
7249,Decide,1970-04-26 20:47:29,2416
7250,Book plane,1970-04-26 20:47:30,2416
7251,Check plane,1970-04-26 20:47:31,2417
7252,Decide,1970-04-26 20:47:32,2417
7253,Book hotel,1970-04-26 20:47:33,2417
7254,Check hotel,1970-04-26 20:47:34,2418
7255,Decide,1970-04-26 20:47:35,2418
7256,Book plane,1970-04-26 20:47:36,2418
7257,Check plane,1970-04-26 20:47:37,2419
7258,Decide,1970-04-26 20:47:38,2419
7259,Book plane,1970-04-26 20:47:39,2419
7260,Check plane,1970-04-26 20:47:40,2420
7261,Decide,1970-04-26 20:47:41,2420
7262,Book plane,1970-04-26 20:47:42,2420
7263,Check hotel,1970-04-26 20:47:43,2421
7264,Decide,1970-04-26 20:47:44,2421
7265,Book plane,1970-04-26 20:47:45,2421
7266,Check hotel,1970-04-26 20:47:46,2422
7267,Decide,1970-04-26 20:47:47,2422
7268,Book hotel,1970-04-26 20:47:48,2422
7269,Check plane,1970-04-26 20:47:49,2423
7270,Decide,1970-04-26 20:47:50,2423
7271,Book hotel,1970-04-26 20:47:51,2423
7272,Check hotel,1970-04-26 20:47:52,2424
7273,Decide,1970-04-26 20:47:53,2424
7274,Book hotel,1970-04-26 20:47:54,2424
7275,Check hotel,1970-04-26 20:47:55,2425
7276,Decide,1970-04-26 20:47:56,2425
7277,Book hotel,1970-04-26 20:47:57,2425
7278,Check plane,1970-04-26 20:47:58,2426
7279,Decide,1970-04-26 20:47:59,2426
7280,Book hotel,1970-04-26 20:48:00,2426
7281,Check plane,1970-04-26 20:48:01,2427
7282,Decide,1970-04-26 20:48:02,2427
7283,Book hotel,1970-04-26 20:48:03,2427
7284,Check plane,1970-04-26 20:48:04,2428
7285,Decide,1970-04-26 20:48:05,2428
7286,Book plane,1970-04-26 20:48:06,2428
7287,Check plane,1970-04-26 20:48:07,2429
7288,Decide,1970-04-26 20:48:08,2429
7289,Book hotel,1970-04-26 20:48:09,2429
7290,Check plane,1970-04-26 20:48:10,2430
7291,Decide,1970-04-26 20:48:11,2430
7292,Book hotel,1970-04-26 20:48:12,2430
7293,Check hotel,1970-04-26 20:48:13,2431
7294,Decide,1970-04-26 20:48:14,2431
7295,Book plane,1970-04-26 20:48:15,2431
7296,Check hotel,1970-04-26 20:48:16,2432
7297,Decide,1970-04-26 20:48:17,2432
7298,Book plane,1970-04-26 20:48:18,2432
7299,Check plane,1970-04-26 20:48:19,2433
7300,Decide,1970-04-26 20:48:20,2433
7301,Book plane,1970-04-26 20:48:21,2433
7302,Check hotel,1970-04-26 20:48:22,2434
7303,Decide,1970-04-26 20:48:23,2434
7304,Book plane,1970-04-26 20:48:24,2434
7305,Check plane,1970-04-26 20:48:25,2435
7306,Decide,1970-04-26 20:48:26,2435
7307,Book hotel,1970-04-26 20:48:27,2435
7308,Check hotel,1970-04-26 20:48:28,2436
7309,Decide,1970-04-26 20:48:29,2436
7310,Book hotel,1970-04-26 20:48:30,2436
7311,Check plane,1970-04-26 20:48:31,2437
7312,Decide,1970-04-26 20:48:32,2437
7313,Book hotel,1970-04-26 20:48:33,2437
7314,Check plane,1970-04-26 20:48:34,2438
7315,Decide,1970-04-26 20:48:35,2438
7316,Book plane,1970-04-26 20:48:36,2438
7317,Check plane,1970-04-26 20:48:37,2439
7318,Decide,1970-04-26 20:48:38,2439
7319,Book hotel,1970-04-26 20:48:39,2439
7320,Check plane,1970-04-26 20:48:40,2440
7321,Decide,1970-04-26 20:48:41,2440
7322,Book hotel,1970-04-26 20:48:42,2440
7323,Check plane,1970-04-26 20:48:43,2441
7324,Decide,1970-04-26 20:48:44,2441
7325,Book plane,1970-04-26 20:48:45,2441
7326,Check plane,1970-04-26 20:48:46,2442
7327,Decide,1970-04-26 20:48:47,2442
7328,Book plane,1970-04-26 20:48:48,2442
7329,Check plane,1970-04-26 20:48:49,2443
7330,Decide,1970-04-26 20:48:50,2443
7331,Book plane,1970-04-26 20:48:51,2443
7332,Check hotel,1970-04-26 20:48:52,2444
7333,Decide,1970-04-26 20:48:53,2444
7334,Book hotel,1970-04-26 20:48:54,2444
7335,Check hotel,1970-04-26 20:48:55,2445
7336,Decide,1970-04-26 20:48:56,2445
7337,Book hotel,1970-04-26 20:48:57,2445
7338,Check hotel,1970-04-26 20:48:58,2446
7339,Decide,1970-04-26 20:48:59,2446
7340,Book plane,1970-04-26 20:49:00,2446
7341,Check plane,1970-04-26 20:49:01,2447
7342,Decide,1970-04-26 20:49:02,2447
7343,Book hotel,1970-04-26 20:49:03,2447
7344,Check plane,1970-04-26 20:49:04,2448
7345,Decide,1970-04-26 20:49:05,2448
7346,Book plane,1970-04-26 20:49:06,2448
7347,Check hotel,1970-04-26 20:49:07,2449
7348,Decide,1970-04-26 20:49:08,2449
7349,Book plane,1970-04-26 20:49:09,2449
7350,Check plane,1970-04-26 20:49:10,2450
7351,Decide,1970-04-26 20:49:11,2450
7352,Book plane,1970-04-26 20:49:12,2450
7353,Check hotel,1970-04-26 20:49:13,2451
7354,Decide,1970-04-26 20:49:14,2451
7355,Book plane,1970-04-26 20:49:15,2451
7356,Check plane,1970-04-26 20:49:16,2452
7357,Decide,1970-04-26 20:49:17,2452
7358,Book plane,1970-04-26 20:49:18,2452
7359,Check plane,1970-04-26 20:49:19,2453
7360,Decide,1970-04-26 20:49:20,2453
7361,Book hotel,1970-04-26 20:49:21,2453
7362,Check hotel,1970-04-26 20:49:22,2454
7363,Decide,1970-04-26 20:49:23,2454
7364,Book hotel,1970-04-26 20:49:24,2454
7365,Check plane,1970-04-26 20:49:25,2455
7366,Decide,1970-04-26 20:49:26,2455
7367,Book hotel,1970-04-26 20:49:27,2455
7368,Check hotel,1970-04-26 20:49:28,2456
7369,Decide,1970-04-26 20:49:29,2456
7370,Book hotel,1970-04-26 20:49:30,2456
7371,Check plane,1970-04-26 20:49:31,2457
7372,Decide,1970-04-26 20:49:32,2457
7373,Book hotel,1970-04-26 20:49:33,2457
7374,Check hotel,1970-04-26 20:49:34,2458
7375,Decide,1970-04-26 20:49:35,2458
7376,Book plane,1970-04-26 20:49:36,2458
7377,Check plane,1970-04-26 20:49:37,2459
7378,Decide,1970-04-26 20:49:38,2459
7379,Book hotel,1970-04-26 20:49:39,2459
7380,Check plane,1970-04-26 20:49:40,2460
7381,Decide,1970-04-26 20:49:41,2460
7382,Book hotel,1970-04-26 20:49:42,2460
7383,Check plane,1970-04-26 20:49:43,2461
7384,Decide,1970-04-26 20:49:44,2461
7385,Book hotel,1970-04-26 20:49:45,2461
7386,Check plane,1970-04-26 20:49:46,2462
7387,Decide,1970-04-26 20:49:47,2462
7388,Book hotel,1970-04-26 20:49:48,2462
7389,Check plane,1970-04-26 20:49:49,2463
7390,Decide,1970-04-26 20:49:50,2463
7391,Book plane,1970-04-26 20:49:51,2463
7392,Check plane,1970-04-26 20:49:52,2464
7393,Decide,1970-04-26 20:49:53,2464
7394,Book hotel,1970-04-26 20:49:54,2464
7395,Check hotel,1970-04-26 20:49:55,2465
7396,Decide,1970-04-26 20:49:56,2465
7397,Book hotel,1970-04-26 20:49:57,2465
7398,Check plane,1970-04-26 20:49:58,2466
7399,Decide,1970-04-26 20:49:59,2466
7400,Book hotel,1970-04-26 20:50:00,2466
7401,Check plane,1970-04-26 20:50:01,2467
7402,Decide,1970-04-26 20:50:02,2467
7403,Book plane,1970-04-26 20:50:03,2467
7404,Check hotel,1970-04-26 20:50:04,2468
7405,Decide,1970-04-26 20:50:05,2468
7406,Book plane,1970-04-26 20:50:06,2468
7407,Check hotel,1970-04-26 20:50:07,2469
7408,Decide,1970-04-26 20:50:08,2469
7409,Book hotel,1970-04-26 20:50:09,2469
7410,Check plane,1970-04-26 20:50:10,2470
7411,Decide,1970-04-26 20:50:11,2470
7412,Book hotel,1970-04-26 20:50:12,2470
7413,Check hotel,1970-04-26 20:50:13,2471
7414,Decide,1970-04-26 20:50:14,2471
7415,Book hotel,1970-04-26 20:50:15,2471
7416,Check plane,1970-04-26 20:50:16,2472
7417,Decide,1970-04-26 20:50:17,2472
7418,Book hotel,1970-04-26 20:50:18,2472
7419,Check plane,1970-04-26 20:50:19,2473
7420,Decide,1970-04-26 20:50:20,2473
7421,Book plane,1970-04-26 20:50:21,2473
7422,Check plane,1970-04-26 20:50:22,2474
7423,Decide,1970-04-26 20:50:23,2474
7424,Book plane,1970-04-26 20:50:24,2474
7425,Check plane,1970-04-26 20:50:25,2475
7426,Decide,1970-04-26 20:50:26,2475
7427,Book hotel,1970-04-26 20:50:27,2475
7428,Check hotel,1970-04-26 20:50:28,2476
7429,Decide,1970-04-26 20:50:29,2476
7430,Book hotel,1970-04-26 20:50:30,2476
7431,Check hotel,1970-04-26 20:50:31,2477
7432,Decide,1970-04-26 20:50:32,2477
7433,Book hotel,1970-04-26 20:50:33,2477
7434,Check hotel,1970-04-26 20:50:34,2478
7435,Decide,1970-04-26 20:50:35,2478
7436,Book hotel,1970-04-26 20:50:36,2478
7437,Check hotel,1970-04-26 20:50:37,2479
7438,Decide,1970-04-26 20:50:38,2479
7439,Book hotel,1970-04-26 20:50:39,2479
7440,Check hotel,1970-04-26 20:50:40,2480
7441,Decide,1970-04-26 20:50:41,2480
7442,Book plane,1970-04-26 20:50:42,2480
7443,Check hotel,1970-04-26 20:50:43,2481
7444,Decide,1970-04-26 20:50:44,2481
7445,Book plane,1970-04-26 20:50:45,2481
7446,Check plane,1970-04-26 20:50:46,2482
7447,Decide,1970-04-26 20:50:47,2482
7448,Book plane,1970-04-26 20:50:48,2482
7449,Check plane,1970-04-26 20:50:49,2483
7450,Decide,1970-04-26 20:50:50,2483
7451,Book plane,1970-04-26 20:50:51,2483
7452,Check hotel,1970-04-26 20:50:52,2484
7453,Decide,1970-04-26 20:50:53,2484
7454,Book plane,1970-04-26 20:50:54,2484
7455,Check plane,1970-04-26 20:50:55,2485
7456,Decide,1970-04-26 20:50:56,2485
7457,Book hotel,1970-04-26 20:50:57,2485
7458,Check hotel,1970-04-26 20:50:58,2486
7459,Decide,1970-04-26 20:50:59,2486
7460,Book hotel,1970-04-26 20:51:00,2486
7461,Check plane,1970-04-26 20:51:01,2487
7462,Decide,1970-04-26 20:51:02,2487
7463,Book hotel,1970-04-26 20:51:03,2487
7464,Check hotel,1970-04-26 20:51:04,2488
7465,Decide,1970-04-26 20:51:05,2488
7466,Book plane,1970-04-26 20:51:06,2488
7467,Check hotel,1970-04-26 20:51:07,2489
7468,Decide,1970-04-26 20:51:08,2489
7469,Book plane,1970-04-26 20:51:09,2489
7470,Check plane,1970-04-26 20:51:10,2490
7471,Decide,1970-04-26 20:51:11,2490
7472,Book plane,1970-04-26 20:51:12,2490
7473,Check plane,1970-04-26 20:51:13,2491
7474,Decide,1970-04-26 20:51:14,2491
7475,Book plane,1970-04-26 20:51:15,2491
7476,Check hotel,1970-04-26 20:51:16,2492
7477,Decide,1970-04-26 20:51:17,2492
7478,Book plane,1970-04-26 20:51:18,2492
7479,Check hotel,1970-04-26 20:51:19,2493
7480,Decide,1970-04-26 20:51:20,2493
7481,Book plane,1970-04-26 20:51:21,2493
7482,Check hotel,1970-04-26 20:51:22,2494
7483,Decide,1970-04-26 20:51:23,2494
7484,Book hotel,1970-04-26 20:51:24,2494
7485,Check plane,1970-04-26 20:51:25,2495
7486,Decide,1970-04-26 20:51:26,2495
7487,Book hotel,1970-04-26 20:51:27,2495
7488,Check plane,1970-04-26 20:51:28,2496
7489,Decide,1970-04-26 20:51:29,2496
7490,Book plane,1970-04-26 20:51:30,2496
7491,Check hotel,1970-04-26 20:51:31,2497
7492,Decide,1970-04-26 20:51:32,2497
7493,Book plane,1970-04-26 20:51:33,2497
7494,Check hotel,1970-04-26 20:51:34,2498
7495,Decide,1970-04-26 20:51:35,2498
7496,Book plane,1970-04-26 20:51:36,2498
7497,Check plane,1970-04-26 20:51:37,2499
7498,Decide,1970-04-26 20:51:38,2499
7499,Book hotel,1970-04-26 20:51:39,2499
7500,Check plane,1970-04-26 20:51:40,2500
7501,Decide,1970-04-26 20:51:41,2500
7502,Book plane,1970-04-26 20:51:42,2500
7503,Check hotel,1970-04-26 20:51:43,2501
7504,Decide,1970-04-26 20:51:44,2501
7505,Book hotel,1970-04-26 20:51:45,2501
7506,Check plane,1970-04-26 20:51:46,2502
7507,Decide,1970-04-26 20:51:47,2502
7508,Book plane,1970-04-26 20:51:48,2502
7509,Check plane,1970-04-26 20:51:49,2503
7510,Decide,1970-04-26 20:51:50,2503
7511,Book plane,1970-04-26 20:51:51,2503
7512,Check plane,1970-04-26 20:51:52,2504
7513,Decide,1970-04-26 20:51:53,2504
7514,Book plane,1970-04-26 20:51:54,2504
7515,Check hotel,1970-04-26 20:51:55,2505
7516,Decide,1970-04-26 20:51:56,2505
7517,Book hotel,1970-04-26 20:51:57,2505
7518,Check plane,1970-04-26 20:51:58,2506
7519,Decide,1970-04-26 20:51:59,2506
7520,Book plane,1970-04-26 20:52:00,2506
7521,Check hotel,1970-04-26 20:52:01,2507
7522,Decide,1970-04-26 20:52:02,2507
7523,Book hotel,1970-04-26 20:52:03,2507
7524,Check plane,1970-04-26 20:52:04,2508
7525,Decide,1970-04-26 20:52:05,2508
7526,Book plane,1970-04-26 20:52:06,2508
7527,Check hotel,1970-04-26 20:52:07,2509
7528,Decide,1970-04-26 20:52:08,2509
7529,Book plane,1970-04-26 20:52:09,2509
7530,Check hotel,1970-04-26 20:52:10,2510
7531,Decide,1970-04-26 20:52:11,2510
7532,Book plane,1970-04-26 20:52:12,2510
7533,Check plane,1970-04-26 20:52:13,2511
7534,Decide,1970-04-26 20:52:14,2511
7535,Book plane,1970-04-26 20:52:15,2511
7536,Check hotel,1970-04-26 20:52:16,2512
7537,Decide,1970-04-26 20:52:17,2512
7538,Book hotel,1970-04-26 20:52:18,2512
7539,Check plane,1970-04-26 20:52:19,2513
7540,Decide,1970-04-26 20:52:20,2513
7541,Book hotel,1970-04-26 20:52:21,2513
7542,Check hotel,1970-04-26 20:52:22,2514
7543,Decide,1970-04-26 20:52:23,2514
7544,Book hotel,1970-04-26 20:52:24,2514
7545,Check hotel,1970-04-26 20:52:25,2515
7546,Decide,1970-04-26 20:52:26,2515
7547,Book hotel,1970-04-26 20:52:27,2515
7548,Check plane,1970-04-26 20:52:28,2516
7549,Decide,1970-04-26 20:52:29,2516
7550,Book hotel,1970-04-26 20:52:30,2516
7551,Check plane,1970-04-26 20:52:31,2517
7552,Decide,1970-04-26 20:52:32,2517
7553,Book hotel,1970-04-26 20:52:33,2517
7554,Check plane,1970-04-26 20:52:34,2518
7555,Decide,1970-04-26 20:52:35,2518
7556,Book plane,1970-04-26 20:52:36,2518
7557,Check hotel,1970-04-26 20:52:37,2519
7558,Decide,1970-04-26 20:52:38,2519
7559,Book plane,1970-04-26 20:52:39,2519
7560,Check hotel,1970-04-26 20:52:40,2520
7561,Decide,1970-04-26 20:52:41,2520
7562,Book plane,1970-04-26 20:52:42,2520
7563,Check plane,1970-04-26 20:52:43,2521
7564,Decide,1970-04-26 20:52:44,2521
7565,Book hotel,1970-04-26 20:52:45,2521
7566,Check hotel,1970-04-26 20:52:46,2522
7567,Decide,1970-04-26 20:52:47,2522
7568,Book plane,1970-04-26 20:52:48,2522
7569,Check plane,1970-04-26 20:52:49,2523
7570,Decide,1970-04-26 20:52:50,2523
7571,Book plane,1970-04-26 20:52:51,2523
7572,Check plane,1970-04-26 20:52:52,2524
7573,Decide,1970-04-26 20:52:53,2524
7574,Book hotel,1970-04-26 20:52:54,2524
7575,Check hotel,1970-04-26 20:52:55,2525
7576,Decide,1970-04-26 20:52:56,2525
7577,Book plane,1970-04-26 20:52:57,2525
7578,Check plane,1970-04-26 20:52:58,2526
7579,Decide,1970-04-26 20:52:59,2526
7580,Book hotel,1970-04-26 20:53:00,2526
7581,Check plane,1970-04-26 20:53:01,2527
7582,Decide,1970-04-26 20:53:02,2527
7583,Book plane,1970-04-26 20:53:03,2527
7584,Check plane,1970-04-26 20:53:04,2528
7585,Decide,1970-04-26 20:53:05,2528
7586,Book hotel,1970-04-26 20:53:06,2528
7587,Check plane,1970-04-26 20:53:07,2529
7588,Decide,1970-04-26 20:53:08,2529
7589,Book hotel,1970-04-26 20:53:09,2529
7590,Check plane,1970-04-26 20:53:10,2530
7591,Decide,1970-04-26 20:53:11,2530
7592,Book hotel,1970-04-26 20:53:12,2530
7593,Check plane,1970-04-26 20:53:13,2531
7594,Decide,1970-04-26 20:53:14,2531
7595,Book plane,1970-04-26 20:53:15,2531
7596,Check plane,1970-04-26 20:53:16,2532
7597,Decide,1970-04-26 20:53:17,2532
7598,Book hotel,1970-04-26 20:53:18,2532
7599,Check hotel,1970-04-26 20:53:19,2533
7600,Decide,1970-04-26 20:53:20,2533
7601,Book plane,1970-04-26 20:53:21,2533
7602,Check hotel,1970-04-26 20:53:22,2534
7603,Decide,1970-04-26 20:53:23,2534
7604,Book hotel,1970-04-26 20:53:24,2534
7605,Check hotel,1970-04-26 20:53:25,2535
7606,Decide,1970-04-26 20:53:26,2535
7607,Book plane,1970-04-26 20:53:27,2535
7608,Check plane,1970-04-26 20:53:28,2536
7609,Decide,1970-04-26 20:53:29,2536
7610,Book hotel,1970-04-26 20:53:30,2536
7611,Check hotel,1970-04-26 20:53:31,2537
7612,Decide,1970-04-26 20:53:32,2537
7613,Book plane,1970-04-26 20:53:33,2537
7614,Check hotel,1970-04-26 20:53:34,2538
7615,Decide,1970-04-26 20:53:35,2538
7616,Book plane,1970-04-26 20:53:36,2538
7617,Check plane,1970-04-26 20:53:37,2539
7618,Decide,1970-04-26 20:53:38,2539
7619,Book plane,1970-04-26 20:53:39,2539
7620,Check plane,1970-04-26 20:53:40,2540
7621,Decide,1970-04-26 20:53:41,2540
7622,Book plane,1970-04-26 20:53:42,2540
7623,Check hotel,1970-04-26 20:53:43,2541
7624,Decide,1970-04-26 20:53:44,2541
7625,Book hotel,1970-04-26 20:53:45,2541
7626,Check hotel,1970-04-26 20:53:46,2542
7627,Decide,1970-04-26 20:53:47,2542
7628,Book plane,1970-04-26 20:53:48,2542
7629,Check hotel,1970-04-26 20:53:49,2543
7630,Decide,1970-04-26 20:53:50,2543
7631,Book hotel,1970-04-26 20:53:51,2543
7632,Check hotel,1970-04-26 20:53:52,2544
7633,Decide,1970-04-26 20:53:53,2544
7634,Book hotel,1970-04-26 20:53:54,2544
7635,Check hotel,1970-04-26 20:53:55,2545
7636,Decide,1970-04-26 20:53:56,2545
7637,Book plane,1970-04-26 20:53:57,2545
7638,Check plane,1970-04-26 20:53:58,2546
7639,Decide,1970-04-26 20:53:59,2546
7640,Book hotel,1970-04-26 20:54:00,2546
7641,Check plane,1970-04-26 20:54:01,2547
7642,Decide,1970-04-26 20:54:02,2547
7643,Book hotel,1970-04-26 20:54:03,2547
7644,Check plane,1970-04-26 20:54:04,2548
7645,Decide,1970-04-26 20:54:05,2548
7646,Book hotel,1970-04-26 20:54:06,2548
7647,Check hotel,1970-04-26 20:54:07,2549
7648,Decide,1970-04-26 20:54:08,2549
7649,Book plane,1970-04-26 20:54:09,2549
7650,Check plane,1970-04-26 20:54:10,2550
7651,Decide,1970-04-26 20:54:11,2550
7652,Book hotel,1970-04-26 20:54:12,2550
7653,Check hotel,1970-04-26 20:54:13,2551
7654,Decide,1970-04-26 20:54:14,2551
7655,Book plane,1970-04-26 20:54:15,2551
7656,Check plane,1970-04-26 20:54:16,2552
7657,Decide,1970-04-26 20:54:17,2552
7658,Book hotel,1970-04-26 20:54:18,2552
7659,Check plane,1970-04-26 20:54:19,2553
7660,Decide,1970-04-26 20:54:20,2553
7661,Book hotel,1970-04-26 20:54:21,2553
7662,Check hotel,1970-04-26 20:54:22,2554
7663,Decide,1970-04-26 20:54:23,2554
7664,Book hotel,1970-04-26 20:54:24,2554
7665,Check plane,1970-04-26 20:54:25,2555
7666,Decide,1970-04-26 20:54:26,2555
7667,Book plane,1970-04-26 20:54:27,2555
7668,Check plane,1970-04-26 20:54:28,2556
7669,Decide,1970-04-26 20:54:29,2556
7670,Book plane,1970-04-26 20:54:30,2556
7671,Check plane,1970-04-26 20:54:31,2557
7672,Decide,1970-04-26 20:54:32,2557
7673,Book hotel,1970-04-26 20:54:33,2557
7674,Check hotel,1970-04-26 20:54:34,2558
7675,Decide,1970-04-26 20:54:35,2558
7676,Book plane,1970-04-26 20:54:36,2558
7677,Check plane,1970-04-26 20:54:37,2559
7678,Decide,1970-04-26 20:54:38,2559
7679,Book hotel,1970-04-26 20:54:39,2559
7680,Check hotel,1970-04-26 20:54:40,2560
7681,Decide,1970-04-26 20:54:41,2560
7682,Book plane,1970-04-26 20:54:42,2560
7683,Check hotel,1970-04-26 20:54:43,2561
7684,Decide,1970-04-26 20:54:44,2561
7685,Book plane,1970-04-26 20:54:45,2561
7686,Check plane,1970-04-26 20:54:46,2562
7687,Decide,1970-04-26 20:54:47,2562
7688,Book plane,1970-04-26 20:54:48,2562
7689,Check hotel,1970-04-26 20:54:49,2563
7690,Decide,1970-04-26 20:54:50,2563
7691,Book hotel,1970-04-26 20:54:51,2563
7692,Check plane,1970-04-26 20:54:52,2564
7693,Decide,1970-04-26 20:54:53,2564
7694,Book hotel,1970-04-26 20:54:54,2564
7695,Check plane,1970-04-26 20:54:55,2565
7696,Decide,1970-04-26 20:54:56,2565
7697,Book hotel,1970-04-26 20:54:57,2565
7698,Check hotel,1970-04-26 20:54:58,2566
7699,Decide,1970-04-26 20:54:59,2566
7700,Book hotel,1970-04-26 20:55:00,2566
7701,Check plane,1970-04-26 20:55:01,2567
7702,Decide,1970-04-26 20:55:02,2567
7703,Book hotel,1970-04-26 20:55:03,2567
7704,Check plane,1970-04-26 20:55:04,2568
7705,Decide,1970-04-26 20:55:05,2568
7706,Book plane,1970-04-26 20:55:06,2568
7707,Check plane,1970-04-26 20:55:07,2569
7708,Decide,1970-04-26 20:55:08,2569
7709,Book hotel,1970-04-26 20:55:09,2569
7710,Check plane,1970-04-26 20:55:10,2570
7711,Decide,1970-04-26 20:55:11,2570
7712,Book hotel,1970-04-26 20:55:12,2570
7713,Check plane,1970-04-26 20:55:13,2571
7714,Decide,1970-04-26 20:55:14,2571
7715,Book plane,1970-04-26 20:55:15,2571
7716,Check hotel,1970-04-26 20:55:16,2572
7717,Decide,1970-04-26 20:55:17,2572
7718,Book hotel,1970-04-26 20:55:18,2572
7719,Check plane,1970-04-26 20:55:19,2573
7720,Decide,1970-04-26 20:55:20,2573
7721,Book plane,1970-04-26 20:55:21,2573
7722,Check hotel,1970-04-26 20:55:22,2574
7723,Decide,1970-04-26 20:55:23,2574
7724,Book hotel,1970-04-26 20:55:24,2574
7725,Check hotel,1970-04-26 20:55:25,2575
7726,Decide,1970-04-26 20:55:26,2575
7727,Book hotel,1970-04-26 20:55:27,2575
7728,Check hotel,1970-04-26 20:55:28,2576
7729,Decide,1970-04-26 20:55:29,2576
7730,Book plane,1970-04-26 20:55:30,2576
7731,Check hotel,1970-04-26 20:55:31,2577
7732,Decide,1970-04-26 20:55:32,2577
7733,Book plane,1970-04-26 20:55:33,2577
7734,Check plane,1970-04-26 20:55:34,2578
7735,Decide,1970-04-26 20:55:35,2578
7736,Book plane,1970-04-26 20:55:36,2578
7737,Check plane,1970-04-26 20:55:37,2579
7738,Decide,1970-04-26 20:55:38,2579
7739,Book hotel,1970-04-26 20:55:39,2579
7740,Check plane,1970-04-26 20:55:40,2580
7741,Decide,1970-04-26 20:55:41,2580
7742,Book plane,1970-04-26 20:55:42,2580
7743,Check plane,1970-04-26 20:55:43,2581
7744,Decide,1970-04-26 20:55:44,2581
7745,Book plane,1970-04-26 20:55:45,2581
7746,Check hotel,1970-04-26 20:55:46,2582
7747,Decide,1970-04-26 20:55:47,2582
7748,Book plane,1970-04-26 20:55:48,2582
7749,Check hotel,1970-04-26 20:55:49,2583
7750,Decide,1970-04-26 20:55:50,2583
7751,Book hotel,1970-04-26 20:55:51,2583
7752,Check plane,1970-04-26 20:55:52,2584
7753,Decide,1970-04-26 20:55:53,2584
7754,Book hotel,1970-04-26 20:55:54,2584
7755,Check plane,1970-04-26 20:55:55,2585
7756,Decide,1970-04-26 20:55:56,2585
7757,Book plane,1970-04-26 20:55:57,2585
7758,Check hotel,1970-04-26 20:55:58,2586
7759,Decide,1970-04-26 20:55:59,2586
7760,Book plane,1970-04-26 20:56:00,2586
7761,Check hotel,1970-04-26 20:56:01,2587
7762,Decide,1970-04-26 20:56:02,2587
7763,Book plane,1970-04-26 20:56:03,2587
7764,Check plane,1970-04-26 20:56:04,2588
7765,Decide,1970-04-26 20:56:05,2588
7766,Book hotel,1970-04-26 20:56:06,2588
7767,Check plane,1970-04-26 20:56:07,2589
7768,Decide,1970-04-26 20:56:08,2589
7769,Book plane,1970-04-26 20:56:09,2589
7770,Check plane,1970-04-26 20:56:10,2590
7771,Decide,1970-04-26 20:56:11,2590
7772,Book hotel,1970-04-26 20:56:12,2590
7773,Check plane,1970-04-26 20:56:13,2591
7774,Decide,1970-04-26 20:56:14,2591
7775,Book hotel,1970-04-26 20:56:15,2591
7776,Check hotel,1970-04-26 20:56:16,2592
7777,Decide,1970-04-26 20:56:17,2592
7778,Book hotel,1970-04-26 20:56:18,2592
7779,Check hotel,1970-04-26 20:56:19,2593
7780,Decide,1970-04-26 20:56:20,2593
7781,Book hotel,1970-04-26 20:56:21,2593
7782,Check hotel,1970-04-26 20:56:22,2594
7783,Decide,1970-04-26 20:56:23,2594
7784,Book plane,1970-04-26 20:56:24,2594
7785,Check plane,1970-04-26 20:56:25,2595
7786,Decide,1970-04-26 20:56:26,2595
7787,Book hotel,1970-04-26 20:56:27,2595
7788,Check plane,1970-04-26 20:56:28,2596
7789,Decide,1970-04-26 20:56:29,2596
7790,Book hotel,1970-04-26 20:56:30,2596
7791,Check hotel,1970-04-26 20:56:31,2597
7792,Decide,1970-04-26 20:56:32,2597
7793,Book hotel,1970-04-26 20:56:33,2597
7794,Check hotel,1970-04-26 20:56:34,2598
7795,Decide,1970-04-26 20:56:35,2598
7796,Book hotel,1970-04-26 20:56:36,2598
7797,Check plane,1970-04-26 20:56:37,2599
7798,Decide,1970-04-26 20:56:38,2599
7799,Book hotel,1970-04-26 20:56:39,2599
7800,Check plane,1970-04-26 20:56:40,2600
7801,Decide,1970-04-26 20:56:41,2600
7802,Book hotel,1970-04-26 20:56:42,2600
7803,Check hotel,1970-04-26 20:56:43,2601
7804,Decide,1970-04-26 20:56:44,2601
7805,Book plane,1970-04-26 20:56:45,2601
7806,Check plane,1970-04-26 20:56:46,2602
7807,Decide,1970-04-26 20:56:47,2602
7808,Book hotel,1970-04-26 20:56:48,2602
7809,Check plane,1970-04-26 20:56:49,2603
7810,Decide,1970-04-26 20:56:50,2603
7811,Book hotel,1970-04-26 20:56:51,2603
7812,Check plane,1970-04-26 20:56:52,2604
7813,Decide,1970-04-26 20:56:53,2604
7814,Book hotel,1970-04-26 20:56:54,2604
7815,Check plane,1970-04-26 20:56:55,2605
7816,Decide,1970-04-26 20:56:56,2605
7817,Book plane,1970-04-26 20:56:57,2605
7818,Check hotel,1970-04-26 20:56:58,2606
7819,Decide,1970-04-26 20:56:59,2606
7820,Book plane,1970-04-26 20:57:00,2606
7821,Check hotel,1970-04-26 20:57:01,2607
7822,Decide,1970-04-26 20:57:02,2607
7823,Book plane,1970-04-26 20:57:03,2607
7824,Check hotel,1970-04-26 20:57:04,2608
7825,Decide,1970-04-26 20:57:05,2608
7826,Book plane,1970-04-26 20:57:06,2608
7827,Check plane,1970-04-26 20:57:07,2609
7828,Decide,1970-04-26 20:57:08,2609
7829,Book hotel,1970-04-26 20:57:09,2609
7830,Check plane,1970-04-26 20:57:10,2610
7831,Decide,1970-04-26 20:57:11,2610
7832,Book plane,1970-04-26 20:57:12,2610
7833,Check hotel,1970-04-26 20:57:13,2611
7834,Decide,1970-04-26 20:57:14,2611
7835,Book hotel,1970-04-26 20:57:15,2611
7836,Check hotel,1970-04-26 20:57:16,2612
7837,Decide,1970-04-26 20:57:17,2612
7838,Book hotel,1970-04-26 20:57:18,2612
7839,Check hotel,1970-04-26 20:57:19,2613
7840,Decide,1970-04-26 20:57:20,2613
7841,Book plane,1970-04-26 20:57:21,2613
7842,Check hotel,1970-04-26 20:57:22,2614
7843,Decide,1970-04-26 20:57:23,2614
7844,Book hotel,1970-04-26 20:57:24,2614
7845,Check hotel,1970-04-26 20:57:25,2615
7846,Decide,1970-04-26 20:57:26,2615
7847,Book hotel,1970-04-26 20:57:27,2615
7848,Check hotel,1970-04-26 20:57:28,2616
7849,Decide,1970-04-26 20:57:29,2616
7850,Book hotel,1970-04-26 20:57:30,2616
7851,Check plane,1970-04-26 20:57:31,2617
7852,Decide,1970-04-26 20:57:32,2617
7853,Book plane,1970-04-26 20:57:33,2617
7854,Check hotel,1970-04-26 20:57:34,2618
7855,Decide,1970-04-26 20:57:35,2618
7856,Book plane,1970-04-26 20:57:36,2618
7857,Check plane,1970-04-26 20:57:37,2619
7858,Decide,1970-04-26 20:57:38,2619
7859,Book hotel,1970-04-26 20:57:39,2619
7860,Check plane,1970-04-26 20:57:40,2620
7861,Decide,1970-04-26 20:57:41,2620
7862,Book plane,1970-04-26 20:57:42,2620
7863,Check plane,1970-04-26 20:57:43,2621
7864,Decide,1970-04-26 20:57:44,2621
7865,Book hotel,1970-04-26 20:57:45,2621
7866,Check plane,1970-04-26 20:57:46,2622
7867,Decide,1970-04-26 20:57:47,2622
7868,Book plane,1970-04-26 20:57:48,2622
7869,Check hotel,1970-04-26 20:57:49,2623
7870,Decide,1970-04-26 20:57:50,2623
7871,Book plane,1970-04-26 20:57:51,2623
7872,Check plane,1970-04-26 20:57:52,2624
7873,Decide,1970-04-26 20:57:53,2624
7874,Book hotel,1970-04-26 20:57:54,2624
7875,Check plane,1970-04-26 20:57:55,2625
7876,Decide,1970-04-26 20:57:56,2625
7877,Book hotel,1970-04-26 20:57:57,2625
7878,Check plane,1970-04-26 20:57:58,2626
7879,Decide,1970-04-26 20:57:59,2626
7880,Book hotel,1970-04-26 20:58:00,2626
7881,Check hotel,1970-04-26 20:58:01,2627
7882,Decide,1970-04-26 20:58:02,2627
7883,Book plane,1970-04-26 20:58:03,2627
7884,Check hotel,1970-04-26 20:58:04,2628
7885,Decide,1970-04-26 20:58:05,2628
7886,Book plane,1970-04-26 20:58:06,2628
7887,Check hotel,1970-04-26 20:58:07,2629
7888,Decide,1970-04-26 20:58:08,2629
7889,Book plane,1970-04-26 20:58:09,2629
7890,Check plane,1970-04-26 20:58:10,2630
7891,Decide,1970-04-26 20:58:11,2630
7892,Book plane,1970-04-26 20:58:12,2630
7893,Check hotel,1970-04-26 20:58:13,2631
7894,Decide,1970-04-26 20:58:14,2631
7895,Book plane,1970-04-26 20:58:15,2631
7896,Check hotel,1970-04-26 20:58:16,2632
7897,Decide,1970-04-26 20:58:17,2632
7898,Book hotel,1970-04-26 20:58:18,2632
7899,Check plane,1970-04-26 20:58:19,2633
7900,Decide,1970-04-26 20:58:20,2633
7901,Book hotel,1970-04-26 20:58:21,2633
7902,Check plane,1970-04-26 20:58:22,2634
7903,Decide,1970-04-26 20:58:23,2634
7904,Book plane,1970-04-26 20:58:24,2634
7905,Check hotel,1970-04-26 20:58:25,2635
7906,Decide,1970-04-26 20:58:26,2635
7907,Book plane,1970-04-26 20:58:27,2635
7908,Check hotel,1970-04-26 20:58:28,2636
7909,Decide,1970-04-26 20:58:29,2636
7910,Book hotel,1970-04-26 20:58:30,2636
7911,Check plane,1970-04-26 20:58:31,2637
7912,Decide,1970-04-26 20:58:32,2637
7913,Book hotel,1970-04-26 20:58:33,2637
7914,Check plane,1970-04-26 20:58:34,2638
7915,Decide,1970-04-26 20:58:35,2638
7916,Book plane,1970-04-26 20:58:36,2638
7917,Check hotel,1970-04-26 20:58:37,2639
7918,Decide,1970-04-26 20:58:38,2639
7919,Book hotel,1970-04-26 20:58:39,2639
7920,Check plane,1970-04-26 20:58:40,2640
7921,Decide,1970-04-26 20:58:41,2640
7922,Book hotel,1970-04-26 20:58:42,2640
7923,Check plane,1970-04-26 20:58:43,2641
7924,Decide,1970-04-26 20:58:44,2641
7925,Book plane,1970-04-26 20:58:45,2641
7926,Check plane,1970-04-26 20:58:46,2642
7927,Decide,1970-04-26 20:58:47,2642
7928,Book hotel,1970-04-26 20:58:48,2642
7929,Check plane,1970-04-26 20:58:49,2643
7930,Decide,1970-04-26 20:58:50,2643
7931,Book plane,1970-04-26 20:58:51,2643
7932,Check hotel,1970-04-26 20:58:52,2644
7933,Decide,1970-04-26 20:58:53,2644
7934,Book hotel,1970-04-26 20:58:54,2644
7935,Check hotel,1970-04-26 20:58:55,2645
7936,Decide,1970-04-26 20:58:56,2645
7937,Book hotel,1970-04-26 20:58:57,2645
7938,Check plane,1970-04-26 20:58:58,2646
7939,Decide,1970-04-26 20:58:59,2646
7940,Book plane,1970-04-26 20:59:00,2646
7941,Check hotel,1970-04-26 20:59:01,2647
7942,Decide,1970-04-26 20:59:02,2647
7943,Book plane,1970-04-26 20:59:03,2647
7944,Check plane,1970-04-26 20:59:04,2648
7945,Decide,1970-04-26 20:59:05,2648
7946,Book hotel,1970-04-26 20:59:06,2648
7947,Check plane,1970-04-26 20:59:07,2649
7948,Decide,1970-04-26 20:59:08,2649
7949,Book plane,1970-04-26 20:59:09,2649
7950,Check plane,1970-04-26 20:59:10,2650
7951,Decide,1970-04-26 20:59:11,2650
7952,Book plane,1970-04-26 20:59:12,2650
7953,Check hotel,1970-04-26 20:59:13,2651
7954,Decide,1970-04-26 20:59:14,2651
7955,Book hotel,1970-04-26 20:59:15,2651
7956,Check plane,1970-04-26 20:59:16,2652
7957,Decide,1970-04-26 20:59:17,2652
7958,Book hotel,1970-04-26 20:59:18,2652
7959,Check hotel,1970-04-26 20:59:19,2653
7960,Decide,1970-04-26 20:59:20,2653
7961,Book plane,1970-04-26 20:59:21,2653
7962,Check hotel,1970-04-26 20:59:22,2654
7963,Decide,1970-04-26 20:59:23,2654
7964,Book hotel,1970-04-26 20:59:24,2654
7965,Check plane,1970-04-26 20:59:25,2655
7966,Decide,1970-04-26 20:59:26,2655
7967,Book plane,1970-04-26 20:59:27,2655
7968,Check plane,1970-04-26 20:59:28,2656
7969,Decide,1970-04-26 20:59:29,2656
7970,Book hotel,1970-04-26 20:59:30,2656
7971,Check hotel,1970-04-26 20:59:31,2657
7972,Decide,1970-04-26 20:59:32,2657
7973,Book hotel,1970-04-26 20:59:33,2657
7974,Check hotel,1970-04-26 20:59:34,2658
7975,Decide,1970-04-26 20:59:35,2658
7976,Book hotel,1970-04-26 20:59:36,2658
7977,Check hotel,1970-04-26 20:59:37,2659
7978,Decide,1970-04-26 20:59:38,2659
7979,Book plane,1970-04-26 20:59:39,2659
7980,Check plane,1970-04-26 20:59:40,2660
7981,Decide,1970-04-26 20:59:41,2660
7982,Book plane,1970-04-26 20:59:42,2660
7983,Check plane,1970-04-26 20:59:43,2661
7984,Decide,1970-04-26 20:59:44,2661
7985,Book plane,1970-04-26 20:59:45,2661
7986,Check plane,1970-04-26 20:59:46,2662
7987,Decide,1970-04-26 20:59:47,2662
7988,Book hotel,1970-04-26 20:59:48,2662
7989,Check plane,1970-04-26 20:59:49,2663
7990,Decide,1970-04-26 20:59:50,2663
7991,Book plane,1970-04-26 20:59:51,2663
7992,Check plane,1970-04-26 20:59:52,2664
7993,Decide,1970-04-26 20:59:53,2664
7994,Book hotel,1970-04-26 20:59:54,2664
7995,Check hotel,1970-04-26 20:59:55,2665
7996,Decide,1970-04-26 20:59:56,2665
7997,Book hotel,1970-04-26 20:59:57,2665
7998,Check hotel,1970-04-26 20:59:58,2666
7999,Decide,1970-04-26 20:59:59,2666
8000,Book plane,1970-04-26 21:00:00,2666
8001,Check hotel,1970-04-26 21:00:01,2667
8002,Decide,1970-04-26 21:00:02,2667
8003,Book hotel,1970-04-26 21:00:03,2667
8004,Check plane,1970-04-26 21:00:04,2668
8005,Decide,1970-04-26 21:00:05,2668
8006,Book hotel,1970-04-26 21:00:06,2668
8007,Check plane,1970-04-26 21:00:07,2669
8008,Decide,1970-04-26 21:00:08,2669
8009,Book plane,1970-04-26 21:00:09,2669
8010,Check plane,1970-04-26 21:00:10,2670
8011,Decide,1970-04-26 21:00:11,2670
8012,Book plane,1970-04-26 21:00:12,2670
8013,Check hotel,1970-04-26 21:00:13,2671
8014,Decide,1970-04-26 21:00:14,2671
8015,Book plane,1970-04-26 21:00:15,2671
8016,Check plane,1970-04-26 21:00:16,2672
8017,Decide,1970-04-26 21:00:17,2672
8018,Book plane,1970-04-26 21:00:18,2672
8019,Check hotel,1970-04-26 21:00:19,2673
8020,Decide,1970-04-26 21:00:20,2673
8021,Book plane,1970-04-26 21:00:21,2673
8022,Check hotel,1970-04-26 21:00:22,2674
8023,Decide,1970-04-26 21:00:23,2674
8024,Book hotel,1970-04-26 21:00:24,2674
8025,Check hotel,1970-04-26 21:00:25,2675
8026,Decide,1970-04-26 21:00:26,2675
8027,Book plane,1970-04-26 21:00:27,2675
8028,Check hotel,1970-04-26 21:00:28,2676
8029,Decide,1970-04-26 21:00:29,2676
8030,Book hotel,1970-04-26 21:00:30,2676
8031,Check hotel,1970-04-26 21:00:31,2677
8032,Decide,1970-04-26 21:00:32,2677
8033,Book hotel,1970-04-26 21:00:33,2677
8034,Check plane,1970-04-26 21:00:34,2678
8035,Decide,1970-04-26 21:00:35,2678
8036,Book hotel,1970-04-26 21:00:36,2678
8037,Check hotel,1970-04-26 21:00:37,2679
8038,Decide,1970-04-26 21:00:38,2679
8039,Book plane,1970-04-26 21:00:39,2679
8040,Check hotel,1970-04-26 21:00:40,2680
8041,Decide,1970-04-26 21:00:41,2680
8042,Book plane,1970-04-26 21:00:42,2680
8043,Check plane,1970-04-26 21:00:43,2681
8044,Decide,1970-04-26 21:00:44,2681
8045,Book hotel,1970-04-26 21:00:45,2681
8046,Check plane,1970-04-26 21:00:46,2682
8047,Decide,1970-04-26 21:00:47,2682
8048,Book hotel,1970-04-26 21:00:48,2682
8049,Check hotel,1970-04-26 21:00:49,2683
8050,Decide,1970-04-26 21:00:50,2683
8051,Book hotel,1970-04-26 21:00:51,2683
8052,Check plane,1970-04-26 21:00:52,2684
8053,Decide,1970-04-26 21:00:53,2684
8054,Book plane,1970-04-26 21:00:54,2684
8055,Check hotel,1970-04-26 21:00:55,2685
8056,Decide,1970-04-26 21:00:56,2685
8057,Book plane,1970-04-26 21:00:57,2685
8058,Check plane,1970-04-26 21:00:58,2686
8059,Decide,1970-04-26 21:00:59,2686
8060,Book plane,1970-04-26 21:01:00,2686
8061,Check plane,1970-04-26 21:01:01,2687
8062,Decide,1970-04-26 21:01:02,2687
8063,Book plane,1970-04-26 21:01:03,2687
8064,Check hotel,1970-04-26 21:01:04,2688
8065,Decide,1970-04-26 21:01:05,2688
8066,Book hotel,1970-04-26 21:01:06,2688
8067,Check hotel,1970-04-26 21:01:07,2689
8068,Decide,1970-04-26 21:01:08,2689
8069,Book hotel,1970-04-26 21:01:09,2689
8070,Check plane,1970-04-26 21:01:10,2690
8071,Decide,1970-04-26 21:01:11,2690
8072,Book plane,1970-04-26 21:01:12,2690
8073,Check plane,1970-04-26 21:01:13,2691
8074,Decide,1970-04-26 21:01:14,2691
8075,Book plane,1970-04-26 21:01:15,2691
8076,Check plane,1970-04-26 21:01:16,2692
8077,Decide,1970-04-26 21:01:17,2692
8078,Book hotel,1970-04-26 21:01:18,2692
8079,Check plane,1970-04-26 21:01:19,2693
8080,Decide,1970-04-26 21:01:20,2693
8081,Book hotel,1970-04-26 21:01:21,2693
8082,Check plane,1970-04-26 21:01:22,2694
8083,Decide,1970-04-26 21:01:23,2694
8084,Book plane,1970-04-26 21:01:24,2694
8085,Check hotel,1970-04-26 21:01:25,2695
8086,Decide,1970-04-26 21:01:26,2695
8087,Book plane,1970-04-26 21:01:27,2695
8088,Check hotel,1970-04-26 21:01:28,2696
8089,Decide,1970-04-26 21:01:29,2696
8090,Book hotel,1970-04-26 21:01:30,2696
8091,Check plane,1970-04-26 21:01:31,2697
8092,Decide,1970-04-26 21:01:32,2697
8093,Book plane,1970-04-26 21:01:33,2697
8094,Check plane,1970-04-26 21:01:34,2698
8095,Decide,1970-04-26 21:01:35,2698
8096,Book plane,1970-04-26 21:01:36,2698
8097,Check hotel,1970-04-26 21:01:37,2699
8098,Decide,1970-04-26 21:01:38,2699
8099,Book hotel,1970-04-26 21:01:39,2699
8100,Check plane,1970-04-26 21:01:40,2700
8101,Decide,1970-04-26 21:01:41,2700
8102,Book hotel,1970-04-26 21:01:42,2700
8103,Check hotel,1970-04-26 21:01:43,2701
8104,Decide,1970-04-26 21:01:44,2701
8105,Book plane,1970-04-26 21:01:45,2701
8106,Check hotel,1970-04-26 21:01:46,2702
8107,Decide,1970-04-26 21:01:47,2702
8108,Book hotel,1970-04-26 21:01:48,2702
8109,Check hotel,1970-04-26 21:01:49,2703
8110,Decide,1970-04-26 21:01:50,2703
8111,Book plane,1970-04-26 21:01:51,2703
8112,Check hotel,1970-04-26 21:01:52,2704
8113,Decide,1970-04-26 21:01:53,2704
8114,Book plane,1970-04-26 21:01:54,2704
8115,Check plane,1970-04-26 21:01:55,2705
8116,Decide,1970-04-26 21:01:56,2705
8117,Book hotel,1970-04-26 21:01:57,2705
8118,Check hotel,1970-04-26 21:01:58,2706
8119,Decide,1970-04-26 21:01:59,2706
8120,Book plane,1970-04-26 21:02:00,2706
8121,Check plane,1970-04-26 21:02:01,2707
8122,Decide,1970-04-26 21:02:02,2707
8123,Book hotel,1970-04-26 21:02:03,2707
8124,Check hotel,1970-04-26 21:02:04,2708
8125,Decide,1970-04-26 21:02:05,2708
8126,Book hotel,1970-04-26 21:02:06,2708
8127,Check plane,1970-04-26 21:02:07,2709
8128,Decide,1970-04-26 21:02:08,2709
8129,Book plane,1970-04-26 21:02:09,2709
8130,Check plane,1970-04-26 21:02:10,2710
8131,Decide,1970-04-26 21:02:11,2710
8132,Book hotel,1970-04-26 21:02:12,2710
8133,Check hotel,1970-04-26 21:02:13,2711
8134,Decide,1970-04-26 21:02:14,2711
8135,Book plane,1970-04-26 21:02:15,2711
8136,Check plane,1970-04-26 21:02:16,2712
8137,Decide,1970-04-26 21:02:17,2712
8138,Book hotel,1970-04-26 21:02:18,2712
8139,Check plane,1970-04-26 21:02:19,2713
8140,Decide,1970-04-26 21:02:20,2713
8141,Book hotel,1970-04-26 21:02:21,2713
8142,Check hotel,1970-04-26 21:02:22,2714
8143,Decide,1970-04-26 21:02:23,2714
8144,Book hotel,1970-04-26 21:02:24,2714
8145,Check hotel,1970-04-26 21:02:25,2715
8146,Decide,1970-04-26 21:02:26,2715
8147,Book plane,1970-04-26 21:02:27,2715
8148,Check plane,1970-04-26 21:02:28,2716
8149,Decide,1970-04-26 21:02:29,2716
8150,Book plane,1970-04-26 21:02:30,2716
8151,Check plane,1970-04-26 21:02:31,2717
8152,Decide,1970-04-26 21:02:32,2717
8153,Book plane,1970-04-26 21:02:33,2717
8154,Check plane,1970-04-26 21:02:34,2718
8155,Decide,1970-04-26 21:02:35,2718
8156,Book hotel,1970-04-26 21:02:36,2718
8157,Check plane,1970-04-26 21:02:37,2719
8158,Decide,1970-04-26 21:02:38,2719
8159,Book hotel,1970-04-26 21:02:39,2719
8160,Check hotel,1970-04-26 21:02:40,2720
8161,Decide,1970-04-26 21:02:41,2720
8162,Book plane,1970-04-26 21:02:42,2720
8163,Check hotel,1970-04-26 21:02:43,2721
8164,Decide,1970-04-26 21:02:44,2721
8165,Book plane,1970-04-26 21:02:45,2721
8166,Check plane,1970-04-26 21:02:46,2722
8167,Decide,1970-04-26 21:02:47,2722
8168,Book hotel,1970-04-26 21:02:48,2722
8169,Check plane,1970-04-26 21:02:49,2723
8170,Decide,1970-04-26 21:02:50,2723
8171,Book hotel,1970-04-26 21:02:51,2723
8172,Check hotel,1970-04-26 21:02:52,2724
8173,Decide,1970-04-26 21:02:53,2724
8174,Book plane,1970-04-26 21:02:54,2724
8175,Check hotel,1970-04-26 21:02:55,2725
8176,Decide,1970-04-26 21:02:56,2725
8177,Book hotel,1970-04-26 21:02:57,2725
8178,Check plane,1970-04-26 21:02:58,2726
8179,Decide,1970-04-26 21:02:59,2726
8180,Book plane,1970-04-26 21:03:00,2726
8181,Check hotel,1970-04-26 21:03:01,2727
8182,Decide,1970-04-26 21:03:02,2727
8183,Book plane,1970-04-26 21:03:03,2727
8184,Check hotel,1970-04-26 21:03:04,2728
8185,Decide,1970-04-26 21:03:05,2728
8186,Book hotel,1970-04-26 21:03:06,2728
8187,Check hotel,1970-04-26 21:03:07,2729
8188,Decide,1970-04-26 21:03:08,2729
8189,Book plane,1970-04-26 21:03:09,2729
8190,Check plane,1970-04-26 21:03:10,2730
8191,Decide,1970-04-26 21:03:11,2730
8192,Book hotel,1970-04-26 21:03:12,2730
8193,Check hotel,1970-04-26 21:03:13,2731
8194,Decide,1970-04-26 21:03:14,2731
8195,Book plane,1970-04-26 21:03:15,2731
8196,Check plane,1970-04-26 21:03:16,2732
8197,Decide,1970-04-26 21:03:17,2732
8198,Book hotel,1970-04-26 21:03:18,2732
8199,Check plane,1970-04-26 21:03:19,2733
8200,Decide,1970-04-26 21:03:20,2733
8201,Book plane,1970-04-26 21:03:21,2733
8202,Check hotel,1970-04-26 21:03:22,2734
8203,Decide,1970-04-26 21:03:23,2734
8204,Book plane,1970-04-26 21:03:24,2734
8205,Check plane,1970-04-26 21:03:25,2735
8206,Decide,1970-04-26 21:03:26,2735
8207,Book hotel,1970-04-26 21:03:27,2735
8208,Check plane,1970-04-26 21:03:28,2736
8209,Decide,1970-04-26 21:03:29,2736
8210,Book plane,1970-04-26 21:03:30,2736
8211,Check hotel,1970-04-26 21:03:31,2737
8212,Decide,1970-04-26 21:03:32,2737
8213,Book plane,1970-04-26 21:03:33,2737
8214,Check hotel,1970-04-26 21:03:34,2738
8215,Decide,1970-04-26 21:03:35,2738
8216,Book plane,1970-04-26 21:03:36,2738
8217,Check hotel,1970-04-26 21:03:37,2739
8218,Decide,1970-04-26 21:03:38,2739
8219,Book hotel,1970-04-26 21:03:39,2739
8220,Check hotel,1970-04-26 21:03:40,2740
8221,Decide,1970-04-26 21:03:41,2740
8222,Book plane,1970-04-26 21:03:42,2740
8223,Check hotel,1970-04-26 21:03:43,2741
8224,Decide,1970-04-26 21:03:44,2741
8225,Book plane,1970-04-26 21:03:45,2741
8226,Check plane,1970-04-26 21:03:46,2742
8227,Decide,1970-04-26 21:03:47,2742
8228,Book hotel,1970-04-26 21:03:48,2742
8229,Check plane,1970-04-26 21:03:49,2743
8230,Decide,1970-04-26 21:03:50,2743
8231,Book plane,1970-04-26 21:03:51,2743
8232,Check plane,1970-04-26 21:03:52,2744
8233,Decide,1970-04-26 21:03:53,2744
8234,Book plane,1970-04-26 21:03:54,2744
8235,Check hotel,1970-04-26 21:03:55,2745
8236,Decide,1970-04-26 21:03:56,2745
8237,Book hotel,1970-04-26 21:03:57,2745
8238,Check hotel,1970-04-26 21:03:58,2746
8239,Decide,1970-04-26 21:03:59,2746
8240,Book hotel,1970-04-26 21:04:00,2746
8241,Check hotel,1970-04-26 21:04:01,2747
8242,Decide,1970-04-26 21:04:02,2747
8243,Book hotel,1970-04-26 21:04:03,2747
8244,Check hotel,1970-04-26 21:04:04,2748
8245,Decide,1970-04-26 21:04:05,2748
8246,Book plane,1970-04-26 21:04:06,2748
8247,Check plane,1970-04-26 21:04:07,2749
8248,Decide,1970-04-26 21:04:08,2749
8249,Book plane,1970-04-26 21:04:09,2749
8250,Check plane,1970-04-26 21:04:10,2750
8251,Decide,1970-04-26 21:04:11,2750
8252,Book hotel,1970-04-26 21:04:12,2750
8253,Check hotel,1970-04-26 21:04:13,2751
8254,Decide,1970-04-26 21:04:14,2751
8255,Book hotel,1970-04-26 21:04:15,2751
8256,Check plane,1970-04-26 21:04:16,2752
8257,Decide,1970-04-26 21:04:17,2752
8258,Book hotel,1970-04-26 21:04:18,2752
8259,Check plane,1970-04-26 21:04:19,2753
8260,Decide,1970-04-26 21:04:20,2753
8261,Book plane,1970-04-26 21:04:21,2753
8262,Check hotel,1970-04-26 21:04:22,2754
8263,Decide,1970-04-26 21:04:23,2754
8264,Book hotel,1970-04-26 21:04:24,2754
8265,Check plane,1970-04-26 21:04:25,2755
8266,Decide,1970-04-26 21:04:26,2755
8267,Book hotel,1970-04-26 21:04:27,2755
8268,Check hotel,1970-04-26 21:04:28,2756
8269,Decide,1970-04-26 21:04:29,2756
8270,Book hotel,1970-04-26 21:04:30,2756
8271,Check plane,1970-04-26 21:04:31,2757
8272,Decide,1970-04-26 21:04:32,2757
8273,Book plane,1970-04-26 21:04:33,2757
8274,Check hotel,1970-04-26 21:04:34,2758
8275,Decide,1970-04-26 21:04:35,2758
8276,Book plane,1970-04-26 21:04:36,2758
8277,Check plane,1970-04-26 21:04:37,2759
8278,Decide,1970-04-26 21:04:38,2759
8279,Book plane,1970-04-26 21:04:39,2759
8280,Check hotel,1970-04-26 21:04:40,2760
8281,Decide,1970-04-26 21:04:41,2760
8282,Book hotel,1970-04-26 21:04:42,2760
8283,Check hotel,1970-04-26 21:04:43,2761
8284,Decide,1970-04-26 21:04:44,2761
8285,Book hotel,1970-04-26 21:04:45,2761
8286,Check hotel,1970-04-26 21:04:46,2762
8287,Decide,1970-04-26 21:04:47,2762
8288,Book plane,1970-04-26 21:04:48,2762
8289,Check plane,1970-04-26 21:04:49,2763
8290,Decide,1970-04-26 21:04:50,2763
8291,Book hotel,1970-04-26 21:04:51,2763
8292,Check plane,1970-04-26 21:04:52,2764
8293,Decide,1970-04-26 21:04:53,2764
8294,Book plane,1970-04-26 21:04:54,2764
8295,Check hotel,1970-04-26 21:04:55,2765
8296,Decide,1970-04-26 21:04:56,2765
8297,Book plane,1970-04-26 21:04:57,2765
8298,Check hotel,1970-04-26 21:04:58,2766
8299,Decide,1970-04-26 21:04:59,2766
8300,Book hotel,1970-04-26 21:05:00,2766
8301,Check plane,1970-04-26 21:05:01,2767
8302,Decide,1970-04-26 21:05:02,2767
8303,Book plane,1970-04-26 21:05:03,2767
8304,Check hotel,1970-04-26 21:05:04,2768
8305,Decide,1970-04-26 21:05:05,2768
8306,Book plane,1970-04-26 21:05:06,2768
8307,Check hotel,1970-04-26 21:05:07,2769
8308,Decide,1970-04-26 21:05:08,2769
8309,Book hotel,1970-04-26 21:05:09,2769
8310,Check hotel,1970-04-26 21:05:10,2770
8311,Decide,1970-04-26 21:05:11,2770
8312,Book hotel,1970-04-26 21:05:12,2770
8313,Check hotel,1970-04-26 21:05:13,2771
8314,Decide,1970-04-26 21:05:14,2771
8315,Book plane,1970-04-26 21:05:15,2771
8316,Check plane,1970-04-26 21:05:16,2772
8317,Decide,1970-04-26 21:05:17,2772
8318,Book plane,1970-04-26 21:05:18,2772
8319,Check hotel,1970-04-26 21:05:19,2773
8320,Decide,1970-04-26 21:05:20,2773
8321,Book hotel,1970-04-26 21:05:21,2773
8322,Check plane,1970-04-26 21:05:22,2774
8323,Decide,1970-04-26 21:05:23,2774
8324,Book plane,1970-04-26 21:05:24,2774
8325,Check hotel,1970-04-26 21:05:25,2775
8326,Decide,1970-04-26 21:05:26,2775
8327,Book plane,1970-04-26 21:05:27,2775
8328,Check hotel,1970-04-26 21:05:28,2776
8329,Decide,1970-04-26 21:05:29,2776
8330,Book hotel,1970-04-26 21:05:30,2776
8331,Check hotel,1970-04-26 21:05:31,2777
8332,Decide,1970-04-26 21:05:32,2777
8333,Book plane,1970-04-26 21:05:33,2777
8334,Check hotel,1970-04-26 21:05:34,2778
8335,Decide,1970-04-26 21:05:35,2778
8336,Book plane,1970-04-26 21:05:36,2778
8337,Check plane,1970-04-26 21:05:37,2779
8338,Decide,1970-04-26 21:05:38,2779
8339,Book plane,1970-04-26 21:05:39,2779
8340,Check hotel,1970-04-26 21:05:40,2780
8341,Decide,1970-04-26 21:05:41,2780
8342,Book hotel,1970-04-26 21:05:42,2780
8343,Check hotel,1970-04-26 21:05:43,2781
8344,Decide,1970-04-26 21:05:44,2781
8345,Book plane,1970-04-26 21:05:45,2781
8346,Check hotel,1970-04-26 21:05:46,2782
8347,Decide,1970-04-26 21:05:47,2782
8348,Book plane,1970-04-26 21:05:48,2782
8349,Check plane,1970-04-26 21:05:49,2783
8350,Decide,1970-04-26 21:05:50,2783
8351,Book hotel,1970-04-26 21:05:51,2783
8352,Check plane,1970-04-26 21:05:52,2784
8353,Decide,1970-04-26 21:05:53,2784
8354,Book hotel,1970-04-26 21:05:54,2784
8355,Check plane,1970-04-26 21:05:55,2785
8356,Decide,1970-04-26 21:05:56,2785
8357,Book hotel,1970-04-26 21:05:57,2785
8358,Check plane,1970-04-26 21:05:58,2786
8359,Decide,1970-04-26 21:05:59,2786
8360,Book hotel,1970-04-26 21:06:00,2786
8361,Check plane,1970-04-26 21:06:01,2787
8362,Decide,1970-04-26 21:06:02,2787
8363,Book plane,1970-04-26 21:06:03,2787
8364,Check plane,1970-04-26 21:06:04,2788
8365,Decide,1970-04-26 21:06:05,2788
8366,Book plane,1970-04-26 21:06:06,2788
8367,Check plane,1970-04-26 21:06:07,2789
8368,Decide,1970-04-26 21:06:08,2789
8369,Book plane,1970-04-26 21:06:09,2789
8370,Check hotel,1970-04-26 21:06:10,2790
8371,Decide,1970-04-26 21:06:11,2790
8372,Book plane,1970-04-26 21:06:12,2790
8373,Check plane,1970-04-26 21:06:13,2791
8374,Decide,1970-04-26 21:06:14,2791
8375,Book hotel,1970-04-26 21:06:15,2791
8376,Check hotel,1970-04-26 21:06:16,2792
8377,Decide,1970-04-26 21:06:17,2792
8378,Book hotel,1970-04-26 21:06:18,2792
8379,Check plane,1970-04-26 21:06:19,2793
8380,Decide,1970-04-26 21:06:20,2793
8381,Book plane,1970-04-26 21:06:21,2793
8382,Check plane,1970-04-26 21:06:22,2794
8383,Decide,1970-04-26 21:06:23,2794
8384,Book hotel,1970-04-26 21:06:24,2794
8385,Check plane,1970-04-26 21:06:25,2795
8386,Decide,1970-04-26 21:06:26,2795
8387,Book plane,1970-04-26 21:06:27,2795
8388,Check hotel,1970-04-26 21:06:28,2796
8389,Decide,1970-04-26 21:06:29,2796
8390,Book hotel,1970-04-26 21:06:30,2796
8391,Check hotel,1970-04-26 21:06:31,2797
8392,Decide,1970-04-26 21:06:32,2797
8393,Book plane,1970-04-26 21:06:33,2797
8394,Check hotel,1970-04-26 21:06:34,2798
8395,Decide,1970-04-26 21:06:35,2798
8396,Book plane,1970-04-26 21:06:36,2798
8397,Check hotel,1970-04-26 21:06:37,2799
8398,Decide,1970-04-26 21:06:38,2799
8399,Book plane,1970-04-26 21:06:39,2799
8400,Check hotel,1970-04-26 21:06:40,2800
8401,Decide,1970-04-26 21:06:41,2800
8402,Book plane,1970-04-26 21:06:42,2800
8403,Check hotel,1970-04-26 21:06:43,2801
8404,Decide,1970-04-26 21:06:44,2801
8405,Book plane,1970-04-26 21:06:45,2801
8406,Check plane,1970-04-26 21:06:46,2802
8407,Decide,1970-04-26 21:06:47,2802
8408,Book plane,1970-04-26 21:06:48,2802
8409,Check hotel,1970-04-26 21:06:49,2803
8410,Decide,1970-04-26 21:06:50,2803
8411,Book plane,1970-04-26 21:06:51,2803
8412,Check plane,1970-04-26 21:06:52,2804
8413,Decide,1970-04-26 21:06:53,2804
8414,Book hotel,1970-04-26 21:06:54,2804
8415,Check plane,1970-04-26 21:06:55,2805
8416,Decide,1970-04-26 21:06:56,2805
8417,Book plane,1970-04-26 21:06:57,2805
8418,Check hotel,1970-04-26 21:06:58,2806
8419,Decide,1970-04-26 21:06:59,2806
8420,Book plane,1970-04-26 21:07:00,2806
8421,Check hotel,1970-04-26 21:07:01,2807
8422,Decide,1970-04-26 21:07:02,2807
8423,Book plane,1970-04-26 21:07:03,2807
8424,Check plane,1970-04-26 21:07:04,2808
8425,Decide,1970-04-26 21:07:05,2808
8426,Book plane,1970-04-26 21:07:06,2808
8427,Check hotel,1970-04-26 21:07:07,2809
8428,Decide,1970-04-26 21:07:08,2809
8429,Book plane,1970-04-26 21:07:09,2809
8430,Check hotel,1970-04-26 21:07:10,2810
8431,Decide,1970-04-26 21:07:11,2810
8432,Book hotel,1970-04-26 21:07:12,2810
8433,Check hotel,1970-04-26 21:07:13,2811
8434,Decide,1970-04-26 21:07:14,2811
8435,Book hotel,1970-04-26 21:07:15,2811
8436,Check plane,1970-04-26 21:07:16,2812
8437,Decide,1970-04-26 21:07:17,2812
8438,Book hotel,1970-04-26 21:07:18,2812
8439,Check plane,1970-04-26 21:07:19,2813
8440,Decide,1970-04-26 21:07:20,2813
8441,Book hotel,1970-04-26 21:07:21,2813
8442,Check plane,1970-04-26 21:07:22,2814
8443,Decide,1970-04-26 21:07:23,2814
8444,Book plane,1970-04-26 21:07:24,2814
8445,Check plane,1970-04-26 21:07:25,2815
8446,Decide,1970-04-26 21:07:26,2815
8447,Book hotel,1970-04-26 21:07:27,2815
8448,Check plane,1970-04-26 21:07:28,2816
8449,Decide,1970-04-26 21:07:29,2816
8450,Book plane,1970-04-26 21:07:30,2816
8451,Check hotel,1970-04-26 21:07:31,2817
8452,Decide,1970-04-26 21:07:32,2817
8453,Book plane,1970-04-26 21:07:33,2817
8454,Check plane,1970-04-26 21:07:34,2818
8455,Decide,1970-04-26 21:07:35,2818
8456,Book hotel,1970-04-26 21:07:36,2818
8457,Check hotel,1970-04-26 21:07:37,2819
8458,Decide,1970-04-26 21:07:38,2819
8459,Book hotel,1970-04-26 21:07:39,2819
8460,Check hotel,1970-04-26 21:07:40,2820
8461,Decide,1970-04-26 21:07:41,2820
8462,Book hotel,1970-04-26 21:07:42,2820
8463,Check hotel,1970-04-26 21:07:43,2821
8464,Decide,1970-04-26 21:07:44,2821
8465,Book hotel,1970-04-26 21:07:45,2821
8466,Check hotel,1970-04-26 21:07:46,2822
8467,Decide,1970-04-26 21:07:47,2822
8468,Book plane,1970-04-26 21:07:48,2822
8469,Check plane,1970-04-26 21:07:49,2823
8470,Decide,1970-04-26 21:07:50,2823
8471,Book plane,1970-04-26 21:07:51,2823
8472,Check hotel,1970-04-26 21:07:52,2824
8473,Decide,1970-04-26 21:07:53,2824
8474,Book plane,1970-04-26 21:07:54,2824
8475,Check plane,1970-04-26 21:07:55,2825
8476,Decide,1970-04-26 21:07:56,2825
8477,Book plane,1970-04-26 21:07:57,2825
8478,Check plane,1970-04-26 21:07:58,2826
8479,Decide,1970-04-26 21:07:59,2826
8480,Book hotel,1970-04-26 21:08:00,2826
8481,Check hotel,1970-04-26 21:08:01,2827
8482,Decide,1970-04-26 21:08:02,2827
8483,Book hotel,1970-04-26 21:08:03,2827
8484,Check hotel,1970-04-26 21:08:04,2828
8485,Decide,1970-04-26 21:08:05,2828
8486,Book plane,1970-04-26 21:08:06,2828
8487,Check hotel,1970-04-26 21:08:07,2829
8488,Decide,1970-04-26 21:08:08,2829
8489,Book plane,1970-04-26 21:08:09,2829
8490,Check hotel,1970-04-26 21:08:10,2830
8491,Decide,1970-04-26 21:08:11,2830
8492,Book plane,1970-04-26 21:08:12,2830
8493,Check plane,1970-04-26 21:08:13,2831
8494,Decide,1970-04-26 21:08:14,2831
8495,Book plane,1970-04-26 21:08:15,2831
8496,Check hotel,1970-04-26 21:08:16,2832
8497,Decide,1970-04-26 21:08:17,2832
8498,Book hotel,1970-04-26 21:08:18,2832
8499,Check hotel,1970-04-26 21:08:19,2833
8500,Decide,1970-04-26 21:08:20,2833
8501,Book plane,1970-04-26 21:08:21,2833
8502,Check plane,1970-04-26 21:08:22,2834
8503,Decide,1970-04-26 21:08:23,2834
8504,Book plane,1970-04-26 21:08:24,2834
8505,Check plane,1970-04-26 21:08:25,2835
8506,Decide,1970-04-26 21:08:26,2835
8507,Book hotel,1970-04-26 21:08:27,2835
8508,Check plane,1970-04-26 21:08:28,2836
8509,Decide,1970-04-26 21:08:29,2836
8510,Book hotel,1970-04-26 21:08:30,2836
8511,Check hotel,1970-04-26 21:08:31,2837
8512,Decide,1970-04-26 21:08:32,2837
8513,Book hotel,1970-04-26 21:08:33,2837
8514,Check hotel,1970-04-26 21:08:34,2838
8515,Decide,1970-04-26 21:08:35,2838
8516,Book hotel,1970-04-26 21:08:36,2838
8517,Check hotel,1970-04-26 21:08:37,2839
8518,Decide,1970-04-26 21:08:38,2839
8519,Book plane,1970-04-26 21:08:39,2839
8520,Check plane,1970-04-26 21:08:40,2840
8521,Decide,1970-04-26 21:08:41,2840
8522,Book hotel,1970-04-26 21:08:42,2840
8523,Check plane,1970-04-26 21:08:43,2841
8524,Decide,1970-04-26 21:08:44,2841
8525,Book hotel,1970-04-26 21:08:45,2841
8526,Check hotel,1970-04-26 21:08:46,2842
8527,Decide,1970-04-26 21:08:47,2842
8528,Book plane,1970-04-26 21:08:48,2842
8529,Check hotel,1970-04-26 21:08:49,2843
8530,Decide,1970-04-26 21:08:50,2843
8531,Book plane,1970-04-26 21:08:51,2843
8532,Check hotel,1970-04-26 21:08:52,2844
8533,Decide,1970-04-26 21:08:53,2844
8534,Book hotel,1970-04-26 21:08:54,2844
8535,Check plane,1970-04-26 21:08:55,2845
8536,Decide,1970-04-26 21:08:56,2845
8537,Book hotel,1970-04-26 21:08:57,2845
8538,Check plane,1970-04-26 21:08:58,2846
8539,Decide,1970-04-26 21:08:59,2846
8540,Book hotel,1970-04-26 21:09:00,2846
8541,Check plane,1970-04-26 21:09:01,2847
8542,Decide,1970-04-26 21:09:02,2847
8543,Book plane,1970-04-26 21:09:03,2847
8544,Check plane,1970-04-26 21:09:04,2848
8545,Decide,1970-04-26 21:09:05,2848
8546,Book hotel,1970-04-26 21:09:06,2848
8547,Check plane,1970-04-26 21:09:07,2849
8548,Decide,1970-04-26 21:09:08,2849
8549,Book plane,1970-04-26 21:09:09,2849
8550,Check plane,1970-04-26 21:09:10,2850
8551,Decide,1970-04-26 21:09:11,2850
8552,Book hotel,1970-04-26 21:09:12,2850
8553,Check hotel,1970-04-26 21:09:13,2851
8554,Decide,1970-04-26 21:09:14,2851
8555,Book hotel,1970-04-26 21:09:15,2851
8556,Check hotel,1970-04-26 21:09:16,2852
8557,Decide,1970-04-26 21:09:17,2852
8558,Book plane,1970-04-26 21:09:18,2852
8559,Check plane,1970-04-26 21:09:19,2853
8560,Decide,1970-04-26 21:09:20,2853
8561,Book plane,1970-04-26 21:09:21,2853
8562,Check plane,1970-04-26 21:09:22,2854
8563,Decide,1970-04-26 21:09:23,2854
8564,Book hotel,1970-04-26 21:09:24,2854
8565,Check plane,1970-04-26 21:09:25,2855
8566,Decide,1970-04-26 21:09:26,2855
8567,Book hotel,1970-04-26 21:09:27,2855
8568,Check plane,1970-04-26 21:09:28,2856
8569,Decide,1970-04-26 21:09:29,2856
8570,Book hotel,1970-04-26 21:09:30,2856
8571,Check hotel,1970-04-26 21:09:31,2857
8572,Decide,1970-04-26 21:09:32,2857
8573,Book hotel,1970-04-26 21:09:33,2857
8574,Check hotel,1970-04-26 21:09:34,2858
8575,Decide,1970-04-26 21:09:35,2858
8576,Book hotel,1970-04-26 21:09:36,2858
8577,Check plane,1970-04-26 21:09:37,2859
8578,Decide,1970-04-26 21:09:38,2859
8579,Book hotel,1970-04-26 21:09:39,2859
8580,Check hotel,1970-04-26 21:09:40,2860
8581,Decide,1970-04-26 21:09:41,2860
8582,Book hotel,1970-04-26 21:09:42,2860
8583,Check plane,1970-04-26 21:09:43,2861
8584,Decide,1970-04-26 21:09:44,2861
8585,Book plane,1970-04-26 21:09:45,2861
8586,Check plane,1970-04-26 21:09:46,2862
8587,Decide,1970-04-26 21:09:47,2862
8588,Book hotel,1970-04-26 21:09:48,2862
8589,Check hotel,1970-04-26 21:09:49,2863
8590,Decide,1970-04-26 21:09:50,2863
8591,Book hotel,1970-04-26 21:09:51,2863
8592,Check hotel,1970-04-26 21:09:52,2864
8593,Decide,1970-04-26 21:09:53,2864
8594,Book hotel,1970-04-26 21:09:54,2864
8595,Check hotel,1970-04-26 21:09:55,2865
8596,Decide,1970-04-26 21:09:56,2865
8597,Book plane,1970-04-26 21:09:57,2865
8598,Check plane,1970-04-26 21:09:58,2866
8599,Decide,1970-04-26 21:09:59,2866
8600,Book hotel,1970-04-26 21:10:00,2866
8601,Check hotel,1970-04-26 21:10:01,2867
8602,Decide,1970-04-26 21:10:02,2867
8603,Book plane,1970-04-26 21:10:03,2867
8604,Check plane,1970-04-26 21:10:04,2868
8605,Decide,1970-04-26 21:10:05,2868
8606,Book plane,1970-04-26 21:10:06,2868
8607,Check hotel,1970-04-26 21:10:07,2869
8608,Decide,1970-04-26 21:10:08,2869
8609,Book hotel,1970-04-26 21:10:09,2869
8610,Check plane,1970-04-26 21:10:10,2870
8611,Decide,1970-04-26 21:10:11,2870
8612,Book hotel,1970-04-26 21:10:12,2870
8613,Check plane,1970-04-26 21:10:13,2871
8614,Decide,1970-04-26 21:10:14,2871
8615,Book plane,1970-04-26 21:10:15,2871
8616,Check plane,1970-04-26 21:10:16,2872
8617,Decide,1970-04-26 21:10:17,2872
8618,Book hotel,1970-04-26 21:10:18,2872
8619,Check hotel,1970-04-26 21:10:19,2873
8620,Decide,1970-04-26 21:10:20,2873
8621,Book plane,1970-04-26 21:10:21,2873
8622,Check hotel,1970-04-26 21:10:22,2874
8623,Decide,1970-04-26 21:10:23,2874
8624,Book hotel,1970-04-26 21:10:24,2874
8625,Check plane,1970-04-26 21:10:25,2875
8626,Decide,1970-04-26 21:10:26,2875
8627,Book hotel,1970-04-26 21:10:27,2875
8628,Check plane,1970-04-26 21:10:28,2876
8629,Decide,1970-04-26 21:10:29,2876
8630,Book hotel,1970-04-26 21:10:30,2876
8631,Check hotel,1970-04-26 21:10:31,2877
8632,Decide,1970-04-26 21:10:32,2877
8633,Book hotel,1970-04-26 21:10:33,2877
8634,Check hotel,1970-04-26 21:10:34,2878
8635,Decide,1970-04-26 21:10:35,2878
8636,Book hotel,1970-04-26 21:10:36,2878
8637,Check hotel,1970-04-26 21:10:37,2879
8638,Decide,1970-04-26 21:10:38,2879
8639,Book plane,1970-04-26 21:10:39,2879
8640,Check hotel,1970-04-26 21:10:40,2880
8641,Decide,1970-04-26 21:10:41,2880
8642,Book hotel,1970-04-26 21:10:42,2880
8643,Check plane,1970-04-26 21:10:43,2881
8644,Decide,1970-04-26 21:10:44,2881
8645,Book plane,1970-04-26 21:10:45,2881
8646,Check plane,1970-04-26 21:10:46,2882
8647,Decide,1970-04-26 21:10:47,2882
8648,Book hotel,1970-04-26 21:10:48,2882
8649,Check hotel,1970-04-26 21:10:49,2883
8650,Decide,1970-04-26 21:10:50,2883
8651,Book plane,1970-04-26 21:10:51,2883
8652,Check hotel,1970-04-26 21:10:52,2884
8653,Decide,1970-04-26 21:10:53,2884
8654,Book plane,1970-04-26 21:10:54,2884
8655,Check plane,1970-04-26 21:10:55,2885
8656,Decide,1970-04-26 21:10:56,2885
8657,Book plane,1970-04-26 21:10:57,2885
8658,Check plane,1970-04-26 21:10:58,2886
8659,Decide,1970-04-26 21:10:59,2886
8660,Book hotel,1970-04-26 21:11:00,2886
8661,Check plane,1970-04-26 21:11:01,2887
8662,Decide,1970-04-26 21:11:02,2887
8663,Book plane,1970-04-26 21:11:03,2887
8664,Check plane,1970-04-26 21:11:04,2888
8665,Decide,1970-04-26 21:11:05,2888
8666,Book plane,1970-04-26 21:11:06,2888
8667,Check plane,1970-04-26 21:11:07,2889
8668,Decide,1970-04-26 21:11:08,2889
8669,Book plane,1970-04-26 21:11:09,2889
8670,Check hotel,1970-04-26 21:11:10,2890
8671,Decide,1970-04-26 21:11:11,2890
8672,Book plane,1970-04-26 21:11:12,2890
8673,Check plane,1970-04-26 21:11:13,2891
8674,Decide,1970-04-26 21:11:14,2891
8675,Book plane,1970-04-26 21:11:15,2891
8676,Check plane,1970-04-26 21:11:16,2892
8677,Decide,1970-04-26 21:11:17,2892
8678,Book plane,1970-04-26 21:11:18,2892
8679,Check hotel,1970-04-26 21:11:19,2893
8680,Decide,1970-04-26 21:11:20,2893
8681,Book plane,1970-04-26 21:11:21,2893
8682,Check plane,1970-04-26 21:11:22,2894
8683,Decide,1970-04-26 21:11:23,2894
8684,Book hotel,1970-04-26 21:11:24,2894
8685,Check plane,1970-04-26 21:11:25,2895
8686,Decide,1970-04-26 21:11:26,2895
8687,Book plane,1970-04-26 21:11:27,2895
8688,Check plane,1970-04-26 21:11:28,2896
8689,Decide,1970-04-26 21:11:29,2896
8690,Book plane,1970-04-26 21:11:30,2896
8691,Check plane,1970-04-26 21:11:31,2897
8692,Decide,1970-04-26 21:11:32,2897
8693,Book hotel,1970-04-26 21:11:33,2897
8694,Check plane,1970-04-26 21:11:34,2898
8695,Decide,1970-04-26 21:11:35,2898
8696,Book hotel,1970-04-26 21:11:36,2898
8697,Check plane,1970-04-26 21:11:37,2899
8698,Decide,1970-04-26 21:11:38,2899
8699,Book plane,1970-04-26 21:11:39,2899
8700,Check hotel,1970-04-26 21:11:40,2900
8701,Decide,1970-04-26 21:11:41,2900
8702,Book plane,1970-04-26 21:11:42,2900
8703,Check hotel,1970-04-26 21:11:43,2901
8704,Decide,1970-04-26 21:11:44,2901
8705,Book plane,1970-04-26 21:11:45,2901
8706,Check hotel,1970-04-26 21:11:46,2902
8707,Decide,1970-04-26 21:11:47,2902
8708,Book plane,1970-04-26 21:11:48,2902
8709,Check hotel,1970-04-26 21:11:49,2903
8710,Decide,1970-04-26 21:11:50,2903
8711,Book hotel,1970-04-26 21:11:51,2903
8712,Check hotel,1970-04-26 21:11:52,2904
8713,Decide,1970-04-26 21:11:53,2904
8714,Book plane,1970-04-26 21:11:54,2904
8715,Check plane,1970-04-26 21:11:55,2905
8716,Decide,1970-04-26 21:11:56,2905
8717,Book plane,1970-04-26 21:11:57,2905
8718,Check plane,1970-04-26 21:11:58,2906
8719,Decide,1970-04-26 21:11:59,2906
8720,Book hotel,1970-04-26 21:12:00,2906
8721,Check plane,1970-04-26 21:12:01,2907
8722,Decide,1970-04-26 21:12:02,2907
8723,Book plane,1970-04-26 21:12:03,2907
8724,Check plane,1970-04-26 21:12:04,2908
8725,Decide,1970-04-26 21:12:05,2908
8726,Book plane,1970-04-26 21:12:06,2908
8727,Check hotel,1970-04-26 21:12:07,2909
8728,Decide,1970-04-26 21:12:08,2909
8729,Book plane,1970-04-26 21:12:09,2909
8730,Check plane,1970-04-26 21:12:10,2910
8731,Decide,1970-04-26 21:12:11,2910
8732,Book hotel,1970-04-26 21:12:12,2910
8733,Check plane,1970-04-26 21:12:13,2911
8734,Decide,1970-04-26 21:12:14,2911
8735,Book plane,1970-04-26 21:12:15,2911
8736,Check hotel,1970-04-26 21:12:16,2912
8737,Decide,1970-04-26 21:12:17,2912
8738,Book hotel,1970-04-26 21:12:18,2912
8739,Check hotel,1970-04-26 21:12:19,2913
8740,Decide,1970-04-26 21:12:20,2913
8741,Book hotel,1970-04-26 21:12:21,2913
8742,Check plane,1970-04-26 21:12:22,2914
8743,Decide,1970-04-26 21:12:23,2914
8744,Book plane,1970-04-26 21:12:24,2914
8745,Check hotel,1970-04-26 21:12:25,2915
8746,Decide,1970-04-26 21:12:26,2915
8747,Book hotel,1970-04-26 21:12:27,2915
8748,Check plane,1970-04-26 21:12:28,2916
8749,Decide,1970-04-26 21:12:29,2916
8750,Book plane,1970-04-26 21:12:30,2916
8751,Check plane,1970-04-26 21:12:31,2917
8752,Decide,1970-04-26 21:12:32,2917
8753,Book plane,1970-04-26 21:12:33,2917
8754,Check plane,1970-04-26 21:12:34,2918
8755,Decide,1970-04-26 21:12:35,2918
8756,Book plane,1970-04-26 21:12:36,2918
8757,Check hotel,1970-04-26 21:12:37,2919
8758,Decide,1970-04-26 21:12:38,2919
8759,Book plane,1970-04-26 21:12:39,2919
8760,Check plane,1970-04-26 21:12:40,2920
8761,Decide,1970-04-26 21:12:41,2920
8762,Book plane,1970-04-26 21:12:42,2920
8763,Check plane,1970-04-26 21:12:43,2921
8764,Decide,1970-04-26 21:12:44,2921
8765,Book hotel,1970-04-26 21:12:45,2921
8766,Check hotel,1970-04-26 21:12:46,2922
8767,Decide,1970-04-26 21:12:47,2922
8768,Book plane,1970-04-26 21:12:48,2922
8769,Check plane,1970-04-26 21:12:49,2923
8770,Decide,1970-04-26 21:12:50,2923
8771,Book hotel,1970-04-26 21:12:51,2923
8772,Check plane,1970-04-26 21:12:52,2924
8773,Decide,1970-04-26 21:12:53,2924
8774,Book plane,1970-04-26 21:12:54,2924
8775,Check hotel,1970-04-26 21:12:55,2925
8776,Decide,1970-04-26 21:12:56,2925
8777,Book hotel,1970-04-26 21:12:57,2925
8778,Check plane,1970-04-26 21:12:58,2926
8779,Decide,1970-04-26 21:12:59,2926
8780,Book hotel,1970-04-26 21:13:00,2926
8781,Check plane,1970-04-26 21:13:01,2927
8782,Decide,1970-04-26 21:13:02,2927
8783,Book plane,1970-04-26 21:13:03,2927
8784,Check hotel,1970-04-26 21:13:04,2928
8785,Decide,1970-04-26 21:13:05,2928
8786,Book hotel,1970-04-26 21:13:06,2928
8787,Check hotel,1970-04-26 21:13:07,2929
8788,Decide,1970-04-26 21:13:08,2929
8789,Book plane,1970-04-26 21:13:09,2929
8790,Check plane,1970-04-26 21:13:10,2930
8791,Decide,1970-04-26 21:13:11,2930
8792,Book plane,1970-04-26 21:13:12,2930
8793,Check hotel,1970-04-26 21:13:13,2931
8794,Decide,1970-04-26 21:13:14,2931
8795,Book plane,1970-04-26 21:13:15,2931
8796,Check plane,1970-04-26 21:13:16,2932
8797,Decide,1970-04-26 21:13:17,2932
8798,Book plane,1970-04-26 21:13:18,2932
8799,Check hotel,1970-04-26 21:13:19,2933
8800,Decide,1970-04-26 21:13:20,2933
8801,Book plane,1970-04-26 21:13:21,2933
8802,Check hotel,1970-04-26 21:13:22,2934
8803,Decide,1970-04-26 21:13:23,2934
8804,Book hotel,1970-04-26 21:13:24,2934
8805,Check hotel,1970-04-26 21:13:25,2935
8806,Decide,1970-04-26 21:13:26,2935
8807,Book plane,1970-04-26 21:13:27,2935
8808,Check hotel,1970-04-26 21:13:28,2936
8809,Decide,1970-04-26 21:13:29,2936
8810,Book hotel,1970-04-26 21:13:30,2936
8811,Check plane,1970-04-26 21:13:31,2937
8812,Decide,1970-04-26 21:13:32,2937
8813,Book hotel,1970-04-26 21:13:33,2937
8814,Check hotel,1970-04-26 21:13:34,2938
8815,Decide,1970-04-26 21:13:35,2938
8816,Book hotel,1970-04-26 21:13:36,2938
8817,Check hotel,1970-04-26 21:13:37,2939
8818,Decide,1970-04-26 21:13:38,2939
8819,Book hotel,1970-04-26 21:13:39,2939
8820,Check plane,1970-04-26 21:13:40,2940
8821,Decide,1970-04-26 21:13:41,2940
8822,Book hotel,1970-04-26 21:13:42,2940
8823,Check hotel,1970-04-26 21:13:43,2941
8824,Decide,1970-04-26 21:13:44,2941
8825,Book hotel,1970-04-26 21:13:45,2941
8826,Check plane,1970-04-26 21:13:46,2942
8827,Decide,1970-04-26 21:13:47,2942
8828,Book hotel,1970-04-26 21:13:48,2942
8829,Check plane,1970-04-26 21:13:49,2943
8830,Decide,1970-04-26 21:13:50,2943
8831,Book hotel,1970-04-26 21:13:51,2943
8832,Check plane,1970-04-26 21:13:52,2944
8833,Decide,1970-04-26 21:13:53,2944
8834,Book hotel,1970-04-26 21:13:54,2944
8835,Check hotel,1970-04-26 21:13:55,2945
8836,Decide,1970-04-26 21:13:56,2945
8837,Book plane,1970-04-26 21:13:57,2945
8838,Check plane,1970-04-26 21:13:58,2946
8839,Decide,1970-04-26 21:13:59,2946
8840,Book hotel,1970-04-26 21:14:00,2946
8841,Check plane,1970-04-26 21:14:01,2947
8842,Decide,1970-04-26 21:14:02,2947
8843,Book plane,1970-04-26 21:14:03,2947
8844,Check plane,1970-04-26 21:14:04,2948
8845,Decide,1970-04-26 21:14:05,2948
8846,Book plane,1970-04-26 21:14:06,2948
8847,Check plane,1970-04-26 21:14:07,2949
8848,Decide,1970-04-26 21:14:08,2949
8849,Book hotel,1970-04-26 21:14:09,2949
8850,Check plane,1970-04-26 21:14:10,2950
8851,Decide,1970-04-26 21:14:11,2950
8852,Book hotel,1970-04-26 21:14:12,2950
8853,Check plane,1970-04-26 21:14:13,2951
8854,Decide,1970-04-26 21:14:14,2951
8855,Book plane,1970-04-26 21:14:15,2951
8856,Check hotel,1970-04-26 21:14:16,2952
8857,Decide,1970-04-26 21:14:17,2952
8858,Book plane,1970-04-26 21:14:18,2952
8859,Check plane,1970-04-26 21:14:19,2953
8860,Decide,1970-04-26 21:14:20,2953
8861,Book hotel,1970-04-26 21:14:21,2953
8862,Check hotel,1970-04-26 21:14:22,2954
8863,Decide,1970-04-26 21:14:23,2954
8864,Book plane,1970-04-26 21:14:24,2954
8865,Check plane,1970-04-26 21:14:25,2955
8866,Decide,1970-04-26 21:14:26,2955
8867,Book plane,1970-04-26 21:14:27,2955
8868,Check plane,1970-04-26 21:14:28,2956
8869,Decide,1970-04-26 21:14:29,2956
8870,Book plane,1970-04-26 21:14:30,2956
8871,Check plane,1970-04-26 21:14:31,2957
8872,Decide,1970-04-26 21:14:32,2957
8873,Book plane,1970-04-26 21:14:33,2957
8874,Check hotel,1970-04-26 21:14:34,2958
8875,Decide,1970-04-26 21:14:35,2958
8876,Book plane,1970-04-26 21:14:36,2958
8877,Check hotel,1970-04-26 21:14:37,2959
8878,Decide,1970-04-26 21:14:38,2959
8879,Book hotel,1970-04-26 21:14:39,2959
8880,Check hotel,1970-04-26 21:14:40,2960
8881,Decide,1970-04-26 21:14:41,2960
8882,Book hotel,1970-04-26 21:14:42,2960
8883,Check plane,1970-04-26 21:14:43,2961
8884,Decide,1970-04-26 21:14:44,2961
8885,Book plane,1970-04-26 21:14:45,2961
8886,Check plane,1970-04-26 21:14:46,2962
8887,Decide,1970-04-26 21:14:47,2962
8888,Book plane,1970-04-26 21:14:48,2962
8889,Check hotel,1970-04-26 21:14:49,2963
8890,Decide,1970-04-26 21:14:50,2963
8891,Book plane,1970-04-26 21:14:51,2963
8892,Check plane,1970-04-26 21:14:52,2964
8893,Decide,1970-04-26 21:14:53,2964
8894,Book hotel,1970-04-26 21:14:54,2964
8895,Check hotel,1970-04-26 21:14:55,2965
8896,Decide,1970-04-26 21:14:56,2965
8897,Book hotel,1970-04-26 21:14:57,2965
8898,Check plane,1970-04-26 21:14:58,2966
8899,Decide,1970-04-26 21:14:59,2966
8900,Book hotel,1970-04-26 21:15:00,2966
8901,Check plane,1970-04-26 21:15:01,2967
8902,Decide,1970-04-26 21:15:02,2967
8903,Book plane,1970-04-26 21:15:03,2967
8904,Check plane,1970-04-26 21:15:04,2968
8905,Decide,1970-04-26 21:15:05,2968
8906,Book plane,1970-04-26 21:15:06,2968
8907,Check plane,1970-04-26 21:15:07,2969
8908,Decide,1970-04-26 21:15:08,2969
8909,Book hotel,1970-04-26 21:15:09,2969
8910,Check hotel,1970-04-26 21:15:10,2970
8911,Decide,1970-04-26 21:15:11,2970
8912,Book plane,1970-04-26 21:15:12,2970
8913,Check plane,1970-04-26 21:15:13,2971
8914,Decide,1970-04-26 21:15:14,2971
8915,Book hotel,1970-04-26 21:15:15,2971
8916,Check hotel,1970-04-26 21:15:16,2972
8917,Decide,1970-04-26 21:15:17,2972
8918,Book plane,1970-04-26 21:15:18,2972
8919,Check hotel,1970-04-26 21:15:19,2973
8920,Decide,1970-04-26 21:15:20,2973
8921,Book hotel,1970-04-26 21:15:21,2973
8922,Check hotel,1970-04-26 21:15:22,2974
8923,Decide,1970-04-26 21:15:23,2974
8924,Book plane,1970-04-26 21:15:24,2974
8925,Check plane,1970-04-26 21:15:25,2975
8926,Decide,1970-04-26 21:15:26,2975
8927,Book hotel,1970-04-26 21:15:27,2975
8928,Check plane,1970-04-26 21:15:28,2976
8929,Decide,1970-04-26 21:15:29,2976
8930,Book plane,1970-04-26 21:15:30,2976
8931,Check hotel,1970-04-26 21:15:31,2977
8932,Decide,1970-04-26 21:15:32,2977
8933,Book plane,1970-04-26 21:15:33,2977
8934,Check plane,1970-04-26 21:15:34,2978
8935,Decide,1970-04-26 21:15:35,2978
8936,Book hotel,1970-04-26 21:15:36,2978
8937,Check hotel,1970-04-26 21:15:37,2979
8938,Decide,1970-04-26 21:15:38,2979
8939,Book hotel,1970-04-26 21:15:39,2979
8940,Check hotel,1970-04-26 21:15:40,2980
8941,Decide,1970-04-26 21:15:41,2980
8942,Book hotel,1970-04-26 21:15:42,2980
8943,Check plane,1970-04-26 21:15:43,2981
8944,Decide,1970-04-26 21:15:44,2981
8945,Book hotel,1970-04-26 21:15:45,2981
8946,Check hotel,1970-04-26 21:15:46,2982
8947,Decide,1970-04-26 21:15:47,2982
8948,Book hotel,1970-04-26 21:15:48,2982
8949,Check hotel,1970-04-26 21:15:49,2983
8950,Decide,1970-04-26 21:15:50,2983
8951,Book plane,1970-04-26 21:15:51,2983
8952,Check hotel,1970-04-26 21:15:52,2984
8953,Decide,1970-04-26 21:15:53,2984
8954,Book plane,1970-04-26 21:15:54,2984
8955,Check plane,1970-04-26 21:15:55,2985
8956,Decide,1970-04-26 21:15:56,2985
8957,Book plane,1970-04-26 21:15:57,2985
8958,Check plane,1970-04-26 21:15:58,2986
8959,Decide,1970-04-26 21:15:59,2986
8960,Book hotel,1970-04-26 21:16:00,2986
8961,Check plane,1970-04-26 21:16:01,2987
8962,Decide,1970-04-26 21:16:02,2987
8963,Book plane,1970-04-26 21:16:03,2987
8964,Check plane,1970-04-26 21:16:04,2988
8965,Decide,1970-04-26 21:16:05,2988
8966,Book plane,1970-04-26 21:16:06,2988
8967,Check plane,1970-04-26 21:16:07,2989
8968,Decide,1970-04-26 21:16:08,2989
8969,Book hotel,1970-04-26 21:16:09,2989
8970,Check hotel,1970-04-26 21:16:10,2990
8971,Decide,1970-04-26 21:16:11,2990
8972,Book plane,1970-04-26 21:16:12,2990
8973,Check plane,1970-04-26 21:16:13,2991
8974,Decide,1970-04-26 21:16:14,2991
8975,Book plane,1970-04-26 21:16:15,2991
8976,Check hotel,1970-04-26 21:16:16,2992
8977,Decide,1970-04-26 21:16:17,2992
8978,Book hotel,1970-04-26 21:16:18,2992
8979,Check plane,1970-04-26 21:16:19,2993
8980,Decide,1970-04-26 21:16:20,2993
8981,Book hotel,1970-04-26 21:16:21,2993
8982,Check plane,1970-04-26 21:16:22,2994
8983,Decide,1970-04-26 21:16:23,2994
8984,Book plane,1970-04-26 21:16:24,2994
8985,Check plane,1970-04-26 21:16:25,2995
8986,Decide,1970-04-26 21:16:26,2995
8987,Book hotel,1970-04-26 21:16:27,2995
8988,Check plane,1970-04-26 21:16:28,2996
8989,Decide,1970-04-26 21:16:29,2996
8990,Book hotel,1970-04-26 21:16:30,2996
8991,Check plane,1970-04-26 21:16:31,2997
8992,Decide,1970-04-26 21:16:32,2997
8993,Book plane,1970-04-26 21:16:33,2997
8994,Check plane,1970-04-26 21:16:34,2998
8995,Decide,1970-04-26 21:16:35,2998
8996,Book hotel,1970-04-26 21:16:36,2998
8997,Check hotel,1970-04-26 21:16:37,2999
8998,Decide,1970-04-26 21:16:38,2999
8999,Book hotel,1970-04-26 21:16:39,2999
9000,Check hotel,1970-04-26 21:16:40,3000
9001,Decide,1970-04-26 21:16:41,3000
9002,Book hotel,1970-04-26 21:16:42,3000
9003,Check plane,1970-04-26 21:16:43,3001
9004,Decide,1970-04-26 21:16:44,3001
9005,Book plane,1970-04-26 21:16:45,3001
9006,Check plane,1970-04-26 21:16:46,3002
9007,Decide,1970-04-26 21:16:47,3002
9008,Book plane,1970-04-26 21:16:48,3002
9009,Check plane,1970-04-26 21:16:49,3003
9010,Decide,1970-04-26 21:16:50,3003
9011,Book plane,1970-04-26 21:16:51,3003
9012,Check hotel,1970-04-26 21:16:52,3004
9013,Decide,1970-04-26 21:16:53,3004
9014,Book plane,1970-04-26 21:16:54,3004
9015,Check plane,1970-04-26 21:16:55,3005
9016,Decide,1970-04-26 21:16:56,3005
9017,Book hotel,1970-04-26 21:16:57,3005
9018,Check plane,1970-04-26 21:16:58,3006
9019,Decide,1970-04-26 21:16:59,3006
9020,Book plane,1970-04-26 21:17:00,3006
9021,Check plane,1970-04-26 21:17:01,3007
9022,Decide,1970-04-26 21:17:02,3007
9023,Book hotel,1970-04-26 21:17:03,3007
9024,Check hotel,1970-04-26 21:17:04,3008
9025,Decide,1970-04-26 21:17:05,3008
9026,Book hotel,1970-04-26 21:17:06,3008
9027,Check hotel,1970-04-26 21:17:07,3009
9028,Decide,1970-04-26 21:17:08,3009
9029,Book plane,1970-04-26 21:17:09,3009
9030,Check plane,1970-04-26 21:17:10,3010
9031,Decide,1970-04-26 21:17:11,3010
9032,Book plane,1970-04-26 21:17:12,3010
9033,Check hotel,1970-04-26 21:17:13,3011
9034,Decide,1970-04-26 21:17:14,3011
9035,Book hotel,1970-04-26 21:17:15,3011
9036,Check hotel,1970-04-26 21:17:16,3012
9037,Decide,1970-04-26 21:17:17,3012
9038,Book plane,1970-04-26 21:17:18,3012
9039,Check plane,1970-04-26 21:17:19,3013
9040,Decide,1970-04-26 21:17:20,3013
9041,Book hotel,1970-04-26 21:17:21,3013
9042,Check plane,1970-04-26 21:17:22,3014
9043,Decide,1970-04-26 21:17:23,3014
9044,Book hotel,1970-04-26 21:17:24,3014
9045,Check hotel,1970-04-26 21:17:25,3015
9046,Decide,1970-04-26 21:17:26,3015
9047,Book plane,1970-04-26 21:17:27,3015
9048,Check plane,1970-04-26 21:17:28,3016
9049,Decide,1970-04-26 21:17:29,3016
9050,Book hotel,1970-04-26 21:17:30,3016
9051,Check plane,1970-04-26 21:17:31,3017
9052,Decide,1970-04-26 21:17:32,3017
9053,Book hotel,1970-04-26 21:17:33,3017
9054,Check plane,1970-04-26 21:17:34,3018
9055,Decide,1970-04-26 21:17:35,3018
9056,Book plane,1970-04-26 21:17:36,3018
9057,Check plane,1970-04-26 21:17:37,3019
9058,Decide,1970-04-26 21:17:38,3019
9059,Book plane,1970-04-26 21:17:39,3019
9060,Check plane,1970-04-26 21:17:40,3020
9061,Decide,1970-04-26 21:17:41,3020
9062,Book plane,1970-04-26 21:17:42,3020
9063,Check hotel,1970-04-26 21:17:43,3021
9064,Decide,1970-04-26 21:17:44,3021
9065,Book plane,1970-04-26 21:17:45,3021
9066,Check plane,1970-04-26 21:17:46,3022
9067,Decide,1970-04-26 21:17:47,3022
9068,Book plane,1970-04-26 21:17:48,3022
9069,Check hotel,1970-04-26 21:17:49,3023
9070,Decide,1970-04-26 21:17:50,3023
9071,Book hotel,1970-04-26 21:17:51,3023
9072,Check plane,1970-04-26 21:17:52,3024
9073,Decide,1970-04-26 21:17:53,3024
9074,Book plane,1970-04-26 21:17:54,3024
9075,Check plane,1970-04-26 21:17:55,3025
9076,Decide,1970-04-26 21:17:56,3025
9077,Book plane,1970-04-26 21:17:57,3025
9078,Check hotel,1970-04-26 21:17:58,3026
9079,Decide,1970-04-26 21:17:59,3026
9080,Book hotel,1970-04-26 21:18:00,3026
9081,Check plane,1970-04-26 21:18:01,3027
9082,Decide,1970-04-26 21:18:02,3027
9083,Book plane,1970-04-26 21:18:03,3027
9084,Check plane,1970-04-26 21:18:04,3028
9085,Decide,1970-04-26 21:18:05,3028
9086,Book plane,1970-04-26 21:18:06,3028
9087,Check hotel,1970-04-26 21:18:07,3029
9088,Decide,1970-04-26 21:18:08,3029
9089,Book plane,1970-04-26 21:18:09,3029
9090,Check hotel,1970-04-26 21:18:10,3030
9091,Decide,1970-04-26 21:18:11,3030
9092,Book plane,1970-04-26 21:18:12,3030
9093,Check plane,1970-04-26 21:18:13,3031
9094,Decide,1970-04-26 21:18:14,3031
9095,Book hotel,1970-04-26 21:18:15,3031
9096,Check plane,1970-04-26 21:18:16,3032
9097,Decide,1970-04-26 21:18:17,3032
9098,Book hotel,1970-04-26 21:18:18,3032
9099,Check hotel,1970-04-26 21:18:19,3033
9100,Decide,1970-04-26 21:18:20,3033
9101,Book hotel,1970-04-26 21:18:21,3033
9102,Check plane,1970-04-26 21:18:22,3034
9103,Decide,1970-04-26 21:18:23,3034
9104,Book plane,1970-04-26 21:18:24,3034
9105,Check hotel,1970-04-26 21:18:25,3035
9106,Decide,1970-04-26 21:18:26,3035
9107,Book hotel,1970-04-26 21:18:27,3035
9108,Check plane,1970-04-26 21:18:28,3036
9109,Decide,1970-04-26 21:18:29,3036
9110,Book plane,1970-04-26 21:18:30,3036
9111,Check plane,1970-04-26 21:18:31,3037
9112,Decide,1970-04-26 21:18:32,3037
9113,Book hotel,1970-04-26 21:18:33,3037
9114,Check plane,1970-04-26 21:18:34,3038
9115,Decide,1970-04-26 21:18:35,3038
9116,Book plane,1970-04-26 21:18:36,3038
9117,Check plane,1970-04-26 21:18:37,3039
9118,Decide,1970-04-26 21:18:38,3039
9119,Book hotel,1970-04-26 21:18:39,3039
9120,Check hotel,1970-04-26 21:18:40,3040
9121,Decide,1970-04-26 21:18:41,3040
9122,Book plane,1970-04-26 21:18:42,3040
9123,Check hotel,1970-04-26 21:18:43,3041
9124,Decide,1970-04-26 21:18:44,3041
9125,Book hotel,1970-04-26 21:18:45,3041
9126,Check plane,1970-04-26 21:18:46,3042
9127,Decide,1970-04-26 21:18:47,3042
9128,Book plane,1970-04-26 21:18:48,3042
9129,Check plane,1970-04-26 21:18:49,3043
9130,Decide,1970-04-26 21:18:50,3043
9131,Book hotel,1970-04-26 21:18:51,3043
9132,Check hotel,1970-04-26 21:18:52,3044
9133,Decide,1970-04-26 21:18:53,3044
9134,Book hotel,1970-04-26 21:18:54,3044
9135,Check plane,1970-04-26 21:18:55,3045
9136,Decide,1970-04-26 21:18:56,3045
9137,Book hotel,1970-04-26 21:18:57,3045
9138,Check plane,1970-04-26 21:18:58,3046
9139,Decide,1970-04-26 21:18:59,3046
9140,Book hotel,1970-04-26 21:19:00,3046
9141,Check plane,1970-04-26 21:19:01,3047
9142,Decide,1970-04-26 21:19:02,3047
9143,Book plane,1970-04-26 21:19:03,3047
9144,Check hotel,1970-04-26 21:19:04,3048
9145,Decide,1970-04-26 21:19:05,3048
9146,Book hotel,1970-04-26 21:19:06,3048
9147,Check plane,1970-04-26 21:19:07,3049
9148,Decide,1970-04-26 21:19:08,3049
9149,Book hotel,1970-04-26 21:19:09,3049
9150,Check plane,1970-04-26 21:19:10,3050
9151,Decide,1970-04-26 21:19:11,3050
9152,Book plane,1970-04-26 21:19:12,3050
9153,Check hotel,1970-04-26 21:19:13,3051
9154,Decide,1970-04-26 21:19:14,3051
9155,Book plane,1970-04-26 21:19:15,3051
9156,Check plane,1970-04-26 21:19:16,3052
9157,Decide,1970-04-26 21:19:17,3052
9158,Book plane,1970-04-26 21:19:18,3052
9159,Check plane,1970-04-26 21:19:19,3053
9160,Decide,1970-04-26 21:19:20,3053
9161,Book hotel,1970-04-26 21:19:21,3053
9162,Check hotel,1970-04-26 21:19:22,3054
9163,Decide,1970-04-26 21:19:23,3054
9164,Book hotel,1970-04-26 21:19:24,3054
9165,Check hotel,1970-04-26 21:19:25,3055
9166,Decide,1970-04-26 21:19:26,3055
9167,Book hotel,1970-04-26 21:19:27,3055
9168,Check plane,1970-04-26 21:19:28,3056
9169,Decide,1970-04-26 21:19:29,3056
9170,Book hotel,1970-04-26 21:19:30,3056
9171,Check hotel,1970-04-26 21:19:31,3057
9172,Decide,1970-04-26 21:19:32,3057
9173,Book hotel,1970-04-26 21:19:33,3057
9174,Check plane,1970-04-26 21:19:34,3058
9175,Decide,1970-04-26 21:19:35,3058
9176,Book plane,1970-04-26 21:19:36,3058
9177,Check hotel,1970-04-26 21:19:37,3059
9178,Decide,1970-04-26 21:19:38,3059
9179,Book hotel,1970-04-26 21:19:39,3059
9180,Check hotel,1970-04-26 21:19:40,3060
9181,Decide,1970-04-26 21:19:41,3060
9182,Book hotel,1970-04-26 21:19:42,3060
9183,Check hotel,1970-04-26 21:19:43,3061
9184,Decide,1970-04-26 21:19:44,3061
9185,Book plane,1970-04-26 21:19:45,3061
9186,Check plane,1970-04-26 21:19:46,3062
9187,Decide,1970-04-26 21:19:47,3062
9188,Book plane,1970-04-26 21:19:48,3062
9189,Check hotel,1970-04-26 21:19:49,3063
9190,Decide,1970-04-26 21:19:50,3063
9191,Book plane,1970-04-26 21:19:51,3063
9192,Check hotel,1970-04-26 21:19:52,3064
9193,Decide,1970-04-26 21:19:53,3064
9194,Book hotel,1970-04-26 21:19:54,3064
9195,Check plane,1970-04-26 21:19:55,3065
9196,Decide,1970-04-26 21:19:56,3065
9197,Book hotel,1970-04-26 21:19:57,3065
9198,Check hotel,1970-04-26 21:19:58,3066
9199,Decide,1970-04-26 21:19:59,3066
9200,Book plane,1970-04-26 21:20:00,3066
9201,Check plane,1970-04-26 21:20:01,3067
9202,Decide,1970-04-26 21:20:02,3067
9203,Book plane,1970-04-26 21:20:03,3067
9204,Check plane,1970-04-26 21:20:04,3068
9205,Decide,1970-04-26 21:20:05,3068
9206,Book plane,1970-04-26 21:20:06,3068
9207,Check hotel,1970-04-26 21:20:07,3069
9208,Decide,1970-04-26 21:20:08,3069
9209,Book plane,1970-04-26 21:20:09,3069
9210,Check hotel,1970-04-26 21:20:10,3070
9211,Decide,1970-04-26 21:20:11,3070
9212,Book hotel,1970-04-26 21:20:12,3070
9213,Check hotel,1970-04-26 21:20:13,3071
9214,Decide,1970-04-26 21:20:14,3071
9215,Book plane,1970-04-26 21:20:15,3071
9216,Check plane,1970-04-26 21:20:16,3072
9217,Decide,1970-04-26 21:20:17,3072
9218,Book plane,1970-04-26 21:20:18,3072
9219,Check hotel,1970-04-26 21:20:19,3073
9220,Decide,1970-04-26 21:20:20,3073
9221,Book plane,1970-04-26 21:20:21,3073
9222,Check hotel,1970-04-26 21:20:22,3074
9223,Decide,1970-04-26 21:20:23,3074
9224,Book plane,1970-04-26 21:20:24,3074
9225,Check hotel,1970-04-26 21:20:25,3075
9226,Decide,1970-04-26 21:20:26,3075
9227,Book plane,1970-04-26 21:20:27,3075
9228,Check hotel,1970-04-26 21:20:28,3076
9229,Decide,1970-04-26 21:20:29,3076
9230,Book hotel,1970-04-26 21:20:30,3076
9231,Check plane,1970-04-26 21:20:31,3077
9232,Decide,1970-04-26 21:20:32,3077
9233,Book hotel,1970-04-26 21:20:33,3077
9234,Check hotel,1970-04-26 21:20:34,3078
9235,Decide,1970-04-26 21:20:35,3078
9236,Book hotel,1970-04-26 21:20:36,3078
9237,Check plane,1970-04-26 21:20:37,3079
9238,Decide,1970-04-26 21:20:38,3079
9239,Book plane,1970-04-26 21:20:39,3079
9240,Check hotel,1970-04-26 21:20:40,3080
9241,Decide,1970-04-26 21:20:41,3080
9242,Book plane,1970-04-26 21:20:42,3080
9243,Check hotel,1970-04-26 21:20:43,3081
9244,Decide,1970-04-26 21:20:44,3081
9245,Book plane,1970-04-26 21:20:45,3081
9246,Check hotel,1970-04-26 21:20:46,3082
9247,Decide,1970-04-26 21:20:47,3082
9248,Book hotel,1970-04-26 21:20:48,3082
9249,Check hotel,1970-04-26 21:20:49,3083
9250,Decide,1970-04-26 21:20:50,3083
9251,Book plane,1970-04-26 21:20:51,3083
9252,Check plane,1970-04-26 21:20:52,3084
9253,Decide,1970-04-26 21:20:53,3084
9254,Book hotel,1970-04-26 21:20:54,3084
9255,Check plane,1970-04-26 21:20:55,3085
9256,Decide,1970-04-26 21:20:56,3085
9257,Book hotel,1970-04-26 21:20:57,3085
9258,Check hotel,1970-04-26 21:20:58,3086
9259,Decide,1970-04-26 21:20:59,3086
9260,Book hotel,1970-04-26 21:21:00,3086
9261,Check hotel,1970-04-26 21:21:01,3087
9262,Decide,1970-04-26 21:21:02,3087
9263,Book plane,1970-04-26 21:21:03,3087
9264,Check plane,1970-04-26 21:21:04,3088
9265,Decide,1970-04-26 21:21:05,3088
9266,Book plane,1970-04-26 21:21:06,3088
9267,Check hotel,1970-04-26 21:21:07,3089
9268,Decide,1970-04-26 21:21:08,3089
9269,Book plane,1970-04-26 21:21:09,3089
9270,Check hotel,1970-04-26 21:21:10,3090
9271,Decide,1970-04-26 21:21:11,3090
9272,Book plane,1970-04-26 21:21:12,3090
9273,Check plane,1970-04-26 21:21:13,3091
9274,Decide,1970-04-26 21:21:14,3091
9275,Book plane,1970-04-26 21:21:15,3091
9276,Check hotel,1970-04-26 21:21:16,3092
9277,Decide,1970-04-26 21:21:17,3092
9278,Book plane,1970-04-26 21:21:18,3092
9279,Check hotel,1970-04-26 21:21:19,3093
9280,Decide,1970-04-26 21:21:20,3093
9281,Book hotel,1970-04-26 21:21:21,3093
9282,Check hotel,1970-04-26 21:21:22,3094
9283,Decide,1970-04-26 21:21:23,3094
9284,Book plane,1970-04-26 21:21:24,3094
9285,Check plane,1970-04-26 21:21:25,3095
9286,Decide,1970-04-26 21:21:26,3095
9287,Book plane,1970-04-26 21:21:27,3095
9288,Check plane,1970-04-26 21:21:28,3096
9289,Decide,1970-04-26 21:21:29,3096
9290,Book hotel,1970-04-26 21:21:30,3096
9291,Check plane,1970-04-26 21:21:31,3097
9292,Decide,1970-04-26 21:21:32,3097
9293,Book plane,1970-04-26 21:21:33,3097
9294,Check plane,1970-04-26 21:21:34,3098
9295,Decide,1970-04-26 21:21:35,3098
9296,Book hotel,1970-04-26 21:21:36,3098
9297,Check hotel,1970-04-26 21:21:37,3099
9298,Decide,1970-04-26 21:21:38,3099
9299,Book plane,1970-04-26 21:21:39,3099
9300,Check hotel,1970-04-26 21:21:40,3100
9301,Decide,1970-04-26 21:21:41,3100
9302,Book plane,1970-04-26 21:21:42,3100
9303,Check hotel,1970-04-26 21:21:43,3101
9304,Decide,1970-04-26 21:21:44,3101
9305,Book plane,1970-04-26 21:21:45,3101
9306,Check hotel,1970-04-26 21:21:46,3102
9307,Decide,1970-04-26 21:21:47,3102
9308,Book plane,1970-04-26 21:21:48,3102
9309,Check hotel,1970-04-26 21:21:49,3103
9310,Decide,1970-04-26 21:21:50,3103
9311,Book hotel,1970-04-26 21:21:51,3103
9312,Check plane,1970-04-26 21:21:52,3104
9313,Decide,1970-04-26 21:21:53,3104
9314,Book hotel,1970-04-26 21:21:54,3104
9315,Check hotel,1970-04-26 21:21:55,3105
9316,Decide,1970-04-26 21:21:56,3105
9317,Book plane,1970-04-26 21:21:57,3105
9318,Check plane,1970-04-26 21:21:58,3106
9319,Decide,1970-04-26 21:21:59,3106
9320,Book hotel,1970-04-26 21:22:00,3106
9321,Check plane,1970-04-26 21:22:01,3107
9322,Decide,1970-04-26 21:22:02,3107
9323,Book plane,1970-04-26 21:22:03,3107
9324,Check hotel,1970-04-26 21:22:04,3108
9325,Decide,1970-04-26 21:22:05,3108
9326,Book hotel,1970-04-26 21:22:06,3108
9327,Check plane,1970-04-26 21:22:07,3109
9328,Decide,1970-04-26 21:22:08,3109
9329,Book hotel,1970-04-26 21:22:09,3109
9330,Check plane,1970-04-26 21:22:10,3110
9331,Decide,1970-04-26 21:22:11,3110
9332,Book hotel,1970-04-26 21:22:12,3110
9333,Check plane,1970-04-26 21:22:13,3111
9334,Decide,1970-04-26 21:22:14,3111
9335,Book hotel,1970-04-26 21:22:15,3111
9336,Check plane,1970-04-26 21:22:16,3112
9337,Decide,1970-04-26 21:22:17,3112
9338,Book hotel,1970-04-26 21:22:18,3112
9339,Check hotel,1970-04-26 21:22:19,3113
9340,Decide,1970-04-26 21:22:20,3113
9341,Book hotel,1970-04-26 21:22:21,3113
9342,Check plane,1970-04-26 21:22:22,3114
9343,Decide,1970-04-26 21:22:23,3114
9344,Book plane,1970-04-26 21:22:24,3114
9345,Check hotel,1970-04-26 21:22:25,3115
9346,Decide,1970-04-26 21:22:26,3115
9347,Book hotel,1970-04-26 21:22:27,3115
9348,Check hotel,1970-04-26 21:22:28,3116
9349,Decide,1970-04-26 21:22:29,3116
9350,Book hotel,1970-04-26 21:22:30,3116
9351,Check hotel,1970-04-26 21:22:31,3117
9352,Decide,1970-04-26 21:22:32,3117
9353,Book plane,1970-04-26 21:22:33,3117
9354,Check hotel,1970-04-26 21:22:34,3118
9355,Decide,1970-04-26 21:22:35,3118
9356,Book plane,1970-04-26 21:22:36,3118
9357,Check hotel,1970-04-26 21:22:37,3119
9358,Decide,1970-04-26 21:22:38,3119
9359,Book plane,1970-04-26 21:22:39,3119
9360,Check plane,1970-04-26 21:22:40,3120
9361,Decide,1970-04-26 21:22:41,3120
9362,Book plane,1970-04-26 21:22:42,3120
9363,Check hotel,1970-04-26 21:22:43,3121
9364,Decide,1970-04-26 21:22:44,3121
9365,Book plane,1970-04-26 21:22:45,3121
9366,Check plane,1970-04-26 21:22:46,3122
9367,Decide,1970-04-26 21:22:47,3122
9368,Book hotel,1970-04-26 21:22:48,3122
9369,Check plane,1970-04-26 21:22:49,3123
9370,Decide,1970-04-26 21:22:50,3123
9371,Book hotel,1970-04-26 21:22:51,3123
9372,Check hotel,1970-04-26 21:22:52,3124
9373,Decide,1970-04-26 21:22:53,3124
9374,Book hotel,1970-04-26 21:22:54,3124
9375,Check hotel,1970-04-26 21:22:55,3125
9376,Decide,1970-04-26 21:22:56,3125
9377,Book plane,1970-04-26 21:22:57,3125
9378,Check hotel,1970-04-26 21:22:58,3126
9379,Decide,1970-04-26 21:22:59,3126
9380,Book plane,1970-04-26 21:23:00,3126
9381,Check hotel,1970-04-26 21:23:01,3127
9382,Decide,1970-04-26 21:23:02,3127
9383,Book plane,1970-04-26 21:23:03,3127
9384,Check plane,1970-04-26 21:23:04,3128
9385,Decide,1970-04-26 21:23:05,3128
9386,Book plane,1970-04-26 21:23:06,3128
9387,Check plane,1970-04-26 21:23:07,3129
9388,Decide,1970-04-26 21:23:08,3129
9389,Book plane,1970-04-26 21:23:09,3129
9390,Check hotel,1970-04-26 21:23:10,3130
9391,Decide,1970-04-26 21:23:11,3130
9392,Book plane,1970-04-26 21:23:12,3130
9393,Check hotel,1970-04-26 21:23:13,3131
9394,Decide,1970-04-26 21:23:14,3131
9395,Book hotel,1970-04-26 21:23:15,3131
9396,Check hotel,1970-04-26 21:23:16,3132
9397,Decide,1970-04-26 21:23:17,3132
9398,Book plane,1970-04-26 21:23:18,3132
9399,Check hotel,1970-04-26 21:23:19,3133
9400,Decide,1970-04-26 21:23:20,3133
9401,Book plane,1970-04-26 21:23:21,3133
9402,Check hotel,1970-04-26 21:23:22,3134
9403,Decide,1970-04-26 21:23:23,3134
9404,Book plane,1970-04-26 21:23:24,3134
9405,Check plane,1970-04-26 21:23:25,3135
9406,Decide,1970-04-26 21:23:26,3135
9407,Book hotel,1970-04-26 21:23:27,3135
9408,Check plane,1970-04-26 21:23:28,3136
9409,Decide,1970-04-26 21:23:29,3136
9410,Book plane,1970-04-26 21:23:30,3136
9411,Check plane,1970-04-26 21:23:31,3137
9412,Decide,1970-04-26 21:23:32,3137
9413,Book hotel,1970-04-26 21:23:33,3137
9414,Check plane,1970-04-26 21:23:34,3138
9415,Decide,1970-04-26 21:23:35,3138
9416,Book plane,1970-04-26 21:23:36,3138
9417,Check hotel,1970-04-26 21:23:37,3139
9418,Decide,1970-04-26 21:23:38,3139
9419,Book plane,1970-04-26 21:23:39,3139
9420,Check hotel,1970-04-26 21:23:40,3140
9421,Decide,1970-04-26 21:23:41,3140
9422,Book hotel,1970-04-26 21:23:42,3140
9423,Check hotel,1970-04-26 21:23:43,3141
9424,Decide,1970-04-26 21:23:44,3141
9425,Book hotel,1970-04-26 21:23:45,3141
9426,Check plane,1970-04-26 21:23:46,3142
9427,Decide,1970-04-26 21:23:47,3142
9428,Book hotel,1970-04-26 21:23:48,3142
9429,Check plane,1970-04-26 21:23:49,3143
9430,Decide,1970-04-26 21:23:50,3143
9431,Book hotel,1970-04-26 21:23:51,3143
9432,Check plane,1970-04-26 21:23:52,3144
9433,Decide,1970-04-26 21:23:53,3144
9434,Book hotel,1970-04-26 21:23:54,3144
9435,Check plane,1970-04-26 21:23:55,3145
9436,Decide,1970-04-26 21:23:56,3145
9437,Book plane,1970-04-26 21:23:57,3145
9438,Check plane,1970-04-26 21:23:58,3146
9439,Decide,1970-04-26 21:23:59,3146
9440,Book hotel,1970-04-26 21:24:00,3146
9441,Check hotel,1970-04-26 21:24:01,3147
9442,Decide,1970-04-26 21:24:02,3147
9443,Book plane,1970-04-26 21:24:03,3147
9444,Check hotel,1970-04-26 21:24:04,3148
9445,Decide,1970-04-26 21:24:05,3148
9446,Book hotel,1970-04-26 21:24:06,3148
9447,Check hotel,1970-04-26 21:24:07,3149
9448,Decide,1970-04-26 21:24:08,3149
9449,Book plane,1970-04-26 21:24:09,3149
9450,Check plane,1970-04-26 21:24:10,3150
9451,Decide,1970-04-26 21:24:11,3150
9452,Book plane,1970-04-26 21:24:12,3150
9453,Check plane,1970-04-26 21:24:13,3151
9454,Decide,1970-04-26 21:24:14,3151
9455,Book plane,1970-04-26 21:24:15,3151
9456,Check hotel,1970-04-26 21:24:16,3152
9457,Decide,1970-04-26 21:24:17,3152
9458,Book hotel,1970-04-26 21:24:18,3152
9459,Check plane,1970-04-26 21:24:19,3153
9460,Decide,1970-04-26 21:24:20,3153
9461,Book hotel,1970-04-26 21:24:21,3153
9462,Check plane,1970-04-26 21:24:22,3154
9463,Decide,1970-04-26 21:24:23,3154
9464,Book hotel,1970-04-26 21:24:24,3154
9465,Check hotel,1970-04-26 21:24:25,3155
9466,Decide,1970-04-26 21:24:26,3155
9467,Book hotel,1970-04-26 21:24:27,3155
9468,Check plane,1970-04-26 21:24:28,3156
9469,Decide,1970-04-26 21:24:29,3156
9470,Book hotel,1970-04-26 21:24:30,3156
9471,Check plane,1970-04-26 21:24:31,3157
9472,Decide,1970-04-26 21:24:32,3157
9473,Book hotel,1970-04-26 21:24:33,3157
9474,Check hotel,1970-04-26 21:24:34,3158
9475,Decide,1970-04-26 21:24:35,3158
9476,Book plane,1970-04-26 21:24:36,3158
9477,Check hotel,1970-04-26 21:24:37,3159
9478,Decide,1970-04-26 21:24:38,3159
9479,Book hotel,1970-04-26 21:24:39,3159
9480,Check plane,1970-04-26 21:24:40,3160
9481,Decide,1970-04-26 21:24:41,3160
9482,Book plane,1970-04-26 21:24:42,3160
9483,Check hotel,1970-04-26 21:24:43,3161
9484,Decide,1970-04-26 21:24:44,3161
9485,Book plane,1970-04-26 21:24:45,3161
9486,Check hotel,1970-04-26 21:24:46,3162
9487,Decide,1970-04-26 21:24:47,3162
9488,Book hotel,1970-04-26 21:24:48,3162
9489,Check plane,1970-04-26 21:24:49,3163
9490,Decide,1970-04-26 21:24:50,3163
9491,Book plane,1970-04-26 21:24:51,3163
9492,Check hotel,1970-04-26 21:24:52,3164
9493,Decide,1970-04-26 21:24:53,3164
9494,Book plane,1970-04-26 21:24:54,3164
9495,Check hotel,1970-04-26 21:24:55,3165
9496,Decide,1970-04-26 21:24:56,3165
9497,Book plane,1970-04-26 21:24:57,3165
9498,Check hotel,1970-04-26 21:24:58,3166
9499,Decide,1970-04-26 21:24:59,3166
9500,Book hotel,1970-04-26 21:25:00,3166
9501,Check hotel,1970-04-26 21:25:01,3167
9502,Decide,1970-04-26 21:25:02,3167
9503,Book hotel,1970-04-26 21:25:03,3167
9504,Check plane,1970-04-26 21:25:04,3168
9505,Decide,1970-04-26 21:25:05,3168
9506,Book hotel,1970-04-26 21:25:06,3168
9507,Check hotel,1970-04-26 21:25:07,3169
9508,Decide,1970-04-26 21:25:08,3169
9509,Book plane,1970-04-26 21:25:09,3169
9510,Check plane,1970-04-26 21:25:10,3170
9511,Decide,1970-04-26 21:25:11,3170
9512,Book hotel,1970-04-26 21:25:12,3170
9513,Check hotel,1970-04-26 21:25:13,3171
9514,Decide,1970-04-26 21:25:14,3171
9515,Book plane,1970-04-26 21:25:15,3171
9516,Check plane,1970-04-26 21:25:16,3172
9517,Decide,1970-04-26 21:25:17,3172
9518,Book hotel,1970-04-26 21:25:18,3172
9519,Check plane,1970-04-26 21:25:19,3173
9520,Decide,1970-04-26 21:25:20,3173
9521,Book plane,1970-04-26 21:25:21,3173
9522,Check plane,1970-04-26 21:25:22,3174
9523,Decide,1970-04-26 21:25:23,3174
9524,Book hotel,1970-04-26 21:25:24,3174
9525,Check plane,1970-04-26 21:25:25,3175
9526,Decide,1970-04-26 21:25:26,3175
9527,Book plane,1970-04-26 21:25:27,3175
9528,Check plane,1970-04-26 21:25:28,3176
9529,Decide,1970-04-26 21:25:29,3176
9530,Book hotel,1970-04-26 21:25:30,3176
9531,Check hotel,1970-04-26 21:25:31,3177
9532,Decide,1970-04-26 21:25:32,3177
9533,Book hotel,1970-04-26 21:25:33,3177
9534,Check plane,1970-04-26 21:25:34,3178
9535,Decide,1970-04-26 21:25:35,3178
9536,Book hotel,1970-04-26 21:25:36,3178
9537,Check hotel,1970-04-26 21:25:37,3179
9538,Decide,1970-04-26 21:25:38,3179
9539,Book plane,1970-04-26 21:25:39,3179
9540,Check hotel,1970-04-26 21:25:40,3180
9541,Decide,1970-04-26 21:25:41,3180
9542,Book plane,1970-04-26 21:25:42,3180
9543,Check plane,1970-04-26 21:25:43,3181
9544,Decide,1970-04-26 21:25:44,3181
9545,Book hotel,1970-04-26 21:25:45,3181
9546,Check hotel,1970-04-26 21:25:46,3182
9547,Decide,1970-04-26 21:25:47,3182
9548,Book hotel,1970-04-26 21:25:48,3182
9549,Check plane,1970-04-26 21:25:49,3183
9550,Decide,1970-04-26 21:25:50,3183
9551,Book plane,1970-04-26 21:25:51,3183
9552,Check hotel,1970-04-26 21:25:52,3184
9553,Decide,1970-04-26 21:25:53,3184
9554,Book hotel,1970-04-26 21:25:54,3184
9555,Check plane,1970-04-26 21:25:55,3185
9556,Decide,1970-04-26 21:25:56,3185
9557,Book hotel,1970-04-26 21:25:57,3185
9558,Check plane,1970-04-26 21:25:58,3186
9559,Decide,1970-04-26 21:25:59,3186
9560,Book hotel,1970-04-26 21:26:00,3186
9561,Check hotel,1970-04-26 21:26:01,3187
9562,Decide,1970-04-26 21:26:02,3187
9563,Book hotel,1970-04-26 21:26:03,3187
9564,Check hotel,1970-04-26 21:26:04,3188
9565,Decide,1970-04-26 21:26:05,3188
9566,Book hotel,1970-04-26 21:26:06,3188
9567,Check plane,1970-04-26 21:26:07,3189
9568,Decide,1970-04-26 21:26:08,3189
9569,Book plane,1970-04-26 21:26:09,3189
9570,Check hotel,1970-04-26 21:26:10,3190
9571,Decide,1970-04-26 21:26:11,3190
9572,Book plane,1970-04-26 21:26:12,3190
9573,Check hotel,1970-04-26 21:26:13,3191
9574,Decide,1970-04-26 21:26:14,3191
9575,Book plane,1970-04-26 21:26:15,3191
9576,Check hotel,1970-04-26 21:26:16,3192
9577,Decide,1970-04-26 21:26:17,3192
9578,Book plane,1970-04-26 21:26:18,3192
9579,Check hotel,1970-04-26 21:26:19,3193
9580,Decide,1970-04-26 21:26:20,3193
9581,Book plane,1970-04-26 21:26:21,3193
9582,Check hotel,1970-04-26 21:26:22,3194
9583,Decide,1970-04-26 21:26:23,3194
9584,Book hotel,1970-04-26 21:26:24,3194
9585,Check hotel,1970-04-26 21:26:25,3195
9586,Decide,1970-04-26 21:26:26,3195
9587,Book hotel,1970-04-26 21:26:27,3195
9588,Check plane,1970-04-26 21:26:28,3196
9589,Decide,1970-04-26 21:26:29,3196
9590,Book plane,1970-04-26 21:26:30,3196
9591,Check hotel,1970-04-26 21:26:31,3197
9592,Decide,1970-04-26 21:26:32,3197
9593,Book plane,1970-04-26 21:26:33,3197
9594,Check plane,1970-04-26 21:26:34,3198
9595,Decide,1970-04-26 21:26:35,3198
9596,Book hotel,1970-04-26 21:26:36,3198
9597,Check plane,1970-04-26 21:26:37,3199
9598,Decide,1970-04-26 21:26:38,3199
9599,Book hotel,1970-04-26 21:26:39,3199
9600,Check hotel,1970-04-26 21:26:40,3200
9601,Decide,1970-04-26 21:26:41,3200
9602,Book plane,1970-04-26 21:26:42,3200
9603,Check hotel,1970-04-26 21:26:43,3201
9604,Decide,1970-04-26 21:26:44,3201
9605,Book hotel,1970-04-26 21:26:45,3201
9606,Check hotel,1970-04-26 21:26:46,3202
9607,Decide,1970-04-26 21:26:47,3202
9608,Book plane,1970-04-26 21:26:48,3202
9609,Check plane,1970-04-26 21:26:49,3203
9610,Decide,1970-04-26 21:26:50,3203
9611,Book plane,1970-04-26 21:26:51,3203
9612,Check hotel,1970-04-26 21:26:52,3204
9613,Decide,1970-04-26 21:26:53,3204
9614,Book hotel,1970-04-26 21:26:54,3204
9615,Check plane,1970-04-26 21:26:55,3205
9616,Decide,1970-04-26 21:26:56,3205
9617,Book hotel,1970-04-26 21:26:57,3205
9618,Check plane,1970-04-26 21:26:58,3206
9619,Decide,1970-04-26 21:26:59,3206
9620,Book hotel,1970-04-26 21:27:00,3206
9621,Check plane,1970-04-26 21:27:01,3207
9622,Decide,1970-04-26 21:27:02,3207
9623,Book hotel,1970-04-26 21:27:03,3207
9624,Check hotel,1970-04-26 21:27:04,3208
9625,Decide,1970-04-26 21:27:05,3208
9626,Book plane,1970-04-26 21:27:06,3208
9627,Check plane,1970-04-26 21:27:07,3209
9628,Decide,1970-04-26 21:27:08,3209
9629,Book plane,1970-04-26 21:27:09,3209
9630,Check plane,1970-04-26 21:27:10,3210
9631,Decide,1970-04-26 21:27:11,3210
9632,Book hotel,1970-04-26 21:27:12,3210
9633,Check hotel,1970-04-26 21:27:13,3211
9634,Decide,1970-04-26 21:27:14,3211
9635,Book plane,1970-04-26 21:27:15,3211
9636,Check plane,1970-04-26 21:27:16,3212
9637,Decide,1970-04-26 21:27:17,3212
9638,Book hotel,1970-04-26 21:27:18,3212
9639,Check plane,1970-04-26 21:27:19,3213
9640,Decide,1970-04-26 21:27:20,3213
9641,Book plane,1970-04-26 21:27:21,3213
9642,Check plane,1970-04-26 21:27:22,3214
9643,Decide,1970-04-26 21:27:23,3214
9644,Book hotel,1970-04-26 21:27:24,3214
9645,Check hotel,1970-04-26 21:27:25,3215
9646,Decide,1970-04-26 21:27:26,3215
9647,Book hotel,1970-04-26 21:27:27,3215
9648,Check plane,1970-04-26 21:27:28,3216
9649,Decide,1970-04-26 21:27:29,3216
9650,Book hotel,1970-04-26 21:27:30,3216
9651,Check plane,1970-04-26 21:27:31,3217
9652,Decide,1970-04-26 21:27:32,3217
9653,Book plane,1970-04-26 21:27:33,3217
9654,Check hotel,1970-04-26 21:27:34,3218
9655,Decide,1970-04-26 21:27:35,3218
9656,Book hotel,1970-04-26 21:27:36,3218
9657,Check hotel,1970-04-26 21:27:37,3219
9658,Decide,1970-04-26 21:27:38,3219
9659,Book hotel,1970-04-26 21:27:39,3219
9660,Check hotel,1970-04-26 21:27:40,3220
9661,Decide,1970-04-26 21:27:41,3220
9662,Book plane,1970-04-26 21:27:42,3220
9663,Check hotel,1970-04-26 21:27:43,3221
9664,Decide,1970-04-26 21:27:44,3221
9665,Book hotel,1970-04-26 21:27:45,3221
9666,Check plane,1970-04-26 21:27:46,3222
9667,Decide,1970-04-26 21:27:47,3222
9668,Book hotel,1970-04-26 21:27:48,3222
9669,Check plane,1970-04-26 21:27:49,3223
9670,Decide,1970-04-26 21:27:50,3223
9671,Book hotel,1970-04-26 21:27:51,3223
9672,Check hotel,1970-04-26 21:27:52,3224
9673,Decide,1970-04-26 21:27:53,3224
9674,Book hotel,1970-04-26 21:27:54,3224
9675,Check plane,1970-04-26 21:27:55,3225
9676,Decide,1970-04-26 21:27:56,3225
9677,Book plane,1970-04-26 21:27:57,3225
9678,Check hotel,1970-04-26 21:27:58,3226
9679,Decide,1970-04-26 21:27:59,3226
9680,Book plane,1970-04-26 21:28:00,3226
9681,Check hotel,1970-04-26 21:28:01,3227
9682,Decide,1970-04-26 21:28:02,3227
9683,Book hotel,1970-04-26 21:28:03,3227
9684,Check plane,1970-04-26 21:28:04,3228
9685,Decide,1970-04-26 21:28:05,3228
9686,Book hotel,1970-04-26 21:28:06,3228
9687,Check plane,1970-04-26 21:28:07,3229
9688,Decide,1970-04-26 21:28:08,3229
9689,Book plane,1970-04-26 21:28:09,3229
9690,Check hotel,1970-04-26 21:28:10,3230
9691,Decide,1970-04-26 21:28:11,3230
9692,Book plane,1970-04-26 21:28:12,3230
9693,Check plane,1970-04-26 21:28:13,3231
9694,Decide,1970-04-26 21:28:14,3231
9695,Book plane,1970-04-26 21:28:15,3231
9696,Check hotel,1970-04-26 21:28:16,3232
9697,Decide,1970-04-26 21:28:17,3232
9698,Book plane,1970-04-26 21:28:18,3232
9699,Check hotel,1970-04-26 21:28:19,3233
9700,Decide,1970-04-26 21:28:20,3233
9701,Book plane,1970-04-26 21:28:21,3233
9702,Check plane,1970-04-26 21:28:22,3234
9703,Decide,1970-04-26 21:28:23,3234
9704,Book hotel,1970-04-26 21:28:24,3234
9705,Check hotel,1970-04-26 21:28:25,3235
9706,Decide,1970-04-26 21:28:26,3235
9707,Book plane,1970-04-26 21:28:27,3235
9708,Check plane,1970-04-26 21:28:28,3236
9709,Decide,1970-04-26 21:28:29,3236
9710,Book hotel,1970-04-26 21:28:30,3236
9711,Check hotel,1970-04-26 21:28:31,3237
9712,Decide,1970-04-26 21:28:32,3237
9713,Book plane,1970-04-26 21:28:33,3237
9714,Check plane,1970-04-26 21:28:34,3238
9715,Decide,1970-04-26 21:28:35,3238
9716,Book hotel,1970-04-26 21:28:36,3238
9717,Check hotel,1970-04-26 21:28:37,3239
9718,Decide,1970-04-26 21:28:38,3239
9719,Book hotel,1970-04-26 21:28:39,3239
9720,Check hotel,1970-04-26 21:28:40,3240
9721,Decide,1970-04-26 21:28:41,3240
9722,Book hotel,1970-04-26 21:28:42,3240
9723,Check hotel,1970-04-26 21:28:43,3241
9724,Decide,1970-04-26 21:28:44,3241
9725,Book hotel,1970-04-26 21:28:45,3241
9726,Check plane,1970-04-26 21:28:46,3242
9727,Decide,1970-04-26 21:28:47,3242
9728,Book hotel,1970-04-26 21:28:48,3242
9729,Check hotel,1970-04-26 21:28:49,3243
9730,Decide,1970-04-26 21:28:50,3243
9731,Book plane,1970-04-26 21:28:51,3243
9732,Check plane,1970-04-26 21:28:52,3244
9733,Decide,1970-04-26 21:28:53,3244
9734,Book hotel,1970-04-26 21:28:54,3244
9735,Check plane,1970-04-26 21:28:55,3245
9736,Decide,1970-04-26 21:28:56,3245
9737,Book hotel,1970-04-26 21:28:57,3245
9738,Check hotel,1970-04-26 21:28:58,3246
9739,Decide,1970-04-26 21:28:59,3246
9740,Book hotel,1970-04-26 21:29:00,3246
9741,Check hotel,1970-04-26 21:29:01,3247
9742,Decide,1970-04-26 21:29:02,3247
9743,Book plane,1970-04-26 21:29:03,3247
9744,Check plane,1970-04-26 21:29:04,3248
9745,Decide,1970-04-26 21:29:05,3248
9746,Book plane,1970-04-26 21:29:06,3248
9747,Check hotel,1970-04-26 21:29:07,3249
9748,Decide,1970-04-26 21:29:08,3249
9749,Book hotel,1970-04-26 21:29:09,3249
9750,Check plane,1970-04-26 21:29:10,3250
9751,Decide,1970-04-26 21:29:11,3250
9752,Book hotel,1970-04-26 21:29:12,3250
9753,Check hotel,1970-04-26 21:29:13,3251
9754,Decide,1970-04-26 21:29:14,3251
9755,Book plane,1970-04-26 21:29:15,3251
9756,Check plane,1970-04-26 21:29:16,3252
9757,Decide,1970-04-26 21:29:17,3252
9758,Book plane,1970-04-26 21:29:18,3252
9759,Check plane,1970-04-26 21:29:19,3253
9760,Decide,1970-04-26 21:29:20,3253
9761,Book hotel,1970-04-26 21:29:21,3253
9762,Check plane,1970-04-26 21:29:22,3254
9763,Decide,1970-04-26 21:29:23,3254
9764,Book hotel,1970-04-26 21:29:24,3254
9765,Check plane,1970-04-26 21:29:25,3255
9766,Decide,1970-04-26 21:29:26,3255
9767,Book plane,1970-04-26 21:29:27,3255
9768,Check hotel,1970-04-26 21:29:28,3256
9769,Decide,1970-04-26 21:29:29,3256
9770,Book plane,1970-04-26 21:29:30,3256
9771,Check hotel,1970-04-26 21:29:31,3257
9772,Decide,1970-04-26 21:29:32,3257
9773,Book hotel,1970-04-26 21:29:33,3257
9774,Check plane,1970-04-26 21:29:34,3258
9775,Decide,1970-04-26 21:29:35,3258
9776,Book hotel,1970-04-26 21:29:36,3258
9777,Check plane,1970-04-26 21:29:37,3259
9778,Decide,1970-04-26 21:29:38,3259
9779,Book plane,1970-04-26 21:29:39,3259
9780,Check hotel,1970-04-26 21:29:40,3260
9781,Decide,1970-04-26 21:29:41,3260
9782,Book plane,1970-04-26 21:29:42,3260
9783,Check hotel,1970-04-26 21:29:43,3261
9784,Decide,1970-04-26 21:29:44,3261
9785,Book hotel,1970-04-26 21:29:45,3261
9786,Check plane,1970-04-26 21:29:46,3262
9787,Decide,1970-04-26 21:29:47,3262
9788,Book plane,1970-04-26 21:29:48,3262
9789,Check hotel,1970-04-26 21:29:49,3263
9790,Decide,1970-04-26 21:29:50,3263
9791,Book plane,1970-04-26 21:29:51,3263
9792,Check hotel,1970-04-26 21:29:52,3264
9793,Decide,1970-04-26 21:29:53,3264
9794,Book hotel,1970-04-26 21:29:54,3264
9795,Check hotel,1970-04-26 21:29:55,3265
9796,Decide,1970-04-26 21:29:56,3265
9797,Book hotel,1970-04-26 21:29:57,3265
9798,Check plane,1970-04-26 21:29:58,3266
9799,Decide,1970-04-26 21:29:59,3266
9800,Book plane,1970-04-26 21:30:00,3266
9801,Check plane,1970-04-26 21:30:01,3267
9802,Decide,1970-04-26 21:30:02,3267
9803,Book hotel,1970-04-26 21:30:03,3267
9804,Check plane,1970-04-26 21:30:04,3268
9805,Decide,1970-04-26 21:30:05,3268
9806,Book plane,1970-04-26 21:30:06,3268
9807,Check hotel,1970-04-26 21:30:07,3269
9808,Decide,1970-04-26 21:30:08,3269
9809,Book plane,1970-04-26 21:30:09,3269
9810,Check hotel,1970-04-26 21:30:10,3270
9811,Decide,1970-04-26 21:30:11,3270
9812,Book plane,1970-04-26 21:30:12,3270
9813,Check plane,1970-04-26 21:30:13,3271
9814,Decide,1970-04-26 21:30:14,3271
9815,Book hotel,1970-04-26 21:30:15,3271
9816,Check plane,1970-04-26 21:30:16,3272
9817,Decide,1970-04-26 21:30:17,3272
9818,Book plane,1970-04-26 21:30:18,3272
9819,Check plane,1970-04-26 21:30:19,3273
9820,Decide,1970-04-26 21:30:20,3273
9821,Book hotel,1970-04-26 21:30:21,3273
9822,Check plane,1970-04-26 21:30:22,3274
9823,Decide,1970-04-26 21:30:23,3274
9824,Book hotel,1970-04-26 21:30:24,3274
9825,Check plane,1970-04-26 21:30:25,3275
9826,Decide,1970-04-26 21:30:26,3275
9827,Book hotel,1970-04-26 21:30:27,3275
9828,Check plane,1970-04-26 21:30:28,3276
9829,Decide,1970-04-26 21:30:29,3276
9830,Book plane,1970-04-26 21:30:30,3276
9831,Check plane,1970-04-26 21:30:31,3277
9832,Decide,1970-04-26 21:30:32,3277
9833,Book plane,1970-04-26 21:30:33,3277
9834,Check hotel,1970-04-26 21:30:34,3278
9835,Decide,1970-04-26 21:30:35,3278
9836,Book plane,1970-04-26 21:30:36,3278
9837,Check hotel,1970-04-26 21:30:37,3279
9838,Decide,1970-04-26 21:30:38,3279
9839,Book hotel,1970-04-26 21:30:39,3279
9840,Check plane,1970-04-26 21:30:40,3280
9841,Decide,1970-04-26 21:30:41,3280
9842,Book plane,1970-04-26 21:30:42,3280
9843,Check plane,1970-04-26 21:30:43,3281
9844,Decide,1970-04-26 21:30:44,3281
9845,Book plane,1970-04-26 21:30:45,3281
9846,Check hotel,1970-04-26 21:30:46,3282
9847,Decide,1970-04-26 21:30:47,3282
9848,Book hotel,1970-04-26 21:30:48,3282
9849,Check plane,1970-04-26 21:30:49,3283
9850,Decide,1970-04-26 21:30:50,3283
9851,Book hotel,1970-04-26 21:30:51,3283
9852,Check plane,1970-04-26 21:30:52,3284
9853,Decide,1970-04-26 21:30:53,3284
9854,Book plane,1970-04-26 21:30:54,3284
9855,Check plane,1970-04-26 21:30:55,3285
9856,Decide,1970-04-26 21:30:56,3285
9857,Book plane,1970-04-26 21:30:57,3285
9858,Check plane,1970-04-26 21:30:58,3286
9859,Decide,1970-04-26 21:30:59,3286
9860,Book hotel,1970-04-26 21:31:00,3286
9861,Check hotel,1970-04-26 21:31:01,3287
9862,Decide,1970-04-26 21:31:02,3287
9863,Book plane,1970-04-26 21:31:03,3287
9864,Check hotel,1970-04-26 21:31:04,3288
9865,Decide,1970-04-26 21:31:05,3288
9866,Book plane,1970-04-26 21:31:06,3288
9867,Check plane,1970-04-26 21:31:07,3289
9868,Decide,1970-04-26 21:31:08,3289
9869,Book plane,1970-04-26 21:31:09,3289
9870,Check hotel,1970-04-26 21:31:10,3290
9871,Decide,1970-04-26 21:31:11,3290
9872,Book plane,1970-04-26 21:31:12,3290
9873,Check hotel,1970-04-26 21:31:13,3291
9874,Decide,1970-04-26 21:31:14,3291
9875,Book plane,1970-04-26 21:31:15,3291
9876,Check hotel,1970-04-26 21:31:16,3292
9877,Decide,1970-04-26 21:31:17,3292
9878,Book plane,1970-04-26 21:31:18,3292
9879,Check plane,1970-04-26 21:31:19,3293
9880,Decide,1970-04-26 21:31:20,3293
9881,Book plane,1970-04-26 21:31:21,3293
9882,Check plane,1970-04-26 21:31:22,3294
9883,Decide,1970-04-26 21:31:23,3294
9884,Book plane,1970-04-26 21:31:24,3294
9885,Check hotel,1970-04-26 21:31:25,3295
9886,Decide,1970-04-26 21:31:26,3295
9887,Book hotel,1970-04-26 21:31:27,3295
9888,Check hotel,1970-04-26 21:31:28,3296
9889,Decide,1970-04-26 21:31:29,3296
9890,Book hotel,1970-04-26 21:31:30,3296
9891,Check hotel,1970-04-26 21:31:31,3297
9892,Decide,1970-04-26 21:31:32,3297
9893,Book plane,1970-04-26 21:31:33,3297
9894,Check hotel,1970-04-26 21:31:34,3298
9895,Decide,1970-04-26 21:31:35,3298
9896,Book hotel,1970-04-26 21:31:36,3298
9897,Check hotel,1970-04-26 21:31:37,3299
9898,Decide,1970-04-26 21:31:38,3299
9899,Book plane,1970-04-26 21:31:39,3299
9900,Check hotel,1970-04-26 21:31:40,3300
9901,Decide,1970-04-26 21:31:41,3300
9902,Book hotel,1970-04-26 21:31:42,3300
9903,Check plane,1970-04-26 21:31:43,3301
9904,Decide,1970-04-26 21:31:44,3301
9905,Book plane,1970-04-26 21:31:45,3301
9906,Check plane,1970-04-26 21:31:46,3302
9907,Decide,1970-04-26 21:31:47,3302
9908,Book plane,1970-04-26 21:31:48,3302
9909,Check plane,1970-04-26 21:31:49,3303
9910,Decide,1970-04-26 21:31:50,3303
9911,Book hotel,1970-04-26 21:31:51,3303
9912,Check hotel,1970-04-26 21:31:52,3304
9913,Decide,1970-04-26 21:31:53,3304
9914,Book hotel,1970-04-26 21:31:54,3304
9915,Check plane,1970-04-26 21:31:55,3305
9916,Decide,1970-04-26 21:31:56,3305
9917,Book plane,1970-04-26 21:31:57,3305
9918,Check hotel,1970-04-26 21:31:58,3306
9919,Decide,1970-04-26 21:31:59,3306
9920,Book hotel,1970-04-26 21:32:00,3306
9921,Check hotel,1970-04-26 21:32:01,3307
9922,Decide,1970-04-26 21:32:02,3307
9923,Book hotel,1970-04-26 21:32:03,3307
9924,Check plane,1970-04-26 21:32:04,3308
9925,Decide,1970-04-26 21:32:05,3308
9926,Book plane,1970-04-26 21:32:06,3308
9927,Check hotel,1970-04-26 21:32:07,3309
9928,Decide,1970-04-26 21:32:08,3309
9929,Book plane,1970-04-26 21:32:09,3309
9930,Check hotel,1970-04-26 21:32:10,3310
9931,Decide,1970-04-26 21:32:11,3310
9932,Book plane,1970-04-26 21:32:12,3310
9933,Check plane,1970-04-26 21:32:13,3311
9934,Decide,1970-04-26 21:32:14,3311
9935,Book hotel,1970-04-26 21:32:15,3311
9936,Check hotel,1970-04-26 21:32:16,3312
9937,Decide,1970-04-26 21:32:17,3312
9938,Book hotel,1970-04-26 21:32:18,3312
9939,Check hotel,1970-04-26 21:32:19,3313
9940,Decide,1970-04-26 21:32:20,3313
9941,Book hotel,1970-04-26 21:32:21,3313
9942,Check hotel,1970-04-26 21:32:22,3314
9943,Decide,1970-04-26 21:32:23,3314
9944,Book plane,1970-04-26 21:32:24,3314
9945,Check hotel,1970-04-26 21:32:25,3315
9946,Decide,1970-04-26 21:32:26,3315
9947,Book plane,1970-04-26 21:32:27,3315
9948,Check hotel,1970-04-26 21:32:28,3316
9949,Decide,1970-04-26 21:32:29,3316
9950,Book hotel,1970-04-26 21:32:30,3316
9951,Check plane,1970-04-26 21:32:31,3317
9952,Decide,1970-04-26 21:32:32,3317
9953,Book hotel,1970-04-26 21:32:33,3317
9954,Check hotel,1970-04-26 21:32:34,3318
9955,Decide,1970-04-26 21:32:35,3318
9956,Book plane,1970-04-26 21:32:36,3318
9957,Check hotel,1970-04-26 21:32:37,3319
9958,Decide,1970-04-26 21:32:38,3319
9959,Book plane,1970-04-26 21:32:39,3319
9960,Check plane,1970-04-26 21:32:40,3320
9961,Decide,1970-04-26 21:32:41,3320
9962,Book plane,1970-04-26 21:32:42,3320
9963,Check hotel,1970-04-26 21:32:43,3321
9964,Decide,1970-04-26 21:32:44,3321
9965,Book hotel,1970-04-26 21:32:45,3321
9966,Check plane,1970-04-26 21:32:46,3322
9967,Decide,1970-04-26 21:32:47,3322
9968,Book hotel,1970-04-26 21:32:48,3322
9969,Check hotel,1970-04-26 21:32:49,3323
9970,Decide,1970-04-26 21:32:50,3323
9971,Book plane,1970-04-26 21:32:51,3323
9972,Check plane,1970-04-26 21:32:52,3324
9973,Decide,1970-04-26 21:32:53,3324
9974,Book plane,1970-04-26 21:32:54,3324
9975,Check hotel,1970-04-26 21:32:55,3325
9976,Decide,1970-04-26 21:32:56,3325
9977,Book hotel,1970-04-26 21:32:57,3325
9978,Check hotel,1970-04-26 21:32:58,3326
9979,Decide,1970-04-26 21:32:59,3326
9980,Book hotel,1970-04-26 21:33:00,3326
9981,Check hotel,1970-04-26 21:33:01,3327
9982,Decide,1970-04-26 21:33:02,3327
9983,Book plane,1970-04-26 21:33:03,3327
9984,Check plane,1970-04-26 21:33:04,3328
9985,Decide,1970-04-26 21:33:05,3328
9986,Book plane,1970-04-26 21:33:06,3328
9987,Check hotel,1970-04-26 21:33:07,3329
9988,Decide,1970-04-26 21:33:08,3329
9989,Book plane,1970-04-26 21:33:09,3329
9990,Check hotel,1970-04-26 21:33:10,3330
9991,Decide,1970-04-26 21:33:11,3330
9992,Book plane,1970-04-26 21:33:12,3330
9993,Check plane,1970-04-26 21:33:13,3331
9994,Decide,1970-04-26 21:33:14,3331
9995,Book hotel,1970-04-26 21:33:15,3331
9996,Check hotel,1970-04-26 21:33:16,3332
9997,Decide,1970-04-26 21:33:17,3332
9998,Book hotel,1970-04-26 21:33:18,3332
9999,Check plane,1970-04-26 21:33:19,3333
10000,Decide,1970-04-26 21:33:20,3333
10001,Book plane,1970-04-26 21:33:21,3333
10002,Check plane,1970-04-26 21:33:22,3334
10003,Decide,1970-04-26 21:33:23,3334
10004,Book plane,1970-04-26 21:33:24,3334
10005,Check hotel,1970-04-26 21:33:25,3335
10006,Decide,1970-04-26 21:33:26,3335
10007,Book plane,1970-04-26 21:33:27,3335
10008,Check plane,1970-04-26 21:33:28,3336
10009,Decide,1970-04-26 21:33:29,3336
10010,Book plane,1970-04-26 21:33:30,3336
10011,Check plane,1970-04-26 21:33:31,3337
10012,Decide,1970-04-26 21:33:32,3337
10013,Book plane,1970-04-26 21:33:33,3337
10014,Check plane,1970-04-26 21:33:34,3338
10015,Decide,1970-04-26 21:33:35,3338
10016,Book hotel,1970-04-26 21:33:36,3338
10017,Check plane,1970-04-26 21:33:37,3339
10018,Decide,1970-04-26 21:33:38,3339
10019,Book hotel,1970-04-26 21:33:39,3339
10020,Check plane,1970-04-26 21:33:40,3340
10021,Decide,1970-04-26 21:33:41,3340
10022,Book plane,1970-04-26 21:33:42,3340
10023,Check plane,1970-04-26 21:33:43,3341
10024,Decide,1970-04-26 21:33:44,3341
10025,Book plane,1970-04-26 21:33:45,3341
10026,Check plane,1970-04-26 21:33:46,3342
10027,Decide,1970-04-26 21:33:47,3342
10028,Book hotel,1970-04-26 21:33:48,3342
10029,Check hotel,1970-04-26 21:33:49,3343
10030,Decide,1970-04-26 21:33:50,3343
10031,Book plane,1970-04-26 21:33:51,3343
10032,Check plane,1970-04-26 21:33:52,3344
10033,Decide,1970-04-26 21:33:53,3344
10034,Book plane,1970-04-26 21:33:54,3344
10035,Check hotel,1970-04-26 21:33:55,3345
10036,Decide,1970-04-26 21:33:56,3345
10037,Book plane,1970-04-26 21:33:57,3345
10038,Check hotel,1970-04-26 21:33:58,3346
10039,Decide,1970-04-26 21:33:59,3346
10040,Book hotel,1970-04-26 21:34:00,3346
10041,Check hotel,1970-04-26 21:34:01,3347
10042,Decide,1970-04-26 21:34:02,3347
10043,Book plane,1970-04-26 21:34:03,3347
10044,Check hotel,1970-04-26 21:34:04,3348
10045,Decide,1970-04-26 21:34:05,3348
10046,Book hotel,1970-04-26 21:34:06,3348
10047,Check plane,1970-04-26 21:34:07,3349
10048,Decide,1970-04-26 21:34:08,3349
10049,Book hotel,1970-04-26 21:34:09,3349
10050,Check plane,1970-04-26 21:34:10,3350
10051,Decide,1970-04-26 21:34:11,3350
10052,Book hotel,1970-04-26 21:34:12,3350
10053,Check plane,1970-04-26 21:34:13,3351
10054,Decide,1970-04-26 21:34:14,3351
10055,Book hotel,1970-04-26 21:34:15,3351
10056,Check hotel,1970-04-26 21:34:16,3352
10057,Decide,1970-04-26 21:34:17,3352
10058,Book hotel,1970-04-26 21:34:18,3352
10059,Check plane,1970-04-26 21:34:19,3353
10060,Decide,1970-04-26 21:34:20,3353
10061,Book hotel,1970-04-26 21:34:21,3353
10062,Check hotel,1970-04-26 21:34:22,3354
10063,Decide,1970-04-26 21:34:23,3354
10064,Book plane,1970-04-26 21:34:24,3354
10065,Check plane,1970-04-26 21:34:25,3355
10066,Decide,1970-04-26 21:34:26,3355
10067,Book plane,1970-04-26 21:34:27,3355
10068,Check plane,1970-04-26 21:34:28,3356
10069,Decide,1970-04-26 21:34:29,3356
10070,Book plane,1970-04-26 21:34:30,3356
10071,Check plane,1970-04-26 21:34:31,3357
10072,Decide,1970-04-26 21:34:32,3357
10073,Book plane,1970-04-26 21:34:33,3357
10074,Check plane,1970-04-26 21:34:34,3358
10075,Decide,1970-04-26 21:34:35,3358
10076,Book hotel,1970-04-26 21:34:36,3358
10077,Check hotel,1970-04-26 21:34:37,3359
10078,Decide,1970-04-26 21:34:38,3359
10079,Book plane,1970-04-26 21:34:39,3359
10080,Check plane,1970-04-26 21:34:40,3360
10081,Decide,1970-04-26 21:34:41,3360
10082,Book plane,1970-04-26 21:34:42,3360
10083,Check hotel,1970-04-26 21:34:43,3361
10084,Decide,1970-04-26 21:34:44,3361
10085,Book plane,1970-04-26 21:34:45,3361
10086,Check hotel,1970-04-26 21:34:46,3362
10087,Decide,1970-04-26 21:34:47,3362
10088,Book plane,1970-04-26 21:34:48,3362
10089,Check hotel,1970-04-26 21:34:49,3363
10090,Decide,1970-04-26 21:34:50,3363
10091,Book plane,1970-04-26 21:34:51,3363
10092,Check hotel,1970-04-26 21:34:52,3364
10093,Decide,1970-04-26 21:34:53,3364
10094,Book plane,1970-04-26 21:34:54,3364
10095,Check hotel,1970-04-26 21:34:55,3365
10096,Decide,1970-04-26 21:34:56,3365
10097,Book hotel,1970-04-26 21:34:57,3365
10098,Check hotel,1970-04-26 21:34:58,3366
10099,Decide,1970-04-26 21:34:59,3366
10100,Book hotel,1970-04-26 21:35:00,3366
10101,Check hotel,1970-04-26 21:35:01,3367
10102,Decide,1970-04-26 21:35:02,3367
10103,Book plane,1970-04-26 21:35:03,3367
10104,Check plane,1970-04-26 21:35:04,3368
10105,Decide,1970-04-26 21:35:05,3368
10106,Book plane,1970-04-26 21:35:06,3368
10107,Check plane,1970-04-26 21:35:07,3369
10108,Decide,1970-04-26 21:35:08,3369
10109,Book hotel,1970-04-26 21:35:09,3369
10110,Check plane,1970-04-26 21:35:10,3370
10111,Decide,1970-04-26 21:35:11,3370
10112,Book hotel,1970-04-26 21:35:12,3370
10113,Check plane,1970-04-26 21:35:13,3371
10114,Decide,1970-04-26 21:35:14,3371
10115,Book plane,1970-04-26 21:35:15,3371
10116,Check hotel,1970-04-26 21:35:16,3372
10117,Decide,1970-04-26 21:35:17,3372
10118,Book hotel,1970-04-26 21:35:18,3372
10119,Check plane,1970-04-26 21:35:19,3373
10120,Decide,1970-04-26 21:35:20,3373
10121,Book hotel,1970-04-26 21:35:21,3373
10122,Check hotel,1970-04-26 21:35:22,3374
10123,Decide,1970-04-26 21:35:23,3374
10124,Book hotel,1970-04-26 21:35:24,3374
10125,Check plane,1970-04-26 21:35:25,3375
10126,Decide,1970-04-26 21:35:26,3375
10127,Book plane,1970-04-26 21:35:27,3375
10128,Check hotel,1970-04-26 21:35:28,3376
10129,Decide,1970-04-26 21:35:29,3376
10130,Book plane,1970-04-26 21:35:30,3376
10131,Check plane,1970-04-26 21:35:31,3377
10132,Decide,1970-04-26 21:35:32,3377
10133,Book hotel,1970-04-26 21:35:33,3377
10134,Check plane,1970-04-26 21:35:34,3378
10135,Decide,1970-04-26 21:35:35,3378
10136,Book hotel,1970-04-26 21:35:36,3378
10137,Check hotel,1970-04-26 21:35:37,3379
10138,Decide,1970-04-26 21:35:38,3379
10139,Book plane,1970-04-26 21:35:39,3379
10140,Check plane,1970-04-26 21:35:40,3380
10141,Decide,1970-04-26 21:35:41,3380
10142,Book hotel,1970-04-26 21:35:42,3380
10143,Check hotel,1970-04-26 21:35:43,3381
10144,Decide,1970-04-26 21:35:44,3381
10145,Book plane,1970-04-26 21:35:45,3381
10146,Check hotel,1970-04-26 21:35:46,3382
10147,Decide,1970-04-26 21:35:47,3382
10148,Book plane,1970-04-26 21:35:48,3382
10149,Check plane,1970-04-26 21:35:49,3383
10150,Decide,1970-04-26 21:35:50,3383
10151,Book plane,1970-04-26 21:35:51,3383
10152,Check plane,1970-04-26 21:35:52,3384
10153,Decide,1970-04-26 21:35:53,3384
10154,Book plane,1970-04-26 21:35:54,3384
10155,Check hotel,1970-04-26 21:35:55,3385
10156,Decide,1970-04-26 21:35:56,3385
10157,Book plane,1970-04-26 21:35:57,3385
10158,Check hotel,1970-04-26 21:35:58,3386
10159,Decide,1970-04-26 21:35:59,3386
10160,Book hotel,1970-04-26 21:36:00,3386
10161,Check plane,1970-04-26 21:36:01,3387
10162,Decide,1970-04-26 21:36:02,3387
10163,Book hotel,1970-04-26 21:36:03,3387
10164,Check hotel,1970-04-26 21:36:04,3388
10165,Decide,1970-04-26 21:36:05,3388
10166,Book hotel,1970-04-26 21:36:06,3388
10167,Check plane,1970-04-26 21:36:07,3389
10168,Decide,1970-04-26 21:36:08,3389
10169,Book hotel,1970-04-26 21:36:09,3389
10170,Check plane,1970-04-26 21:36:10,3390
10171,Decide,1970-04-26 21:36:11,3390
10172,Book hotel,1970-04-26 21:36:12,3390
10173,Check hotel,1970-04-26 21:36:13,3391
10174,Decide,1970-04-26 21:36:14,3391
10175,Book plane,1970-04-26 21:36:15,3391
10176,Check plane,1970-04-26 21:36:16,3392
10177,Decide,1970-04-26 21:36:17,3392
10178,Book plane,1970-04-26 21:36:18,3392
10179,Check hotel,1970-04-26 21:36:19,3393
10180,Decide,1970-04-26 21:36:20,3393
10181,Book plane,1970-04-26 21:36:21,3393
10182,Check plane,1970-04-26 21:36:22,3394
10183,Decide,1970-04-26 21:36:23,3394
10184,Book plane,1970-04-26 21:36:24,3394
10185,Check hotel,1970-04-26 21:36:25,3395
10186,Decide,1970-04-26 21:36:26,3395
10187,Book hotel,1970-04-26 21:36:27,3395
10188,Check plane,1970-04-26 21:36:28,3396
10189,Decide,1970-04-26 21:36:29,3396
10190,Book hotel,1970-04-26 21:36:30,3396
10191,Check plane,1970-04-26 21:36:31,3397
10192,Decide,1970-04-26 21:36:32,3397
10193,Book plane,1970-04-26 21:36:33,3397
10194,Check plane,1970-04-26 21:36:34,3398
10195,Decide,1970-04-26 21:36:35,3398
10196,Book plane,1970-04-26 21:36:36,3398
10197,Check hotel,1970-04-26 21:36:37,3399
10198,Decide,1970-04-26 21:36:38,3399
10199,Book plane,1970-04-26 21:36:39,3399
10200,Check hotel,1970-04-26 21:36:40,3400
10201,Decide,1970-04-26 21:36:41,3400
10202,Book hotel,1970-04-26 21:36:42,3400
10203,Check plane,1970-04-26 21:36:43,3401
10204,Decide,1970-04-26 21:36:44,3401
10205,Book plane,1970-04-26 21:36:45,3401
10206,Check plane,1970-04-26 21:36:46,3402
10207,Decide,1970-04-26 21:36:47,3402
10208,Book plane,1970-04-26 21:36:48,3402
10209,Check hotel,1970-04-26 21:36:49,3403
10210,Decide,1970-04-26 21:36:50,3403
10211,Book plane,1970-04-26 21:36:51,3403
10212,Check hotel,1970-04-26 21:36:52,3404
10213,Decide,1970-04-26 21:36:53,3404
10214,Book plane,1970-04-26 21:36:54,3404
10215,Check plane,1970-04-26 21:36:55,3405
10216,Decide,1970-04-26 21:36:56,3405
10217,Book plane,1970-04-26 21:36:57,3405
10218,Check hotel,1970-04-26 21:36:58,3406
10219,Decide,1970-04-26 21:36:59,3406
10220,Book plane,1970-04-26 21:37:00,3406
10221,Check plane,1970-04-26 21:37:01,3407
10222,Decide,1970-04-26 21:37:02,3407
10223,Book plane,1970-04-26 21:37:03,3407
10224,Check hotel,1970-04-26 21:37:04,3408
10225,Decide,1970-04-26 21:37:05,3408
10226,Book hotel,1970-04-26 21:37:06,3408
10227,Check plane,1970-04-26 21:37:07,3409
10228,Decide,1970-04-26 21:37:08,3409
10229,Book hotel,1970-04-26 21:37:09,3409
10230,Check hotel,1970-04-26 21:37:10,3410
10231,Decide,1970-04-26 21:37:11,3410
10232,Book hotel,1970-04-26 21:37:12,3410
10233,Check plane,1970-04-26 21:37:13,3411
10234,Decide,1970-04-26 21:37:14,3411
10235,Book hotel,1970-04-26 21:37:15,3411
10236,Check plane,1970-04-26 21:37:16,3412
10237,Decide,1970-04-26 21:37:17,3412
10238,Book hotel,1970-04-26 21:37:18,3412
10239,Check hotel,1970-04-26 21:37:19,3413
10240,Decide,1970-04-26 21:37:20,3413
10241,Book hotel,1970-04-26 21:37:21,3413
10242,Check plane,1970-04-26 21:37:22,3414
10243,Decide,1970-04-26 21:37:23,3414
10244,Book hotel,1970-04-26 21:37:24,3414
10245,Check hotel,1970-04-26 21:37:25,3415
10246,Decide,1970-04-26 21:37:26,3415
10247,Book plane,1970-04-26 21:37:27,3415
10248,Check plane,1970-04-26 21:37:28,3416
10249,Decide,1970-04-26 21:37:29,3416
10250,Book plane,1970-04-26 21:37:30,3416
10251,Check plane,1970-04-26 21:37:31,3417
10252,Decide,1970-04-26 21:37:32,3417
10253,Book hotel,1970-04-26 21:37:33,3417
10254,Check plane,1970-04-26 21:37:34,3418
10255,Decide,1970-04-26 21:37:35,3418
10256,Book hotel,1970-04-26 21:37:36,3418
10257,Check hotel,1970-04-26 21:37:37,3419
10258,Decide,1970-04-26 21:37:38,3419
10259,Book plane,1970-04-26 21:37:39,3419
10260,Check plane,1970-04-26 21:37:40,3420
10261,Decide,1970-04-26 21:37:41,3420
10262,Book plane,1970-04-26 21:37:42,3420
10263,Check hotel,1970-04-26 21:37:43,3421
10264,Decide,1970-04-26 21:37:44,3421
10265,Book hotel,1970-04-26 21:37:45,3421
10266,Check hotel,1970-04-26 21:37:46,3422
10267,Decide,1970-04-26 21:37:47,3422
10268,Book hotel,1970-04-26 21:37:48,3422
10269,Check hotel,1970-04-26 21:37:49,3423
10270,Decide,1970-04-26 21:37:50,3423
10271,Book hotel,1970-04-26 21:37:51,3423
10272,Check hotel,1970-04-26 21:37:52,3424
10273,Decide,1970-04-26 21:37:53,3424
10274,Book hotel,1970-04-26 21:37:54,3424
10275,Check plane,1970-04-26 21:37:55,3425
10276,Decide,1970-04-26 21:37:56,3425
10277,Book hotel,1970-04-26 21:37:57,3425
10278,Check hotel,1970-04-26 21:37:58,3426
10279,Decide,1970-04-26 21:37:59,3426
10280,Book hotel,1970-04-26 21:38:00,3426
10281,Check hotel,1970-04-26 21:38:01,3427
10282,Decide,1970-04-26 21:38:02,3427
10283,Book hotel,1970-04-26 21:38:03,3427
10284,Check hotel,1970-04-26 21:38:04,3428
10285,Decide,1970-04-26 21:38:05,3428
10286,Book hotel,1970-04-26 21:38:06,3428
10287,Check plane,1970-04-26 21:38:07,3429
10288,Decide,1970-04-26 21:38:08,3429
10289,Book plane,1970-04-26 21:38:09,3429
10290,Check plane,1970-04-26 21:38:10,3430
10291,Decide,1970-04-26 21:38:11,3430
10292,Book plane,1970-04-26 21:38:12,3430
10293,Check plane,1970-04-26 21:38:13,3431
10294,Decide,1970-04-26 21:38:14,3431
10295,Book plane,1970-04-26 21:38:15,3431
10296,Check plane,1970-04-26 21:38:16,3432
10297,Decide,1970-04-26 21:38:17,3432
10298,Book plane,1970-04-26 21:38:18,3432
10299,Check hotel,1970-04-26 21:38:19,3433
10300,Decide,1970-04-26 21:38:20,3433
10301,Book hotel,1970-04-26 21:38:21,3433
10302,Check hotel,1970-04-26 21:38:22,3434
10303,Decide,1970-04-26 21:38:23,3434
10304,Book hotel,1970-04-26 21:38:24,3434
10305,Check plane,1970-04-26 21:38:25,3435
10306,Decide,1970-04-26 21:38:26,3435
10307,Book plane,1970-04-26 21:38:27,3435
10308,Check hotel,1970-04-26 21:38:28,3436
10309,Decide,1970-04-26 21:38:29,3436
10310,Book plane,1970-04-26 21:38:30,3436
10311,Check plane,1970-04-26 21:38:31,3437
10312,Decide,1970-04-26 21:38:32,3437
10313,Book plane,1970-04-26 21:38:33,3437
10314,Check plane,1970-04-26 21:38:34,3438
10315,Decide,1970-04-26 21:38:35,3438
10316,Book plane,1970-04-26 21:38:36,3438
10317,Check hotel,1970-04-26 21:38:37,3439
10318,Decide,1970-04-26 21:38:38,3439
10319,Book plane,1970-04-26 21:38:39,3439
10320,Check plane,1970-04-26 21:38:40,3440
10321,Decide,1970-04-26 21:38:41,3440
10322,Book hotel,1970-04-26 21:38:42,3440
10323,Check plane,1970-04-26 21:38:43,3441
10324,Decide,1970-04-26 21:38:44,3441
10325,Book hotel,1970-04-26 21:38:45,3441
10326,Check plane,1970-04-26 21:38:46,3442
10327,Decide,1970-04-26 21:38:47,3442
10328,Book hotel,1970-04-26 21:38:48,3442
10329,Check plane,1970-04-26 21:38:49,3443
10330,Decide,1970-04-26 21:38:50,3443
10331,Book hotel,1970-04-26 21:38:51,3443
10332,Check hotel,1970-04-26 21:38:52,3444
10333,Decide,1970-04-26 21:38:53,3444
10334,Book plane,1970-04-26 21:38:54,3444
10335,Check hotel,1970-04-26 21:38:55,3445
10336,Decide,1970-04-26 21:38:56,3445
10337,Book hotel,1970-04-26 21:38:57,3445
10338,Check plane,1970-04-26 21:38:58,3446
10339,Decide,1970-04-26 21:38:59,3446
10340,Book plane,1970-04-26 21:39:00,3446
10341,Check plane,1970-04-26 21:39:01,3447
10342,Decide,1970-04-26 21:39:02,3447
10343,Book plane,1970-04-26 21:39:03,3447
10344,Check hotel,1970-04-26 21:39:04,3448
10345,Decide,1970-04-26 21:39:05,3448
10346,Book plane,1970-04-26 21:39:06,3448
10347,Check hotel,1970-04-26 21:39:07,3449
10348,Decide,1970-04-26 21:39:08,3449
10349,Book hotel,1970-04-26 21:39:09,3449
10350,Check plane,1970-04-26 21:39:10,3450
10351,Decide,1970-04-26 21:39:11,3450
10352,Book plane,1970-04-26 21:39:12,3450
10353,Check plane,1970-04-26 21:39:13,3451
10354,Decide,1970-04-26 21:39:14,3451
10355,Book hotel,1970-04-26 21:39:15,3451
10356,Check plane,1970-04-26 21:39:16,3452
10357,Decide,1970-04-26 21:39:17,3452
10358,Book hotel,1970-04-26 21:39:18,3452
10359,Check plane,1970-04-26 21:39:19,3453
10360,Decide,1970-04-26 21:39:20,3453
10361,Book plane,1970-04-26 21:39:21,3453
10362,Check hotel,1970-04-26 21:39:22,3454
10363,Decide,1970-04-26 21:39:23,3454
10364,Book hotel,1970-04-26 21:39:24,3454
10365,Check hotel,1970-04-26 21:39:25,3455
10366,Decide,1970-04-26 21:39:26,3455
10367,Book plane,1970-04-26 21:39:27,3455
10368,Check plane,1970-04-26 21:39:28,3456
10369,Decide,1970-04-26 21:39:29,3456
10370,Book plane,1970-04-26 21:39:30,3456
10371,Check plane,1970-04-26 21:39:31,3457
10372,Decide,1970-04-26 21:39:32,3457
10373,Book plane,1970-04-26 21:39:33,3457
10374,Check hotel,1970-04-26 21:39:34,3458
10375,Decide,1970-04-26 21:39:35,3458
10376,Book plane,1970-04-26 21:39:36,3458
10377,Check hotel,1970-04-26 21:39:37,3459
10378,Decide,1970-04-26 21:39:38,3459
10379,Book hotel,1970-04-26 21:39:39,3459
10380,Check hotel,1970-04-26 21:39:40,3460
10381,Decide,1970-04-26 21:39:41,3460
10382,Book plane,1970-04-26 21:39:42,3460
10383,Check plane,1970-04-26 21:39:43,3461
10384,Decide,1970-04-26 21:39:44,3461
10385,Book hotel,1970-04-26 21:39:45,3461
10386,Check hotel,1970-04-26 21:39:46,3462
10387,Decide,1970-04-26 21:39:47,3462
10388,Book plane,1970-04-26 21:39:48,3462
10389,Check hotel,1970-04-26 21:39:49,3463
10390,Decide,1970-04-26 21:39:50,3463
10391,Book plane,1970-04-26 21:39:51,3463
10392,Check plane,1970-04-26 21:39:52,3464
10393,Decide,1970-04-26 21:39:53,3464
10394,Book plane,1970-04-26 21:39:54,3464
10395,Check hotel,1970-04-26 21:39:55,3465
10396,Decide,1970-04-26 21:39:56,3465
10397,Book plane,1970-04-26 21:39:57,3465
10398,Check plane,1970-04-26 21:39:58,3466
10399,Decide,1970-04-26 21:39:59,3466
10400,Book plane,1970-04-26 21:40:00,3466
10401,Check plane,1970-04-26 21:40:01,3467
10402,Decide,1970-04-26 21:40:02,3467
10403,Book hotel,1970-04-26 21:40:03,3467
10404,Check plane,1970-04-26 21:40:04,3468
10405,Decide,1970-04-26 21:40:05,3468
10406,Book hotel,1970-04-26 21:40:06,3468
10407,Check hotel,1970-04-26 21:40:07,3469
10408,Decide,1970-04-26 21:40:08,3469
10409,Book plane,1970-04-26 21:40:09,3469
10410,Check plane,1970-04-26 21:40:10,3470
10411,Decide,1970-04-26 21:40:11,3470
10412,Book plane,1970-04-26 21:40:12,3470
10413,Check plane,1970-04-26 21:40:13,3471
10414,Decide,1970-04-26 21:40:14,3471
10415,Book plane,1970-04-26 21:40:15,3471
10416,Check hotel,1970-04-26 21:40:16,3472
10417,Decide,1970-04-26 21:40:17,3472
10418,Book plane,1970-04-26 21:40:18,3472
10419,Check hotel,1970-04-26 21:40:19,3473
10420,Decide,1970-04-26 21:40:20,3473
10421,Book hotel,1970-04-26 21:40:21,3473
10422,Check plane,1970-04-26 21:40:22,3474
10423,Decide,1970-04-26 21:40:23,3474
10424,Book hotel,1970-04-26 21:40:24,3474
10425,Check hotel,1970-04-26 21:40:25,3475
10426,Decide,1970-04-26 21:40:26,3475
10427,Book hotel,1970-04-26 21:40:27,3475
10428,Check plane,1970-04-26 21:40:28,3476
10429,Decide,1970-04-26 21:40:29,3476
10430,Book hotel,1970-04-26 21:40:30,3476
10431,Check plane,1970-04-26 21:40:31,3477
10432,Decide,1970-04-26 21:40:32,3477
10433,Book hotel,1970-04-26 21:40:33,3477
10434,Check plane,1970-04-26 21:40:34,3478
10435,Decide,1970-04-26 21:40:35,3478
10436,Book hotel,1970-04-26 21:40:36,3478
10437,Check hotel,1970-04-26 21:40:37,3479
10438,Decide,1970-04-26 21:40:38,3479
10439,Book hotel,1970-04-26 21:40:39,3479
10440,Check hotel,1970-04-26 21:40:40,3480
10441,Decide,1970-04-26 21:40:41,3480
10442,Book plane,1970-04-26 21:40:42,3480
10443,Check hotel,1970-04-26 21:40:43,3481
10444,Decide,1970-04-26 21:40:44,3481
10445,Book plane,1970-04-26 21:40:45,3481
10446,Check hotel,1970-04-26 21:40:46,3482
10447,Decide,1970-04-26 21:40:47,3482
10448,Book plane,1970-04-26 21:40:48,3482
10449,Check plane,1970-04-26 21:40:49,3483
10450,Decide,1970-04-26 21:40:50,3483
10451,Book hotel,1970-04-26 21:40:51,3483
10452,Check plane,1970-04-26 21:40:52,3484
10453,Decide,1970-04-26 21:40:53,3484
10454,Book plane,1970-04-26 21:40:54,3484
10455,Check hotel,1970-04-26 21:40:55,3485
10456,Decide,1970-04-26 21:40:56,3485
10457,Book hotel,1970-04-26 21:40:57,3485
10458,Check hotel,1970-04-26 21:40:58,3486
10459,Decide,1970-04-26 21:40:59,3486
10460,Book hotel,1970-04-26 21:41:00,3486
10461,Check hotel,1970-04-26 21:41:01,3487
10462,Decide,1970-04-26 21:41:02,3487
10463,Book hotel,1970-04-26 21:41:03,3487
10464,Check plane,1970-04-26 21:41:04,3488
10465,Decide,1970-04-26 21:41:05,3488
10466,Book hotel,1970-04-26 21:41:06,3488
10467,Check hotel,1970-04-26 21:41:07,3489
10468,Decide,1970-04-26 21:41:08,3489
10469,Book plane,1970-04-26 21:41:09,3489
10470,Check hotel,1970-04-26 21:41:10,3490
10471,Decide,1970-04-26 21:41:11,3490
10472,Book hotel,1970-04-26 21:41:12,3490
10473,Check hotel,1970-04-26 21:41:13,3491
10474,Decide,1970-04-26 21:41:14,3491
10475,Book plane,1970-04-26 21:41:15,3491
10476,Check hotel,1970-04-26 21:41:16,3492
10477,Decide,1970-04-26 21:41:17,3492
10478,Book plane,1970-04-26 21:41:18,3492
10479,Check hotel,1970-04-26 21:41:19,3493
10480,Decide,1970-04-26 21:41:20,3493
10481,Book plane,1970-04-26 21:41:21,3493
10482,Check hotel,1970-04-26 21:41:22,3494
10483,Decide,1970-04-26 21:41:23,3494
10484,Book hotel,1970-04-26 21:41:24,3494
10485,Check hotel,1970-04-26 21:41:25,3495
10486,Decide,1970-04-26 21:41:26,3495
10487,Book hotel,1970-04-26 21:41:27,3495
10488,Check plane,1970-04-26 21:41:28,3496
10489,Decide,1970-04-26 21:41:29,3496
10490,Book hotel,1970-04-26 21:41:30,3496
10491,Check plane,1970-04-26 21:41:31,3497
10492,Decide,1970-04-26 21:41:32,3497
10493,Book hotel,1970-04-26 21:41:33,3497
10494,Check plane,1970-04-26 21:41:34,3498
10495,Decide,1970-04-26 21:41:35,3498
10496,Book hotel,1970-04-26 21:41:36,3498
10497,Check plane,1970-04-26 21:41:37,3499
10498,Decide,1970-04-26 21:41:38,3499
10499,Book plane,1970-04-26 21:41:39,3499
10500,Check hotel,1970-04-26 21:41:40,3500
10501,Decide,1970-04-26 21:41:41,3500
10502,Book plane,1970-04-26 21:41:42,3500
10503,Check hotel,1970-04-26 21:41:43,3501
10504,Decide,1970-04-26 21:41:44,3501
10505,Book plane,1970-04-26 21:41:45,3501
10506,Check plane,1970-04-26 21:41:46,3502
10507,Decide,1970-04-26 21:41:47,3502
10508,Book plane,1970-04-26 21:41:48,3502
10509,Check hotel,1970-04-26 21:41:49,3503
10510,Decide,1970-04-26 21:41:50,3503
10511,Book hotel,1970-04-26 21:41:51,3503
10512,Check hotel,1970-04-26 21:41:52,3504
10513,Decide,1970-04-26 21:41:53,3504
10514,Book plane,1970-04-26 21:41:54,3504
10515,Check plane,1970-04-26 21:41:55,3505
10516,Decide,1970-04-26 21:41:56,3505
10517,Book hotel,1970-04-26 21:41:57,3505
10518,Check plane,1970-04-26 21:41:58,3506
10519,Decide,1970-04-26 21:41:59,3506
10520,Book plane,1970-04-26 21:42:00,3506
10521,Check plane,1970-04-26 21:42:01,3507
10522,Decide,1970-04-26 21:42:02,3507
10523,Book hotel,1970-04-26 21:42:03,3507
10524,Check plane,1970-04-26 21:42:04,3508
10525,Decide,1970-04-26 21:42:05,3508
10526,Book hotel,1970-04-26 21:42:06,3508
10527,Check hotel,1970-04-26 21:42:07,3509
10528,Decide,1970-04-26 21:42:08,3509
10529,Book hotel,1970-04-26 21:42:09,3509
10530,Check hotel,1970-04-26 21:42:10,3510
10531,Decide,1970-04-26 21:42:11,3510
10532,Book plane,1970-04-26 21:42:12,3510
10533,Check plane,1970-04-26 21:42:13,3511
10534,Decide,1970-04-26 21:42:14,3511
10535,Book hotel,1970-04-26 21:42:15,3511
10536,Check plane,1970-04-26 21:42:16,3512
10537,Decide,1970-04-26 21:42:17,3512
10538,Book hotel,1970-04-26 21:42:18,3512
10539,Check plane,1970-04-26 21:42:19,3513
10540,Decide,1970-04-26 21:42:20,3513
10541,Book hotel,1970-04-26 21:42:21,3513
10542,Check plane,1970-04-26 21:42:22,3514
10543,Decide,1970-04-26 21:42:23,3514
10544,Book hotel,1970-04-26 21:42:24,3514
10545,Check hotel,1970-04-26 21:42:25,3515
10546,Decide,1970-04-26 21:42:26,3515
10547,Book plane,1970-04-26 21:42:27,3515
10548,Check hotel,1970-04-26 21:42:28,3516
10549,Decide,1970-04-26 21:42:29,3516
10550,Book plane,1970-04-26 21:42:30,3516
10551,Check hotel,1970-04-26 21:42:31,3517
10552,Decide,1970-04-26 21:42:32,3517
10553,Book hotel,1970-04-26 21:42:33,3517
10554,Check plane,1970-04-26 21:42:34,3518
10555,Decide,1970-04-26 21:42:35,3518
10556,Book hotel,1970-04-26 21:42:36,3518
10557,Check hotel,1970-04-26 21:42:37,3519
10558,Decide,1970-04-26 21:42:38,3519
10559,Book hotel,1970-04-26 21:42:39,3519
10560,Check plane,1970-04-26 21:42:40,3520
10561,Decide,1970-04-26 21:42:41,3520
10562,Book plane,1970-04-26 21:42:42,3520
10563,Check hotel,1970-04-26 21:42:43,3521
10564,Decide,1970-04-26 21:42:44,3521
10565,Book hotel,1970-04-26 21:42:45,3521
10566,Check hotel,1970-04-26 21:42:46,3522
10567,Decide,1970-04-26 21:42:47,3522
10568,Book hotel,1970-04-26 21:42:48,3522
10569,Check hotel,1970-04-26 21:42:49,3523
10570,Decide,1970-04-26 21:42:50,3523
10571,Book hotel,1970-04-26 21:42:51,3523
10572,Check plane,1970-04-26 21:42:52,3524
10573,Decide,1970-04-26 21:42:53,3524
10574,Book hotel,1970-04-26 21:42:54,3524
10575,Check plane,1970-04-26 21:42:55,3525
10576,Decide,1970-04-26 21:42:56,3525
10577,Book hotel,1970-04-26 21:42:57,3525
10578,Check plane,1970-04-26 21:42:58,3526
10579,Decide,1970-04-26 21:42:59,3526
10580,Book hotel,1970-04-26 21:43:00,3526
10581,Check plane,1970-04-26 21:43:01,3527
10582,Decide,1970-04-26 21:43:02,3527
10583,Book hotel,1970-04-26 21:43:03,3527
10584,Check hotel,1970-04-26 21:43:04,3528
10585,Decide,1970-04-26 21:43:05,3528
10586,Book hotel,1970-04-26 21:43:06,3528
10587,Check hotel,1970-04-26 21:43:07,3529
10588,Decide,1970-04-26 21:43:08,3529
10589,Book plane,1970-04-26 21:43:09,3529
10590,Check plane,1970-04-26 21:43:10,3530
10591,Decide,1970-04-26 21:43:11,3530
10592,Book hotel,1970-04-26 21:43:12,3530
10593,Check plane,1970-04-26 21:43:13,3531
10594,Decide,1970-04-26 21:43:14,3531
10595,Book plane,1970-04-26 21:43:15,3531
10596,Check plane,1970-04-26 21:43:16,3532
10597,Decide,1970-04-26 21:43:17,3532
10598,Book plane,1970-04-26 21:43:18,3532
10599,Check plane,1970-04-26 21:43:19,3533
10600,Decide,1970-04-26 21:43:20,3533
10601,Book hotel,1970-04-26 21:43:21,3533
10602,Check hotel,1970-04-26 21:43:22,3534
10603,Decide,1970-04-26 21:43:23,3534
10604,Book plane,1970-04-26 21:43:24,3534
10605,Check plane,1970-04-26 21:43:25,3535
10606,Decide,1970-04-26 21:43:26,3535
10607,Book plane,1970-04-26 21:43:27,3535
10608,Check hotel,1970-04-26 21:43:28,3536
10609,Decide,1970-04-26 21:43:29,3536
10610,Book hotel,1970-04-26 21:43:30,3536
10611,Check hotel,1970-04-26 21:43:31,3537
10612,Decide,1970-04-26 21:43:32,3537
10613,Book hotel,1970-04-26 21:43:33,3537
10614,Check plane,1970-04-26 21:43:34,3538
10615,Decide,1970-04-26 21:43:35,3538
10616,Book hotel,1970-04-26 21:43:36,3538
10617,Check plane,1970-04-26 21:43:37,3539
10618,Decide,1970-04-26 21:43:38,3539
10619,Book hotel,1970-04-26 21:43:39,3539
10620,Check plane,1970-04-26 21:43:40,3540
10621,Decide,1970-04-26 21:43:41,3540
10622,Book hotel,1970-04-26 21:43:42,3540
10623,Check hotel,1970-04-26 21:43:43,3541
10624,Decide,1970-04-26 21:43:44,3541
10625,Book plane,1970-04-26 21:43:45,3541
10626,Check hotel,1970-04-26 21:43:46,3542
10627,Decide,1970-04-26 21:43:47,3542
10628,Book plane,1970-04-26 21:43:48,3542
10629,Check hotel,1970-04-26 21:43:49,3543
10630,Decide,1970-04-26 21:43:50,3543
10631,Book plane,1970-04-26 21:43:51,3543
10632,Check hotel,1970-04-26 21:43:52,3544
10633,Decide,1970-04-26 21:43:53,3544
10634,Book plane,1970-04-26 21:43:54,3544
10635,Check plane,1970-04-26 21:43:55,3545
10636,Decide,1970-04-26 21:43:56,3545
10637,Book hotel,1970-04-26 21:43:57,3545
10638,Check hotel,1970-04-26 21:43:58,3546
10639,Decide,1970-04-26 21:43:59,3546
10640,Book plane,1970-04-26 21:44:00,3546
10641,Check plane,1970-04-26 21:44:01,3547
10642,Decide,1970-04-26 21:44:02,3547
10643,Book plane,1970-04-26 21:44:03,3547
10644,Check plane,1970-04-26 21:44:04,3548
10645,Decide,1970-04-26 21:44:05,3548
10646,Book hotel,1970-04-26 21:44:06,3548
10647,Check plane,1970-04-26 21:44:07,3549
10648,Decide,1970-04-26 21:44:08,3549
10649,Book plane,1970-04-26 21:44:09,3549
10650,Check hotel,1970-04-26 21:44:10,3550
10651,Decide,1970-04-26 21:44:11,3550
10652,Book plane,1970-04-26 21:44:12,3550
10653,Check plane,1970-04-26 21:44:13,3551
10654,Decide,1970-04-26 21:44:14,3551
10655,Book plane,1970-04-26 21:44:15,3551
10656,Check hotel,1970-04-26 21:44:16,3552
10657,Decide,1970-04-26 21:44:17,3552
10658,Book plane,1970-04-26 21:44:18,3552
10659,Check hotel,1970-04-26 21:44:19,3553
10660,Decide,1970-04-26 21:44:20,3553
10661,Book hotel,1970-04-26 21:44:21,3553
10662,Check hotel,1970-04-26 21:44:22,3554
10663,Decide,1970-04-26 21:44:23,3554
10664,Book plane,1970-04-26 21:44:24,3554
10665,Check plane,1970-04-26 21:44:25,3555
10666,Decide,1970-04-26 21:44:26,3555
10667,Book hotel,1970-04-26 21:44:27,3555
10668,Check hotel,1970-04-26 21:44:28,3556
10669,Decide,1970-04-26 21:44:29,3556
10670,Book hotel,1970-04-26 21:44:30,3556
10671,Check plane,1970-04-26 21:44:31,3557
10672,Decide,1970-04-26 21:44:32,3557
10673,Book plane,1970-04-26 21:44:33,3557
10674,Check hotel,1970-04-26 21:44:34,3558
10675,Decide,1970-04-26 21:44:35,3558
10676,Book plane,1970-04-26 21:44:36,3558
10677,Check hotel,1970-04-26 21:44:37,3559
10678,Decide,1970-04-26 21:44:38,3559
10679,Book hotel,1970-04-26 21:44:39,3559
10680,Check plane,1970-04-26 21:44:40,3560
10681,Decide,1970-04-26 21:44:41,3560
10682,Book plane,1970-04-26 21:44:42,3560
10683,Check hotel,1970-04-26 21:44:43,3561
10684,Decide,1970-04-26 21:44:44,3561
10685,Book plane,1970-04-26 21:44:45,3561
10686,Check plane,1970-04-26 21:44:46,3562
10687,Decide,1970-04-26 21:44:47,3562
10688,Book hotel,1970-04-26 21:44:48,3562
10689,Check hotel,1970-04-26 21:44:49,3563
10690,Decide,1970-04-26 21:44:50,3563
10691,Book hotel,1970-04-26 21:44:51,3563
10692,Check plane,1970-04-26 21:44:52,3564
10693,Decide,1970-04-26 21:44:53,3564
10694,Book plane,1970-04-26 21:44:54,3564
10695,Check hotel,1970-04-26 21:44:55,3565
10696,Decide,1970-04-26 21:44:56,3565
10697,Book plane,1970-04-26 21:44:57,3565
10698,Check plane,1970-04-26 21:44:58,3566
10699,Decide,1970-04-26 21:44:59,3566
10700,Book plane,1970-04-26 21:45:00,3566
10701,Check plane,1970-04-26 21:45:01,3567
10702,Decide,1970-04-26 21:45:02,3567
10703,Book plane,1970-04-26 21:45:03,3567
10704,Check plane,1970-04-26 21:45:04,3568
10705,Decide,1970-04-26 21:45:05,3568
10706,Book hotel,1970-04-26 21:45:06,3568
10707,Check plane,1970-04-26 21:45:07,3569
10708,Decide,1970-04-26 21:45:08,3569
10709,Book plane,1970-04-26 21:45:09,3569
10710,Check hotel,1970-04-26 21:45:10,3570
10711,Decide,1970-04-26 21:45:11,3570
10712,Book hotel,1970-04-26 21:45:12,3570
10713,Check plane,1970-04-26 21:45:13,3571
10714,Decide,1970-04-26 21:45:14,3571
10715,Book hotel,1970-04-26 21:45:15,3571
10716,Check plane,1970-04-26 21:45:16,3572
10717,Decide,1970-04-26 21:45:17,3572
10718,Book hotel,1970-04-26 21:45:18,3572
10719,Check hotel,1970-04-26 21:45:19,3573
10720,Decide,1970-04-26 21:45:20,3573
10721,Book hotel,1970-04-26 21:45:21,3573
10722,Check hotel,1970-04-26 21:45:22,3574
10723,Decide,1970-04-26 21:45:23,3574
10724,Book hotel,1970-04-26 21:45:24,3574
10725,Check plane,1970-04-26 21:45:25,3575
10726,Decide,1970-04-26 21:45:26,3575
10727,Book plane,1970-04-26 21:45:27,3575
10728,Check hotel,1970-04-26 21:45:28,3576
10729,Decide,1970-04-26 21:45:29,3576
10730,Book plane,1970-04-26 21:45:30,3576
10731,Check plane,1970-04-26 21:45:31,3577
10732,Decide,1970-04-26 21:45:32,3577
10733,Book plane,1970-04-26 21:45:33,3577
10734,Check plane,1970-04-26 21:45:34,3578
10735,Decide,1970-04-26 21:45:35,3578
10736,Book hotel,1970-04-26 21:45:36,3578
10737,Check hotel,1970-04-26 21:45:37,3579
10738,Decide,1970-04-26 21:45:38,3579
10739,Book hotel,1970-04-26 21:45:39,3579
10740,Check plane,1970-04-26 21:45:40,3580
10741,Decide,1970-04-26 21:45:41,3580
10742,Book hotel,1970-04-26 21:45:42,3580
10743,Check hotel,1970-04-26 21:45:43,3581
10744,Decide,1970-04-26 21:45:44,3581
10745,Book hotel,1970-04-26 21:45:45,3581
10746,Check plane,1970-04-26 21:45:46,3582
10747,Decide,1970-04-26 21:45:47,3582
10748,Book hotel,1970-04-26 21:45:48,3582
10749,Check hotel,1970-04-26 21:45:49,3583
10750,Decide,1970-04-26 21:45:50,3583
10751,Book hotel,1970-04-26 21:45:51,3583
10752,Check plane,1970-04-26 21:45:52,3584
10753,Decide,1970-04-26 21:45:53,3584
10754,Book plane,1970-04-26 21:45:54,3584
10755,Check hotel,1970-04-26 21:45:55,3585
10756,Decide,1970-04-26 21:45:56,3585
10757,Book plane,1970-04-26 21:45:57,3585
10758,Check hotel,1970-04-26 21:45:58,3586
10759,Decide,1970-04-26 21:45:59,3586
10760,Book hotel,1970-04-26 21:46:00,3586
10761,Check hotel,1970-04-26 21:46:01,3587
10762,Decide,1970-04-26 21:46:02,3587
10763,Book plane,1970-04-26 21:46:03,3587
10764,Check plane,1970-04-26 21:46:04,3588
10765,Decide,1970-04-26 21:46:05,3588
10766,Book plane,1970-04-26 21:46:06,3588
10767,Check plane,1970-04-26 21:46:07,3589
10768,Decide,1970-04-26 21:46:08,3589
10769,Book hotel,1970-04-26 21:46:09,3589
10770,Check plane,1970-04-26 21:46:10,3590
10771,Decide,1970-04-26 21:46:11,3590
10772,Book plane,1970-04-26 21:46:12,3590
10773,Check hotel,1970-04-26 21:46:13,3591
10774,Decide,1970-04-26 21:46:14,3591
10775,Book plane,1970-04-26 21:46:15,3591
10776,Check hotel,1970-04-26 21:46:16,3592
10777,Decide,1970-04-26 21:46:17,3592
10778,Book hotel,1970-04-26 21:46:18,3592
10779,Check plane,1970-04-26 21:46:19,3593
10780,Decide,1970-04-26 21:46:20,3593
10781,Book plane,1970-04-26 21:46:21,3593
10782,Check hotel,1970-04-26 21:46:22,3594
10783,Decide,1970-04-26 21:46:23,3594
10784,Book plane,1970-04-26 21:46:24,3594
10785,Check plane,1970-04-26 21:46:25,3595
10786,Decide,1970-04-26 21:46:26,3595
10787,Book hotel,1970-04-26 21:46:27,3595
10788,Check plane,1970-04-26 21:46:28,3596
10789,Decide,1970-04-26 21:46:29,3596
10790,Book plane,1970-04-26 21:46:30,3596
10791,Check plane,1970-04-26 21:46:31,3597
10792,Decide,1970-04-26 21:46:32,3597
10793,Book hotel,1970-04-26 21:46:33,3597
10794,Check hotel,1970-04-26 21:46:34,3598
10795,Decide,1970-04-26 21:46:35,3598
10796,Book hotel,1970-04-26 21:46:36,3598
10797,Check hotel,1970-04-26 21:46:37,3599
10798,Decide,1970-04-26 21:46:38,3599
10799,Book hotel,1970-04-26 21:46:39,3599
10800,Check hotel,1970-04-26 21:46:40,3600
10801,Decide,1970-04-26 21:46:41,3600
10802,Book plane,1970-04-26 21:46:42,3600
10803,Check hotel,1970-04-26 21:46:43,3601
10804,Decide,1970-04-26 21:46:44,3601
10805,Book plane,1970-04-26 21:46:45,3601
10806,Check hotel,1970-04-26 21:46:46,3602
10807,Decide,1970-04-26 21:46:47,3602
10808,Book hotel,1970-04-26 21:46:48,3602
10809,Check plane,1970-04-26 21:46:49,3603
10810,Decide,1970-04-26 21:46:50,3603
10811,Book plane,1970-04-26 21:46:51,3603
10812,Check hotel,1970-04-26 21:46:52,3604
10813,Decide,1970-04-26 21:46:53,3604
10814,Book plane,1970-04-26 21:46:54,3604
10815,Check hotel,1970-04-26 21:46:55,3605
10816,Decide,1970-04-26 21:46:56,3605
10817,Book hotel,1970-04-26 21:46:57,3605
10818,Check hotel,1970-04-26 21:46:58,3606
10819,Decide,1970-04-26 21:46:59,3606
10820,Book plane,1970-04-26 21:47:00,3606
10821,Check plane,1970-04-26 21:47:01,3607
10822,Decide,1970-04-26 21:47:02,3607
10823,Book plane,1970-04-26 21:47:03,3607
10824,Check hotel,1970-04-26 21:47:04,3608
10825,Decide,1970-04-26 21:47:05,3608
10826,Book plane,1970-04-26 21:47:06,3608
10827,Check plane,1970-04-26 21:47:07,3609
10828,Decide,1970-04-26 21:47:08,3609
10829,Book plane,1970-04-26 21:47:09,3609
10830,Check plane,1970-04-26 21:47:10,3610
10831,Decide,1970-04-26 21:47:11,3610
10832,Book hotel,1970-04-26 21:47:12,3610
10833,Check hotel,1970-04-26 21:47:13,3611
10834,Decide,1970-04-26 21:47:14,3611
10835,Book hotel,1970-04-26 21:47:15,3611
10836,Check hotel,1970-04-26 21:47:16,3612
10837,Decide,1970-04-26 21:47:17,3612
10838,Book plane,1970-04-26 21:47:18,3612
10839,Check hotel,1970-04-26 21:47:19,3613
10840,Decide,1970-04-26 21:47:20,3613
10841,Book hotel,1970-04-26 21:47:21,3613
10842,Check hotel,1970-04-26 21:47:22,3614
10843,Decide,1970-04-26 21:47:23,3614
10844,Book plane,1970-04-26 21:47:24,3614
10845,Check hotel,1970-04-26 21:47:25,3615
10846,Decide,1970-04-26 21:47:26,3615
10847,Book hotel,1970-04-26 21:47:27,3615
10848,Check plane,1970-04-26 21:47:28,3616
10849,Decide,1970-04-26 21:47:29,3616
10850,Book hotel,1970-04-26 21:47:30,3616
10851,Check plane,1970-04-26 21:47:31,3617
10852,Decide,1970-04-26 21:47:32,3617
10853,Book plane,1970-04-26 21:47:33,3617
10854,Check hotel,1970-04-26 21:47:34,3618
10855,Decide,1970-04-26 21:47:35,3618
10856,Book plane,1970-04-26 21:47:36,3618
10857,Check hotel,1970-04-26 21:47:37,3619
10858,Decide,1970-04-26 21:47:38,3619
10859,Book hotel,1970-04-26 21:47:39,3619
10860,Check plane,1970-04-26 21:47:40,3620
10861,Decide,1970-04-26 21:47:41,3620
10862,Book plane,1970-04-26 21:47:42,3620
10863,Check plane,1970-04-26 21:47:43,3621
10864,Decide,1970-04-26 21:47:44,3621
10865,Book hotel,1970-04-26 21:47:45,3621
10866,Check hotel,1970-04-26 21:47:46,3622
10867,Decide,1970-04-26 21:47:47,3622
10868,Book hotel,1970-04-26 21:47:48,3622
10869,Check hotel,1970-04-26 21:47:49,3623
10870,Decide,1970-04-26 21:47:50,3623
10871,Book plane,1970-04-26 21:47:51,3623
10872,Check hotel,1970-04-26 21:47:52,3624
10873,Decide,1970-04-26 21:47:53,3624
10874,Book hotel,1970-04-26 21:47:54,3624
10875,Check plane,1970-04-26 21:47:55,3625
10876,Decide,1970-04-26 21:47:56,3625
10877,Book hotel,1970-04-26 21:47:57,3625
10878,Check hotel,1970-04-26 21:47:58,3626
10879,Decide,1970-04-26 21:47:59,3626
10880,Book hotel,1970-04-26 21:48:00,3626
10881,Check hotel,1970-04-26 21:48:01,3627
10882,Decide,1970-04-26 21:48:02,3627
10883,Book hotel,1970-04-26 21:48:03,3627
10884,Check plane,1970-04-26 21:48:04,3628
10885,Decide,1970-04-26 21:48:05,3628
10886,Book hotel,1970-04-26 21:48:06,3628
10887,Check plane,1970-04-26 21:48:07,3629
10888,Decide,1970-04-26 21:48:08,3629
10889,Book plane,1970-04-26 21:48:09,3629
10890,Check hotel,1970-04-26 21:48:10,3630
10891,Decide,1970-04-26 21:48:11,3630
10892,Book plane,1970-04-26 21:48:12,3630
10893,Check plane,1970-04-26 21:48:13,3631
10894,Decide,1970-04-26 21:48:14,3631
10895,Book hotel,1970-04-26 21:48:15,3631
10896,Check plane,1970-04-26 21:48:16,3632
10897,Decide,1970-04-26 21:48:17,3632
10898,Book hotel,1970-04-26 21:48:18,3632
10899,Check hotel,1970-04-26 21:48:19,3633
10900,Decide,1970-04-26 21:48:20,3633
10901,Book hotel,1970-04-26 21:48:21,3633
10902,Check hotel,1970-04-26 21:48:22,3634
10903,Decide,1970-04-26 21:48:23,3634
10904,Book hotel,1970-04-26 21:48:24,3634
10905,Check hotel,1970-04-26 21:48:25,3635
10906,Decide,1970-04-26 21:48:26,3635
10907,Book hotel,1970-04-26 21:48:27,3635
10908,Check plane,1970-04-26 21:48:28,3636
10909,Decide,1970-04-26 21:48:29,3636
10910,Book hotel,1970-04-26 21:48:30,3636
10911,Check plane,1970-04-26 21:48:31,3637
10912,Decide,1970-04-26 21:48:32,3637
10913,Book plane,1970-04-26 21:48:33,3637
10914,Check hotel,1970-04-26 21:48:34,3638
10915,Decide,1970-04-26 21:48:35,3638
10916,Book plane,1970-04-26 21:48:36,3638
10917,Check plane,1970-04-26 21:48:37,3639
10918,Decide,1970-04-26 21:48:38,3639
10919,Book hotel,1970-04-26 21:48:39,3639
10920,Check hotel,1970-04-26 21:48:40,3640
10921,Decide,1970-04-26 21:48:41,3640
10922,Book hotel,1970-04-26 21:48:42,3640
10923,Check hotel,1970-04-26 21:48:43,3641
10924,Decide,1970-04-26 21:48:44,3641
10925,Book hotel,1970-04-26 21:48:45,3641
10926,Check plane,1970-04-26 21:48:46,3642
10927,Decide,1970-04-26 21:48:47,3642
10928,Book plane,1970-04-26 21:48:48,3642
10929,Check plane,1970-04-26 21:48:49,3643
10930,Decide,1970-04-26 21:48:50,3643
10931,Book hotel,1970-04-26 21:48:51,3643
10932,Check hotel,1970-04-26 21:48:52,3644
10933,Decide,1970-04-26 21:48:53,3644
10934,Book hotel,1970-04-26 21:48:54,3644
10935,Check plane,1970-04-26 21:48:55,3645
10936,Decide,1970-04-26 21:48:56,3645
10937,Book hotel,1970-04-26 21:48:57,3645
10938,Check hotel,1970-04-26 21:48:58,3646
10939,Decide,1970-04-26 21:48:59,3646
10940,Book hotel,1970-04-26 21:49:00,3646
10941,Check plane,1970-04-26 21:49:01,3647
10942,Decide,1970-04-26 21:49:02,3647
10943,Book hotel,1970-04-26 21:49:03,3647
10944,Check hotel,1970-04-26 21:49:04,3648
10945,Decide,1970-04-26 21:49:05,3648
10946,Book hotel,1970-04-26 21:49:06,3648
10947,Check hotel,1970-04-26 21:49:07,3649
10948,Decide,1970-04-26 21:49:08,3649
10949,Book plane,1970-04-26 21:49:09,3649
10950,Check plane,1970-04-26 21:49:10,3650
10951,Decide,1970-04-26 21:49:11,3650
10952,Book plane,1970-04-26 21:49:12,3650
10953,Check hotel,1970-04-26 21:49:13,3651
10954,Decide,1970-04-26 21:49:14,3651
10955,Book hotel,1970-04-26 21:49:15,3651
10956,Check plane,1970-04-26 21:49:16,3652
10957,Decide,1970-04-26 21:49:17,3652
10958,Book plane,1970-04-26 21:49:18,3652
10959,Check hotel,1970-04-26 21:49:19,3653
10960,Decide,1970-04-26 21:49:20,3653
10961,Book plane,1970-04-26 21:49:21,3653
10962,Check hotel,1970-04-26 21:49:22,3654
10963,Decide,1970-04-26 21:49:23,3654
10964,Book hotel,1970-04-26 21:49:24,3654
10965,Check hotel,1970-04-26 21:49:25,3655
10966,Decide,1970-04-26 21:49:26,3655
10967,Book hotel,1970-04-26 21:49:27,3655
10968,Check plane,1970-04-26 21:49:28,3656
10969,Decide,1970-04-26 21:49:29,3656
10970,Book hotel,1970-04-26 21:49:30,3656
10971,Check hotel,1970-04-26 21:49:31,3657
10972,Decide,1970-04-26 21:49:32,3657
10973,Book plane,1970-04-26 21:49:33,3657
10974,Check hotel,1970-04-26 21:49:34,3658
10975,Decide,1970-04-26 21:49:35,3658
10976,Book hotel,1970-04-26 21:49:36,3658
10977,Check hotel,1970-04-26 21:49:37,3659
10978,Decide,1970-04-26 21:49:38,3659
10979,Book hotel,1970-04-26 21:49:39,3659
10980,Check plane,1970-04-26 21:49:40,3660
10981,Decide,1970-04-26 21:49:41,3660
10982,Book plane,1970-04-26 21:49:42,3660
10983,Check hotel,1970-04-26 21:49:43,3661
10984,Decide,1970-04-26 21:49:44,3661
10985,Book hotel,1970-04-26 21:49:45,3661
10986,Check plane,1970-04-26 21:49:46,3662
10987,Decide,1970-04-26 21:49:47,3662
10988,Book plane,1970-04-26 21:49:48,3662
10989,Check plane,1970-04-26 21:49:49,3663
10990,Decide,1970-04-26 21:49:50,3663
10991,Book hotel,1970-04-26 21:49:51,3663
10992,Check hotel,1970-04-26 21:49:52,3664
10993,Decide,1970-04-26 21:49:53,3664
10994,Book plane,1970-04-26 21:49:54,3664
10995,Check plane,1970-04-26 21:49:55,3665
10996,Decide,1970-04-26 21:49:56,3665
10997,Book hotel,1970-04-26 21:49:57,3665
10998,Check hotel,1970-04-26 21:49:58,3666
10999,Decide,1970-04-26 21:49:59,3666
11000,Book hotel,1970-04-26 21:50:00,3666
11001,Check hotel,1970-04-26 21:50:01,3667
11002,Decide,1970-04-26 21:50:02,3667
11003,Book plane,1970-04-26 21:50:03,3667
11004,Check plane,1970-04-26 21:50:04,3668
11005,Decide,1970-04-26 21:50:05,3668
11006,Book hotel,1970-04-26 21:50:06,3668
11007,Check hotel,1970-04-26 21:50:07,3669
11008,Decide,1970-04-26 21:50:08,3669
11009,Book plane,1970-04-26 21:50:09,3669
11010,Check plane,1970-04-26 21:50:10,3670
11011,Decide,1970-04-26 21:50:11,3670
11012,Book plane,1970-04-26 21:50:12,3670
11013,Check hotel,1970-04-26 21:50:13,3671
11014,Decide,1970-04-26 21:50:14,3671
11015,Book hotel,1970-04-26 21:50:15,3671
11016,Check plane,1970-04-26 21:50:16,3672
11017,Decide,1970-04-26 21:50:17,3672
11018,Book plane,1970-04-26 21:50:18,3672
11019,Check hotel,1970-04-26 21:50:19,3673
11020,Decide,1970-04-26 21:50:20,3673
11021,Book hotel,1970-04-26 21:50:21,3673
11022,Check hotel,1970-04-26 21:50:22,3674
11023,Decide,1970-04-26 21:50:23,3674
11024,Book plane,1970-04-26 21:50:24,3674
11025,Check plane,1970-04-26 21:50:25,3675
11026,Decide,1970-04-26 21:50:26,3675
11027,Book plane,1970-04-26 21:50:27,3675
11028,Check plane,1970-04-26 21:50:28,3676
11029,Decide,1970-04-26 21:50:29,3676
11030,Book hotel,1970-04-26 21:50:30,3676
11031,Check plane,1970-04-26 21:50:31,3677
11032,Decide,1970-04-26 21:50:32,3677
11033,Book plane,1970-04-26 21:50:33,3677
11034,Check hotel,1970-04-26 21:50:34,3678
11035,Decide,1970-04-26 21:50:35,3678
11036,Book plane,1970-04-26 21:50:36,3678
11037,Check hotel,1970-04-26 21:50:37,3679
11038,Decide,1970-04-26 21:50:38,3679
11039,Book hotel,1970-04-26 21:50:39,3679
11040,Check hotel,1970-04-26 21:50:40,3680
11041,Decide,1970-04-26 21:50:41,3680
11042,Book plane,1970-04-26 21:50:42,3680
11043,Check hotel,1970-04-26 21:50:43,3681
11044,Decide,1970-04-26 21:50:44,3681
11045,Book plane,1970-04-26 21:50:45,3681
11046,Check plane,1970-04-26 21:50:46,3682
11047,Decide,1970-04-26 21:50:47,3682
11048,Book hotel,1970-04-26 21:50:48,3682
11049,Check plane,1970-04-26 21:50:49,3683
11050,Decide,1970-04-26 21:50:50,3683
11051,Book plane,1970-04-26 21:50:51,3683
11052,Check plane,1970-04-26 21:50:52,3684
11053,Decide,1970-04-26 21:50:53,3684
11054,Book hotel,1970-04-26 21:50:54,3684
11055,Check plane,1970-04-26 21:50:55,3685
11056,Decide,1970-04-26 21:50:56,3685
11057,Book plane,1970-04-26 21:50:57,3685
11058,Check plane,1970-04-26 21:50:58,3686
11059,Decide,1970-04-26 21:50:59,3686
11060,Book plane,1970-04-26 21:51:00,3686
11061,Check hotel,1970-04-26 21:51:01,3687
11062,Decide,1970-04-26 21:51:02,3687
11063,Book plane,1970-04-26 21:51:03,3687
11064,Check plane,1970-04-26 21:51:04,3688
11065,Decide,1970-04-26 21:51:05,3688
11066,Book hotel,1970-04-26 21:51:06,3688
11067,Check plane,1970-04-26 21:51:07,3689
11068,Decide,1970-04-26 21:51:08,3689
11069,Book hotel,1970-04-26 21:51:09,3689
11070,Check plane,1970-04-26 21:51:10,3690
11071,Decide,1970-04-26 21:51:11,3690
11072,Book hotel,1970-04-26 21:51:12,3690
11073,Check plane,1970-04-26 21:51:13,3691
11074,Decide,1970-04-26 21:51:14,3691
11075,Book hotel,1970-04-26 21:51:15,3691
11076,Check hotel,1970-04-26 21:51:16,3692
11077,Decide,1970-04-26 21:51:17,3692
11078,Book hotel,1970-04-26 21:51:18,3692
11079,Check hotel,1970-04-26 21:51:19,3693
11080,Decide,1970-04-26 21:51:20,3693
11081,Book hotel,1970-04-26 21:51:21,3693
11082,Check hotel,1970-04-26 21:51:22,3694
11083,Decide,1970-04-26 21:51:23,3694
11084,Book plane,1970-04-26 21:51:24,3694
11085,Check hotel,1970-04-26 21:51:25,3695
11086,Decide,1970-04-26 21:51:26,3695
11087,Book plane,1970-04-26 21:51:27,3695
11088,Check hotel,1970-04-26 21:51:28,3696
11089,Decide,1970-04-26 21:51:29,3696
11090,Book hotel,1970-04-26 21:51:30,3696
11091,Check plane,1970-04-26 21:51:31,3697
11092,Decide,1970-04-26 21:51:32,3697
11093,Book hotel,1970-04-26 21:51:33,3697
11094,Check hotel,1970-04-26 21:51:34,3698
11095,Decide,1970-04-26 21:51:35,3698
11096,Book plane,1970-04-26 21:51:36,3698
11097,Check plane,1970-04-26 21:51:37,3699
11098,Decide,1970-04-26 21:51:38,3699
11099,Book hotel,1970-04-26 21:51:39,3699
11100,Check plane,1970-04-26 21:51:40,3700
11101,Decide,1970-04-26 21:51:41,3700
11102,Book plane,1970-04-26 21:51:42,3700
11103,Check hotel,1970-04-26 21:51:43,3701
11104,Decide,1970-04-26 21:51:44,3701
11105,Book hotel,1970-04-26 21:51:45,3701
11106,Check hotel,1970-04-26 21:51:46,3702
11107,Decide,1970-04-26 21:51:47,3702
11108,Book hotel,1970-04-26 21:51:48,3702
11109,Check hotel,1970-04-26 21:51:49,3703
11110,Decide,1970-04-26 21:51:50,3703
11111,Book hotel,1970-04-26 21:51:51,3703
11112,Check hotel,1970-04-26 21:51:52,3704
11113,Decide,1970-04-26 21:51:53,3704
11114,Book hotel,1970-04-26 21:51:54,3704
11115,Check plane,1970-04-26 21:51:55,3705
11116,Decide,1970-04-26 21:51:56,3705
11117,Book plane,1970-04-26 21:51:57,3705
11118,Check plane,1970-04-26 21:51:58,3706
11119,Decide,1970-04-26 21:51:59,3706
11120,Book hotel,1970-04-26 21:52:00,3706
11121,Check plane,1970-04-26 21:52:01,3707
11122,Decide,1970-04-26 21:52:02,3707
11123,Book hotel,1970-04-26 21:52:03,3707
11124,Check plane,1970-04-26 21:52:04,3708
11125,Decide,1970-04-26 21:52:05,3708
11126,Book plane,1970-04-26 21:52:06,3708
11127,Check plane,1970-04-26 21:52:07,3709
11128,Decide,1970-04-26 21:52:08,3709
11129,Book plane,1970-04-26 21:52:09,3709
11130,Check plane,1970-04-26 21:52:10,3710
11131,Decide,1970-04-26 21:52:11,3710
11132,Book plane,1970-04-26 21:52:12,3710
11133,Check hotel,1970-04-26 21:52:13,3711
11134,Decide,1970-04-26 21:52:14,3711
11135,Book hotel,1970-04-26 21:52:15,3711
11136,Check plane,1970-04-26 21:52:16,3712
11137,Decide,1970-04-26 21:52:17,3712
11138,Book plane,1970-04-26 21:52:18,3712
11139,Check hotel,1970-04-26 21:52:19,3713
11140,Decide,1970-04-26 21:52:20,3713
11141,Book plane,1970-04-26 21:52:21,3713
11142,Check plane,1970-04-26 21:52:22,3714
11143,Decide,1970-04-26 21:52:23,3714
11144,Book hotel,1970-04-26 21:52:24,3714
11145,Check hotel,1970-04-26 21:52:25,3715
11146,Decide,1970-04-26 21:52:26,3715
11147,Book hotel,1970-04-26 21:52:27,3715
11148,Check hotel,1970-04-26 21:52:28,3716
11149,Decide,1970-04-26 21:52:29,3716
11150,Book plane,1970-04-26 21:52:30,3716
11151,Check hotel,1970-04-26 21:52:31,3717
11152,Decide,1970-04-26 21:52:32,3717
11153,Book hotel,1970-04-26 21:52:33,3717
11154,Check hotel,1970-04-26 21:52:34,3718
11155,Decide,1970-04-26 21:52:35,3718
11156,Book hotel,1970-04-26 21:52:36,3718
11157,Check plane,1970-04-26 21:52:37,3719
11158,Decide,1970-04-26 21:52:38,3719
11159,Book plane,1970-04-26 21:52:39,3719
11160,Check plane,1970-04-26 21:52:40,3720
11161,Decide,1970-04-26 21:52:41,3720
11162,Book hotel,1970-04-26 21:52:42,3720
11163,Check hotel,1970-04-26 21:52:43,3721
11164,Decide,1970-04-26 21:52:44,3721
11165,Book plane,1970-04-26 21:52:45,3721
11166,Check plane,1970-04-26 21:52:46,3722
11167,Decide,1970-04-26 21:52:47,3722
11168,Book hotel,1970-04-26 21:52:48,3722
11169,Check hotel,1970-04-26 21:52:49,3723
11170,Decide,1970-04-26 21:52:50,3723
11171,Book plane,1970-04-26 21:52:51,3723
11172,Check plane,1970-04-26 21:52:52,3724
11173,Decide,1970-04-26 21:52:53,3724
11174,Book hotel,1970-04-26 21:52:54,3724
11175,Check plane,1970-04-26 21:52:55,3725
11176,Decide,1970-04-26 21:52:56,3725
11177,Book plane,1970-04-26 21:52:57,3725
11178,Check hotel,1970-04-26 21:52:58,3726
11179,Decide,1970-04-26 21:52:59,3726
11180,Book plane,1970-04-26 21:53:00,3726
11181,Check hotel,1970-04-26 21:53:01,3727
11182,Decide,1970-04-26 21:53:02,3727
11183,Book hotel,1970-04-26 21:53:03,3727
11184,Check hotel,1970-04-26 21:53:04,3728
11185,Decide,1970-04-26 21:53:05,3728
11186,Book hotel,1970-04-26 21:53:06,3728
11187,Check hotel,1970-04-26 21:53:07,3729
11188,Decide,1970-04-26 21:53:08,3729
11189,Book hotel,1970-04-26 21:53:09,3729
11190,Check plane,1970-04-26 21:53:10,3730
11191,Decide,1970-04-26 21:53:11,3730
11192,Book hotel,1970-04-26 21:53:12,3730
11193,Check plane,1970-04-26 21:53:13,3731
11194,Decide,1970-04-26 21:53:14,3731
11195,Book hotel,1970-04-26 21:53:15,3731
11196,Check hotel,1970-04-26 21:53:16,3732
11197,Decide,1970-04-26 21:53:17,3732
11198,Book plane,1970-04-26 21:53:18,3732
11199,Check hotel,1970-04-26 21:53:19,3733
11200,Decide,1970-04-26 21:53:20,3733
11201,Book hotel,1970-04-26 21:53:21,3733
11202,Check plane,1970-04-26 21:53:22,3734
11203,Decide,1970-04-26 21:53:23,3734
11204,Book plane,1970-04-26 21:53:24,3734
11205,Check hotel,1970-04-26 21:53:25,3735
11206,Decide,1970-04-26 21:53:26,3735
11207,Book plane,1970-04-26 21:53:27,3735
11208,Check hotel,1970-04-26 21:53:28,3736
11209,Decide,1970-04-26 21:53:29,3736
11210,Book plane,1970-04-26 21:53:30,3736
11211,Check plane,1970-04-26 21:53:31,3737
11212,Decide,1970-04-26 21:53:32,3737
11213,Book plane,1970-04-26 21:53:33,3737
11214,Check hotel,1970-04-26 21:53:34,3738
11215,Decide,1970-04-26 21:53:35,3738
11216,Book hotel,1970-04-26 21:53:36,3738
11217,Check hotel,1970-04-26 21:53:37,3739
11218,Decide,1970-04-26 21:53:38,3739
11219,Book plane,1970-04-26 21:53:39,3739
11220,Check plane,1970-04-26 21:53:40,3740
11221,Decide,1970-04-26 21:53:41,3740
11222,Book plane,1970-04-26 21:53:42,3740
11223,Check hotel,1970-04-26 21:53:43,3741
11224,Decide,1970-04-26 21:53:44,3741
11225,Book plane,1970-04-26 21:53:45,3741
11226,Check hotel,1970-04-26 21:53:46,3742
11227,Decide,1970-04-26 21:53:47,3742
11228,Book plane,1970-04-26 21:53:48,3742
11229,Check hotel,1970-04-26 21:53:49,3743
11230,Decide,1970-04-26 21:53:50,3743
11231,Book hotel,1970-04-26 21:53:51,3743
11232,Check hotel,1970-04-26 21:53:52,3744
11233,Decide,1970-04-26 21:53:53,3744
11234,Book plane,1970-04-26 21:53:54,3744
11235,Check plane,1970-04-26 21:53:55,3745
11236,Decide,1970-04-26 21:53:56,3745
11237,Book plane,1970-04-26 21:53:57,3745
11238,Check plane,1970-04-26 21:53:58,3746
11239,Decide,1970-04-26 21:53:59,3746
11240,Book hotel,1970-04-26 21:54:00,3746
11241,Check hotel,1970-04-26 21:54:01,3747
11242,Decide,1970-04-26 21:54:02,3747
11243,Book hotel,1970-04-26 21:54:03,3747
11244,Check plane,1970-04-26 21:54:04,3748
11245,Decide,1970-04-26 21:54:05,3748
11246,Book hotel,1970-04-26 21:54:06,3748
11247,Check hotel,1970-04-26 21:54:07,3749
11248,Decide,1970-04-26 21:54:08,3749
11249,Book hotel,1970-04-26 21:54:09,3749
11250,Check plane,1970-04-26 21:54:10,3750
11251,Decide,1970-04-26 21:54:11,3750
11252,Book hotel,1970-04-26 21:54:12,3750
11253,Check hotel,1970-04-26 21:54:13,3751
11254,Decide,1970-04-26 21:54:14,3751
11255,Book hotel,1970-04-26 21:54:15,3751
11256,Check plane,1970-04-26 21:54:16,3752
11257,Decide,1970-04-26 21:54:17,3752
11258,Book hotel,1970-04-26 21:54:18,3752
11259,Check plane,1970-04-26 21:54:19,3753
11260,Decide,1970-04-26 21:54:20,3753
11261,Book hotel,1970-04-26 21:54:21,3753
11262,Check plane,1970-04-26 21:54:22,3754
11263,Decide,1970-04-26 21:54:23,3754
11264,Book plane,1970-04-26 21:54:24,3754
11265,Check hotel,1970-04-26 21:54:25,3755
11266,Decide,1970-04-26 21:54:26,3755
11267,Book hotel,1970-04-26 21:54:27,3755
11268,Check plane,1970-04-26 21:54:28,3756
11269,Decide,1970-04-26 21:54:29,3756
11270,Book hotel,1970-04-26 21:54:30,3756
11271,Check plane,1970-04-26 21:54:31,3757
11272,Decide,1970-04-26 21:54:32,3757
11273,Book hotel,1970-04-26 21:54:33,3757
11274,Check hotel,1970-04-26 21:54:34,3758
11275,Decide,1970-04-26 21:54:35,3758
11276,Book hotel,1970-04-26 21:54:36,3758
11277,Check hotel,1970-04-26 21:54:37,3759
11278,Decide,1970-04-26 21:54:38,3759
11279,Book hotel,1970-04-26 21:54:39,3759
11280,Check plane,1970-04-26 21:54:40,3760
11281,Decide,1970-04-26 21:54:41,3760
11282,Book hotel,1970-04-26 21:54:42,3760
11283,Check hotel,1970-04-26 21:54:43,3761
11284,Decide,1970-04-26 21:54:44,3761
11285,Book plane,1970-04-26 21:54:45,3761
11286,Check plane,1970-04-26 21:54:46,3762
11287,Decide,1970-04-26 21:54:47,3762
11288,Book hotel,1970-04-26 21:54:48,3762
11289,Check plane,1970-04-26 21:54:49,3763
11290,Decide,1970-04-26 21:54:50,3763
11291,Book plane,1970-04-26 21:54:51,3763
11292,Check plane,1970-04-26 21:54:52,3764
11293,Decide,1970-04-26 21:54:53,3764
11294,Book plane,1970-04-26 21:54:54,3764
11295,Check plane,1970-04-26 21:54:55,3765
11296,Decide,1970-04-26 21:54:56,3765
11297,Book hotel,1970-04-26 21:54:57,3765
11298,Check hotel,1970-04-26 21:54:58,3766
11299,Decide,1970-04-26 21:54:59,3766
11300,Book hotel,1970-04-26 21:55:00,3766
11301,Check plane,1970-04-26 21:55:01,3767
11302,Decide,1970-04-26 21:55:02,3767
11303,Book hotel,1970-04-26 21:55:03,3767
11304,Check plane,1970-04-26 21:55:04,3768
11305,Decide,1970-04-26 21:55:05,3768
11306,Book plane,1970-04-26 21:55:06,3768
11307,Check plane,1970-04-26 21:55:07,3769
11308,Decide,1970-04-26 21:55:08,3769
11309,Book plane,1970-04-26 21:55:09,3769
11310,Check hotel,1970-04-26 21:55:10,3770
11311,Decide,1970-04-26 21:55:11,3770
11312,Book hotel,1970-04-26 21:55:12,3770
11313,Check plane,1970-04-26 21:55:13,3771
11314,Decide,1970-04-26 21:55:14,3771
11315,Book plane,1970-04-26 21:55:15,3771
11316,Check plane,1970-04-26 21:55:16,3772
11317,Decide,1970-04-26 21:55:17,3772
11318,Book hotel,1970-04-26 21:55:18,3772
11319,Check hotel,1970-04-26 21:55:19,3773
11320,Decide,1970-04-26 21:55:20,3773
11321,Book hotel,1970-04-26 21:55:21,3773
11322,Check plane,1970-04-26 21:55:22,3774
11323,Decide,1970-04-26 21:55:23,3774
11324,Book plane,1970-04-26 21:55:24,3774
11325,Check hotel,1970-04-26 21:55:25,3775
11326,Decide,1970-04-26 21:55:26,3775
11327,Book hotel,1970-04-26 21:55:27,3775
11328,Check plane,1970-04-26 21:55:28,3776
11329,Decide,1970-04-26 21:55:29,3776
11330,Book hotel,1970-04-26 21:55:30,3776
11331,Check hotel,1970-04-26 21:55:31,3777
11332,Decide,1970-04-26 21:55:32,3777
11333,Book hotel,1970-04-26 21:55:33,3777
11334,Check plane,1970-04-26 21:55:34,3778
11335,Decide,1970-04-26 21:55:35,3778
11336,Book plane,1970-04-26 21:55:36,3778
11337,Check hotel,1970-04-26 21:55:37,3779
11338,Decide,1970-04-26 21:55:38,3779
11339,Book hotel,1970-04-26 21:55:39,3779
11340,Check hotel,1970-04-26 21:55:40,3780
11341,Decide,1970-04-26 21:55:41,3780
11342,Book hotel,1970-04-26 21:55:42,3780
11343,Check hotel,1970-04-26 21:55:43,3781
11344,Decide,1970-04-26 21:55:44,3781
11345,Book hotel,1970-04-26 21:55:45,3781
11346,Check hotel,1970-04-26 21:55:46,3782
11347,Decide,1970-04-26 21:55:47,3782
11348,Book plane,1970-04-26 21:55:48,3782
11349,Check plane,1970-04-26 21:55:49,3783
11350,Decide,1970-04-26 21:55:50,3783
11351,Book hotel,1970-04-26 21:55:51,3783
11352,Check hotel,1970-04-26 21:55:52,3784
11353,Decide,1970-04-26 21:55:53,3784
11354,Book plane,1970-04-26 21:55:54,3784
11355,Check hotel,1970-04-26 21:55:55,3785
11356,Decide,1970-04-26 21:55:56,3785
11357,Book plane,1970-04-26 21:55:57,3785
11358,Check plane,1970-04-26 21:55:58,3786
11359,Decide,1970-04-26 21:55:59,3786
11360,Book hotel,1970-04-26 21:56:00,3786
11361,Check hotel,1970-04-26 21:56:01,3787
11362,Decide,1970-04-26 21:56:02,3787
11363,Book plane,1970-04-26 21:56:03,3787
11364,Check plane,1970-04-26 21:56:04,3788
11365,Decide,1970-04-26 21:56:05,3788
11366,Book plane,1970-04-26 21:56:06,3788
11367,Check plane,1970-04-26 21:56:07,3789
11368,Decide,1970-04-26 21:56:08,3789
11369,Book hotel,1970-04-26 21:56:09,3789
11370,Check hotel,1970-04-26 21:56:10,3790
11371,Decide,1970-04-26 21:56:11,3790
11372,Book plane,1970-04-26 21:56:12,3790
11373,Check hotel,1970-04-26 21:56:13,3791
11374,Decide,1970-04-26 21:56:14,3791
11375,Book hotel,1970-04-26 21:56:15,3791
11376,Check plane,1970-04-26 21:56:16,3792
11377,Decide,1970-04-26 21:56:17,3792
11378,Book hotel,1970-04-26 21:56:18,3792
11379,Check plane,1970-04-26 21:56:19,3793
11380,Decide,1970-04-26 21:56:20,3793
11381,Book hotel,1970-04-26 21:56:21,3793
11382,Check hotel,1970-04-26 21:56:22,3794
11383,Decide,1970-04-26 21:56:23,3794
11384,Book plane,1970-04-26 21:56:24,3794
11385,Check plane,1970-04-26 21:56:25,3795
11386,Decide,1970-04-26 21:56:26,3795
11387,Book plane,1970-04-26 21:56:27,3795
11388,Check hotel,1970-04-26 21:56:28,3796
11389,Decide,1970-04-26 21:56:29,3796
11390,Book hotel,1970-04-26 21:56:30,3796
11391,Check hotel,1970-04-26 21:56:31,3797
11392,Decide,1970-04-26 21:56:32,3797
11393,Book hotel,1970-04-26 21:56:33,3797
11394,Check hotel,1970-04-26 21:56:34,3798
11395,Decide,1970-04-26 21:56:35,3798
11396,Book plane,1970-04-26 21:56:36,3798
11397,Check plane,1970-04-26 21:56:37,3799
11398,Decide,1970-04-26 21:56:38,3799
11399,Book plane,1970-04-26 21:56:39,3799
11400,Check hotel,1970-04-26 21:56:40,3800
11401,Decide,1970-04-26 21:56:41,3800
11402,Book hotel,1970-04-26 21:56:42,3800
11403,Check hotel,1970-04-26 21:56:43,3801
11404,Decide,1970-04-26 21:56:44,3801
11405,Book plane,1970-04-26 21:56:45,3801
11406,Check plane,1970-04-26 21:56:46,3802
11407,Decide,1970-04-26 21:56:47,3802
11408,Book hotel,1970-04-26 21:56:48,3802
11409,Check plane,1970-04-26 21:56:49,3803
11410,Decide,1970-04-26 21:56:50,3803
11411,Book plane,1970-04-26 21:56:51,3803
11412,Check hotel,1970-04-26 21:56:52,3804
11413,Decide,1970-04-26 21:56:53,3804
11414,Book plane,1970-04-26 21:56:54,3804
11415,Check hotel,1970-04-26 21:56:55,3805
11416,Decide,1970-04-26 21:56:56,3805
11417,Book plane,1970-04-26 21:56:57,3805
11418,Check hotel,1970-04-26 21:56:58,3806
11419,Decide,1970-04-26 21:56:59,3806
11420,Book hotel,1970-04-26 21:57:00,3806
11421,Check hotel,1970-04-26 21:57:01,3807
11422,Decide,1970-04-26 21:57:02,3807
11423,Book hotel,1970-04-26 21:57:03,3807
11424,Check hotel,1970-04-26 21:57:04,3808
11425,Decide,1970-04-26 21:57:05,3808
11426,Book plane,1970-04-26 21:57:06,3808
11427,Check hotel,1970-04-26 21:57:07,3809
11428,Decide,1970-04-26 21:57:08,3809
11429,Book hotel,1970-04-26 21:57:09,3809
11430,Check hotel,1970-04-26 21:57:10,3810
11431,Decide,1970-04-26 21:57:11,3810
11432,Book plane,1970-04-26 21:57:12,3810
11433,Check plane,1970-04-26 21:57:13,3811
11434,Decide,1970-04-26 21:57:14,3811
11435,Book hotel,1970-04-26 21:57:15,3811
11436,Check plane,1970-04-26 21:57:16,3812
11437,Decide,1970-04-26 21:57:17,3812
11438,Book hotel,1970-04-26 21:57:18,3812
11439,Check plane,1970-04-26 21:57:19,3813
11440,Decide,1970-04-26 21:57:20,3813
11441,Book hotel,1970-04-26 21:57:21,3813
11442,Check hotel,1970-04-26 21:57:22,3814
11443,Decide,1970-04-26 21:57:23,3814
11444,Book hotel,1970-04-26 21:57:24,3814
11445,Check hotel,1970-04-26 21:57:25,3815
11446,Decide,1970-04-26 21:57:26,3815
11447,Book plane,1970-04-26 21:57:27,3815
11448,Check hotel,1970-04-26 21:57:28,3816
11449,Decide,1970-04-26 21:57:29,3816
11450,Book hotel,1970-04-26 21:57:30,3816
11451,Check plane,1970-04-26 21:57:31,3817
11452,Decide,1970-04-26 21:57:32,3817
11453,Book hotel,1970-04-26 21:57:33,3817
11454,Check plane,1970-04-26 21:57:34,3818
11455,Decide,1970-04-26 21:57:35,3818
11456,Book plane,1970-04-26 21:57:36,3818
11457,Check plane,1970-04-26 21:57:37,3819
11458,Decide,1970-04-26 21:57:38,3819
11459,Book plane,1970-04-26 21:57:39,3819
11460,Check plane,1970-04-26 21:57:40,3820
11461,Decide,1970-04-26 21:57:41,3820
11462,Book plane,1970-04-26 21:57:42,3820
11463,Check plane,1970-04-26 21:57:43,3821
11464,Decide,1970-04-26 21:57:44,3821
11465,Book plane,1970-04-26 21:57:45,3821
11466,Check hotel,1970-04-26 21:57:46,3822
11467,Decide,1970-04-26 21:57:47,3822
11468,Book plane,1970-04-26 21:57:48,3822
11469,Check hotel,1970-04-26 21:57:49,3823
11470,Decide,1970-04-26 21:57:50,3823
11471,Book plane,1970-04-26 21:57:51,3823
11472,Check hotel,1970-04-26 21:57:52,3824
11473,Decide,1970-04-26 21:57:53,3824
11474,Book plane,1970-04-26 21:57:54,3824
11475,Check hotel,1970-04-26 21:57:55,3825
11476,Decide,1970-04-26 21:57:56,3825
11477,Book hotel,1970-04-26 21:57:57,3825
11478,Check hotel,1970-04-26 21:57:58,3826
11479,Decide,1970-04-26 21:57:59,3826
11480,Book plane,1970-04-26 21:58:00,3826
11481,Check plane,1970-04-26 21:58:01,3827
11482,Decide,1970-04-26 21:58:02,3827
11483,Book hotel,1970-04-26 21:58:03,3827
11484,Check plane,1970-04-26 21:58:04,3828
11485,Decide,1970-04-26 21:58:05,3828
11486,Book plane,1970-04-26 21:58:06,3828
11487,Check hotel,1970-04-26 21:58:07,3829
11488,Decide,1970-04-26 21:58:08,3829
11489,Book hotel,1970-04-26 21:58:09,3829
11490,Check plane,1970-04-26 21:58:10,3830
11491,Decide,1970-04-26 21:58:11,3830
11492,Book plane,1970-04-26 21:58:12,3830
11493,Check hotel,1970-04-26 21:58:13,3831
11494,Decide,1970-04-26 21:58:14,3831
11495,Book hotel,1970-04-26 21:58:15,3831
11496,Check hotel,1970-04-26 21:58:16,3832
11497,Decide,1970-04-26 21:58:17,3832
11498,Book hotel,1970-04-26 21:58:18,3832
11499,Check plane,1970-04-26 21:58:19,3833
11500,Decide,1970-04-26 21:58:20,3833
11501,Book hotel,1970-04-26 21:58:21,3833
11502,Check hotel,1970-04-26 21:58:22,3834
11503,Decide,1970-04-26 21:58:23,3834
11504,Book hotel,1970-04-26 21:58:24,3834
11505,Check plane,1970-04-26 21:58:25,3835
11506,Decide,1970-04-26 21:58:26,3835
11507,Book plane,1970-04-26 21:58:27,3835
11508,Check hotel,1970-04-26 21:58:28,3836
11509,Decide,1970-04-26 21:58:29,3836
11510,Book plane,1970-04-26 21:58:30,3836
11511,Check hotel,1970-04-26 21:58:31,3837
11512,Decide,1970-04-26 21:58:32,3837
11513,Book plane,1970-04-26 21:58:33,3837
11514,Check plane,1970-04-26 21:58:34,3838
11515,Decide,1970-04-26 21:58:35,3838
11516,Book hotel,1970-04-26 21:58:36,3838
11517,Check hotel,1970-04-26 21:58:37,3839
11518,Decide,1970-04-26 21:58:38,3839
11519,Book hotel,1970-04-26 21:58:39,3839
11520,Check hotel,1970-04-26 21:58:40,3840
11521,Decide,1970-04-26 21:58:41,3840
11522,Book plane,1970-04-26 21:58:42,3840
11523,Check hotel,1970-04-26 21:58:43,3841
11524,Decide,1970-04-26 21:58:44,3841
11525,Book plane,1970-04-26 21:58:45,3841
11526,Check plane,1970-04-26 21:58:46,3842
11527,Decide,1970-04-26 21:58:47,3842
11528,Book hotel,1970-04-26 21:58:48,3842
11529,Check hotel,1970-04-26 21:58:49,3843
11530,Decide,1970-04-26 21:58:50,3843
11531,Book plane,1970-04-26 21:58:51,3843
11532,Check hotel,1970-04-26 21:58:52,3844
11533,Decide,1970-04-26 21:58:53,3844
11534,Book hotel,1970-04-26 21:58:54,3844
11535,Check hotel,1970-04-26 21:58:55,3845
11536,Decide,1970-04-26 21:58:56,3845
11537,Book plane,1970-04-26 21:58:57,3845
11538,Check plane,1970-04-26 21:58:58,3846
11539,Decide,1970-04-26 21:58:59,3846
11540,Book plane,1970-04-26 21:59:00,3846
11541,Check hotel,1970-04-26 21:59:01,3847
11542,Decide,1970-04-26 21:59:02,3847
11543,Book plane,1970-04-26 21:59:03,3847
11544,Check plane,1970-04-26 21:59:04,3848
11545,Decide,1970-04-26 21:59:05,3848
11546,Book hotel,1970-04-26 21:59:06,3848
11547,Check plane,1970-04-26 21:59:07,3849
11548,Decide,1970-04-26 21:59:08,3849
11549,Book plane,1970-04-26 21:59:09,3849
11550,Check plane,1970-04-26 21:59:10,3850
11551,Decide,1970-04-26 21:59:11,3850
11552,Book hotel,1970-04-26 21:59:12,3850
11553,Check plane,1970-04-26 21:59:13,3851
11554,Decide,1970-04-26 21:59:14,3851
11555,Book plane,1970-04-26 21:59:15,3851
11556,Check plane,1970-04-26 21:59:16,3852
11557,Decide,1970-04-26 21:59:17,3852
11558,Book hotel,1970-04-26 21:59:18,3852
11559,Check plane,1970-04-26 21:59:19,3853
11560,Decide,1970-04-26 21:59:20,3853
11561,Book plane,1970-04-26 21:59:21,3853
11562,Check plane,1970-04-26 21:59:22,3854
11563,Decide,1970-04-26 21:59:23,3854
11564,Book plane,1970-04-26 21:59:24,3854
11565,Check hotel,1970-04-26 21:59:25,3855
11566,Decide,1970-04-26 21:59:26,3855
11567,Book hotel,1970-04-26 21:59:27,3855
11568,Check hotel,1970-04-26 21:59:28,3856
11569,Decide,1970-04-26 21:59:29,3856
11570,Book plane,1970-04-26 21:59:30,3856
11571,Check plane,1970-04-26 21:59:31,3857
11572,Decide,1970-04-26 21:59:32,3857
11573,Book hotel,1970-04-26 21:59:33,3857
11574,Check plane,1970-04-26 21:59:34,3858
11575,Decide,1970-04-26 21:59:35,3858
11576,Book hotel,1970-04-26 21:59:36,3858
11577,Check plane,1970-04-26 21:59:37,3859
11578,Decide,1970-04-26 21:59:38,3859
11579,Book hotel,1970-04-26 21:59:39,3859
11580,Check hotel,1970-04-26 21:59:40,3860
11581,Decide,1970-04-26 21:59:41,3860
11582,Book plane,1970-04-26 21:59:42,3860
11583,Check plane,1970-04-26 21:59:43,3861
11584,Decide,1970-04-26 21:59:44,3861
11585,Book plane,1970-04-26 21:59:45,3861
11586,Check hotel,1970-04-26 21:59:46,3862
11587,Decide,1970-04-26 21:59:47,3862
11588,Book plane,1970-04-26 21:59:48,3862
11589,Check plane,1970-04-26 21:59:49,3863
11590,Decide,1970-04-26 21:59:50,3863
11591,Book plane,1970-04-26 21:59:51,3863
11592,Check plane,1970-04-26 21:59:52,3864
11593,Decide,1970-04-26 21:59:53,3864
11594,Book hotel,1970-04-26 21:59:54,3864
11595,Check hotel,1970-04-26 21:59:55,3865
11596,Decide,1970-04-26 21:59:56,3865
11597,Book plane,1970-04-26 21:59:57,3865
11598,Check hotel,1970-04-26 21:59:58,3866
11599,Decide,1970-04-26 21:59:59,3866
11600,Book hotel,1970-04-26 22:00:00,3866
11601,Check plane,1970-04-26 22:00:01,3867
11602,Decide,1970-04-26 22:00:02,3867
11603,Book plane,1970-04-26 22:00:03,3867
11604,Check hotel,1970-04-26 22:00:04,3868
11605,Decide,1970-04-26 22:00:05,3868
11606,Book hotel,1970-04-26 22:00:06,3868
11607,Check plane,1970-04-26 22:00:07,3869
11608,Decide,1970-04-26 22:00:08,3869
11609,Book hotel,1970-04-26 22:00:09,3869
11610,Check plane,1970-04-26 22:00:10,3870
11611,Decide,1970-04-26 22:00:11,3870
11612,Book hotel,1970-04-26 22:00:12,3870
11613,Check plane,1970-04-26 22:00:13,3871
11614,Decide,1970-04-26 22:00:14,3871
11615,Book plane,1970-04-26 22:00:15,3871
11616,Check hotel,1970-04-26 22:00:16,3872
11617,Decide,1970-04-26 22:00:17,3872
11618,Book plane,1970-04-26 22:00:18,3872
11619,Check hotel,1970-04-26 22:00:19,3873
11620,Decide,1970-04-26 22:00:20,3873
11621,Book hotel,1970-04-26 22:00:21,3873
11622,Check plane,1970-04-26 22:00:22,3874
11623,Decide,1970-04-26 22:00:23,3874
11624,Book plane,1970-04-26 22:00:24,3874
11625,Check hotel,1970-04-26 22:00:25,3875
11626,Decide,1970-04-26 22:00:26,3875
11627,Book hotel,1970-04-26 22:00:27,3875
11628,Check hotel,1970-04-26 22:00:28,3876
11629,Decide,1970-04-26 22:00:29,3876
11630,Book hotel,1970-04-26 22:00:30,3876
11631,Check hotel,1970-04-26 22:00:31,3877
11632,Decide,1970-04-26 22:00:32,3877
11633,Book hotel,1970-04-26 22:00:33,3877
11634,Check hotel,1970-04-26 22:00:34,3878
11635,Decide,1970-04-26 22:00:35,3878
11636,Book plane,1970-04-26 22:00:36,3878
11637,Check plane,1970-04-26 22:00:37,3879
11638,Decide,1970-04-26 22:00:38,3879
11639,Book hotel,1970-04-26 22:00:39,3879
11640,Check plane,1970-04-26 22:00:40,3880
11641,Decide,1970-04-26 22:00:41,3880
11642,Book hotel,1970-04-26 22:00:42,3880
11643,Check plane,1970-04-26 22:00:43,3881
11644,Decide,1970-04-26 22:00:44,3881
11645,Book plane,1970-04-26 22:00:45,3881
11646,Check plane,1970-04-26 22:00:46,3882
11647,Decide,1970-04-26 22:00:47,3882
11648,Book hotel,1970-04-26 22:00:48,3882
11649,Check plane,1970-04-26 22:00:49,3883
11650,Decide,1970-04-26 22:00:50,3883
11651,Book hotel,1970-04-26 22:00:51,3883
11652,Check hotel,1970-04-26 22:00:52,3884
11653,Decide,1970-04-26 22:00:53,3884
11654,Book hotel,1970-04-26 22:00:54,3884
11655,Check plane,1970-04-26 22:00:55,3885
11656,Decide,1970-04-26 22:00:56,3885
11657,Book hotel,1970-04-26 22:00:57,3885
11658,Check hotel,1970-04-26 22:00:58,3886
11659,Decide,1970-04-26 22:00:59,3886
11660,Book hotel,1970-04-26 22:01:00,3886
11661,Check plane,1970-04-26 22:01:01,3887
11662,Decide,1970-04-26 22:01:02,3887
11663,Book hotel,1970-04-26 22:01:03,3887
11664,Check plane,1970-04-26 22:01:04,3888
11665,Decide,1970-04-26 22:01:05,3888
11666,Book plane,1970-04-26 22:01:06,3888
11667,Check hotel,1970-04-26 22:01:07,3889
11668,Decide,1970-04-26 22:01:08,3889
11669,Book plane,1970-04-26 22:01:09,3889
11670,Check plane,1970-04-26 22:01:10,3890
11671,Decide,1970-04-26 22:01:11,3890
11672,Book hotel,1970-04-26 22:01:12,3890
11673,Check hotel,1970-04-26 22:01:13,3891
11674,Decide,1970-04-26 22:01:14,3891
11675,Book plane,1970-04-26 22:01:15,3891
11676,Check plane,1970-04-26 22:01:16,3892
11677,Decide,1970-04-26 22:01:17,3892
11678,Book plane,1970-04-26 22:01:18,3892
11679,Check plane,1970-04-26 22:01:19,3893
11680,Decide,1970-04-26 22:01:20,3893
11681,Book hotel,1970-04-26 22:01:21,3893
11682,Check hotel,1970-04-26 22:01:22,3894
11683,Decide,1970-04-26 22:01:23,3894
11684,Book plane,1970-04-26 22:01:24,3894
11685,Check hotel,1970-04-26 22:01:25,3895
11686,Decide,1970-04-26 22:01:26,3895
11687,Book hotel,1970-04-26 22:01:27,3895
11688,Check plane,1970-04-26 22:01:28,3896
11689,Decide,1970-04-26 22:01:29,3896
11690,Book hotel,1970-04-26 22:01:30,3896
11691,Check plane,1970-04-26 22:01:31,3897
11692,Decide,1970-04-26 22:01:32,3897
11693,Book plane,1970-04-26 22:01:33,3897
11694,Check plane,1970-04-26 22:01:34,3898
11695,Decide,1970-04-26 22:01:35,3898
11696,Book hotel,1970-04-26 22:01:36,3898
11697,Check plane,1970-04-26 22:01:37,3899
11698,Decide,1970-04-26 22:01:38,3899
11699,Book hotel,1970-04-26 22:01:39,3899
11700,Check plane,1970-04-26 22:01:40,3900
11701,Decide,1970-04-26 22:01:41,3900
11702,Book hotel,1970-04-26 22:01:42,3900
11703,Check hotel,1970-04-26 22:01:43,3901
11704,Decide,1970-04-26 22:01:44,3901
11705,Book hotel,1970-04-26 22:01:45,3901
11706,Check hotel,1970-04-26 22:01:46,3902
11707,Decide,1970-04-26 22:01:47,3902
11708,Book hotel,1970-04-26 22:01:48,3902
11709,Check plane,1970-04-26 22:01:49,3903
11710,Decide,1970-04-26 22:01:50,3903
11711,Book plane,1970-04-26 22:01:51,3903
11712,Check plane,1970-04-26 22:01:52,3904
11713,Decide,1970-04-26 22:01:53,3904
11714,Book hotel,1970-04-26 22:01:54,3904
11715,Check plane,1970-04-26 22:01:55,3905
11716,Decide,1970-04-26 22:01:56,3905
11717,Book plane,1970-04-26 22:01:57,3905
11718,Check hotel,1970-04-26 22:01:58,3906
11719,Decide,1970-04-26 22:01:59,3906
11720,Book hotel,1970-04-26 22:02:00,3906
11721,Check plane,1970-04-26 22:02:01,3907
11722,Decide,1970-04-26 22:02:02,3907
11723,Book hotel,1970-04-26 22:02:03,3907
11724,Check hotel,1970-04-26 22:02:04,3908
11725,Decide,1970-04-26 22:02:05,3908
11726,Book hotel,1970-04-26 22:02:06,3908
11727,Check plane,1970-04-26 22:02:07,3909
11728,Decide,1970-04-26 22:02:08,3909
11729,Book hotel,1970-04-26 22:02:09,3909
11730,Check hotel,1970-04-26 22:02:10,3910
11731,Decide,1970-04-26 22:02:11,3910
11732,Book hotel,1970-04-26 22:02:12,3910
11733,Check plane,1970-04-26 22:02:13,3911
11734,Decide,1970-04-26 22:02:14,3911
11735,Book hotel,1970-04-26 22:02:15,3911
11736,Check plane,1970-04-26 22:02:16,3912
11737,Decide,1970-04-26 22:02:17,3912
11738,Book plane,1970-04-26 22:02:18,3912
11739,Check hotel,1970-04-26 22:02:19,3913
11740,Decide,1970-04-26 22:02:20,3913
11741,Book hotel,1970-04-26 22:02:21,3913
11742,Check plane,1970-04-26 22:02:22,3914
11743,Decide,1970-04-26 22:02:23,3914
11744,Book hotel,1970-04-26 22:02:24,3914
11745,Check plane,1970-04-26 22:02:25,3915
11746,Decide,1970-04-26 22:02:26,3915
11747,Book plane,1970-04-26 22:02:27,3915
11748,Check plane,1970-04-26 22:02:28,3916
11749,Decide,1970-04-26 22:02:29,3916
11750,Book plane,1970-04-26 22:02:30,3916
11751,Check hotel,1970-04-26 22:02:31,3917
11752,Decide,1970-04-26 22:02:32,3917
11753,Book hotel,1970-04-26 22:02:33,3917
11754,Check hotel,1970-04-26 22:02:34,3918
11755,Decide,1970-04-26 22:02:35,3918
11756,Book plane,1970-04-26 22:02:36,3918
11757,Check hotel,1970-04-26 22:02:37,3919
11758,Decide,1970-04-26 22:02:38,3919
11759,Book plane,1970-04-26 22:02:39,3919
11760,Check plane,1970-04-26 22:02:40,3920
11761,Decide,1970-04-26 22:02:41,3920
11762,Book plane,1970-04-26 22:02:42,3920
11763,Check hotel,1970-04-26 22:02:43,3921
11764,Decide,1970-04-26 22:02:44,3921
11765,Book plane,1970-04-26 22:02:45,3921
11766,Check plane,1970-04-26 22:02:46,3922
11767,Decide,1970-04-26 22:02:47,3922
11768,Book hotel,1970-04-26 22:02:48,3922
11769,Check plane,1970-04-26 22:02:49,3923
11770,Decide,1970-04-26 22:02:50,3923
11771,Book plane,1970-04-26 22:02:51,3923
11772,Check hotel,1970-04-26 22:02:52,3924
11773,Decide,1970-04-26 22:02:53,3924
11774,Book hotel,1970-04-26 22:02:54,3924
11775,Check plane,1970-04-26 22:02:55,3925
11776,Decide,1970-04-26 22:02:56,3925
11777,Book plane,1970-04-26 22:02:57,3925
11778,Check hotel,1970-04-26 22:02:58,3926
11779,Decide,1970-04-26 22:02:59,3926
11780,Book plane,1970-04-26 22:03:00,3926
11781,Check plane,1970-04-26 22:03:01,3927
11782,Decide,1970-04-26 22:03:02,3927
11783,Book hotel,1970-04-26 22:03:03,3927
11784,Check plane,1970-04-26 22:03:04,3928
11785,Decide,1970-04-26 22:03:05,3928
11786,Book plane,1970-04-26 22:03:06,3928
11787,Check hotel,1970-04-26 22:03:07,3929
11788,Decide,1970-04-26 22:03:08,3929
11789,Book plane,1970-04-26 22:03:09,3929
11790,Check plane,1970-04-26 22:03:10,3930
11791,Decide,1970-04-26 22:03:11,3930
11792,Book hotel,1970-04-26 22:03:12,3930
11793,Check hotel,1970-04-26 22:03:13,3931
11794,Decide,1970-04-26 22:03:14,3931
11795,Book plane,1970-04-26 22:03:15,3931
11796,Check hotel,1970-04-26 22:03:16,3932
11797,Decide,1970-04-26 22:03:17,3932
11798,Book hotel,1970-04-26 22:03:18,3932
11799,Check hotel,1970-04-26 22:03:19,3933
11800,Decide,1970-04-26 22:03:20,3933
11801,Book plane,1970-04-26 22:03:21,3933
11802,Check hotel,1970-04-26 22:03:22,3934
11803,Decide,1970-04-26 22:03:23,3934
11804,Book hotel,1970-04-26 22:03:24,3934
11805,Check plane,1970-04-26 22:03:25,3935
11806,Decide,1970-04-26 22:03:26,3935
11807,Book hotel,1970-04-26 22:03:27,3935
11808,Check plane,1970-04-26 22:03:28,3936
11809,Decide,1970-04-26 22:03:29,3936
11810,Book hotel,1970-04-26 22:03:30,3936
11811,Check plane,1970-04-26 22:03:31,3937
11812,Decide,1970-04-26 22:03:32,3937
11813,Book plane,1970-04-26 22:03:33,3937
11814,Check hotel,1970-04-26 22:03:34,3938
11815,Decide,1970-04-26 22:03:35,3938
11816,Book hotel,1970-04-26 22:03:36,3938
11817,Check hotel,1970-04-26 22:03:37,3939
11818,Decide,1970-04-26 22:03:38,3939
11819,Book plane,1970-04-26 22:03:39,3939
11820,Check plane,1970-04-26 22:03:40,3940
11821,Decide,1970-04-26 22:03:41,3940
11822,Book plane,1970-04-26 22:03:42,3940
11823,Check hotel,1970-04-26 22:03:43,3941
11824,Decide,1970-04-26 22:03:44,3941
11825,Book hotel,1970-04-26 22:03:45,3941
11826,Check plane,1970-04-26 22:03:46,3942
11827,Decide,1970-04-26 22:03:47,3942
11828,Book plane,1970-04-26 22:03:48,3942
11829,Check hotel,1970-04-26 22:03:49,3943
11830,Decide,1970-04-26 22:03:50,3943
11831,Book hotel,1970-04-26 22:03:51,3943
11832,Check plane,1970-04-26 22:03:52,3944
11833,Decide,1970-04-26 22:03:53,3944
11834,Book plane,1970-04-26 22:03:54,3944
11835,Check hotel,1970-04-26 22:03:55,3945
11836,Decide,1970-04-26 22:03:56,3945
11837,Book hotel,1970-04-26 22:03:57,3945
11838,Check hotel,1970-04-26 22:03:58,3946
11839,Decide,1970-04-26 22:03:59,3946
11840,Book plane,1970-04-26 22:04:00,3946
11841,Check hotel,1970-04-26 22:04:01,3947
11842,Decide,1970-04-26 22:04:02,3947
11843,Book plane,1970-04-26 22:04:03,3947
11844,Check plane,1970-04-26 22:04:04,3948
11845,Decide,1970-04-26 22:04:05,3948
11846,Book plane,1970-04-26 22:04:06,3948
11847,Check hotel,1970-04-26 22:04:07,3949
11848,Decide,1970-04-26 22:04:08,3949
11849,Book hotel,1970-04-26 22:04:09,3949
11850,Check plane,1970-04-26 22:04:10,3950
11851,Decide,1970-04-26 22:04:11,3950
11852,Book plane,1970-04-26 22:04:12,3950
11853,Check plane,1970-04-26 22:04:13,3951
11854,Decide,1970-04-26 22:04:14,3951
11855,Book plane,1970-04-26 22:04:15,3951
11856,Check hotel,1970-04-26 22:04:16,3952
11857,Decide,1970-04-26 22:04:17,3952
11858,Book plane,1970-04-26 22:04:18,3952
11859,Check plane,1970-04-26 22:04:19,3953
11860,Decide,1970-04-26 22:04:20,3953
11861,Book hotel,1970-04-26 22:04:21,3953
11862,Check plane,1970-04-26 22:04:22,3954
11863,Decide,1970-04-26 22:04:23,3954
11864,Book plane,1970-04-26 22:04:24,3954
11865,Check plane,1970-04-26 22:04:25,3955
11866,Decide,1970-04-26 22:04:26,3955
11867,Book hotel,1970-04-26 22:04:27,3955
11868,Check plane,1970-04-26 22:04:28,3956
11869,Decide,1970-04-26 22:04:29,3956
11870,Book plane,1970-04-26 22:04:30,3956
11871,Check plane,1970-04-26 22:04:31,3957
11872,Decide,1970-04-26 22:04:32,3957
11873,Book plane,1970-04-26 22:04:33,3957
11874,Check hotel,1970-04-26 22:04:34,3958
11875,Decide,1970-04-26 22:04:35,3958
11876,Book hotel,1970-04-26 22:04:36,3958
11877,Check plane,1970-04-26 22:04:37,3959
11878,Decide,1970-04-26 22:04:38,3959
11879,Book plane,1970-04-26 22:04:39,3959
11880,Check plane,1970-04-26 22:04:40,3960
11881,Decide,1970-04-26 22:04:41,3960
11882,Book hotel,1970-04-26 22:04:42,3960
11883,Check hotel,1970-04-26 22:04:43,3961
11884,Decide,1970-04-26 22:04:44,3961
11885,Book plane,1970-04-26 22:04:45,3961
11886,Check hotel,1970-04-26 22:04:46,3962
11887,Decide,1970-04-26 22:04:47,3962
11888,Book plane,1970-04-26 22:04:48,3962
11889,Check plane,1970-04-26 22:04:49,3963
11890,Decide,1970-04-26 22:04:50,3963
11891,Book hotel,1970-04-26 22:04:51,3963
11892,Check plane,1970-04-26 22:04:52,3964
11893,Decide,1970-04-26 22:04:53,3964
11894,Book hotel,1970-04-26 22:04:54,3964
11895,Check plane,1970-04-26 22:04:55,3965
11896,Decide,1970-04-26 22:04:56,3965
11897,Book hotel,1970-04-26 22:04:57,3965
11898,Check hotel,1970-04-26 22:04:58,3966
11899,Decide,1970-04-26 22:04:59,3966
11900,Book plane,1970-04-26 22:05:00,3966
11901,Check plane,1970-04-26 22:05:01,3967
11902,Decide,1970-04-26 22:05:02,3967
11903,Book hotel,1970-04-26 22:05:03,3967
11904,Check hotel,1970-04-26 22:05:04,3968
11905,Decide,1970-04-26 22:05:05,3968
11906,Book plane,1970-04-26 22:05:06,3968
11907,Check hotel,1970-04-26 22:05:07,3969
11908,Decide,1970-04-26 22:05:08,3969
11909,Book hotel,1970-04-26 22:05:09,3969
11910,Check hotel,1970-04-26 22:05:10,3970
11911,Decide,1970-04-26 22:05:11,3970
11912,Book hotel,1970-04-26 22:05:12,3970
11913,Check plane,1970-04-26 22:05:13,3971
11914,Decide,1970-04-26 22:05:14,3971
11915,Book plane,1970-04-26 22:05:15,3971
11916,Check hotel,1970-04-26 22:05:16,3972
11917,Decide,1970-04-26 22:05:17,3972
11918,Book plane,1970-04-26 22:05:18,3972
11919,Check plane,1970-04-26 22:05:19,3973
11920,Decide,1970-04-26 22:05:20,3973
11921,Book plane,1970-04-26 22:05:21,3973
11922,Check plane,1970-04-26 22:05:22,3974
11923,Decide,1970-04-26 22:05:23,3974
11924,Book hotel,1970-04-26 22:05:24,3974
11925,Check hotel,1970-04-26 22:05:25,3975
11926,Decide,1970-04-26 22:05:26,3975
11927,Book plane,1970-04-26 22:05:27,3975
11928,Check hotel,1970-04-26 22:05:28,3976
11929,Decide,1970-04-26 22:05:29,3976
11930,Book hotel,1970-04-26 22:05:30,3976
11931,Check plane,1970-04-26 22:05:31,3977
11932,Decide,1970-04-26 22:05:32,3977
11933,Book plane,1970-04-26 22:05:33,3977
11934,Check plane,1970-04-26 22:05:34,3978
11935,Decide,1970-04-26 22:05:35,3978
11936,Book hotel,1970-04-26 22:05:36,3978
11937,Check hotel,1970-04-26 22:05:37,3979
11938,Decide,1970-04-26 22:05:38,3979
11939,Book plane,1970-04-26 22:05:39,3979
11940,Check hotel,1970-04-26 22:05:40,3980
11941,Decide,1970-04-26 22:05:41,3980
11942,Book plane,1970-04-26 22:05:42,3980
11943,Check hotel,1970-04-26 22:05:43,3981
11944,Decide,1970-04-26 22:05:44,3981
11945,Book plane,1970-04-26 22:05:45,3981
11946,Check hotel,1970-04-26 22:05:46,3982
11947,Decide,1970-04-26 22:05:47,3982
11948,Book plane,1970-04-26 22:05:48,3982
11949,Check plane,1970-04-26 22:05:49,3983
11950,Decide,1970-04-26 22:05:50,3983
11951,Book hotel,1970-04-26 22:05:51,3983
11952,Check plane,1970-04-26 22:05:52,3984
11953,Decide,1970-04-26 22:05:53,3984
11954,Book plane,1970-04-26 22:05:54,3984
11955,Check hotel,1970-04-26 22:05:55,3985
11956,Decide,1970-04-26 22:05:56,3985
11957,Book hotel,1970-04-26 22:05:57,3985
11958,Check plane,1970-04-26 22:05:58,3986
11959,Decide,1970-04-26 22:05:59,3986
11960,Book plane,1970-04-26 22:06:00,3986
11961,Check plane,1970-04-26 22:06:01,3987
11962,Decide,1970-04-26 22:06:02,3987
11963,Book plane,1970-04-26 22:06:03,3987
11964,Check hotel,1970-04-26 22:06:04,3988
11965,Decide,1970-04-26 22:06:05,3988
11966,Book hotel,1970-04-26 22:06:06,3988
11967,Check plane,1970-04-26 22:06:07,3989
11968,Decide,1970-04-26 22:06:08,3989
11969,Book plane,1970-04-26 22:06:09,3989
11970,Check plane,1970-04-26 22:06:10,3990
11971,Decide,1970-04-26 22:06:11,3990
11972,Book plane,1970-04-26 22:06:12,3990
11973,Check hotel,1970-04-26 22:06:13,3991
11974,Decide,1970-04-26 22:06:14,3991
11975,Book hotel,1970-04-26 22:06:15,3991
11976,Check hotel,1970-04-26 22:06:16,3992
11977,Decide,1970-04-26 22:06:17,3992
11978,Book hotel,1970-04-26 22:06:18,3992
11979,Check hotel,1970-04-26 22:06:19,3993
11980,Decide,1970-04-26 22:06:20,3993
11981,Book plane,1970-04-26 22:06:21,3993
11982,Check hotel,1970-04-26 22:06:22,3994
11983,Decide,1970-04-26 22:06:23,3994
11984,Book hotel,1970-04-26 22:06:24,3994
11985,Check plane,1970-04-26 22:06:25,3995
11986,Decide,1970-04-26 22:06:26,3995
11987,Book hotel,1970-04-26 22:06:27,3995
11988,Check hotel,1970-04-26 22:06:28,3996
11989,Decide,1970-04-26 22:06:29,3996
11990,Book hotel,1970-04-26 22:06:30,3996
11991,Check plane,1970-04-26 22:06:31,3997
11992,Decide,1970-04-26 22:06:32,3997
11993,Book hotel,1970-04-26 22:06:33,3997
11994,Check plane,1970-04-26 22:06:34,3998
11995,Decide,1970-04-26 22:06:35,3998
11996,Book plane,1970-04-26 22:06:36,3998
11997,Check hotel,1970-04-26 22:06:37,3999
11998,Decide,1970-04-26 22:06:38,3999
11999,Book plane,1970-04-26 22:06:39,3999
12000,Check plane,1970-04-26 22:06:40,4000
12001,Decide,1970-04-26 22:06:41,4000
12002,Book hotel,1970-04-26 22:06:42,4000
12003,Check plane,1970-04-26 22:06:43,4001
12004,Decide,1970-04-26 22:06:44,4001
12005,Book hotel,1970-04-26 22:06:45,4001
12006,Check hotel,1970-04-26 22:06:46,4002
12007,Decide,1970-04-26 22:06:47,4002
12008,Book hotel,1970-04-26 22:06:48,4002
12009,Check plane,1970-04-26 22:06:49,4003
12010,Decide,1970-04-26 22:06:50,4003
12011,Book hotel,1970-04-26 22:06:51,4003
12012,Check plane,1970-04-26 22:06:52,4004
12013,Decide,1970-04-26 22:06:53,4004
12014,Book plane,1970-04-26 22:06:54,4004
12015,Check plane,1970-04-26 22:06:55,4005
12016,Decide,1970-04-26 22:06:56,4005
12017,Book plane,1970-04-26 22:06:57,4005
12018,Check plane,1970-04-26 22:06:58,4006
12019,Decide,1970-04-26 22:06:59,4006
12020,Book hotel,1970-04-26 22:07:00,4006
12021,Check plane,1970-04-26 22:07:01,4007
12022,Decide,1970-04-26 22:07:02,4007
12023,Book plane,1970-04-26 22:07:03,4007
12024,Check hotel,1970-04-26 22:07:04,4008
12025,Decide,1970-04-26 22:07:05,4008
12026,Book hotel,1970-04-26 22:07:06,4008
12027,Check hotel,1970-04-26 22:07:07,4009
12028,Decide,1970-04-26 22:07:08,4009
12029,Book plane,1970-04-26 22:07:09,4009
12030,Check plane,1970-04-26 22:07:10,4010
12031,Decide,1970-04-26 22:07:11,4010
12032,Book plane,1970-04-26 22:07:12,4010
12033,Check hotel,1970-04-26 22:07:13,4011
12034,Decide,1970-04-26 22:07:14,4011
12035,Book hotel,1970-04-26 22:07:15,4011
12036,Check hotel,1970-04-26 22:07:16,4012
12037,Decide,1970-04-26 22:07:17,4012
12038,Book hotel,1970-04-26 22:07:18,4012
12039,Check plane,1970-04-26 22:07:19,4013
12040,Decide,1970-04-26 22:07:20,4013
12041,Book hotel,1970-04-26 22:07:21,4013
12042,Check hotel,1970-04-26 22:07:22,4014
12043,Decide,1970-04-26 22:07:23,4014
12044,Book plane,1970-04-26 22:07:24,4014
12045,Check hotel,1970-04-26 22:07:25,4015
12046,Decide,1970-04-26 22:07:26,4015
12047,Book plane,1970-04-26 22:07:27,4015
12048,Check hotel,1970-04-26 22:07:28,4016
12049,Decide,1970-04-26 22:07:29,4016
12050,Book plane,1970-04-26 22:07:30,4016
12051,Check hotel,1970-04-26 22:07:31,4017
12052,Decide,1970-04-26 22:07:32,4017
12053,Book plane,1970-04-26 22:07:33,4017
12054,Check plane,1970-04-26 22:07:34,4018
12055,Decide,1970-04-26 22:07:35,4018
12056,Book plane,1970-04-26 22:07:36,4018
12057,Check hotel,1970-04-26 22:07:37,4019
12058,Decide,1970-04-26 22:07:38,4019
12059,Book hotel,1970-04-26 22:07:39,4019
12060,Check hotel,1970-04-26 22:07:40,4020
12061,Decide,1970-04-26 22:07:41,4020
12062,Book hotel,1970-04-26 22:07:42,4020
12063,Check plane,1970-04-26 22:07:43,4021
12064,Decide,1970-04-26 22:07:44,4021
12065,Book hotel,1970-04-26 22:07:45,4021
12066,Check plane,1970-04-26 22:07:46,4022
12067,Decide,1970-04-26 22:07:47,4022
12068,Book hotel,1970-04-26 22:07:48,4022
12069,Check plane,1970-04-26 22:07:49,4023
12070,Decide,1970-04-26 22:07:50,4023
12071,Book hotel,1970-04-26 22:07:51,4023
12072,Check plane,1970-04-26 22:07:52,4024
12073,Decide,1970-04-26 22:07:53,4024
12074,Book plane,1970-04-26 22:07:54,4024
12075,Check plane,1970-04-26 22:07:55,4025
12076,Decide,1970-04-26 22:07:56,4025
12077,Book hotel,1970-04-26 22:07:57,4025
12078,Check hotel,1970-04-26 22:07:58,4026
12079,Decide,1970-04-26 22:07:59,4026
12080,Book hotel,1970-04-26 22:08:00,4026
12081,Check hotel,1970-04-26 22:08:01,4027
12082,Decide,1970-04-26 22:08:02,4027
12083,Book plane,1970-04-26 22:08:03,4027
12084,Check plane,1970-04-26 22:08:04,4028
12085,Decide,1970-04-26 22:08:05,4028
12086,Book hotel,1970-04-26 22:08:06,4028
12087,Check plane,1970-04-26 22:08:07,4029
12088,Decide,1970-04-26 22:08:08,4029
12089,Book plane,1970-04-26 22:08:09,4029
12090,Check hotel,1970-04-26 22:08:10,4030
12091,Decide,1970-04-26 22:08:11,4030
12092,Book hotel,1970-04-26 22:08:12,4030
12093,Check plane,1970-04-26 22:08:13,4031
12094,Decide,1970-04-26 22:08:14,4031
12095,Book hotel,1970-04-26 22:08:15,4031
12096,Check plane,1970-04-26 22:08:16,4032
12097,Decide,1970-04-26 22:08:17,4032
12098,Book plane,1970-04-26 22:08:18,4032
12099,Check hotel,1970-04-26 22:08:19,4033
12100,Decide,1970-04-26 22:08:20,4033
12101,Book hotel,1970-04-26 22:08:21,4033
12102,Check hotel,1970-04-26 22:08:22,4034
12103,Decide,1970-04-26 22:08:23,4034
12104,Book hotel,1970-04-26 22:08:24,4034
12105,Check plane,1970-04-26 22:08:25,4035
12106,Decide,1970-04-26 22:08:26,4035
12107,Book plane,1970-04-26 22:08:27,4035
12108,Check plane,1970-04-26 22:08:28,4036
12109,Decide,1970-04-26 22:08:29,4036
12110,Book hotel,1970-04-26 22:08:30,4036
12111,Check hotel,1970-04-26 22:08:31,4037
12112,Decide,1970-04-26 22:08:32,4037
12113,Book plane,1970-04-26 22:08:33,4037
12114,Check plane,1970-04-26 22:08:34,4038
12115,Decide,1970-04-26 22:08:35,4038
12116,Book hotel,1970-04-26 22:08:36,4038
12117,Check hotel,1970-04-26 22:08:37,4039
12118,Decide,1970-04-26 22:08:38,4039
12119,Book plane,1970-04-26 22:08:39,4039
12120,Check plane,1970-04-26 22:08:40,4040
12121,Decide,1970-04-26 22:08:41,4040
12122,Book hotel,1970-04-26 22:08:42,4040
12123,Check hotel,1970-04-26 22:08:43,4041
12124,Decide,1970-04-26 22:08:44,4041
12125,Book hotel,1970-04-26 22:08:45,4041
12126,Check hotel,1970-04-26 22:08:46,4042
12127,Decide,1970-04-26 22:08:47,4042
12128,Book hotel,1970-04-26 22:08:48,4042
12129,Check plane,1970-04-26 22:08:49,4043
12130,Decide,1970-04-26 22:08:50,4043
12131,Book plane,1970-04-26 22:08:51,4043
12132,Check plane,1970-04-26 22:08:52,4044
12133,Decide,1970-04-26 22:08:53,4044
12134,Book plane,1970-04-26 22:08:54,4044
12135,Check hotel,1970-04-26 22:08:55,4045
12136,Decide,1970-04-26 22:08:56,4045
12137,Book hotel,1970-04-26 22:08:57,4045
12138,Check plane,1970-04-26 22:08:58,4046
12139,Decide,1970-04-26 22:08:59,4046
12140,Book hotel,1970-04-26 22:09:00,4046
12141,Check plane,1970-04-26 22:09:01,4047
12142,Decide,1970-04-26 22:09:02,4047
12143,Book plane,1970-04-26 22:09:03,4047
12144,Check hotel,1970-04-26 22:09:04,4048
12145,Decide,1970-04-26 22:09:05,4048
12146,Book hotel,1970-04-26 22:09:06,4048
12147,Check plane,1970-04-26 22:09:07,4049
12148,Decide,1970-04-26 22:09:08,4049
12149,Book hotel,1970-04-26 22:09:09,4049
12150,Check plane,1970-04-26 22:09:10,4050
12151,Decide,1970-04-26 22:09:11,4050
12152,Book hotel,1970-04-26 22:09:12,4050
12153,Check plane,1970-04-26 22:09:13,4051
12154,Decide,1970-04-26 22:09:14,4051
12155,Book plane,1970-04-26 22:09:15,4051
12156,Check hotel,1970-04-26 22:09:16,4052
12157,Decide,1970-04-26 22:09:17,4052
12158,Book plane,1970-04-26 22:09:18,4052
12159,Check hotel,1970-04-26 22:09:19,4053
12160,Decide,1970-04-26 22:09:20,4053
12161,Book plane,1970-04-26 22:09:21,4053
12162,Check plane,1970-04-26 22:09:22,4054
12163,Decide,1970-04-26 22:09:23,4054
12164,Book hotel,1970-04-26 22:09:24,4054
12165,Check plane,1970-04-26 22:09:25,4055
12166,Decide,1970-04-26 22:09:26,4055
12167,Book plane,1970-04-26 22:09:27,4055
12168,Check plane,1970-04-26 22:09:28,4056
12169,Decide,1970-04-26 22:09:29,4056
12170,Book plane,1970-04-26 22:09:30,4056
12171,Check plane,1970-04-26 22:09:31,4057
12172,Decide,1970-04-26 22:09:32,4057
12173,Book plane,1970-04-26 22:09:33,4057
12174,Check plane,1970-04-26 22:09:34,4058
12175,Decide,1970-04-26 22:09:35,4058
12176,Book plane,1970-04-26 22:09:36,4058
12177,Check plane,1970-04-26 22:09:37,4059
12178,Decide,1970-04-26 22:09:38,4059
12179,Book hotel,1970-04-26 22:09:39,4059
12180,Check plane,1970-04-26 22:09:40,4060
12181,Decide,1970-04-26 22:09:41,4060
12182,Book hotel,1970-04-26 22:09:42,4060
12183,Check hotel,1970-04-26 22:09:43,4061
12184,Decide,1970-04-26 22:09:44,4061
12185,Book plane,1970-04-26 22:09:45,4061
12186,Check plane,1970-04-26 22:09:46,4062
12187,Decide,1970-04-26 22:09:47,4062
12188,Book hotel,1970-04-26 22:09:48,4062
12189,Check hotel,1970-04-26 22:09:49,4063
12190,Decide,1970-04-26 22:09:50,4063
12191,Book plane,1970-04-26 22:09:51,4063
12192,Check hotel,1970-04-26 22:09:52,4064
12193,Decide,1970-04-26 22:09:53,4064
12194,Book plane,1970-04-26 22:09:54,4064
12195,Check plane,1970-04-26 22:09:55,4065
12196,Decide,1970-04-26 22:09:56,4065
12197,Book hotel,1970-04-26 22:09:57,4065
12198,Check plane,1970-04-26 22:09:58,4066
12199,Decide,1970-04-26 22:09:59,4066
12200,Book hotel,1970-04-26 22:10:00,4066
12201,Check hotel,1970-04-26 22:10:01,4067
12202,Decide,1970-04-26 22:10:02,4067
12203,Book plane,1970-04-26 22:10:03,4067
12204,Check hotel,1970-04-26 22:10:04,4068
12205,Decide,1970-04-26 22:10:05,4068
12206,Book hotel,1970-04-26 22:10:06,4068
12207,Check plane,1970-04-26 22:10:07,4069
12208,Decide,1970-04-26 22:10:08,4069
12209,Book hotel,1970-04-26 22:10:09,4069
12210,Check hotel,1970-04-26 22:10:10,4070
12211,Decide,1970-04-26 22:10:11,4070
12212,Book plane,1970-04-26 22:10:12,4070
12213,Check hotel,1970-04-26 22:10:13,4071
12214,Decide,1970-04-26 22:10:14,4071
12215,Book hotel,1970-04-26 22:10:15,4071
12216,Check hotel,1970-04-26 22:10:16,4072
12217,Decide,1970-04-26 22:10:17,4072
12218,Book hotel,1970-04-26 22:10:18,4072
12219,Check plane,1970-04-26 22:10:19,4073
12220,Decide,1970-04-26 22:10:20,4073
12221,Book hotel,1970-04-26 22:10:21,4073
12222,Check plane,1970-04-26 22:10:22,4074
12223,Decide,1970-04-26 22:10:23,4074
12224,Book plane,1970-04-26 22:10:24,4074
12225,Check hotel,1970-04-26 22:10:25,4075
12226,Decide,1970-04-26 22:10:26,4075
12227,Book plane,1970-04-26 22:10:27,4075
12228,Check plane,1970-04-26 22:10:28,4076
12229,Decide,1970-04-26 22:10:29,4076
12230,Book hotel,1970-04-26 22:10:30,4076
12231,Check hotel,1970-04-26 22:10:31,4077
12232,Decide,1970-04-26 22:10:32,4077
12233,Book hotel,1970-04-26 22:10:33,4077
12234,Check hotel,1970-04-26 22:10:34,4078
12235,Decide,1970-04-26 22:10:35,4078
12236,Book plane,1970-04-26 22:10:36,4078
12237,Check hotel,1970-04-26 22:10:37,4079
12238,Decide,1970-04-26 22:10:38,4079
12239,Book plane,1970-04-26 22:10:39,4079
12240,Check hotel,1970-04-26 22:10:40,4080
12241,Decide,1970-04-26 22:10:41,4080
12242,Book hotel,1970-04-26 22:10:42,4080
12243,Check plane,1970-04-26 22:10:43,4081
12244,Decide,1970-04-26 22:10:44,4081
12245,Book hotel,1970-04-26 22:10:45,4081
12246,Check plane,1970-04-26 22:10:46,4082
12247,Decide,1970-04-26 22:10:47,4082
12248,Book hotel,1970-04-26 22:10:48,4082
12249,Check hotel,1970-04-26 22:10:49,4083
12250,Decide,1970-04-26 22:10:50,4083
12251,Book hotel,1970-04-26 22:10:51,4083
12252,Check hotel,1970-04-26 22:10:52,4084
12253,Decide,1970-04-26 22:10:53,4084
12254,Book hotel,1970-04-26 22:10:54,4084
12255,Check plane,1970-04-26 22:10:55,4085
12256,Decide,1970-04-26 22:10:56,4085
12257,Book hotel,1970-04-26 22:10:57,4085
12258,Check plane,1970-04-26 22:10:58,4086
12259,Decide,1970-04-26 22:10:59,4086
12260,Book hotel,1970-04-26 22:11:00,4086
12261,Check hotel,1970-04-26 22:11:01,4087
12262,Decide,1970-04-26 22:11:02,4087
12263,Book plane,1970-04-26 22:11:03,4087
12264,Check hotel,1970-04-26 22:11:04,4088
12265,Decide,1970-04-26 22:11:05,4088
12266,Book hotel,1970-04-26 22:11:06,4088
12267,Check plane,1970-04-26 22:11:07,4089
12268,Decide,1970-04-26 22:11:08,4089
12269,Book hotel,1970-04-26 22:11:09,4089
12270,Check hotel,1970-04-26 22:11:10,4090
12271,Decide,1970-04-26 22:11:11,4090
12272,Book hotel,1970-04-26 22:11:12,4090
12273,Check plane,1970-04-26 22:11:13,4091
12274,Decide,1970-04-26 22:11:14,4091
12275,Book hotel,1970-04-26 22:11:15,4091
12276,Check plane,1970-04-26 22:11:16,4092
12277,Decide,1970-04-26 22:11:17,4092
12278,Book hotel,1970-04-26 22:11:18,4092
12279,Check hotel,1970-04-26 22:11:19,4093
12280,Decide,1970-04-26 22:11:20,4093
12281,Book hotel,1970-04-26 22:11:21,4093
12282,Check plane,1970-04-26 22:11:22,4094
12283,Decide,1970-04-26 22:11:23,4094
12284,Book hotel,1970-04-26 22:11:24,4094
12285,Check hotel,1970-04-26 22:11:25,4095
12286,Decide,1970-04-26 22:11:26,4095
12287,Book hotel,1970-04-26 22:11:27,4095
12288,Check plane,1970-04-26 22:11:28,4096
12289,Decide,1970-04-26 22:11:29,4096
12290,Book hotel,1970-04-26 22:11:30,4096
12291,Check plane,1970-04-26 22:11:31,4097
12292,Decide,1970-04-26 22:11:32,4097
12293,Book plane,1970-04-26 22:11:33,4097
12294,Check plane,1970-04-26 22:11:34,4098
12295,Decide,1970-04-26 22:11:35,4098
12296,Book hotel,1970-04-26 22:11:36,4098
12297,Check plane,1970-04-26 22:11:37,4099
12298,Decide,1970-04-26 22:11:38,4099
12299,Book hotel,1970-04-26 22:11:39,4099
12300,Check plane,1970-04-26 22:11:40,4100
12301,Decide,1970-04-26 22:11:41,4100
12302,Book plane,1970-04-26 22:11:42,4100
12303,Check plane,1970-04-26 22:11:43,4101
12304,Decide,1970-04-26 22:11:44,4101
12305,Book hotel,1970-04-26 22:11:45,4101
12306,Check hotel,1970-04-26 22:11:46,4102
12307,Decide,1970-04-26 22:11:47,4102
12308,Book hotel,1970-04-26 22:11:48,4102
12309,Check plane,1970-04-26 22:11:49,4103
12310,Decide,1970-04-26 22:11:50,4103
12311,Book plane,1970-04-26 22:11:51,4103
12312,Check plane,1970-04-26 22:11:52,4104
12313,Decide,1970-04-26 22:11:53,4104
12314,Book plane,1970-04-26 22:11:54,4104
12315,Check hotel,1970-04-26 22:11:55,4105
12316,Decide,1970-04-26 22:11:56,4105
12317,Book plane,1970-04-26 22:11:57,4105
12318,Check plane,1970-04-26 22:11:58,4106
12319,Decide,1970-04-26 22:11:59,4106
12320,Book hotel,1970-04-26 22:12:00,4106
12321,Check hotel,1970-04-26 22:12:01,4107
12322,Decide,1970-04-26 22:12:02,4107
12323,Book plane,1970-04-26 22:12:03,4107
12324,Check plane,1970-04-26 22:12:04,4108
12325,Decide,1970-04-26 22:12:05,4108
12326,Book plane,1970-04-26 22:12:06,4108
12327,Check hotel,1970-04-26 22:12:07,4109
12328,Decide,1970-04-26 22:12:08,4109
12329,Book plane,1970-04-26 22:12:09,4109
12330,Check plane,1970-04-26 22:12:10,4110
12331,Decide,1970-04-26 22:12:11,4110
12332,Book plane,1970-04-26 22:12:12,4110
12333,Check hotel,1970-04-26 22:12:13,4111
12334,Decide,1970-04-26 22:12:14,4111
12335,Book plane,1970-04-26 22:12:15,4111
12336,Check hotel,1970-04-26 22:12:16,4112
12337,Decide,1970-04-26 22:12:17,4112
12338,Book plane,1970-04-26 22:12:18,4112
12339,Check hotel,1970-04-26 22:12:19,4113
12340,Decide,1970-04-26 22:12:20,4113
12341,Book hotel,1970-04-26 22:12:21,4113
12342,Check hotel,1970-04-26 22:12:22,4114
12343,Decide,1970-04-26 22:12:23,4114
12344,Book plane,1970-04-26 22:12:24,4114
12345,Check hotel,1970-04-26 22:12:25,4115
12346,Decide,1970-04-26 22:12:26,4115
12347,Book hotel,1970-04-26 22:12:27,4115
12348,Check plane,1970-04-26 22:12:28,4116
12349,Decide,1970-04-26 22:12:29,4116
12350,Book hotel,1970-04-26 22:12:30,4116
12351,Check hotel,1970-04-26 22:12:31,4117
12352,Decide,1970-04-26 22:12:32,4117
12353,Book plane,1970-04-26 22:12:33,4117
12354,Check plane,1970-04-26 22:12:34,4118
12355,Decide,1970-04-26 22:12:35,4118
12356,Book hotel,1970-04-26 22:12:36,4118
12357,Check plane,1970-04-26 22:12:37,4119
12358,Decide,1970-04-26 22:12:38,4119
12359,Book hotel,1970-04-26 22:12:39,4119
12360,Check hotel,1970-04-26 22:12:40,4120
12361,Decide,1970-04-26 22:12:41,4120
12362,Book hotel,1970-04-26 22:12:42,4120
12363,Check hotel,1970-04-26 22:12:43,4121
12364,Decide,1970-04-26 22:12:44,4121
12365,Book hotel,1970-04-26 22:12:45,4121
12366,Check plane,1970-04-26 22:12:46,4122
12367,Decide,1970-04-26 22:12:47,4122
12368,Book plane,1970-04-26 22:12:48,4122
12369,Check hotel,1970-04-26 22:12:49,4123
12370,Decide,1970-04-26 22:12:50,4123
12371,Book hotel,1970-04-26 22:12:51,4123
12372,Check plane,1970-04-26 22:12:52,4124
12373,Decide,1970-04-26 22:12:53,4124
12374,Book hotel,1970-04-26 22:12:54,4124
12375,Check plane,1970-04-26 22:12:55,4125
12376,Decide,1970-04-26 22:12:56,4125
12377,Book hotel,1970-04-26 22:12:57,4125
12378,Check hotel,1970-04-26 22:12:58,4126
12379,Decide,1970-04-26 22:12:59,4126
12380,Book plane,1970-04-26 22:13:00,4126
12381,Check plane,1970-04-26 22:13:01,4127
12382,Decide,1970-04-26 22:13:02,4127
12383,Book hotel,1970-04-26 22:13:03,4127
12384,Check hotel,1970-04-26 22:13:04,4128
12385,Decide,1970-04-26 22:13:05,4128
12386,Book hotel,1970-04-26 22:13:06,4128
12387,Check hotel,1970-04-26 22:13:07,4129
12388,Decide,1970-04-26 22:13:08,4129
12389,Book hotel,1970-04-26 22:13:09,4129
12390,Check hotel,1970-04-26 22:13:10,4130
12391,Decide,1970-04-26 22:13:11,4130
12392,Book hotel,1970-04-26 22:13:12,4130
12393,Check plane,1970-04-26 22:13:13,4131
12394,Decide,1970-04-26 22:13:14,4131
12395,Book plane,1970-04-26 22:13:15,4131
12396,Check hotel,1970-04-26 22:13:16,4132
12397,Decide,1970-04-26 22:13:17,4132
12398,Book plane,1970-04-26 22:13:18,4132
12399,Check plane,1970-04-26 22:13:19,4133
12400,Decide,1970-04-26 22:13:20,4133
12401,Book plane,1970-04-26 22:13:21,4133
12402,Check hotel,1970-04-26 22:13:22,4134
12403,Decide,1970-04-26 22:13:23,4134
12404,Book plane,1970-04-26 22:13:24,4134
12405,Check hotel,1970-04-26 22:13:25,4135
12406,Decide,1970-04-26 22:13:26,4135
12407,Book hotel,1970-04-26 22:13:27,4135
12408,Check plane,1970-04-26 22:13:28,4136
12409,Decide,1970-04-26 22:13:29,4136
12410,Book hotel,1970-04-26 22:13:30,4136
12411,Check hotel,1970-04-26 22:13:31,4137
12412,Decide,1970-04-26 22:13:32,4137
12413,Book hotel,1970-04-26 22:13:33,4137
12414,Check hotel,1970-04-26 22:13:34,4138
12415,Decide,1970-04-26 22:13:35,4138
12416,Book plane,1970-04-26 22:13:36,4138
12417,Check plane,1970-04-26 22:13:37,4139
12418,Decide,1970-04-26 22:13:38,4139
12419,Book hotel,1970-04-26 22:13:39,4139
12420,Check plane,1970-04-26 22:13:40,4140
12421,Decide,1970-04-26 22:13:41,4140
12422,Book plane,1970-04-26 22:13:42,4140
12423,Check plane,1970-04-26 22:13:43,4141
12424,Decide,1970-04-26 22:13:44,4141
12425,Book plane,1970-04-26 22:13:45,4141
12426,Check plane,1970-04-26 22:13:46,4142
12427,Decide,1970-04-26 22:13:47,4142
12428,Book hotel,1970-04-26 22:13:48,4142
12429,Check hotel,1970-04-26 22:13:49,4143
12430,Decide,1970-04-26 22:13:50,4143
12431,Book plane,1970-04-26 22:13:51,4143
12432,Check hotel,1970-04-26 22:13:52,4144
12433,Decide,1970-04-26 22:13:53,4144
12434,Book plane,1970-04-26 22:13:54,4144
12435,Check hotel,1970-04-26 22:13:55,4145
12436,Decide,1970-04-26 22:13:56,4145
12437,Book plane,1970-04-26 22:13:57,4145
12438,Check hotel,1970-04-26 22:13:58,4146
12439,Decide,1970-04-26 22:13:59,4146
12440,Book hotel,1970-04-26 22:14:00,4146
12441,Check hotel,1970-04-26 22:14:01,4147
12442,Decide,1970-04-26 22:14:02,4147
12443,Book hotel,1970-04-26 22:14:03,4147
12444,Check plane,1970-04-26 22:14:04,4148
12445,Decide,1970-04-26 22:14:05,4148
12446,Book hotel,1970-04-26 22:14:06,4148
12447,Check plane,1970-04-26 22:14:07,4149
12448,Decide,1970-04-26 22:14:08,4149
12449,Book plane,1970-04-26 22:14:09,4149
12450,Check hotel,1970-04-26 22:14:10,4150
12451,Decide,1970-04-26 22:14:11,4150
12452,Book hotel,1970-04-26 22:14:12,4150
12453,Check plane,1970-04-26 22:14:13,4151
12454,Decide,1970-04-26 22:14:14,4151
12455,Book plane,1970-04-26 22:14:15,4151
12456,Check plane,1970-04-26 22:14:16,4152
12457,Decide,1970-04-26 22:14:17,4152
12458,Book plane,1970-04-26 22:14:18,4152
12459,Check plane,1970-04-26 22:14:19,4153
12460,Decide,1970-04-26 22:14:20,4153
12461,Book plane,1970-04-26 22:14:21,4153
12462,Check hotel,1970-04-26 22:14:22,4154
12463,Decide,1970-04-26 22:14:23,4154
12464,Book hotel,1970-04-26 22:14:24,4154
12465,Check hotel,1970-04-26 22:14:25,4155
12466,Decide,1970-04-26 22:14:26,4155
12467,Book hotel,1970-04-26 22:14:27,4155
12468,Check plane,1970-04-26 22:14:28,4156
12469,Decide,1970-04-26 22:14:29,4156
12470,Book hotel,1970-04-26 22:14:30,4156
12471,Check plane,1970-04-26 22:14:31,4157
12472,Decide,1970-04-26 22:14:32,4157
12473,Book plane,1970-04-26 22:14:33,4157
12474,Check hotel,1970-04-26 22:14:34,4158
12475,Decide,1970-04-26 22:14:35,4158
12476,Book plane,1970-04-26 22:14:36,4158
12477,Check hotel,1970-04-26 22:14:37,4159
12478,Decide,1970-04-26 22:14:38,4159
12479,Book hotel,1970-04-26 22:14:39,4159
12480,Check hotel,1970-04-26 22:14:40,4160
12481,Decide,1970-04-26 22:14:41,4160
12482,Book plane,1970-04-26 22:14:42,4160
12483,Check plane,1970-04-26 22:14:43,4161
12484,Decide,1970-04-26 22:14:44,4161
12485,Book hotel,1970-04-26 22:14:45,4161
12486,Check plane,1970-04-26 22:14:46,4162
12487,Decide,1970-04-26 22:14:47,4162
12488,Book plane,1970-04-26 22:14:48,4162
12489,Check hotel,1970-04-26 22:14:49,4163
12490,Decide,1970-04-26 22:14:50,4163
12491,Book plane,1970-04-26 22:14:51,4163
12492,Check hotel,1970-04-26 22:14:52,4164
12493,Decide,1970-04-26 22:14:53,4164
12494,Book plane,1970-04-26 22:14:54,4164
12495,Check hotel,1970-04-26 22:14:55,4165
12496,Decide,1970-04-26 22:14:56,4165
12497,Book plane,1970-04-26 22:14:57,4165
12498,Check plane,1970-04-26 22:14:58,4166
12499,Decide,1970-04-26 22:14:59,4166
12500,Book plane,1970-04-26 22:15:00,4166
12501,Check plane,1970-04-26 22:15:01,4167
12502,Decide,1970-04-26 22:15:02,4167
12503,Book hotel,1970-04-26 22:15:03,4167
12504,Check hotel,1970-04-26 22:15:04,4168
12505,Decide,1970-04-26 22:15:05,4168
12506,Book plane,1970-04-26 22:15:06,4168
12507,Check plane,1970-04-26 22:15:07,4169
12508,Decide,1970-04-26 22:15:08,4169
12509,Book plane,1970-04-26 22:15:09,4169
12510,Check hotel,1970-04-26 22:15:10,4170
12511,Decide,1970-04-26 22:15:11,4170
12512,Book plane,1970-04-26 22:15:12,4170
12513,Check plane,1970-04-26 22:15:13,4171
12514,Decide,1970-04-26 22:15:14,4171
12515,Book plane,1970-04-26 22:15:15,4171
12516,Check hotel,1970-04-26 22:15:16,4172
12517,Decide,1970-04-26 22:15:17,4172
12518,Book plane,1970-04-26 22:15:18,4172
12519,Check hotel,1970-04-26 22:15:19,4173
12520,Decide,1970-04-26 22:15:20,4173
12521,Book hotel,1970-04-26 22:15:21,4173
12522,Check hotel,1970-04-26 22:15:22,4174
12523,Decide,1970-04-26 22:15:23,4174
12524,Book plane,1970-04-26 22:15:24,4174
12525,Check hotel,1970-04-26 22:15:25,4175
12526,Decide,1970-04-26 22:15:26,4175
12527,Book hotel,1970-04-26 22:15:27,4175
12528,Check hotel,1970-04-26 22:15:28,4176
12529,Decide,1970-04-26 22:15:29,4176
12530,Book plane,1970-04-26 22:15:30,4176
12531,Check plane,1970-04-26 22:15:31,4177
12532,Decide,1970-04-26 22:15:32,4177
12533,Book hotel,1970-04-26 22:15:33,4177
12534,Check plane,1970-04-26 22:15:34,4178
12535,Decide,1970-04-26 22:15:35,4178
12536,Book plane,1970-04-26 22:15:36,4178
12537,Check plane,1970-04-26 22:15:37,4179
12538,Decide,1970-04-26 22:15:38,4179
12539,Book hotel,1970-04-26 22:15:39,4179
12540,Check plane,1970-04-26 22:15:40,4180
12541,Decide,1970-04-26 22:15:41,4180
12542,Book plane,1970-04-26 22:15:42,4180
12543,Check hotel,1970-04-26 22:15:43,4181
12544,Decide,1970-04-26 22:15:44,4181
12545,Book hotel,1970-04-26 22:15:45,4181
12546,Check hotel,1970-04-26 22:15:46,4182
12547,Decide,1970-04-26 22:15:47,4182
12548,Book plane,1970-04-26 22:15:48,4182
12549,Check hotel,1970-04-26 22:15:49,4183
12550,Decide,1970-04-26 22:15:50,4183
12551,Book plane,1970-04-26 22:15:51,4183
12552,Check hotel,1970-04-26 22:15:52,4184
12553,Decide,1970-04-26 22:15:53,4184
12554,Book plane,1970-04-26 22:15:54,4184
12555,Check plane,1970-04-26 22:15:55,4185
12556,Decide,1970-04-26 22:15:56,4185
12557,Book plane,1970-04-26 22:15:57,4185
12558,Check hotel,1970-04-26 22:15:58,4186
12559,Decide,1970-04-26 22:15:59,4186
12560,Book plane,1970-04-26 22:16:00,4186
12561,Check plane,1970-04-26 22:16:01,4187
12562,Decide,1970-04-26 22:16:02,4187
12563,Book plane,1970-04-26 22:16:03,4187
12564,Check hotel,1970-04-26 22:16:04,4188
12565,Decide,1970-04-26 22:16:05,4188
12566,Book hotel,1970-04-26 22:16:06,4188
12567,Check plane,1970-04-26 22:16:07,4189
12568,Decide,1970-04-26 22:16:08,4189
12569,Book hotel,1970-04-26 22:16:09,4189
12570,Check plane,1970-04-26 22:16:10,4190
12571,Decide,1970-04-26 22:16:11,4190
12572,Book plane,1970-04-26 22:16:12,4190
12573,Check hotel,1970-04-26 22:16:13,4191
12574,Decide,1970-04-26 22:16:14,4191
12575,Book plane,1970-04-26 22:16:15,4191
12576,Check hotel,1970-04-26 22:16:16,4192
12577,Decide,1970-04-26 22:16:17,4192
12578,Book hotel,1970-04-26 22:16:18,4192
12579,Check hotel,1970-04-26 22:16:19,4193
12580,Decide,1970-04-26 22:16:20,4193
12581,Book hotel,1970-04-26 22:16:21,4193
12582,Check plane,1970-04-26 22:16:22,4194
12583,Decide,1970-04-26 22:16:23,4194
12584,Book plane,1970-04-26 22:16:24,4194
12585,Check plane,1970-04-26 22:16:25,4195
12586,Decide,1970-04-26 22:16:26,4195
12587,Book hotel,1970-04-26 22:16:27,4195
12588,Check hotel,1970-04-26 22:16:28,4196
12589,Decide,1970-04-26 22:16:29,4196
12590,Book hotel,1970-04-26 22:16:30,4196
12591,Check hotel,1970-04-26 22:16:31,4197
12592,Decide,1970-04-26 22:16:32,4197
12593,Book hotel,1970-04-26 22:16:33,4197
12594,Check plane,1970-04-26 22:16:34,4198
12595,Decide,1970-04-26 22:16:35,4198
12596,Book plane,1970-04-26 22:16:36,4198
12597,Check plane,1970-04-26 22:16:37,4199
12598,Decide,1970-04-26 22:16:38,4199
12599,Book plane,1970-04-26 22:16:39,4199
12600,Check hotel,1970-04-26 22:16:40,4200
12601,Decide,1970-04-26 22:16:41,4200
12602,Book hotel,1970-04-26 22:16:42,4200
12603,Check plane,1970-04-26 22:16:43,4201
12604,Decide,1970-04-26 22:16:44,4201
12605,Book plane,1970-04-26 22:16:45,4201
12606,Check hotel,1970-04-26 22:16:46,4202
12607,Decide,1970-04-26 22:16:47,4202
12608,Book hotel,1970-04-26 22:16:48,4202
12609,Check hotel,1970-04-26 22:16:49,4203
12610,Decide,1970-04-26 22:16:50,4203
12611,Book hotel,1970-04-26 22:16:51,4203
12612,Check plane,1970-04-26 22:16:52,4204
12613,Decide,1970-04-26 22:16:53,4204
12614,Book hotel,1970-04-26 22:16:54,4204
12615,Check hotel,1970-04-26 22:16:55,4205
12616,Decide,1970-04-26 22:16:56,4205
12617,Book hotel,1970-04-26 22:16:57,4205
12618,Check plane,1970-04-26 22:16:58,4206
12619,Decide,1970-04-26 22:16:59,4206
12620,Book plane,1970-04-26 22:17:00,4206
12621,Check hotel,1970-04-26 22:17:01,4207
12622,Decide,1970-04-26 22:17:02,4207
12623,Book hotel,1970-04-26 22:17:03,4207
12624,Check hotel,1970-04-26 22:17:04,4208
12625,Decide,1970-04-26 22:17:05,4208
12626,Book hotel,1970-04-26 22:17:06,4208
12627,Check plane,1970-04-26 22:17:07,4209
12628,Decide,1970-04-26 22:17:08,4209
12629,Book plane,1970-04-26 22:17:09,4209
12630,Check hotel,1970-04-26 22:17:10,4210
12631,Decide,1970-04-26 22:17:11,4210
12632,Book hotel,1970-04-26 22:17:12,4210
12633,Check plane,1970-04-26 22:17:13,4211
12634,Decide,1970-04-26 22:17:14,4211
12635,Book hotel,1970-04-26 22:17:15,4211
12636,Check hotel,1970-04-26 22:17:16,4212
12637,Decide,1970-04-26 22:17:17,4212
12638,Book plane,1970-04-26 22:17:18,4212
12639,Check plane,1970-04-26 22:17:19,4213
12640,Decide,1970-04-26 22:17:20,4213
12641,Book hotel,1970-04-26 22:17:21,4213
12642,Check hotel,1970-04-26 22:17:22,4214
12643,Decide,1970-04-26 22:17:23,4214
12644,Book hotel,1970-04-26 22:17:24,4214
12645,Check hotel,1970-04-26 22:17:25,4215
12646,Decide,1970-04-26 22:17:26,4215
12647,Book hotel,1970-04-26 22:17:27,4215
12648,Check hotel,1970-04-26 22:17:28,4216
12649,Decide,1970-04-26 22:17:29,4216
12650,Book hotel,1970-04-26 22:17:30,4216
12651,Check hotel,1970-04-26 22:17:31,4217
12652,Decide,1970-04-26 22:17:32,4217
12653,Book plane,1970-04-26 22:17:33,4217
12654,Check plane,1970-04-26 22:17:34,4218
12655,Decide,1970-04-26 22:17:35,4218
12656,Book plane,1970-04-26 22:17:36,4218
12657,Check plane,1970-04-26 22:17:37,4219
12658,Decide,1970-04-26 22:17:38,4219
12659,Book plane,1970-04-26 22:17:39,4219
12660,Check plane,1970-04-26 22:17:40,4220
12661,Decide,1970-04-26 22:17:41,4220
12662,Book hotel,1970-04-26 22:17:42,4220
12663,Check plane,1970-04-26 22:17:43,4221
12664,Decide,1970-04-26 22:17:44,4221
12665,Book hotel,1970-04-26 22:17:45,4221
12666,Check hotel,1970-04-26 22:17:46,4222
12667,Decide,1970-04-26 22:17:47,4222
12668,Book hotel,1970-04-26 22:17:48,4222
12669,Check plane,1970-04-26 22:17:49,4223
12670,Decide,1970-04-26 22:17:50,4223
12671,Book plane,1970-04-26 22:17:51,4223
12672,Check plane,1970-04-26 22:17:52,4224
12673,Decide,1970-04-26 22:17:53,4224
12674,Book plane,1970-04-26 22:17:54,4224
12675,Check plane,1970-04-26 22:17:55,4225
12676,Decide,1970-04-26 22:17:56,4225
12677,Book hotel,1970-04-26 22:17:57,4225
12678,Check plane,1970-04-26 22:17:58,4226
12679,Decide,1970-04-26 22:17:59,4226
12680,Book plane,1970-04-26 22:18:00,4226
12681,Check plane,1970-04-26 22:18:01,4227
12682,Decide,1970-04-26 22:18:02,4227
12683,Book hotel,1970-04-26 22:18:03,4227
12684,Check plane,1970-04-26 22:18:04,4228
12685,Decide,1970-04-26 22:18:05,4228
12686,Book hotel,1970-04-26 22:18:06,4228
12687,Check plane,1970-04-26 22:18:07,4229
12688,Decide,1970-04-26 22:18:08,4229
12689,Book hotel,1970-04-26 22:18:09,4229
12690,Check plane,1970-04-26 22:18:10,4230
12691,Decide,1970-04-26 22:18:11,4230
12692,Book hotel,1970-04-26 22:18:12,4230
12693,Check plane,1970-04-26 22:18:13,4231
12694,Decide,1970-04-26 22:18:14,4231
12695,Book plane,1970-04-26 22:18:15,4231
12696,Check plane,1970-04-26 22:18:16,4232
12697,Decide,1970-04-26 22:18:17,4232
12698,Book hotel,1970-04-26 22:18:18,4232
12699,Check plane,1970-04-26 22:18:19,4233
12700,Decide,1970-04-26 22:18:20,4233
12701,Book hotel,1970-04-26 22:18:21,4233
12702,Check hotel,1970-04-26 22:18:22,4234
12703,Decide,1970-04-26 22:18:23,4234
12704,Book plane,1970-04-26 22:18:24,4234
12705,Check hotel,1970-04-26 22:18:25,4235
12706,Decide,1970-04-26 22:18:26,4235
12707,Book plane,1970-04-26 22:18:27,4235
12708,Check hotel,1970-04-26 22:18:28,4236
12709,Decide,1970-04-26 22:18:29,4236
12710,Book plane,1970-04-26 22:18:30,4236
12711,Check hotel,1970-04-26 22:18:31,4237
12712,Decide,1970-04-26 22:18:32,4237
12713,Book plane,1970-04-26 22:18:33,4237
12714,Check plane,1970-04-26 22:18:34,4238
12715,Decide,1970-04-26 22:18:35,4238
12716,Book hotel,1970-04-26 22:18:36,4238
12717,Check plane,1970-04-26 22:18:37,4239
12718,Decide,1970-04-26 22:18:38,4239
12719,Book plane,1970-04-26 22:18:39,4239
12720,Check plane,1970-04-26 22:18:40,4240
12721,Decide,1970-04-26 22:18:41,4240
12722,Book plane,1970-04-26 22:18:42,4240
12723,Check hotel,1970-04-26 22:18:43,4241
12724,Decide,1970-04-26 22:18:44,4241
12725,Book plane,1970-04-26 22:18:45,4241
12726,Check hotel,1970-04-26 22:18:46,4242
12727,Decide,1970-04-26 22:18:47,4242
12728,Book hotel,1970-04-26 22:18:48,4242
12729,Check plane,1970-04-26 22:18:49,4243
12730,Decide,1970-04-26 22:18:50,4243
12731,Book plane,1970-04-26 22:18:51,4243
12732,Check plane,1970-04-26 22:18:52,4244
12733,Decide,1970-04-26 22:18:53,4244
12734,Book hotel,1970-04-26 22:18:54,4244
12735,Check hotel,1970-04-26 22:18:55,4245
12736,Decide,1970-04-26 22:18:56,4245
12737,Book plane,1970-04-26 22:18:57,4245
12738,Check hotel,1970-04-26 22:18:58,4246
12739,Decide,1970-04-26 22:18:59,4246
12740,Book plane,1970-04-26 22:19:00,4246
12741,Check plane,1970-04-26 22:19:01,4247
12742,Decide,1970-04-26 22:19:02,4247
12743,Book plane,1970-04-26 22:19:03,4247
12744,Check hotel,1970-04-26 22:19:04,4248
12745,Decide,1970-04-26 22:19:05,4248
12746,Book plane,1970-04-26 22:19:06,4248
12747,Check plane,1970-04-26 22:19:07,4249
12748,Decide,1970-04-26 22:19:08,4249
12749,Book hotel,1970-04-26 22:19:09,4249
12750,Check hotel,1970-04-26 22:19:10,4250
12751,Decide,1970-04-26 22:19:11,4250
12752,Book plane,1970-04-26 22:19:12,4250
12753,Check plane,1970-04-26 22:19:13,4251
12754,Decide,1970-04-26 22:19:14,4251
12755,Book plane,1970-04-26 22:19:15,4251
12756,Check hotel,1970-04-26 22:19:16,4252
12757,Decide,1970-04-26 22:19:17,4252
12758,Book hotel,1970-04-26 22:19:18,4252
12759,Check plane,1970-04-26 22:19:19,4253
12760,Decide,1970-04-26 22:19:20,4253
12761,Book hotel,1970-04-26 22:19:21,4253
12762,Check hotel,1970-04-26 22:19:22,4254
12763,Decide,1970-04-26 22:19:23,4254
12764,Book plane,1970-04-26 22:19:24,4254
12765,Check hotel,1970-04-26 22:19:25,4255
12766,Decide,1970-04-26 22:19:26,4255
12767,Book hotel,1970-04-26 22:19:27,4255
12768,Check plane,1970-04-26 22:19:28,4256
12769,Decide,1970-04-26 22:19:29,4256
12770,Book plane,1970-04-26 22:19:30,4256
12771,Check hotel,1970-04-26 22:19:31,4257
12772,Decide,1970-04-26 22:19:32,4257
12773,Book plane,1970-04-26 22:19:33,4257
12774,Check hotel,1970-04-26 22:19:34,4258
12775,Decide,1970-04-26 22:19:35,4258
12776,Book hotel,1970-04-26 22:19:36,4258
12777,Check plane,1970-04-26 22:19:37,4259
12778,Decide,1970-04-26 22:19:38,4259
12779,Book plane,1970-04-26 22:19:39,4259
12780,Check hotel,1970-04-26 22:19:40,4260
12781,Decide,1970-04-26 22:19:41,4260
12782,Book plane,1970-04-26 22:19:42,4260
12783,Check hotel,1970-04-26 22:19:43,4261
12784,Decide,1970-04-26 22:19:44,4261
12785,Book hotel,1970-04-26 22:19:45,4261
12786,Check plane,1970-04-26 22:19:46,4262
12787,Decide,1970-04-26 22:19:47,4262
12788,Book hotel,1970-04-26 22:19:48,4262
12789,Check hotel,1970-04-26 22:19:49,4263
12790,Decide,1970-04-26 22:19:50,4263
12791,Book plane,1970-04-26 22:19:51,4263
12792,Check plane,1970-04-26 22:19:52,4264
12793,Decide,1970-04-26 22:19:53,4264
12794,Book hotel,1970-04-26 22:19:54,4264
12795,Check plane,1970-04-26 22:19:55,4265
12796,Decide,1970-04-26 22:19:56,4265
12797,Book hotel,1970-04-26 22:19:57,4265
12798,Check hotel,1970-04-26 22:19:58,4266
12799,Decide,1970-04-26 22:19:59,4266
12800,Book plane,1970-04-26 22:20:00,4266
12801,Check plane,1970-04-26 22:20:01,4267
12802,Decide,1970-04-26 22:20:02,4267
12803,Book plane,1970-04-26 22:20:03,4267
12804,Check plane,1970-04-26 22:20:04,4268
12805,Decide,1970-04-26 22:20:05,4268
12806,Book hotel,1970-04-26 22:20:06,4268
12807,Check plane,1970-04-26 22:20:07,4269
12808,Decide,1970-04-26 22:20:08,4269
12809,Book plane,1970-04-26 22:20:09,4269
12810,Check hotel,1970-04-26 22:20:10,4270
12811,Decide,1970-04-26 22:20:11,4270
12812,Book plane,1970-04-26 22:20:12,4270
12813,Check plane,1970-04-26 22:20:13,4271
12814,Decide,1970-04-26 22:20:14,4271
12815,Book hotel,1970-04-26 22:20:15,4271
12816,Check plane,1970-04-26 22:20:16,4272
12817,Decide,1970-04-26 22:20:17,4272
12818,Book plane,1970-04-26 22:20:18,4272
12819,Check hotel,1970-04-26 22:20:19,4273
12820,Decide,1970-04-26 22:20:20,4273
12821,Book plane,1970-04-26 22:20:21,4273
12822,Check hotel,1970-04-26 22:20:22,4274
12823,Decide,1970-04-26 22:20:23,4274
12824,Book plane,1970-04-26 22:20:24,4274
12825,Check hotel,1970-04-26 22:20:25,4275
12826,Decide,1970-04-26 22:20:26,4275
12827,Book plane,1970-04-26 22:20:27,4275
12828,Check plane,1970-04-26 22:20:28,4276
12829,Decide,1970-04-26 22:20:29,4276
12830,Book plane,1970-04-26 22:20:30,4276
12831,Check plane,1970-04-26 22:20:31,4277
12832,Decide,1970-04-26 22:20:32,4277
12833,Book hotel,1970-04-26 22:20:33,4277
12834,Check plane,1970-04-26 22:20:34,4278
12835,Decide,1970-04-26 22:20:35,4278
12836,Book hotel,1970-04-26 22:20:36,4278
12837,Check hotel,1970-04-26 22:20:37,4279
12838,Decide,1970-04-26 22:20:38,4279
12839,Book plane,1970-04-26 22:20:39,4279
12840,Check hotel,1970-04-26 22:20:40,4280
12841,Decide,1970-04-26 22:20:41,4280
12842,Book plane,1970-04-26 22:20:42,4280
12843,Check plane,1970-04-26 22:20:43,4281
12844,Decide,1970-04-26 22:20:44,4281
12845,Book plane,1970-04-26 22:20:45,4281
12846,Check hotel,1970-04-26 22:20:46,4282
12847,Decide,1970-04-26 22:20:47,4282
12848,Book plane,1970-04-26 22:20:48,4282
12849,Check plane,1970-04-26 22:20:49,4283
12850,Decide,1970-04-26 22:20:50,4283
12851,Book plane,1970-04-26 22:20:51,4283
12852,Check plane,1970-04-26 22:20:52,4284
12853,Decide,1970-04-26 22:20:53,4284
12854,Book hotel,1970-04-26 22:20:54,4284
12855,Check hotel,1970-04-26 22:20:55,4285
12856,Decide,1970-04-26 22:20:56,4285
12857,Book plane,1970-04-26 22:20:57,4285
12858,Check hotel,1970-04-26 22:20:58,4286
12859,Decide,1970-04-26 22:20:59,4286
12860,Book plane,1970-04-26 22:21:00,4286
12861,Check plane,1970-04-26 22:21:01,4287
12862,Decide,1970-04-26 22:21:02,4287
12863,Book hotel,1970-04-26 22:21:03,4287
12864,Check hotel,1970-04-26 22:21:04,4288
12865,Decide,1970-04-26 22:21:05,4288
12866,Book plane,1970-04-26 22:21:06,4288
12867,Check hotel,1970-04-26 22:21:07,4289
12868,Decide,1970-04-26 22:21:08,4289
12869,Book plane,1970-04-26 22:21:09,4289
12870,Check plane,1970-04-26 22:21:10,4290
12871,Decide,1970-04-26 22:21:11,4290
12872,Book hotel,1970-04-26 22:21:12,4290
12873,Check plane,1970-04-26 22:21:13,4291
12874,Decide,1970-04-26 22:21:14,4291
12875,Book hotel,1970-04-26 22:21:15,4291
12876,Check plane,1970-04-26 22:21:16,4292
12877,Decide,1970-04-26 22:21:17,4292
12878,Book hotel,1970-04-26 22:21:18,4292
12879,Check plane,1970-04-26 22:21:19,4293
12880,Decide,1970-04-26 22:21:20,4293
12881,Book hotel,1970-04-26 22:21:21,4293
12882,Check plane,1970-04-26 22:21:22,4294
12883,Decide,1970-04-26 22:21:23,4294
12884,Book hotel,1970-04-26 22:21:24,4294
12885,Check hotel,1970-04-26 22:21:25,4295
12886,Decide,1970-04-26 22:21:26,4295
12887,Book hotel,1970-04-26 22:21:27,4295
12888,Check hotel,1970-04-26 22:21:28,4296
12889,Decide,1970-04-26 22:21:29,4296
12890,Book hotel,1970-04-26 22:21:30,4296
12891,Check plane,1970-04-26 22:21:31,4297
12892,Decide,1970-04-26 22:21:32,4297
12893,Book plane,1970-04-26 22:21:33,4297
12894,Check hotel,1970-04-26 22:21:34,4298
12895,Decide,1970-04-26 22:21:35,4298
12896,Book hotel,1970-04-26 22:21:36,4298
12897,Check plane,1970-04-26 22:21:37,4299
12898,Decide,1970-04-26 22:21:38,4299
12899,Book plane,1970-04-26 22:21:39,4299
12900,Check plane,1970-04-26 22:21:40,4300
12901,Decide,1970-04-26 22:21:41,4300
12902,Book plane,1970-04-26 22:21:42,4300
12903,Check plane,1970-04-26 22:21:43,4301
12904,Decide,1970-04-26 22:21:44,4301
12905,Book plane,1970-04-26 22:21:45,4301
12906,Check hotel,1970-04-26 22:21:46,4302
12907,Decide,1970-04-26 22:21:47,4302
12908,Book hotel,1970-04-26 22:21:48,4302
12909,Check plane,1970-04-26 22:21:49,4303
12910,Decide,1970-04-26 22:21:50,4303
12911,Book plane,1970-04-26 22:21:51,4303
12912,Check hotel,1970-04-26 22:21:52,4304
12913,Decide,1970-04-26 22:21:53,4304
12914,Book hotel,1970-04-26 22:21:54,4304
12915,Check plane,1970-04-26 22:21:55,4305
12916,Decide,1970-04-26 22:21:56,4305
12917,Book hotel,1970-04-26 22:21:57,4305
12918,Check hotel,1970-04-26 22:21:58,4306
12919,Decide,1970-04-26 22:21:59,4306
12920,Book hotel,1970-04-26 22:22:00,4306
12921,Check plane,1970-04-26 22:22:01,4307
12922,Decide,1970-04-26 22:22:02,4307
12923,Book plane,1970-04-26 22:22:03,4307
12924,Check plane,1970-04-26 22:22:04,4308
12925,Decide,1970-04-26 22:22:05,4308
12926,Book hotel,1970-04-26 22:22:06,4308
12927,Check plane,1970-04-26 22:22:07,4309
12928,Decide,1970-04-26 22:22:08,4309
12929,Book plane,1970-04-26 22:22:09,4309
12930,Check hotel,1970-04-26 22:22:10,4310
12931,Decide,1970-04-26 22:22:11,4310
12932,Book plane,1970-04-26 22:22:12,4310
12933,Check hotel,1970-04-26 22:22:13,4311
12934,Decide,1970-04-26 22:22:14,4311
12935,Book plane,1970-04-26 22:22:15,4311
12936,Check plane,1970-04-26 22:22:16,4312
12937,Decide,1970-04-26 22:22:17,4312
12938,Book hotel,1970-04-26 22:22:18,4312
12939,Check plane,1970-04-26 22:22:19,4313
12940,Decide,1970-04-26 22:22:20,4313
12941,Book plane,1970-04-26 22:22:21,4313
12942,Check plane,1970-04-26 22:22:22,4314
12943,Decide,1970-04-26 22:22:23,4314
12944,Book plane,1970-04-26 22:22:24,4314
12945,Check plane,1970-04-26 22:22:25,4315
12946,Decide,1970-04-26 22:22:26,4315
12947,Book plane,1970-04-26 22:22:27,4315
12948,Check plane,1970-04-26 22:22:28,4316
12949,Decide,1970-04-26 22:22:29,4316
12950,Book hotel,1970-04-26 22:22:30,4316
12951,Check hotel,1970-04-26 22:22:31,4317
12952,Decide,1970-04-26 22:22:32,4317
12953,Book hotel,1970-04-26 22:22:33,4317
12954,Check hotel,1970-04-26 22:22:34,4318
12955,Decide,1970-04-26 22:22:35,4318
12956,Book plane,1970-04-26 22:22:36,4318
12957,Check hotel,1970-04-26 22:22:37,4319
12958,Decide,1970-04-26 22:22:38,4319
12959,Book plane,1970-04-26 22:22:39,4319
12960,Check hotel,1970-04-26 22:22:40,4320
12961,Decide,1970-04-26 22:22:41,4320
12962,Book plane,1970-04-26 22:22:42,4320
12963,Check hotel,1970-04-26 22:22:43,4321
12964,Decide,1970-04-26 22:22:44,4321
12965,Book plane,1970-04-26 22:22:45,4321
12966,Check plane,1970-04-26 22:22:46,4322
12967,Decide,1970-04-26 22:22:47,4322
12968,Book plane,1970-04-26 22:22:48,4322
12969,Check plane,1970-04-26 22:22:49,4323
12970,Decide,1970-04-26 22:22:50,4323
12971,Book hotel,1970-04-26 22:22:51,4323
12972,Check plane,1970-04-26 22:22:52,4324
12973,Decide,1970-04-26 22:22:53,4324
12974,Book plane,1970-04-26 22:22:54,4324
12975,Check plane,1970-04-26 22:22:55,4325
12976,Decide,1970-04-26 22:22:56,4325
12977,Book plane,1970-04-26 22:22:57,4325
12978,Check hotel,1970-04-26 22:22:58,4326
12979,Decide,1970-04-26 22:22:59,4326
12980,Book hotel,1970-04-26 22:23:00,4326
12981,Check hotel,1970-04-26 22:23:01,4327
12982,Decide,1970-04-26 22:23:02,4327
12983,Book plane,1970-04-26 22:23:03,4327
12984,Check hotel,1970-04-26 22:23:04,4328
12985,Decide,1970-04-26 22:23:05,4328
12986,Book plane,1970-04-26 22:23:06,4328
12987,Check hotel,1970-04-26 22:23:07,4329
12988,Decide,1970-04-26 22:23:08,4329
12989,Book plane,1970-04-26 22:23:09,4329
12990,Check plane,1970-04-26 22:23:10,4330
12991,Decide,1970-04-26 22:23:11,4330
12992,Book plane,1970-04-26 22:23:12,4330
12993,Check hotel,1970-04-26 22:23:13,4331
12994,Decide,1970-04-26 22:23:14,4331
12995,Book hotel,1970-04-26 22:23:15,4331
12996,Check hotel,1970-04-26 22:23:16,4332
12997,Decide,1970-04-26 22:23:17,4332
12998,Book hotel,1970-04-26 22:23:18,4332
12999,Check plane,1970-04-26 22:23:19,4333
13000,Decide,1970-04-26 22:23:20,4333
13001,Book plane,1970-04-26 22:23:21,4333
13002,Check plane,1970-04-26 22:23:22,4334
13003,Decide,1970-04-26 22:23:23,4334
13004,Book plane,1970-04-26 22:23:24,4334
13005,Check plane,1970-04-26 22:23:25,4335
13006,Decide,1970-04-26 22:23:26,4335
13007,Book hotel,1970-04-26 22:23:27,4335
13008,Check hotel,1970-04-26 22:23:28,4336
13009,Decide,1970-04-26 22:23:29,4336
13010,Book hotel,1970-04-26 22:23:30,4336
13011,Check hotel,1970-04-26 22:23:31,4337
13012,Decide,1970-04-26 22:23:32,4337
13013,Book hotel,1970-04-26 22:23:33,4337
13014,Check plane,1970-04-26 22:23:34,4338
13015,Decide,1970-04-26 22:23:35,4338
13016,Book plane,1970-04-26 22:23:36,4338
13017,Check hotel,1970-04-26 22:23:37,4339
13018,Decide,1970-04-26 22:23:38,4339
13019,Book hotel,1970-04-26 22:23:39,4339
13020,Check plane,1970-04-26 22:23:40,4340
13021,Decide,1970-04-26 22:23:41,4340
13022,Book hotel,1970-04-26 22:23:42,4340
13023,Check hotel,1970-04-26 22:23:43,4341
13024,Decide,1970-04-26 22:23:44,4341
13025,Book hotel,1970-04-26 22:23:45,4341
13026,Check hotel,1970-04-26 22:23:46,4342
13027,Decide,1970-04-26 22:23:47,4342
13028,Book hotel,1970-04-26 22:23:48,4342
13029,Check hotel,1970-04-26 22:23:49,4343
13030,Decide,1970-04-26 22:23:50,4343
13031,Book plane,1970-04-26 22:23:51,4343
13032,Check hotel,1970-04-26 22:23:52,4344
13033,Decide,1970-04-26 22:23:53,4344
13034,Book hotel,1970-04-26 22:23:54,4344
13035,Check hotel,1970-04-26 22:23:55,4345
13036,Decide,1970-04-26 22:23:56,4345
13037,Book plane,1970-04-26 22:23:57,4345
13038,Check plane,1970-04-26 22:23:58,4346
13039,Decide,1970-04-26 22:23:59,4346
13040,Book hotel,1970-04-26 22:24:00,4346
13041,Check plane,1970-04-26 22:24:01,4347
13042,Decide,1970-04-26 22:24:02,4347
13043,Book plane,1970-04-26 22:24:03,4347
13044,Check hotel,1970-04-26 22:24:04,4348
13045,Decide,1970-04-26 22:24:05,4348
13046,Book hotel,1970-04-26 22:24:06,4348
13047,Check plane,1970-04-26 22:24:07,4349
13048,Decide,1970-04-26 22:24:08,4349
13049,Book hotel,1970-04-26 22:24:09,4349
13050,Check hotel,1970-04-26 22:24:10,4350
13051,Decide,1970-04-26 22:24:11,4350
13052,Book plane,1970-04-26 22:24:12,4350
13053,Check hotel,1970-04-26 22:24:13,4351
13054,Decide,1970-04-26 22:24:14,4351
13055,Book plane,1970-04-26 22:24:15,4351
13056,Check hotel,1970-04-26 22:24:16,4352
13057,Decide,1970-04-26 22:24:17,4352
13058,Book plane,1970-04-26 22:24:18,4352
13059,Check hotel,1970-04-26 22:24:19,4353
13060,Decide,1970-04-26 22:24:20,4353
13061,Book plane,1970-04-26 22:24:21,4353
13062,Check hotel,1970-04-26 22:24:22,4354
13063,Decide,1970-04-26 22:24:23,4354
13064,Book hotel,1970-04-26 22:24:24,4354
13065,Check hotel,1970-04-26 22:24:25,4355
13066,Decide,1970-04-26 22:24:26,4355
13067,Book plane,1970-04-26 22:24:27,4355
13068,Check hotel,1970-04-26 22:24:28,4356
13069,Decide,1970-04-26 22:24:29,4356
13070,Book hotel,1970-04-26 22:24:30,4356
13071,Check hotel,1970-04-26 22:24:31,4357
13072,Decide,1970-04-26 22:24:32,4357
13073,Book hotel,1970-04-26 22:24:33,4357
13074,Check hotel,1970-04-26 22:24:34,4358
13075,Decide,1970-04-26 22:24:35,4358
13076,Book plane,1970-04-26 22:24:36,4358
13077,Check hotel,1970-04-26 22:24:37,4359
13078,Decide,1970-04-26 22:24:38,4359
13079,Book hotel,1970-04-26 22:24:39,4359
13080,Check hotel,1970-04-26 22:24:40,4360
13081,Decide,1970-04-26 22:24:41,4360
13082,Book hotel,1970-04-26 22:24:42,4360
13083,Check plane,1970-04-26 22:24:43,4361
13084,Decide,1970-04-26 22:24:44,4361
13085,Book plane,1970-04-26 22:24:45,4361
13086,Check hotel,1970-04-26 22:24:46,4362
13087,Decide,1970-04-26 22:24:47,4362
13088,Book hotel,1970-04-26 22:24:48,4362
13089,Check hotel,1970-04-26 22:24:49,4363
13090,Decide,1970-04-26 22:24:50,4363
13091,Book hotel,1970-04-26 22:24:51,4363
13092,Check plane,1970-04-26 22:24:52,4364
13093,Decide,1970-04-26 22:24:53,4364
13094,Book hotel,1970-04-26 22:24:54,4364
13095,Check hotel,1970-04-26 22:24:55,4365
13096,Decide,1970-04-26 22:24:56,4365
13097,Book plane,1970-04-26 22:24:57,4365
13098,Check hotel,1970-04-26 22:24:58,4366
13099,Decide,1970-04-26 22:24:59,4366
13100,Book hotel,1970-04-26 22:25:00,4366
13101,Check plane,1970-04-26 22:25:01,4367
13102,Decide,1970-04-26 22:25:02,4367
13103,Book plane,1970-04-26 22:25:03,4367
13104,Check hotel,1970-04-26 22:25:04,4368
13105,Decide,1970-04-26 22:25:05,4368
13106,Book hotel,1970-04-26 22:25:06,4368
13107,Check hotel,1970-04-26 22:25:07,4369
13108,Decide,1970-04-26 22:25:08,4369
13109,Book hotel,1970-04-26 22:25:09,4369
13110,Check hotel,1970-04-26 22:25:10,4370
13111,Decide,1970-04-26 22:25:11,4370
13112,Book plane,1970-04-26 22:25:12,4370
13113,Check plane,1970-04-26 22:25:13,4371
13114,Decide,1970-04-26 22:25:14,4371
13115,Book plane,1970-04-26 22:25:15,4371
13116,Check hotel,1970-04-26 22:25:16,4372
13117,Decide,1970-04-26 22:25:17,4372
13118,Book hotel,1970-04-26 22:25:18,4372
13119,Check plane,1970-04-26 22:25:19,4373
13120,Decide,1970-04-26 22:25:20,4373
13121,Book plane,1970-04-26 22:25:21,4373
13122,Check plane,1970-04-26 22:25:22,4374
13123,Decide,1970-04-26 22:25:23,4374
13124,Book plane,1970-04-26 22:25:24,4374
13125,Check plane,1970-04-26 22:25:25,4375
13126,Decide,1970-04-26 22:25:26,4375
13127,Book plane,1970-04-26 22:25:27,4375
13128,Check hotel,1970-04-26 22:25:28,4376
13129,Decide,1970-04-26 22:25:29,4376
13130,Book plane,1970-04-26 22:25:30,4376
13131,Check hotel,1970-04-26 22:25:31,4377
13132,Decide,1970-04-26 22:25:32,4377
13133,Book hotel,1970-04-26 22:25:33,4377
13134,Check hotel,1970-04-26 22:25:34,4378
13135,Decide,1970-04-26 22:25:35,4378
13136,Book hotel,1970-04-26 22:25:36,4378
13137,Check hotel,1970-04-26 22:25:37,4379
13138,Decide,1970-04-26 22:25:38,4379
13139,Book plane,1970-04-26 22:25:39,4379
13140,Check hotel,1970-04-26 22:25:40,4380
13141,Decide,1970-04-26 22:25:41,4380
13142,Book plane,1970-04-26 22:25:42,4380
13143,Check hotel,1970-04-26 22:25:43,4381
13144,Decide,1970-04-26 22:25:44,4381
13145,Book plane,1970-04-26 22:25:45,4381
13146,Check plane,1970-04-26 22:25:46,4382
13147,Decide,1970-04-26 22:25:47,4382
13148,Book plane,1970-04-26 22:25:48,4382
13149,Check hotel,1970-04-26 22:25:49,4383
13150,Decide,1970-04-26 22:25:50,4383
13151,Book hotel,1970-04-26 22:25:51,4383
13152,Check plane,1970-04-26 22:25:52,4384
13153,Decide,1970-04-26 22:25:53,4384
13154,Book plane,1970-04-26 22:25:54,4384
13155,Check hotel,1970-04-26 22:25:55,4385
13156,Decide,1970-04-26 22:25:56,4385
13157,Book plane,1970-04-26 22:25:57,4385
13158,Check hotel,1970-04-26 22:25:58,4386
13159,Decide,1970-04-26 22:25:59,4386
13160,Book hotel,1970-04-26 22:26:00,4386
13161,Check plane,1970-04-26 22:26:01,4387
13162,Decide,1970-04-26 22:26:02,4387
13163,Book hotel,1970-04-26 22:26:03,4387
13164,Check hotel,1970-04-26 22:26:04,4388
13165,Decide,1970-04-26 22:26:05,4388
13166,Book plane,1970-04-26 22:26:06,4388
13167,Check hotel,1970-04-26 22:26:07,4389
13168,Decide,1970-04-26 22:26:08,4389
13169,Book plane,1970-04-26 22:26:09,4389
13170,Check plane,1970-04-26 22:26:10,4390
13171,Decide,1970-04-26 22:26:11,4390
13172,Book plane,1970-04-26 22:26:12,4390
13173,Check plane,1970-04-26 22:26:13,4391
13174,Decide,1970-04-26 22:26:14,4391
13175,Book plane,1970-04-26 22:26:15,4391
13176,Check plane,1970-04-26 22:26:16,4392
13177,Decide,1970-04-26 22:26:17,4392
13178,Book plane,1970-04-26 22:26:18,4392
13179,Check hotel,1970-04-26 22:26:19,4393
13180,Decide,1970-04-26 22:26:20,4393
13181,Book hotel,1970-04-26 22:26:21,4393
13182,Check plane,1970-04-26 22:26:22,4394
13183,Decide,1970-04-26 22:26:23,4394
13184,Book hotel,1970-04-26 22:26:24,4394
13185,Check hotel,1970-04-26 22:26:25,4395
13186,Decide,1970-04-26 22:26:26,4395
13187,Book plane,1970-04-26 22:26:27,4395
13188,Check hotel,1970-04-26 22:26:28,4396
13189,Decide,1970-04-26 22:26:29,4396
13190,Book plane,1970-04-26 22:26:30,4396
13191,Check hotel,1970-04-26 22:26:31,4397
13192,Decide,1970-04-26 22:26:32,4397
13193,Book plane,1970-04-26 22:26:33,4397
13194,Check plane,1970-04-26 22:26:34,4398
13195,Decide,1970-04-26 22:26:35,4398
13196,Book plane,1970-04-26 22:26:36,4398
13197,Check hotel,1970-04-26 22:26:37,4399
13198,Decide,1970-04-26 22:26:38,4399
13199,Book hotel,1970-04-26 22:26:39,4399
13200,Check hotel,1970-04-26 22:26:40,4400
13201,Decide,1970-04-26 22:26:41,4400
13202,Book hotel,1970-04-26 22:26:42,4400
13203,Check hotel,1970-04-26 22:26:43,4401
13204,Decide,1970-04-26 22:26:44,4401
13205,Book plane,1970-04-26 22:26:45,4401
13206,Check plane,1970-04-26 22:26:46,4402
13207,Decide,1970-04-26 22:26:47,4402
13208,Book plane,1970-04-26 22:26:48,4402
13209,Check hotel,1970-04-26 22:26:49,4403
13210,Decide,1970-04-26 22:26:50,4403
13211,Book plane,1970-04-26 22:26:51,4403
13212,Check hotel,1970-04-26 22:26:52,4404
13213,Decide,1970-04-26 22:26:53,4404
13214,Book hotel,1970-04-26 22:26:54,4404
13215,Check plane,1970-04-26 22:26:55,4405
13216,Decide,1970-04-26 22:26:56,4405
13217,Book hotel,1970-04-26 22:26:57,4405
13218,Check plane,1970-04-26 22:26:58,4406
13219,Decide,1970-04-26 22:26:59,4406
13220,Book plane,1970-04-26 22:27:00,4406
13221,Check hotel,1970-04-26 22:27:01,4407
13222,Decide,1970-04-26 22:27:02,4407
13223,Book plane,1970-04-26 22:27:03,4407
13224,Check plane,1970-04-26 22:27:04,4408
13225,Decide,1970-04-26 22:27:05,4408
13226,Book plane,1970-04-26 22:27:06,4408
13227,Check hotel,1970-04-26 22:27:07,4409
13228,Decide,1970-04-26 22:27:08,4409
13229,Book plane,1970-04-26 22:27:09,4409
13230,Check hotel,1970-04-26 22:27:10,4410
13231,Decide,1970-04-26 22:27:11,4410
13232,Book hotel,1970-04-26 22:27:12,4410
13233,Check hotel,1970-04-26 22:27:13,4411
13234,Decide,1970-04-26 22:27:14,4411
13235,Book plane,1970-04-26 22:27:15,4411
13236,Check plane,1970-04-26 22:27:16,4412
13237,Decide,1970-04-26 22:27:17,4412
13238,Book hotel,1970-04-26 22:27:18,4412
13239,Check hotel,1970-04-26 22:27:19,4413
13240,Decide,1970-04-26 22:27:20,4413
13241,Book plane,1970-04-26 22:27:21,4413
13242,Check plane,1970-04-26 22:27:22,4414
13243,Decide,1970-04-26 22:27:23,4414
13244,Book hotel,1970-04-26 22:27:24,4414
13245,Check hotel,1970-04-26 22:27:25,4415
13246,Decide,1970-04-26 22:27:26,4415
13247,Book plane,1970-04-26 22:27:27,4415
13248,Check hotel,1970-04-26 22:27:28,4416
13249,Decide,1970-04-26 22:27:29,4416
13250,Book plane,1970-04-26 22:27:30,4416
13251,Check plane,1970-04-26 22:27:31,4417
13252,Decide,1970-04-26 22:27:32,4417
13253,Book hotel,1970-04-26 22:27:33,4417
13254,Check hotel,1970-04-26 22:27:34,4418
13255,Decide,1970-04-26 22:27:35,4418
13256,Book plane,1970-04-26 22:27:36,4418
13257,Check hotel,1970-04-26 22:27:37,4419
13258,Decide,1970-04-26 22:27:38,4419
13259,Book hotel,1970-04-26 22:27:39,4419
13260,Check hotel,1970-04-26 22:27:40,4420
13261,Decide,1970-04-26 22:27:41,4420
13262,Book plane,1970-04-26 22:27:42,4420
13263,Check plane,1970-04-26 22:27:43,4421
13264,Decide,1970-04-26 22:27:44,4421
13265,Book hotel,1970-04-26 22:27:45,4421
13266,Check hotel,1970-04-26 22:27:46,4422
13267,Decide,1970-04-26 22:27:47,4422
13268,Book plane,1970-04-26 22:27:48,4422
13269,Check hotel,1970-04-26 22:27:49,4423
13270,Decide,1970-04-26 22:27:50,4423
13271,Book plane,1970-04-26 22:27:51,4423
13272,Check plane,1970-04-26 22:27:52,4424
13273,Decide,1970-04-26 22:27:53,4424
13274,Book hotel,1970-04-26 22:27:54,4424
13275,Check hotel,1970-04-26 22:27:55,4425
13276,Decide,1970-04-26 22:27:56,4425
13277,Book hotel,1970-04-26 22:27:57,4425
13278,Check hotel,1970-04-26 22:27:58,4426
13279,Decide,1970-04-26 22:27:59,4426
13280,Book plane,1970-04-26 22:28:00,4426
13281,Check plane,1970-04-26 22:28:01,4427
13282,Decide,1970-04-26 22:28:02,4427
13283,Book plane,1970-04-26 22:28:03,4427
13284,Check plane,1970-04-26 22:28:04,4428
13285,Decide,1970-04-26 22:28:05,4428
13286,Book hotel,1970-04-26 22:28:06,4428
13287,Check hotel,1970-04-26 22:28:07,4429
13288,Decide,1970-04-26 22:28:08,4429
13289,Book plane,1970-04-26 22:28:09,4429
13290,Check plane,1970-04-26 22:28:10,4430
13291,Decide,1970-04-26 22:28:11,4430
13292,Book plane,1970-04-26 22:28:12,4430
13293,Check plane,1970-04-26 22:28:13,4431
13294,Decide,1970-04-26 22:28:14,4431
13295,Book plane,1970-04-26 22:28:15,4431
13296,Check plane,1970-04-26 22:28:16,4432
13297,Decide,1970-04-26 22:28:17,4432
13298,Book plane,1970-04-26 22:28:18,4432
13299,Check plane,1970-04-26 22:28:19,4433
13300,Decide,1970-04-26 22:28:20,4433
13301,Book hotel,1970-04-26 22:28:21,4433
13302,Check hotel,1970-04-26 22:28:22,4434
13303,Decide,1970-04-26 22:28:23,4434
13304,Book hotel,1970-04-26 22:28:24,4434
13305,Check hotel,1970-04-26 22:28:25,4435
13306,Decide,1970-04-26 22:28:26,4435
13307,Book plane,1970-04-26 22:28:27,4435
13308,Check plane,1970-04-26 22:28:28,4436
13309,Decide,1970-04-26 22:28:29,4436
13310,Book hotel,1970-04-26 22:28:30,4436
13311,Check plane,1970-04-26 22:28:31,4437
13312,Decide,1970-04-26 22:28:32,4437
13313,Book plane,1970-04-26 22:28:33,4437
13314,Check hotel,1970-04-26 22:28:34,4438
13315,Decide,1970-04-26 22:28:35,4438
13316,Book hotel,1970-04-26 22:28:36,4438
13317,Check hotel,1970-04-26 22:28:37,4439
13318,Decide,1970-04-26 22:28:38,4439
13319,Book plane,1970-04-26 22:28:39,4439
13320,Check hotel,1970-04-26 22:28:40,4440
13321,Decide,1970-04-26 22:28:41,4440
13322,Book plane,1970-04-26 22:28:42,4440
13323,Check plane,1970-04-26 22:28:43,4441
13324,Decide,1970-04-26 22:28:44,4441
13325,Book hotel,1970-04-26 22:28:45,4441
13326,Check plane,1970-04-26 22:28:46,4442
13327,Decide,1970-04-26 22:28:47,4442
13328,Book plane,1970-04-26 22:28:48,4442
13329,Check plane,1970-04-26 22:28:49,4443
13330,Decide,1970-04-26 22:28:50,4443
13331,Book plane,1970-04-26 22:28:51,4443
13332,Check plane,1970-04-26 22:28:52,4444
13333,Decide,1970-04-26 22:28:53,4444
13334,Book hotel,1970-04-26 22:28:54,4444
13335,Check plane,1970-04-26 22:28:55,4445
13336,Decide,1970-04-26 22:28:56,4445
13337,Book plane,1970-04-26 22:28:57,4445
13338,Check hotel,1970-04-26 22:28:58,4446
13339,Decide,1970-04-26 22:28:59,4446
13340,Book plane,1970-04-26 22:29:00,4446
13341,Check plane,1970-04-26 22:29:01,4447
13342,Decide,1970-04-26 22:29:02,4447
13343,Book plane,1970-04-26 22:29:03,4447
13344,Check hotel,1970-04-26 22:29:04,4448
13345,Decide,1970-04-26 22:29:05,4448
13346,Book plane,1970-04-26 22:29:06,4448
13347,Check hotel,1970-04-26 22:29:07,4449
13348,Decide,1970-04-26 22:29:08,4449
13349,Book hotel,1970-04-26 22:29:09,4449
13350,Check hotel,1970-04-26 22:29:10,4450
13351,Decide,1970-04-26 22:29:11,4450
13352,Book plane,1970-04-26 22:29:12,4450
13353,Check hotel,1970-04-26 22:29:13,4451
13354,Decide,1970-04-26 22:29:14,4451
13355,Book plane,1970-04-26 22:29:15,4451
13356,Check plane,1970-04-26 22:29:16,4452
13357,Decide,1970-04-26 22:29:17,4452
13358,Book plane,1970-04-26 22:29:18,4452
13359,Check hotel,1970-04-26 22:29:19,4453
13360,Decide,1970-04-26 22:29:20,4453
13361,Book plane,1970-04-26 22:29:21,4453
13362,Check plane,1970-04-26 22:29:22,4454
13363,Decide,1970-04-26 22:29:23,4454
13364,Book plane,1970-04-26 22:29:24,4454
13365,Check plane,1970-04-26 22:29:25,4455
13366,Decide,1970-04-26 22:29:26,4455
13367,Book plane,1970-04-26 22:29:27,4455
13368,Check hotel,1970-04-26 22:29:28,4456
13369,Decide,1970-04-26 22:29:29,4456
13370,Book hotel,1970-04-26 22:29:30,4456
13371,Check plane,1970-04-26 22:29:31,4457
13372,Decide,1970-04-26 22:29:32,4457
13373,Book hotel,1970-04-26 22:29:33,4457
13374,Check plane,1970-04-26 22:29:34,4458
13375,Decide,1970-04-26 22:29:35,4458
13376,Book plane,1970-04-26 22:29:36,4458
13377,Check plane,1970-04-26 22:29:37,4459
13378,Decide,1970-04-26 22:29:38,4459
13379,Book hotel,1970-04-26 22:29:39,4459
13380,Check plane,1970-04-26 22:29:40,4460
13381,Decide,1970-04-26 22:29:41,4460
13382,Book plane,1970-04-26 22:29:42,4460
13383,Check plane,1970-04-26 22:29:43,4461
13384,Decide,1970-04-26 22:29:44,4461
13385,Book plane,1970-04-26 22:29:45,4461
13386,Check plane,1970-04-26 22:29:46,4462
13387,Decide,1970-04-26 22:29:47,4462
13388,Book hotel,1970-04-26 22:29:48,4462
13389,Check hotel,1970-04-26 22:29:49,4463
13390,Decide,1970-04-26 22:29:50,4463
13391,Book hotel,1970-04-26 22:29:51,4463
13392,Check hotel,1970-04-26 22:29:52,4464
13393,Decide,1970-04-26 22:29:53,4464
13394,Book hotel,1970-04-26 22:29:54,4464
13395,Check plane,1970-04-26 22:29:55,4465
13396,Decide,1970-04-26 22:29:56,4465
13397,Book hotel,1970-04-26 22:29:57,4465
13398,Check plane,1970-04-26 22:29:58,4466
13399,Decide,1970-04-26 22:29:59,4466
13400,Book hotel,1970-04-26 22:30:00,4466
13401,Check hotel,1970-04-26 22:30:01,4467
13402,Decide,1970-04-26 22:30:02,4467
13403,Book plane,1970-04-26 22:30:03,4467
13404,Check hotel,1970-04-26 22:30:04,4468
13405,Decide,1970-04-26 22:30:05,4468
13406,Book plane,1970-04-26 22:30:06,4468
13407,Check hotel,1970-04-26 22:30:07,4469
13408,Decide,1970-04-26 22:30:08,4469
13409,Book plane,1970-04-26 22:30:09,4469
13410,Check hotel,1970-04-26 22:30:10,4470
13411,Decide,1970-04-26 22:30:11,4470
13412,Book hotel,1970-04-26 22:30:12,4470
13413,Check hotel,1970-04-26 22:30:13,4471
13414,Decide,1970-04-26 22:30:14,4471
13415,Book hotel,1970-04-26 22:30:15,4471
13416,Check plane,1970-04-26 22:30:16,4472
13417,Decide,1970-04-26 22:30:17,4472
13418,Book hotel,1970-04-26 22:30:18,4472
13419,Check plane,1970-04-26 22:30:19,4473
13420,Decide,1970-04-26 22:30:20,4473
13421,Book plane,1970-04-26 22:30:21,4473
13422,Check hotel,1970-04-26 22:30:22,4474
13423,Decide,1970-04-26 22:30:23,4474
13424,Book hotel,1970-04-26 22:30:24,4474
13425,Check plane,1970-04-26 22:30:25,4475
13426,Decide,1970-04-26 22:30:26,4475
13427,Book hotel,1970-04-26 22:30:27,4475
13428,Check plane,1970-04-26 22:30:28,4476
13429,Decide,1970-04-26 22:30:29,4476
13430,Book hotel,1970-04-26 22:30:30,4476
13431,Check hotel,1970-04-26 22:30:31,4477
13432,Decide,1970-04-26 22:30:32,4477
13433,Book hotel,1970-04-26 22:30:33,4477
13434,Check hotel,1970-04-26 22:30:34,4478
13435,Decide,1970-04-26 22:30:35,4478
13436,Book plane,1970-04-26 22:30:36,4478
13437,Check hotel,1970-04-26 22:30:37,4479
13438,Decide,1970-04-26 22:30:38,4479
13439,Book plane,1970-04-26 22:30:39,4479
13440,Check hotel,1970-04-26 22:30:40,4480
13441,Decide,1970-04-26 22:30:41,4480
13442,Book plane,1970-04-26 22:30:42,4480
13443,Check plane,1970-04-26 22:30:43,4481
13444,Decide,1970-04-26 22:30:44,4481
13445,Book plane,1970-04-26 22:30:45,4481
13446,Check plane,1970-04-26 22:30:46,4482
13447,Decide,1970-04-26 22:30:47,4482
13448,Book plane,1970-04-26 22:30:48,4482
13449,Check plane,1970-04-26 22:30:49,4483
13450,Decide,1970-04-26 22:30:50,4483
13451,Book plane,1970-04-26 22:30:51,4483
13452,Check plane,1970-04-26 22:30:52,4484
13453,Decide,1970-04-26 22:30:53,4484
13454,Book hotel,1970-04-26 22:30:54,4484
13455,Check hotel,1970-04-26 22:30:55,4485
13456,Decide,1970-04-26 22:30:56,4485
13457,Book hotel,1970-04-26 22:30:57,4485
13458,Check plane,1970-04-26 22:30:58,4486
13459,Decide,1970-04-26 22:30:59,4486
13460,Book plane,1970-04-26 22:31:00,4486
13461,Check hotel,1970-04-26 22:31:01,4487
13462,Decide,1970-04-26 22:31:02,4487
13463,Book hotel,1970-04-26 22:31:03,4487
13464,Check plane,1970-04-26 22:31:04,4488
13465,Decide,1970-04-26 22:31:05,4488
13466,Book plane,1970-04-26 22:31:06,4488
13467,Check plane,1970-04-26 22:31:07,4489
13468,Decide,1970-04-26 22:31:08,4489
13469,Book hotel,1970-04-26 22:31:09,4489
13470,Check plane,1970-04-26 22:31:10,4490
13471,Decide,1970-04-26 22:31:11,4490
13472,Book hotel,1970-04-26 22:31:12,4490
13473,Check plane,1970-04-26 22:31:13,4491
13474,Decide,1970-04-26 22:31:14,4491
13475,Book plane,1970-04-26 22:31:15,4491
13476,Check hotel,1970-04-26 22:31:16,4492
13477,Decide,1970-04-26 22:31:17,4492
13478,Book plane,1970-04-26 22:31:18,4492
13479,Check plane,1970-04-26 22:31:19,4493
13480,Decide,1970-04-26 22:31:20,4493
13481,Book plane,1970-04-26 22:31:21,4493
13482,Check plane,1970-04-26 22:31:22,4494
13483,Decide,1970-04-26 22:31:23,4494
13484,Book hotel,1970-04-26 22:31:24,4494
13485,Check plane,1970-04-26 22:31:25,4495
13486,Decide,1970-04-26 22:31:26,4495
13487,Book plane,1970-04-26 22:31:27,4495
13488,Check hotel,1970-04-26 22:31:28,4496
13489,Decide,1970-04-26 22:31:29,4496
13490,Book plane,1970-04-26 22:31:30,4496
13491,Check plane,1970-04-26 22:31:31,4497
13492,Decide,1970-04-26 22:31:32,4497
13493,Book plane,1970-04-26 22:31:33,4497
13494,Check hotel,1970-04-26 22:31:34,4498
13495,Decide,1970-04-26 22:31:35,4498
13496,Book hotel,1970-04-26 22:31:36,4498
13497,Check plane,1970-04-26 22:31:37,4499
13498,Decide,1970-04-26 22:31:38,4499
13499,Book hotel,1970-04-26 22:31:39,4499
13500,Check plane,1970-04-26 22:31:40,4500
13501,Decide,1970-04-26 22:31:41,4500
13502,Book hotel,1970-04-26 22:31:42,4500
13503,Check plane,1970-04-26 22:31:43,4501
13504,Decide,1970-04-26 22:31:44,4501
13505,Book plane,1970-04-26 22:31:45,4501
13506,Check hotel,1970-04-26 22:31:46,4502
13507,Decide,1970-04-26 22:31:47,4502
13508,Book hotel,1970-04-26 22:31:48,4502
13509,Check hotel,1970-04-26 22:31:49,4503
13510,Decide,1970-04-26 22:31:50,4503
13511,Book hotel,1970-04-26 22:31:51,4503
13512,Check plane,1970-04-26 22:31:52,4504
13513,Decide,1970-04-26 22:31:53,4504
13514,Book plane,1970-04-26 22:31:54,4504
13515,Check hotel,1970-04-26 22:31:55,4505
13516,Decide,1970-04-26 22:31:56,4505
13517,Book hotel,1970-04-26 22:31:57,4505
13518,Check hotel,1970-04-26 22:31:58,4506
13519,Decide,1970-04-26 22:31:59,4506
13520,Book plane,1970-04-26 22:32:00,4506
13521,Check hotel,1970-04-26 22:32:01,4507
13522,Decide,1970-04-26 22:32:02,4507
13523,Book hotel,1970-04-26 22:32:03,4507
13524,Check plane,1970-04-26 22:32:04,4508
13525,Decide,1970-04-26 22:32:05,4508
13526,Book hotel,1970-04-26 22:32:06,4508
13527,Check hotel,1970-04-26 22:32:07,4509
13528,Decide,1970-04-26 22:32:08,4509
13529,Book hotel,1970-04-26 22:32:09,4509
13530,Check plane,1970-04-26 22:32:10,4510
13531,Decide,1970-04-26 22:32:11,4510
13532,Book hotel,1970-04-26 22:32:12,4510
13533,Check hotel,1970-04-26 22:32:13,4511
13534,Decide,1970-04-26 22:32:14,4511
13535,Book hotel,1970-04-26 22:32:15,4511
13536,Check hotel,1970-04-26 22:32:16,4512
13537,Decide,1970-04-26 22:32:17,4512
13538,Book hotel,1970-04-26 22:32:18,4512
13539,Check plane,1970-04-26 22:32:19,4513
13540,Decide,1970-04-26 22:32:20,4513
13541,Book hotel,1970-04-26 22:32:21,4513
13542,Check plane,1970-04-26 22:32:22,4514
13543,Decide,1970-04-26 22:32:23,4514
13544,Book hotel,1970-04-26 22:32:24,4514
13545,Check hotel,1970-04-26 22:32:25,4515
13546,Decide,1970-04-26 22:32:26,4515
13547,Book hotel,1970-04-26 22:32:27,4515
13548,Check hotel,1970-04-26 22:32:28,4516
13549,Decide,1970-04-26 22:32:29,4516
13550,Book plane,1970-04-26 22:32:30,4516
13551,Check hotel,1970-04-26 22:32:31,4517
13552,Decide,1970-04-26 22:32:32,4517
13553,Book hotel,1970-04-26 22:32:33,4517
13554,Check plane,1970-04-26 22:32:34,4518
13555,Decide,1970-04-26 22:32:35,4518
13556,Book plane,1970-04-26 22:32:36,4518
13557,Check hotel,1970-04-26 22:32:37,4519
13558,Decide,1970-04-26 22:32:38,4519
13559,Book hotel,1970-04-26 22:32:39,4519
13560,Check hotel,1970-04-26 22:32:40,4520
13561,Decide,1970-04-26 22:32:41,4520
13562,Book plane,1970-04-26 22:32:42,4520
13563,Check plane,1970-04-26 22:32:43,4521
13564,Decide,1970-04-26 22:32:44,4521
13565,Book hotel,1970-04-26 22:32:45,4521
13566,Check hotel,1970-04-26 22:32:46,4522
13567,Decide,1970-04-26 22:32:47,4522
13568,Book plane,1970-04-26 22:32:48,4522
13569,Check plane,1970-04-26 22:32:49,4523
13570,Decide,1970-04-26 22:32:50,4523
13571,Book hotel,1970-04-26 22:32:51,4523
13572,Check hotel,1970-04-26 22:32:52,4524
13573,Decide,1970-04-26 22:32:53,4524
13574,Book hotel,1970-04-26 22:32:54,4524
13575,Check plane,1970-04-26 22:32:55,4525
13576,Decide,1970-04-26 22:32:56,4525
13577,Book hotel,1970-04-26 22:32:57,4525
13578,Check plane,1970-04-26 22:32:58,4526
13579,Decide,1970-04-26 22:32:59,4526
13580,Book plane,1970-04-26 22:33:00,4526
13581,Check plane,1970-04-26 22:33:01,4527
13582,Decide,1970-04-26 22:33:02,4527
13583,Book hotel,1970-04-26 22:33:03,4527
13584,Check plane,1970-04-26 22:33:04,4528
13585,Decide,1970-04-26 22:33:05,4528
13586,Book hotel,1970-04-26 22:33:06,4528
13587,Check hotel,1970-04-26 22:33:07,4529
13588,Decide,1970-04-26 22:33:08,4529
13589,Book plane,1970-04-26 22:33:09,4529
13590,Check plane,1970-04-26 22:33:10,4530
13591,Decide,1970-04-26 22:33:11,4530
13592,Book hotel,1970-04-26 22:33:12,4530
13593,Check hotel,1970-04-26 22:33:13,4531
13594,Decide,1970-04-26 22:33:14,4531
13595,Book hotel,1970-04-26 22:33:15,4531
13596,Check hotel,1970-04-26 22:33:16,4532
13597,Decide,1970-04-26 22:33:17,4532
13598,Book plane,1970-04-26 22:33:18,4532
13599,Check hotel,1970-04-26 22:33:19,4533
13600,Decide,1970-04-26 22:33:20,4533
13601,Book hotel,1970-04-26 22:33:21,4533
13602,Check plane,1970-04-26 22:33:22,4534
13603,Decide,1970-04-26 22:33:23,4534
13604,Book hotel,1970-04-26 22:33:24,4534
13605,Check hotel,1970-04-26 22:33:25,4535
13606,Decide,1970-04-26 22:33:26,4535
13607,Book hotel,1970-04-26 22:33:27,4535
13608,Check hotel,1970-04-26 22:33:28,4536
13609,Decide,1970-04-26 22:33:29,4536
13610,Book hotel,1970-04-26 22:33:30,4536
13611,Check hotel,1970-04-26 22:33:31,4537
13612,Decide,1970-04-26 22:33:32,4537
13613,Book hotel,1970-04-26 22:33:33,4537
13614,Check plane,1970-04-26 22:33:34,4538
13615,Decide,1970-04-26 22:33:35,4538
13616,Book plane,1970-04-26 22:33:36,4538
13617,Check hotel,1970-04-26 22:33:37,4539
13618,Decide,1970-04-26 22:33:38,4539
13619,Book hotel,1970-04-26 22:33:39,4539
13620,Check hotel,1970-04-26 22:33:40,4540
13621,Decide,1970-04-26 22:33:41,4540
13622,Book plane,1970-04-26 22:33:42,4540
13623,Check plane,1970-04-26 22:33:43,4541
13624,Decide,1970-04-26 22:33:44,4541
13625,Book hotel,1970-04-26 22:33:45,4541
13626,Check plane,1970-04-26 22:33:46,4542
13627,Decide,1970-04-26 22:33:47,4542
13628,Book hotel,1970-04-26 22:33:48,4542
13629,Check hotel,1970-04-26 22:33:49,4543
13630,Decide,1970-04-26 22:33:50,4543
13631,Book plane,1970-04-26 22:33:51,4543
13632,Check hotel,1970-04-26 22:33:52,4544
13633,Decide,1970-04-26 22:33:53,4544
13634,Book plane,1970-04-26 22:33:54,4544
13635,Check plane,1970-04-26 22:33:55,4545
13636,Decide,1970-04-26 22:33:56,4545
13637,Book hotel,1970-04-26 22:33:57,4545
13638,Check plane,1970-04-26 22:33:58,4546
13639,Decide,1970-04-26 22:33:59,4546
13640,Book hotel,1970-04-26 22:34:00,4546
13641,Check plane,1970-04-26 22:34:01,4547
13642,Decide,1970-04-26 22:34:02,4547
13643,Book plane,1970-04-26 22:34:03,4547
13644,Check plane,1970-04-26 22:34:04,4548
13645,Decide,1970-04-26 22:34:05,4548
13646,Book hotel,1970-04-26 22:34:06,4548
13647,Check hotel,1970-04-26 22:34:07,4549
13648,Decide,1970-04-26 22:34:08,4549
13649,Book plane,1970-04-26 22:34:09,4549
13650,Check hotel,1970-04-26 22:34:10,4550
13651,Decide,1970-04-26 22:34:11,4550
13652,Book hotel,1970-04-26 22:34:12,4550
13653,Check hotel,1970-04-26 22:34:13,4551
13654,Decide,1970-04-26 22:34:14,4551
13655,Book hotel,1970-04-26 22:34:15,4551
13656,Check plane,1970-04-26 22:34:16,4552
13657,Decide,1970-04-26 22:34:17,4552
13658,Book plane,1970-04-26 22:34:18,4552
13659,Check hotel,1970-04-26 22:34:19,4553
13660,Decide,1970-04-26 22:34:20,4553
13661,Book plane,1970-04-26 22:34:21,4553
13662,Check plane,1970-04-26 22:34:22,4554
13663,Decide,1970-04-26 22:34:23,4554
13664,Book plane,1970-04-26 22:34:24,4554
13665,Check plane,1970-04-26 22:34:25,4555
13666,Decide,1970-04-26 22:34:26,4555
13667,Book hotel,1970-04-26 22:34:27,4555
13668,Check hotel,1970-04-26 22:34:28,4556
13669,Decide,1970-04-26 22:34:29,4556
13670,Book plane,1970-04-26 22:34:30,4556
13671,Check hotel,1970-04-26 22:34:31,4557
13672,Decide,1970-04-26 22:34:32,4557
13673,Book plane,1970-04-26 22:34:33,4557
13674,Check plane,1970-04-26 22:34:34,4558
13675,Decide,1970-04-26 22:34:35,4558
13676,Book hotel,1970-04-26 22:34:36,4558
13677,Check hotel,1970-04-26 22:34:37,4559
13678,Decide,1970-04-26 22:34:38,4559
13679,Book hotel,1970-04-26 22:34:39,4559
13680,Check plane,1970-04-26 22:34:40,4560
13681,Decide,1970-04-26 22:34:41,4560
13682,Book hotel,1970-04-26 22:34:42,4560
13683,Check hotel,1970-04-26 22:34:43,4561
13684,Decide,1970-04-26 22:34:44,4561
13685,Book plane,1970-04-26 22:34:45,4561
13686,Check hotel,1970-04-26 22:34:46,4562
13687,Decide,1970-04-26 22:34:47,4562
13688,Book plane,1970-04-26 22:34:48,4562
13689,Check plane,1970-04-26 22:34:49,4563
13690,Decide,1970-04-26 22:34:50,4563
13691,Book plane,1970-04-26 22:34:51,4563
13692,Check plane,1970-04-26 22:34:52,4564
13693,Decide,1970-04-26 22:34:53,4564
13694,Book hotel,1970-04-26 22:34:54,4564
13695,Check hotel,1970-04-26 22:34:55,4565
13696,Decide,1970-04-26 22:34:56,4565
13697,Book plane,1970-04-26 22:34:57,4565
13698,Check plane,1970-04-26 22:34:58,4566
13699,Decide,1970-04-26 22:34:59,4566
13700,Book hotel,1970-04-26 22:35:00,4566
13701,Check plane,1970-04-26 22:35:01,4567
13702,Decide,1970-04-26 22:35:02,4567
13703,Book plane,1970-04-26 22:35:03,4567
13704,Check plane,1970-04-26 22:35:04,4568
13705,Decide,1970-04-26 22:35:05,4568
13706,Book hotel,1970-04-26 22:35:06,4568
13707,Check plane,1970-04-26 22:35:07,4569
13708,Decide,1970-04-26 22:35:08,4569
13709,Book plane,1970-04-26 22:35:09,4569
13710,Check plane,1970-04-26 22:35:10,4570
13711,Decide,1970-04-26 22:35:11,4570
13712,Book hotel,1970-04-26 22:35:12,4570
13713,Check plane,1970-04-26 22:35:13,4571
13714,Decide,1970-04-26 22:35:14,4571
13715,Book hotel,1970-04-26 22:35:15,4571
13716,Check plane,1970-04-26 22:35:16,4572
13717,Decide,1970-04-26 22:35:17,4572
13718,Book plane,1970-04-26 22:35:18,4572
13719,Check hotel,1970-04-26 22:35:19,4573
13720,Decide,1970-04-26 22:35:20,4573
13721,Book plane,1970-04-26 22:35:21,4573
13722,Check hotel,1970-04-26 22:35:22,4574
13723,Decide,1970-04-26 22:35:23,4574
13724,Book plane,1970-04-26 22:35:24,4574
13725,Check hotel,1970-04-26 22:35:25,4575
13726,Decide,1970-04-26 22:35:26,4575
13727,Book plane,1970-04-26 22:35:27,4575
13728,Check plane,1970-04-26 22:35:28,4576
13729,Decide,1970-04-26 22:35:29,4576
13730,Book plane,1970-04-26 22:35:30,4576
13731,Check plane,1970-04-26 22:35:31,4577
13732,Decide,1970-04-26 22:35:32,4577
13733,Book hotel,1970-04-26 22:35:33,4577
13734,Check hotel,1970-04-26 22:35:34,4578
13735,Decide,1970-04-26 22:35:35,4578
13736,Book hotel,1970-04-26 22:35:36,4578
13737,Check plane,1970-04-26 22:35:37,4579
13738,Decide,1970-04-26 22:35:38,4579
13739,Book plane,1970-04-26 22:35:39,4579
13740,Check plane,1970-04-26 22:35:40,4580
13741,Decide,1970-04-26 22:35:41,4580
13742,Book hotel,1970-04-26 22:35:42,4580
13743,Check plane,1970-04-26 22:35:43,4581
13744,Decide,1970-04-26 22:35:44,4581
13745,Book plane,1970-04-26 22:35:45,4581
13746,Check hotel,1970-04-26 22:35:46,4582
13747,Decide,1970-04-26 22:35:47,4582
13748,Book plane,1970-04-26 22:35:48,4582
13749,Check hotel,1970-04-26 22:35:49,4583
13750,Decide,1970-04-26 22:35:50,4583
13751,Book plane,1970-04-26 22:35:51,4583
13752,Check hotel,1970-04-26 22:35:52,4584
13753,Decide,1970-04-26 22:35:53,4584
13754,Book plane,1970-04-26 22:35:54,4584
13755,Check plane,1970-04-26 22:35:55,4585
13756,Decide,1970-04-26 22:35:56,4585
13757,Book plane,1970-04-26 22:35:57,4585
13758,Check hotel,1970-04-26 22:35:58,4586
13759,Decide,1970-04-26 22:35:59,4586
13760,Book plane,1970-04-26 22:36:00,4586
13761,Check plane,1970-04-26 22:36:01,4587
13762,Decide,1970-04-26 22:36:02,4587
13763,Book plane,1970-04-26 22:36:03,4587
13764,Check plane,1970-04-26 22:36:04,4588
13765,Decide,1970-04-26 22:36:05,4588
13766,Book hotel,1970-04-26 22:36:06,4588
13767,Check plane,1970-04-26 22:36:07,4589
13768,Decide,1970-04-26 22:36:08,4589
13769,Book hotel,1970-04-26 22:36:09,4589
13770,Check plane,1970-04-26 22:36:10,4590
13771,Decide,1970-04-26 22:36:11,4590
13772,Book hotel,1970-04-26 22:36:12,4590
13773,Check plane,1970-04-26 22:36:13,4591
13774,Decide,1970-04-26 22:36:14,4591
13775,Book plane,1970-04-26 22:36:15,4591
13776,Check plane,1970-04-26 22:36:16,4592
13777,Decide,1970-04-26 22:36:17,4592
13778,Book plane,1970-04-26 22:36:18,4592
13779,Check plane,1970-04-26 22:36:19,4593
13780,Decide,1970-04-26 22:36:20,4593
13781,Book plane,1970-04-26 22:36:21,4593
13782,Check plane,1970-04-26 22:36:22,4594
13783,Decide,1970-04-26 22:36:23,4594
13784,Book plane,1970-04-26 22:36:24,4594
13785,Check hotel,1970-04-26 22:36:25,4595
13786,Decide,1970-04-26 22:36:26,4595
13787,Book plane,1970-04-26 22:36:27,4595
13788,Check hotel,1970-04-26 22:36:28,4596
13789,Decide,1970-04-26 22:36:29,4596
13790,Book plane,1970-04-26 22:36:30,4596
13791,Check plane,1970-04-26 22:36:31,4597
13792,Decide,1970-04-26 22:36:32,4597
13793,Book hotel,1970-04-26 22:36:33,4597
13794,Check plane,1970-04-26 22:36:34,4598
13795,Decide,1970-04-26 22:36:35,4598
13796,Book hotel,1970-04-26 22:36:36,4598
13797,Check plane,1970-04-26 22:36:37,4599
13798,Decide,1970-04-26 22:36:38,4599
13799,Book plane,1970-04-26 22:36:39,4599
13800,Check plane,1970-04-26 22:36:40,4600
13801,Decide,1970-04-26 22:36:41,4600
13802,Book plane,1970-04-26 22:36:42,4600
13803,Check hotel,1970-04-26 22:36:43,4601
13804,Decide,1970-04-26 22:36:44,4601
13805,Book plane,1970-04-26 22:36:45,4601
13806,Check hotel,1970-04-26 22:36:46,4602
13807,Decide,1970-04-26 22:36:47,4602
13808,Book hotel,1970-04-26 22:36:48,4602
13809,Check hotel,1970-04-26 22:36:49,4603
13810,Decide,1970-04-26 22:36:50,4603
13811,Book plane,1970-04-26 22:36:51,4603
13812,Check hotel,1970-04-26 22:36:52,4604
13813,Decide,1970-04-26 22:36:53,4604
13814,Book plane,1970-04-26 22:36:54,4604
13815,Check hotel,1970-04-26 22:36:55,4605
13816,Decide,1970-04-26 22:36:56,4605
13817,Book plane,1970-04-26 22:36:57,4605
13818,Check plane,1970-04-26 22:36:58,4606
13819,Decide,1970-04-26 22:36:59,4606
13820,Book plane,1970-04-26 22:37:00,4606
13821,Check hotel,1970-04-26 22:37:01,4607
13822,Decide,1970-04-26 22:37:02,4607
13823,Book hotel,1970-04-26 22:37:03,4607
13824,Check plane,1970-04-26 22:37:04,4608
13825,Decide,1970-04-26 22:37:05,4608
13826,Book plane,1970-04-26 22:37:06,4608
13827,Check plane,1970-04-26 22:37:07,4609
13828,Decide,1970-04-26 22:37:08,4609
13829,Book plane,1970-04-26 22:37:09,4609
13830,Check plane,1970-04-26 22:37:10,4610
13831,Decide,1970-04-26 22:37:11,4610
13832,Book plane,1970-04-26 22:37:12,4610
13833,Check plane,1970-04-26 22:37:13,4611
13834,Decide,1970-04-26 22:37:14,4611
13835,Book plane,1970-04-26 22:37:15,4611
13836,Check hotel,1970-04-26 22:37:16,4612
13837,Decide,1970-04-26 22:37:17,4612
13838,Book plane,1970-04-26 22:37:18,4612
13839,Check hotel,1970-04-26 22:37:19,4613
13840,Decide,1970-04-26 22:37:20,4613
13841,Book hotel,1970-04-26 22:37:21,4613
13842,Check hotel,1970-04-26 22:37:22,4614
13843,Decide,1970-04-26 22:37:23,4614
13844,Book plane,1970-04-26 22:37:24,4614
13845,Check hotel,1970-04-26 22:37:25,4615
13846,Decide,1970-04-26 22:37:26,4615
13847,Book hotel,1970-04-26 22:37:27,4615
13848,Check plane,1970-04-26 22:37:28,4616
13849,Decide,1970-04-26 22:37:29,4616
13850,Book plane,1970-04-26 22:37:30,4616
13851,Check hotel,1970-04-26 22:37:31,4617
13852,Decide,1970-04-26 22:37:32,4617
13853,Book plane,1970-04-26 22:37:33,4617
13854,Check hotel,1970-04-26 22:37:34,4618
13855,Decide,1970-04-26 22:37:35,4618
13856,Book hotel,1970-04-26 22:37:36,4618
13857,Check hotel,1970-04-26 22:37:37,4619
13858,Decide,1970-04-26 22:37:38,4619
13859,Book plane,1970-04-26 22:37:39,4619
13860,Check hotel,1970-04-26 22:37:40,4620
13861,Decide,1970-04-26 22:37:41,4620
13862,Book plane,1970-04-26 22:37:42,4620
13863,Check hotel,1970-04-26 22:37:43,4621
13864,Decide,1970-04-26 22:37:44,4621
13865,Book hotel,1970-04-26 22:37:45,4621
13866,Check hotel,1970-04-26 22:37:46,4622
13867,Decide,1970-04-26 22:37:47,4622
13868,Book hotel,1970-04-26 22:37:48,4622
13869,Check hotel,1970-04-26 22:37:49,4623
13870,Decide,1970-04-26 22:37:50,4623
13871,Book hotel,1970-04-26 22:37:51,4623
13872,Check hotel,1970-04-26 22:37:52,4624
13873,Decide,1970-04-26 22:37:53,4624
13874,Book hotel,1970-04-26 22:37:54,4624
13875,Check hotel,1970-04-26 22:37:55,4625
13876,Decide,1970-04-26 22:37:56,4625
13877,Book hotel,1970-04-26 22:37:57,4625
13878,Check hotel,1970-04-26 22:37:58,4626
13879,Decide,1970-04-26 22:37:59,4626
13880,Book hotel,1970-04-26 22:38:00,4626
13881,Check hotel,1970-04-26 22:38:01,4627
13882,Decide,1970-04-26 22:38:02,4627
13883,Book plane,1970-04-26 22:38:03,4627
13884,Check plane,1970-04-26 22:38:04,4628
13885,Decide,1970-04-26 22:38:05,4628
13886,Book plane,1970-04-26 22:38:06,4628
13887,Check plane,1970-04-26 22:38:07,4629
13888,Decide,1970-04-26 22:38:08,4629
13889,Book plane,1970-04-26 22:38:09,4629
13890,Check hotel,1970-04-26 22:38:10,4630
13891,Decide,1970-04-26 22:38:11,4630
13892,Book hotel,1970-04-26 22:38:12,4630
13893,Check hotel,1970-04-26 22:38:13,4631
13894,Decide,1970-04-26 22:38:14,4631
13895,Book plane,1970-04-26 22:38:15,4631
13896,Check hotel,1970-04-26 22:38:16,4632
13897,Decide,1970-04-26 22:38:17,4632
13898,Book hotel,1970-04-26 22:38:18,4632
13899,Check hotel,1970-04-26 22:38:19,4633
13900,Decide,1970-04-26 22:38:20,4633
13901,Book hotel,1970-04-26 22:38:21,4633
13902,Check hotel,1970-04-26 22:38:22,4634
13903,Decide,1970-04-26 22:38:23,4634
13904,Book hotel,1970-04-26 22:38:24,4634
13905,Check plane,1970-04-26 22:38:25,4635
13906,Decide,1970-04-26 22:38:26,4635
13907,Book hotel,1970-04-26 22:38:27,4635
13908,Check hotel,1970-04-26 22:38:28,4636
13909,Decide,1970-04-26 22:38:29,4636
13910,Book hotel,1970-04-26 22:38:30,4636
13911,Check hotel,1970-04-26 22:38:31,4637
13912,Decide,1970-04-26 22:38:32,4637
13913,Book plane,1970-04-26 22:38:33,4637
13914,Check hotel,1970-04-26 22:38:34,4638
13915,Decide,1970-04-26 22:38:35,4638
13916,Book hotel,1970-04-26 22:38:36,4638
13917,Check hotel,1970-04-26 22:38:37,4639
13918,Decide,1970-04-26 22:38:38,4639
13919,Book hotel,1970-04-26 22:38:39,4639
13920,Check plane,1970-04-26 22:38:40,4640
13921,Decide,1970-04-26 22:38:41,4640
13922,Book plane,1970-04-26 22:38:42,4640
13923,Check hotel,1970-04-26 22:38:43,4641
13924,Decide,1970-04-26 22:38:44,4641
13925,Book plane,1970-04-26 22:38:45,4641
13926,Check hotel,1970-04-26 22:38:46,4642
13927,Decide,1970-04-26 22:38:47,4642
13928,Book hotel,1970-04-26 22:38:48,4642
13929,Check hotel,1970-04-26 22:38:49,4643
13930,Decide,1970-04-26 22:38:50,4643
13931,Book plane,1970-04-26 22:38:51,4643
13932,Check hotel,1970-04-26 22:38:52,4644
13933,Decide,1970-04-26 22:38:53,4644
13934,Book hotel,1970-04-26 22:38:54,4644
13935,Check hotel,1970-04-26 22:38:55,4645
13936,Decide,1970-04-26 22:38:56,4645
13937,Book plane,1970-04-26 22:38:57,4645
13938,Check plane,1970-04-26 22:38:58,4646
13939,Decide,1970-04-26 22:38:59,4646
13940,Book hotel,1970-04-26 22:39:00,4646
13941,Check plane,1970-04-26 22:39:01,4647
13942,Decide,1970-04-26 22:39:02,4647
13943,Book hotel,1970-04-26 22:39:03,4647
13944,Check plane,1970-04-26 22:39:04,4648
13945,Decide,1970-04-26 22:39:05,4648
13946,Book hotel,1970-04-26 22:39:06,4648
13947,Check hotel,1970-04-26 22:39:07,4649
13948,Decide,1970-04-26 22:39:08,4649
13949,Book hotel,1970-04-26 22:39:09,4649
13950,Check hotel,1970-04-26 22:39:10,4650
13951,Decide,1970-04-26 22:39:11,4650
13952,Book plane,1970-04-26 22:39:12,4650
13953,Check plane,1970-04-26 22:39:13,4651
13954,Decide,1970-04-26 22:39:14,4651
13955,Book hotel,1970-04-26 22:39:15,4651
13956,Check hotel,1970-04-26 22:39:16,4652
13957,Decide,1970-04-26 22:39:17,4652
13958,Book plane,1970-04-26 22:39:18,4652
13959,Check hotel,1970-04-26 22:39:19,4653
13960,Decide,1970-04-26 22:39:20,4653
13961,Book hotel,1970-04-26 22:39:21,4653
13962,Check plane,1970-04-26 22:39:22,4654
13963,Decide,1970-04-26 22:39:23,4654
13964,Book hotel,1970-04-26 22:39:24,4654
13965,Check hotel,1970-04-26 22:39:25,4655
13966,Decide,1970-04-26 22:39:26,4655
13967,Book hotel,1970-04-26 22:39:27,4655
13968,Check plane,1970-04-26 22:39:28,4656
13969,Decide,1970-04-26 22:39:29,4656
13970,Book plane,1970-04-26 22:39:30,4656
13971,Check hotel,1970-04-26 22:39:31,4657
13972,Decide,1970-04-26 22:39:32,4657
13973,Book plane,1970-04-26 22:39:33,4657
13974,Check plane,1970-04-26 22:39:34,4658
13975,Decide,1970-04-26 22:39:35,4658
13976,Book hotel,1970-04-26 22:39:36,4658
13977,Check hotel,1970-04-26 22:39:37,4659
13978,Decide,1970-04-26 22:39:38,4659
13979,Book hotel,1970-04-26 22:39:39,4659
13980,Check hotel,1970-04-26 22:39:40,4660
13981,Decide,1970-04-26 22:39:41,4660
13982,Book plane,1970-04-26 22:39:42,4660
13983,Check plane,1970-04-26 22:39:43,4661
13984,Decide,1970-04-26 22:39:44,4661
13985,Book hotel,1970-04-26 22:39:45,4661
13986,Check hotel,1970-04-26 22:39:46,4662
13987,Decide,1970-04-26 22:39:47,4662
13988,Book hotel,1970-04-26 22:39:48,4662
13989,Check plane,1970-04-26 22:39:49,4663
13990,Decide,1970-04-26 22:39:50,4663
13991,Book plane,1970-04-26 22:39:51,4663
13992,Check hotel,1970-04-26 22:39:52,4664
13993,Decide,1970-04-26 22:39:53,4664
13994,Book plane,1970-04-26 22:39:54,4664
13995,Check plane,1970-04-26 22:39:55,4665
13996,Decide,1970-04-26 22:39:56,4665
13997,Book plane,1970-04-26 22:39:57,4665
13998,Check hotel,1970-04-26 22:39:58,4666
13999,Decide,1970-04-26 22:39:59,4666
14000,Book hotel,1970-04-26 22:40:00,4666
14001,Check hotel,1970-04-26 22:40:01,4667
14002,Decide,1970-04-26 22:40:02,4667
14003,Book hotel,1970-04-26 22:40:03,4667
14004,Check plane,1970-04-26 22:40:04,4668
14005,Decide,1970-04-26 22:40:05,4668
14006,Book hotel,1970-04-26 22:40:06,4668
14007,Check hotel,1970-04-26 22:40:07,4669
14008,Decide,1970-04-26 22:40:08,4669
14009,Book hotel,1970-04-26 22:40:09,4669
14010,Check plane,1970-04-26 22:40:10,4670
14011,Decide,1970-04-26 22:40:11,4670
14012,Book plane,1970-04-26 22:40:12,4670
14013,Check plane,1970-04-26 22:40:13,4671
14014,Decide,1970-04-26 22:40:14,4671
14015,Book plane,1970-04-26 22:40:15,4671
14016,Check plane,1970-04-26 22:40:16,4672
14017,Decide,1970-04-26 22:40:17,4672
14018,Book plane,1970-04-26 22:40:18,4672
14019,Check plane,1970-04-26 22:40:19,4673
14020,Decide,1970-04-26 22:40:20,4673
14021,Book hotel,1970-04-26 22:40:21,4673
14022,Check hotel,1970-04-26 22:40:22,4674
14023,Decide,1970-04-26 22:40:23,4674
14024,Book plane,1970-04-26 22:40:24,4674
14025,Check plane,1970-04-26 22:40:25,4675
14026,Decide,1970-04-26 22:40:26,4675
14027,Book plane,1970-04-26 22:40:27,4675
14028,Check hotel,1970-04-26 22:40:28,4676
14029,Decide,1970-04-26 22:40:29,4676
14030,Book plane,1970-04-26 22:40:30,4676
14031,Check hotel,1970-04-26 22:40:31,4677
14032,Decide,1970-04-26 22:40:32,4677
14033,Book plane,1970-04-26 22:40:33,4677
14034,Check hotel,1970-04-26 22:40:34,4678
14035,Decide,1970-04-26 22:40:35,4678
14036,Book plane,1970-04-26 22:40:36,4678
14037,Check plane,1970-04-26 22:40:37,4679
14038,Decide,1970-04-26 22:40:38,4679
14039,Book hotel,1970-04-26 22:40:39,4679
14040,Check plane,1970-04-26 22:40:40,4680
14041,Decide,1970-04-26 22:40:41,4680
14042,Book hotel,1970-04-26 22:40:42,4680
14043,Check plane,1970-04-26 22:40:43,4681
14044,Decide,1970-04-26 22:40:44,4681
14045,Book plane,1970-04-26 22:40:45,4681
14046,Check hotel,1970-04-26 22:40:46,4682
14047,Decide,1970-04-26 22:40:47,4682
14048,Book hotel,1970-04-26 22:40:48,4682
14049,Check plane,1970-04-26 22:40:49,4683
14050,Decide,1970-04-26 22:40:50,4683
14051,Book plane,1970-04-26 22:40:51,4683
14052,Check hotel,1970-04-26 22:40:52,4684
14053,Decide,1970-04-26 22:40:53,4684
14054,Book plane,1970-04-26 22:40:54,4684
14055,Check plane,1970-04-26 22:40:55,4685
14056,Decide,1970-04-26 22:40:56,4685
14057,Book plane,1970-04-26 22:40:57,4685
14058,Check plane,1970-04-26 22:40:58,4686
14059,Decide,1970-04-26 22:40:59,4686
14060,Book hotel,1970-04-26 22:41:00,4686
14061,Check hotel,1970-04-26 22:41:01,4687
14062,Decide,1970-04-26 22:41:02,4687
14063,Book plane,1970-04-26 22:41:03,4687
14064,Check plane,1970-04-26 22:41:04,4688
14065,Decide,1970-04-26 22:41:05,4688
14066,Book plane,1970-04-26 22:41:06,4688
14067,Check plane,1970-04-26 22:41:07,4689
14068,Decide,1970-04-26 22:41:08,4689
14069,Book plane,1970-04-26 22:41:09,4689
14070,Check hotel,1970-04-26 22:41:10,4690
14071,Decide,1970-04-26 22:41:11,4690
14072,Book plane,1970-04-26 22:41:12,4690
14073,Check plane,1970-04-26 22:41:13,4691
14074,Decide,1970-04-26 22:41:14,4691
14075,Book plane,1970-04-26 22:41:15,4691
14076,Check plane,1970-04-26 22:41:16,4692
14077,Decide,1970-04-26 22:41:17,4692
14078,Book hotel,1970-04-26 22:41:18,4692
14079,Check hotel,1970-04-26 22:41:19,4693
14080,Decide,1970-04-26 22:41:20,4693
14081,Book plane,1970-04-26 22:41:21,4693
14082,Check plane,1970-04-26 22:41:22,4694
14083,Decide,1970-04-26 22:41:23,4694
14084,Book hotel,1970-04-26 22:41:24,4694
14085,Check plane,1970-04-26 22:41:25,4695
14086,Decide,1970-04-26 22:41:26,4695
14087,Book hotel,1970-04-26 22:41:27,4695
14088,Check hotel,1970-04-26 22:41:28,4696
14089,Decide,1970-04-26 22:41:29,4696
14090,Book plane,1970-04-26 22:41:30,4696
14091,Check plane,1970-04-26 22:41:31,4697
14092,Decide,1970-04-26 22:41:32,4697
14093,Book hotel,1970-04-26 22:41:33,4697
14094,Check plane,1970-04-26 22:41:34,4698
14095,Decide,1970-04-26 22:41:35,4698
14096,Book plane,1970-04-26 22:41:36,4698
14097,Check hotel,1970-04-26 22:41:37,4699
14098,Decide,1970-04-26 22:41:38,4699
14099,Book plane,1970-04-26 22:41:39,4699
14100,Check plane,1970-04-26 22:41:40,4700
14101,Decide,1970-04-26 22:41:41,4700
14102,Book hotel,1970-04-26 22:41:42,4700
14103,Check plane,1970-04-26 22:41:43,4701
14104,Decide,1970-04-26 22:41:44,4701
14105,Book hotel,1970-04-26 22:41:45,4701
14106,Check plane,1970-04-26 22:41:46,4702
14107,Decide,1970-04-26 22:41:47,4702
14108,Book plane,1970-04-26 22:41:48,4702
14109,Check plane,1970-04-26 22:41:49,4703
14110,Decide,1970-04-26 22:41:50,4703
14111,Book plane,1970-04-26 22:41:51,4703
14112,Check hotel,1970-04-26 22:41:52,4704
14113,Decide,1970-04-26 22:41:53,4704
14114,Book hotel,1970-04-26 22:41:54,4704
14115,Check hotel,1970-04-26 22:41:55,4705
14116,Decide,1970-04-26 22:41:56,4705
14117,Book hotel,1970-04-26 22:41:57,4705
14118,Check plane,1970-04-26 22:41:58,4706
14119,Decide,1970-04-26 22:41:59,4706
14120,Book plane,1970-04-26 22:42:00,4706
14121,Check plane,1970-04-26 22:42:01,4707
14122,Decide,1970-04-26 22:42:02,4707
14123,Book hotel,1970-04-26 22:42:03,4707
14124,Check hotel,1970-04-26 22:42:04,4708
14125,Decide,1970-04-26 22:42:05,4708
14126,Book plane,1970-04-26 22:42:06,4708
14127,Check hotel,1970-04-26 22:42:07,4709
14128,Decide,1970-04-26 22:42:08,4709
14129,Book hotel,1970-04-26 22:42:09,4709
14130,Check plane,1970-04-26 22:42:10,4710
14131,Decide,1970-04-26 22:42:11,4710
14132,Book plane,1970-04-26 22:42:12,4710
14133,Check hotel,1970-04-26 22:42:13,4711
14134,Decide,1970-04-26 22:42:14,4711
14135,Book hotel,1970-04-26 22:42:15,4711
14136,Check hotel,1970-04-26 22:42:16,4712
14137,Decide,1970-04-26 22:42:17,4712
14138,Book hotel,1970-04-26 22:42:18,4712
14139,Check plane,1970-04-26 22:42:19,4713
14140,Decide,1970-04-26 22:42:20,4713
14141,Book hotel,1970-04-26 22:42:21,4713
14142,Check hotel,1970-04-26 22:42:22,4714
14143,Decide,1970-04-26 22:42:23,4714
14144,Book hotel,1970-04-26 22:42:24,4714
14145,Check plane,1970-04-26 22:42:25,4715
14146,Decide,1970-04-26 22:42:26,4715
14147,Book hotel,1970-04-26 22:42:27,4715
14148,Check plane,1970-04-26 22:42:28,4716
14149,Decide,1970-04-26 22:42:29,4716
14150,Book plane,1970-04-26 22:42:30,4716
14151,Check hotel,1970-04-26 22:42:31,4717
14152,Decide,1970-04-26 22:42:32,4717
14153,Book hotel,1970-04-26 22:42:33,4717
14154,Check hotel,1970-04-26 22:42:34,4718
14155,Decide,1970-04-26 22:42:35,4718
14156,Book hotel,1970-04-26 22:42:36,4718
14157,Check hotel,1970-04-26 22:42:37,4719
14158,Decide,1970-04-26 22:42:38,4719
14159,Book plane,1970-04-26 22:42:39,4719
14160,Check hotel,1970-04-26 22:42:40,4720
14161,Decide,1970-04-26 22:42:41,4720
14162,Book plane,1970-04-26 22:42:42,4720
14163,Check hotel,1970-04-26 22:42:43,4721
14164,Decide,1970-04-26 22:42:44,4721
14165,Book plane,1970-04-26 22:42:45,4721
14166,Check plane,1970-04-26 22:42:46,4722
14167,Decide,1970-04-26 22:42:47,4722
14168,Book hotel,1970-04-26 22:42:48,4722
14169,Check hotel,1970-04-26 22:42:49,4723
14170,Decide,1970-04-26 22:42:50,4723
14171,Book hotel,1970-04-26 22:42:51,4723
14172,Check plane,1970-04-26 22:42:52,4724
14173,Decide,1970-04-26 22:42:53,4724
14174,Book plane,1970-04-26 22:42:54,4724
14175,Check hotel,1970-04-26 22:42:55,4725
14176,Decide,1970-04-26 22:42:56,4725
14177,Book hotel,1970-04-26 22:42:57,4725
14178,Check plane,1970-04-26 22:42:58,4726
14179,Decide,1970-04-26 22:42:59,4726
14180,Book hotel,1970-04-26 22:43:00,4726
14181,Check hotel,1970-04-26 22:43:01,4727
14182,Decide,1970-04-26 22:43:02,4727
14183,Book plane,1970-04-26 22:43:03,4727
14184,Check hotel,1970-04-26 22:43:04,4728
14185,Decide,1970-04-26 22:43:05,4728
14186,Book hotel,1970-04-26 22:43:06,4728
14187,Check hotel,1970-04-26 22:43:07,4729
14188,Decide,1970-04-26 22:43:08,4729
14189,Book plane,1970-04-26 22:43:09,4729
14190,Check plane,1970-04-26 22:43:10,4730
14191,Decide,1970-04-26 22:43:11,4730
14192,Book plane,1970-04-26 22:43:12,4730
14193,Check hotel,1970-04-26 22:43:13,4731
14194,Decide,1970-04-26 22:43:14,4731
14195,Book hotel,1970-04-26 22:43:15,4731
14196,Check hotel,1970-04-26 22:43:16,4732
14197,Decide,1970-04-26 22:43:17,4732
14198,Book hotel,1970-04-26 22:43:18,4732
14199,Check plane,1970-04-26 22:43:19,4733
14200,Decide,1970-04-26 22:43:20,4733
14201,Book hotel,1970-04-26 22:43:21,4733
14202,Check hotel,1970-04-26 22:43:22,4734
14203,Decide,1970-04-26 22:43:23,4734
14204,Book plane,1970-04-26 22:43:24,4734
14205,Check hotel,1970-04-26 22:43:25,4735
14206,Decide,1970-04-26 22:43:26,4735
14207,Book hotel,1970-04-26 22:43:27,4735
14208,Check hotel,1970-04-26 22:43:28,4736
14209,Decide,1970-04-26 22:43:29,4736
14210,Book hotel,1970-04-26 22:43:30,4736
14211,Check hotel,1970-04-26 22:43:31,4737
14212,Decide,1970-04-26 22:43:32,4737
14213,Book hotel,1970-04-26 22:43:33,4737
14214,Check plane,1970-04-26 22:43:34,4738
14215,Decide,1970-04-26 22:43:35,4738
14216,Book hotel,1970-04-26 22:43:36,4738
14217,Check hotel,1970-04-26 22:43:37,4739
14218,Decide,1970-04-26 22:43:38,4739
14219,Book plane,1970-04-26 22:43:39,4739
14220,Check hotel,1970-04-26 22:43:40,4740
14221,Decide,1970-04-26 22:43:41,4740
14222,Book hotel,1970-04-26 22:43:42,4740
14223,Check hotel,1970-04-26 22:43:43,4741
14224,Decide,1970-04-26 22:43:44,4741
14225,Book hotel,1970-04-26 22:43:45,4741
14226,Check hotel,1970-04-26 22:43:46,4742
14227,Decide,1970-04-26 22:43:47,4742
14228,Book hotel,1970-04-26 22:43:48,4742
14229,Check plane,1970-04-26 22:43:49,4743
14230,Decide,1970-04-26 22:43:50,4743
14231,Book plane,1970-04-26 22:43:51,4743
14232,Check hotel,1970-04-26 22:43:52,4744
14233,Decide,1970-04-26 22:43:53,4744
14234,Book plane,1970-04-26 22:43:54,4744
14235,Check hotel,1970-04-26 22:43:55,4745
14236,Decide,1970-04-26 22:43:56,4745
14237,Book plane,1970-04-26 22:43:57,4745
14238,Check hotel,1970-04-26 22:43:58,4746
14239,Decide,1970-04-26 22:43:59,4746
14240,Book hotel,1970-04-26 22:44:00,4746
14241,Check hotel,1970-04-26 22:44:01,4747
14242,Decide,1970-04-26 22:44:02,4747
14243,Book hotel,1970-04-26 22:44:03,4747
14244,Check plane,1970-04-26 22:44:04,4748
14245,Decide,1970-04-26 22:44:05,4748
14246,Book plane,1970-04-26 22:44:06,4748
14247,Check hotel,1970-04-26 22:44:07,4749
14248,Decide,1970-04-26 22:44:08,4749
14249,Book plane,1970-04-26 22:44:09,4749
14250,Check hotel,1970-04-26 22:44:10,4750
14251,Decide,1970-04-26 22:44:11,4750
14252,Book plane,1970-04-26 22:44:12,4750
14253,Check hotel,1970-04-26 22:44:13,4751
14254,Decide,1970-04-26 22:44:14,4751
14255,Book hotel,1970-04-26 22:44:15,4751
14256,Check plane,1970-04-26 22:44:16,4752
14257,Decide,1970-04-26 22:44:17,4752
14258,Book plane,1970-04-26 22:44:18,4752
14259,Check hotel,1970-04-26 22:44:19,4753
14260,Decide,1970-04-26 22:44:20,4753
14261,Book plane,1970-04-26 22:44:21,4753
14262,Check hotel,1970-04-26 22:44:22,4754
14263,Decide,1970-04-26 22:44:23,4754
14264,Book hotel,1970-04-26 22:44:24,4754
14265,Check hotel,1970-04-26 22:44:25,4755
14266,Decide,1970-04-26 22:44:26,4755
14267,Book hotel,1970-04-26 22:44:27,4755
14268,Check hotel,1970-04-26 22:44:28,4756
14269,Decide,1970-04-26 22:44:29,4756
14270,Book plane,1970-04-26 22:44:30,4756
14271,Check plane,1970-04-26 22:44:31,4757
14272,Decide,1970-04-26 22:44:32,4757
14273,Book hotel,1970-04-26 22:44:33,4757
14274,Check hotel,1970-04-26 22:44:34,4758
14275,Decide,1970-04-26 22:44:35,4758
14276,Book plane,1970-04-26 22:44:36,4758
14277,Check plane,1970-04-26 22:44:37,4759
14278,Decide,1970-04-26 22:44:38,4759
14279,Book hotel,1970-04-26 22:44:39,4759
14280,Check hotel,1970-04-26 22:44:40,4760
14281,Decide,1970-04-26 22:44:41,4760
14282,Book hotel,1970-04-26 22:44:42,4760
14283,Check hotel,1970-04-26 22:44:43,4761
14284,Decide,1970-04-26 22:44:44,4761
14285,Book hotel,1970-04-26 22:44:45,4761
14286,Check plane,1970-04-26 22:44:46,4762
14287,Decide,1970-04-26 22:44:47,4762
14288,Book hotel,1970-04-26 22:44:48,4762
14289,Check hotel,1970-04-26 22:44:49,4763
14290,Decide,1970-04-26 22:44:50,4763
14291,Book plane,1970-04-26 22:44:51,4763
14292,Check hotel,1970-04-26 22:44:52,4764
14293,Decide,1970-04-26 22:44:53,4764
14294,Book hotel,1970-04-26 22:44:54,4764
14295,Check plane,1970-04-26 22:44:55,4765
14296,Decide,1970-04-26 22:44:56,4765
14297,Book plane,1970-04-26 22:44:57,4765
14298,Check plane,1970-04-26 22:44:58,4766
14299,Decide,1970-04-26 22:44:59,4766
14300,Book plane,1970-04-26 22:45:00,4766
14301,Check plane,1970-04-26 22:45:01,4767
14302,Decide,1970-04-26 22:45:02,4767
14303,Book hotel,1970-04-26 22:45:03,4767
14304,Check hotel,1970-04-26 22:45:04,4768
14305,Decide,1970-04-26 22:45:05,4768
14306,Book plane,1970-04-26 22:45:06,4768
14307,Check plane,1970-04-26 22:45:07,4769
14308,Decide,1970-04-26 22:45:08,4769
14309,Book hotel,1970-04-26 22:45:09,4769
14310,Check plane,1970-04-26 22:45:10,4770
14311,Decide,1970-04-26 22:45:11,4770
14312,Book plane,1970-04-26 22:45:12,4770
14313,Check plane,1970-04-26 22:45:13,4771
14314,Decide,1970-04-26 22:45:14,4771
14315,Book hotel,1970-04-26 22:45:15,4771
14316,Check hotel,1970-04-26 22:45:16,4772
14317,Decide,1970-04-26 22:45:17,4772
14318,Book plane,1970-04-26 22:45:18,4772
14319,Check hotel,1970-04-26 22:45:19,4773
14320,Decide,1970-04-26 22:45:20,4773
14321,Book plane,1970-04-26 22:45:21,4773
14322,Check plane,1970-04-26 22:45:22,4774
14323,Decide,1970-04-26 22:45:23,4774
14324,Book plane,1970-04-26 22:45:24,4774
14325,Check plane,1970-04-26 22:45:25,4775
14326,Decide,1970-04-26 22:45:26,4775
14327,Book plane,1970-04-26 22:45:27,4775
14328,Check hotel,1970-04-26 22:45:28,4776
14329,Decide,1970-04-26 22:45:29,4776
14330,Book hotel,1970-04-26 22:45:30,4776
14331,Check hotel,1970-04-26 22:45:31,4777
14332,Decide,1970-04-26 22:45:32,4777
14333,Book plane,1970-04-26 22:45:33,4777
14334,Check hotel,1970-04-26 22:45:34,4778
14335,Decide,1970-04-26 22:45:35,4778
14336,Book plane,1970-04-26 22:45:36,4778
14337,Check hotel,1970-04-26 22:45:37,4779
14338,Decide,1970-04-26 22:45:38,4779
14339,Book hotel,1970-04-26 22:45:39,4779
14340,Check hotel,1970-04-26 22:45:40,4780
14341,Decide,1970-04-26 22:45:41,4780
14342,Book plane,1970-04-26 22:45:42,4780
14343,Check hotel,1970-04-26 22:45:43,4781
14344,Decide,1970-04-26 22:45:44,4781
14345,Book plane,1970-04-26 22:45:45,4781
14346,Check hotel,1970-04-26 22:45:46,4782
14347,Decide,1970-04-26 22:45:47,4782
14348,Book hotel,1970-04-26 22:45:48,4782
14349,Check hotel,1970-04-26 22:45:49,4783
14350,Decide,1970-04-26 22:45:50,4783
14351,Book plane,1970-04-26 22:45:51,4783
14352,Check plane,1970-04-26 22:45:52,4784
14353,Decide,1970-04-26 22:45:53,4784
14354,Book plane,1970-04-26 22:45:54,4784
14355,Check plane,1970-04-26 22:45:55,4785
14356,Decide,1970-04-26 22:45:56,4785
14357,Book hotel,1970-04-26 22:45:57,4785
14358,Check plane,1970-04-26 22:45:58,4786
14359,Decide,1970-04-26 22:45:59,4786
14360,Book hotel,1970-04-26 22:46:00,4786
14361,Check hotel,1970-04-26 22:46:01,4787
14362,Decide,1970-04-26 22:46:02,4787
14363,Book plane,1970-04-26 22:46:03,4787
14364,Check hotel,1970-04-26 22:46:04,4788
14365,Decide,1970-04-26 22:46:05,4788
14366,Book hotel,1970-04-26 22:46:06,4788
14367,Check hotel,1970-04-26 22:46:07,4789
14368,Decide,1970-04-26 22:46:08,4789
14369,Book hotel,1970-04-26 22:46:09,4789
14370,Check plane,1970-04-26 22:46:10,4790
14371,Decide,1970-04-26 22:46:11,4790
14372,Book plane,1970-04-26 22:46:12,4790
14373,Check plane,1970-04-26 22:46:13,4791
14374,Decide,1970-04-26 22:46:14,4791
14375,Book hotel,1970-04-26 22:46:15,4791
14376,Check hotel,1970-04-26 22:46:16,4792
14377,Decide,1970-04-26 22:46:17,4792
14378,Book hotel,1970-04-26 22:46:18,4792
14379,Check hotel,1970-04-26 22:46:19,4793
14380,Decide,1970-04-26 22:46:20,4793
14381,Book plane,1970-04-26 22:46:21,4793
14382,Check hotel,1970-04-26 22:46:22,4794
14383,Decide,1970-04-26 22:46:23,4794
14384,Book hotel,1970-04-26 22:46:24,4794
14385,Check plane,1970-04-26 22:46:25,4795
14386,Decide,1970-04-26 22:46:26,4795
14387,Book hotel,1970-04-26 22:46:27,4795
14388,Check hotel,1970-04-26 22:46:28,4796
14389,Decide,1970-04-26 22:46:29,4796
14390,Book plane,1970-04-26 22:46:30,4796
14391,Check plane,1970-04-26 22:46:31,4797
14392,Decide,1970-04-26 22:46:32,4797
14393,Book hotel,1970-04-26 22:46:33,4797
14394,Check plane,1970-04-26 22:46:34,4798
14395,Decide,1970-04-26 22:46:35,4798
14396,Book plane,1970-04-26 22:46:36,4798
14397,Check plane,1970-04-26 22:46:37,4799
14398,Decide,1970-04-26 22:46:38,4799
14399,Book hotel,1970-04-26 22:46:39,4799
14400,Check hotel,1970-04-26 22:46:40,4800
14401,Decide,1970-04-26 22:46:41,4800
14402,Book hotel,1970-04-26 22:46:42,4800
14403,Check hotel,1970-04-26 22:46:43,4801
14404,Decide,1970-04-26 22:46:44,4801
14405,Book plane,1970-04-26 22:46:45,4801
14406,Check hotel,1970-04-26 22:46:46,4802
14407,Decide,1970-04-26 22:46:47,4802
14408,Book hotel,1970-04-26 22:46:48,4802
14409,Check plane,1970-04-26 22:46:49,4803
14410,Decide,1970-04-26 22:46:50,4803
14411,Book plane,1970-04-26 22:46:51,4803
14412,Check hotel,1970-04-26 22:46:52,4804
14413,Decide,1970-04-26 22:46:53,4804
14414,Book hotel,1970-04-26 22:46:54,4804
14415,Check hotel,1970-04-26 22:46:55,4805
14416,Decide,1970-04-26 22:46:56,4805
14417,Book hotel,1970-04-26 22:46:57,4805
14418,Check plane,1970-04-26 22:46:58,4806
14419,Decide,1970-04-26 22:46:59,4806
14420,Book plane,1970-04-26 22:47:00,4806
14421,Check plane,1970-04-26 22:47:01,4807
14422,Decide,1970-04-26 22:47:02,4807
14423,Book plane,1970-04-26 22:47:03,4807
14424,Check hotel,1970-04-26 22:47:04,4808
14425,Decide,1970-04-26 22:47:05,4808
14426,Book hotel,1970-04-26 22:47:06,4808
14427,Check hotel,1970-04-26 22:47:07,4809
14428,Decide,1970-04-26 22:47:08,4809
14429,Book hotel,1970-04-26 22:47:09,4809
14430,Check hotel,1970-04-26 22:47:10,4810
14431,Decide,1970-04-26 22:47:11,4810
14432,Book hotel,1970-04-26 22:47:12,4810
14433,Check plane,1970-04-26 22:47:13,4811
14434,Decide,1970-04-26 22:47:14,4811
14435,Book plane,1970-04-26 22:47:15,4811
14436,Check hotel,1970-04-26 22:47:16,4812
14437,Decide,1970-04-26 22:47:17,4812
14438,Book plane,1970-04-26 22:47:18,4812
14439,Check plane,1970-04-26 22:47:19,4813
14440,Decide,1970-04-26 22:47:20,4813
14441,Book plane,1970-04-26 22:47:21,4813
14442,Check hotel,1970-04-26 22:47:22,4814
14443,Decide,1970-04-26 22:47:23,4814
14444,Book hotel,1970-04-26 22:47:24,4814
14445,Check hotel,1970-04-26 22:47:25,4815
14446,Decide,1970-04-26 22:47:26,4815
14447,Book plane,1970-04-26 22:47:27,4815
14448,Check hotel,1970-04-26 22:47:28,4816
14449,Decide,1970-04-26 22:47:29,4816
14450,Book hotel,1970-04-26 22:47:30,4816
14451,Check plane,1970-04-26 22:47:31,4817
14452,Decide,1970-04-26 22:47:32,4817
14453,Book plane,1970-04-26 22:47:33,4817
14454,Check plane,1970-04-26 22:47:34,4818
14455,Decide,1970-04-26 22:47:35,4818
14456,Book hotel,1970-04-26 22:47:36,4818
14457,Check hotel,1970-04-26 22:47:37,4819
14458,Decide,1970-04-26 22:47:38,4819
14459,Book plane,1970-04-26 22:47:39,4819
14460,Check plane,1970-04-26 22:47:40,4820
14461,Decide,1970-04-26 22:47:41,4820
14462,Book plane,1970-04-26 22:47:42,4820
14463,Check hotel,1970-04-26 22:47:43,4821
14464,Decide,1970-04-26 22:47:44,4821
14465,Book plane,1970-04-26 22:47:45,4821
14466,Check hotel,1970-04-26 22:47:46,4822
14467,Decide,1970-04-26 22:47:47,4822
14468,Book plane,1970-04-26 22:47:48,4822
14469,Check hotel,1970-04-26 22:47:49,4823
14470,Decide,1970-04-26 22:47:50,4823
14471,Book plane,1970-04-26 22:47:51,4823
14472,Check hotel,1970-04-26 22:47:52,4824
14473,Decide,1970-04-26 22:47:53,4824
14474,Book hotel,1970-04-26 22:47:54,4824
14475,Check plane,1970-04-26 22:47:55,4825
14476,Decide,1970-04-26 22:47:56,4825
14477,Book hotel,1970-04-26 22:47:57,4825
14478,Check plane,1970-04-26 22:47:58,4826
14479,Decide,1970-04-26 22:47:59,4826
14480,Book plane,1970-04-26 22:48:00,4826
14481,Check plane,1970-04-26 22:48:01,4827
14482,Decide,1970-04-26 22:48:02,4827
14483,Book plane,1970-04-26 22:48:03,4827
14484,Check hotel,1970-04-26 22:48:04,4828
14485,Decide,1970-04-26 22:48:05,4828
14486,Book plane,1970-04-26 22:48:06,4828
14487,Check plane,1970-04-26 22:48:07,4829
14488,Decide,1970-04-26 22:48:08,4829
14489,Book hotel,1970-04-26 22:48:09,4829
14490,Check plane,1970-04-26 22:48:10,4830
14491,Decide,1970-04-26 22:48:11,4830
14492,Book plane,1970-04-26 22:48:12,4830
14493,Check hotel,1970-04-26 22:48:13,4831
14494,Decide,1970-04-26 22:48:14,4831
14495,Book plane,1970-04-26 22:48:15,4831
14496,Check hotel,1970-04-26 22:48:16,4832
14497,Decide,1970-04-26 22:48:17,4832
14498,Book plane,1970-04-26 22:48:18,4832
14499,Check hotel,1970-04-26 22:48:19,4833
14500,Decide,1970-04-26 22:48:20,4833
14501,Book plane,1970-04-26 22:48:21,4833
14502,Check hotel,1970-04-26 22:48:22,4834
14503,Decide,1970-04-26 22:48:23,4834
14504,Book plane,1970-04-26 22:48:24,4834
14505,Check hotel,1970-04-26 22:48:25,4835
14506,Decide,1970-04-26 22:48:26,4835
14507,Book plane,1970-04-26 22:48:27,4835
14508,Check plane,1970-04-26 22:48:28,4836
14509,Decide,1970-04-26 22:48:29,4836
14510,Book plane,1970-04-26 22:48:30,4836
14511,Check hotel,1970-04-26 22:48:31,4837
14512,Decide,1970-04-26 22:48:32,4837
14513,Book plane,1970-04-26 22:48:33,4837
14514,Check hotel,1970-04-26 22:48:34,4838
14515,Decide,1970-04-26 22:48:35,4838
14516,Book plane,1970-04-26 22:48:36,4838
14517,Check plane,1970-04-26 22:48:37,4839
14518,Decide,1970-04-26 22:48:38,4839
14519,Book hotel,1970-04-26 22:48:39,4839
14520,Check plane,1970-04-26 22:48:40,4840
14521,Decide,1970-04-26 22:48:41,4840
14522,Book plane,1970-04-26 22:48:42,4840
14523,Check hotel,1970-04-26 22:48:43,4841
14524,Decide,1970-04-26 22:48:44,4841
14525,Book hotel,1970-04-26 22:48:45,4841
14526,Check hotel,1970-04-26 22:48:46,4842
14527,Decide,1970-04-26 22:48:47,4842
14528,Book plane,1970-04-26 22:48:48,4842
14529,Check hotel,1970-04-26 22:48:49,4843
14530,Decide,1970-04-26 22:48:50,4843
14531,Book plane,1970-04-26 22:48:51,4843
14532,Check hotel,1970-04-26 22:48:52,4844
14533,Decide,1970-04-26 22:48:53,4844
14534,Book hotel,1970-04-26 22:48:54,4844
14535,Check hotel,1970-04-26 22:48:55,4845
14536,Decide,1970-04-26 22:48:56,4845
14537,Book hotel,1970-04-26 22:48:57,4845
14538,Check hotel,1970-04-26 22:48:58,4846
14539,Decide,1970-04-26 22:48:59,4846
14540,Book plane,1970-04-26 22:49:00,4846
14541,Check hotel,1970-04-26 22:49:01,4847
14542,Decide,1970-04-26 22:49:02,4847
14543,Book hotel,1970-04-26 22:49:03,4847
14544,Check plane,1970-04-26 22:49:04,4848
14545,Decide,1970-04-26 22:49:05,4848
14546,Book plane,1970-04-26 22:49:06,4848
14547,Check plane,1970-04-26 22:49:07,4849
14548,Decide,1970-04-26 22:49:08,4849
14549,Book plane,1970-04-26 22:49:09,4849
14550,Check plane,1970-04-26 22:49:10,4850
14551,Decide,1970-04-26 22:49:11,4850
14552,Book hotel,1970-04-26 22:49:12,4850
14553,Check hotel,1970-04-26 22:49:13,4851
14554,Decide,1970-04-26 22:49:14,4851
14555,Book hotel,1970-04-26 22:49:15,4851
14556,Check hotel,1970-04-26 22:49:16,4852
14557,Decide,1970-04-26 22:49:17,4852
14558,Book hotel,1970-04-26 22:49:18,4852
14559,Check hotel,1970-04-26 22:49:19,4853
14560,Decide,1970-04-26 22:49:20,4853
14561,Book hotel,1970-04-26 22:49:21,4853
14562,Check plane,1970-04-26 22:49:22,4854
14563,Decide,1970-04-26 22:49:23,4854
14564,Book plane,1970-04-26 22:49:24,4854
14565,Check hotel,1970-04-26 22:49:25,4855
14566,Decide,1970-04-26 22:49:26,4855
14567,Book hotel,1970-04-26 22:49:27,4855
14568,Check plane,1970-04-26 22:49:28,4856
14569,Decide,1970-04-26 22:49:29,4856
14570,Book hotel,1970-04-26 22:49:30,4856
14571,Check hotel,1970-04-26 22:49:31,4857
14572,Decide,1970-04-26 22:49:32,4857
14573,Book hotel,1970-04-26 22:49:33,4857
14574,Check hotel,1970-04-26 22:49:34,4858
14575,Decide,1970-04-26 22:49:35,4858
14576,Book plane,1970-04-26 22:49:36,4858
14577,Check hotel,1970-04-26 22:49:37,4859
14578,Decide,1970-04-26 22:49:38,4859
14579,Book hotel,1970-04-26 22:49:39,4859
14580,Check hotel,1970-04-26 22:49:40,4860
14581,Decide,1970-04-26 22:49:41,4860
14582,Book hotel,1970-04-26 22:49:42,4860
14583,Check plane,1970-04-26 22:49:43,4861
14584,Decide,1970-04-26 22:49:44,4861
14585,Book plane,1970-04-26 22:49:45,4861
14586,Check hotel,1970-04-26 22:49:46,4862
14587,Decide,1970-04-26 22:49:47,4862
14588,Book plane,1970-04-26 22:49:48,4862
14589,Check hotel,1970-04-26 22:49:49,4863
14590,Decide,1970-04-26 22:49:50,4863
14591,Book plane,1970-04-26 22:49:51,4863
14592,Check hotel,1970-04-26 22:49:52,4864
14593,Decide,1970-04-26 22:49:53,4864
14594,Book hotel,1970-04-26 22:49:54,4864
14595,Check hotel,1970-04-26 22:49:55,4865
14596,Decide,1970-04-26 22:49:56,4865
14597,Book plane,1970-04-26 22:49:57,4865
14598,Check hotel,1970-04-26 22:49:58,4866
14599,Decide,1970-04-26 22:49:59,4866
14600,Book plane,1970-04-26 22:50:00,4866
14601,Check hotel,1970-04-26 22:50:01,4867
14602,Decide,1970-04-26 22:50:02,4867
14603,Book plane,1970-04-26 22:50:03,4867
14604,Check plane,1970-04-26 22:50:04,4868
14605,Decide,1970-04-26 22:50:05,4868
14606,Book plane,1970-04-26 22:50:06,4868
14607,Check hotel,1970-04-26 22:50:07,4869
14608,Decide,1970-04-26 22:50:08,4869
14609,Book hotel,1970-04-26 22:50:09,4869
14610,Check plane,1970-04-26 22:50:10,4870
14611,Decide,1970-04-26 22:50:11,4870
14612,Book plane,1970-04-26 22:50:12,4870
14613,Check plane,1970-04-26 22:50:13,4871
14614,Decide,1970-04-26 22:50:14,4871
14615,Book plane,1970-04-26 22:50:15,4871
14616,Check hotel,1970-04-26 22:50:16,4872
14617,Decide,1970-04-26 22:50:17,4872
14618,Book plane,1970-04-26 22:50:18,4872
14619,Check plane,1970-04-26 22:50:19,4873
14620,Decide,1970-04-26 22:50:20,4873
14621,Book plane,1970-04-26 22:50:21,4873
14622,Check plane,1970-04-26 22:50:22,4874
14623,Decide,1970-04-26 22:50:23,4874
14624,Book hotel,1970-04-26 22:50:24,4874
14625,Check plane,1970-04-26 22:50:25,4875
14626,Decide,1970-04-26 22:50:26,4875
14627,Book hotel,1970-04-26 22:50:27,4875
14628,Check hotel,1970-04-26 22:50:28,4876
14629,Decide,1970-04-26 22:50:29,4876
14630,Book plane,1970-04-26 22:50:30,4876
14631,Check plane,1970-04-26 22:50:31,4877
14632,Decide,1970-04-26 22:50:32,4877
14633,Book plane,1970-04-26 22:50:33,4877
14634,Check plane,1970-04-26 22:50:34,4878
14635,Decide,1970-04-26 22:50:35,4878
14636,Book plane,1970-04-26 22:50:36,4878
14637,Check hotel,1970-04-26 22:50:37,4879
14638,Decide,1970-04-26 22:50:38,4879
14639,Book plane,1970-04-26 22:50:39,4879
14640,Check hotel,1970-04-26 22:50:40,4880
14641,Decide,1970-04-26 22:50:41,4880
14642,Book hotel,1970-04-26 22:50:42,4880
14643,Check plane,1970-04-26 22:50:43,4881
14644,Decide,1970-04-26 22:50:44,4881
14645,Book hotel,1970-04-26 22:50:45,4881
14646,Check hotel,1970-04-26 22:50:46,4882
14647,Decide,1970-04-26 22:50:47,4882
14648,Book hotel,1970-04-26 22:50:48,4882
14649,Check plane,1970-04-26 22:50:49,4883
14650,Decide,1970-04-26 22:50:50,4883
14651,Book hotel,1970-04-26 22:50:51,4883
14652,Check hotel,1970-04-26 22:50:52,4884
14653,Decide,1970-04-26 22:50:53,4884
14654,Book hotel,1970-04-26 22:50:54,4884
14655,Check plane,1970-04-26 22:50:55,4885
14656,Decide,1970-04-26 22:50:56,4885
14657,Book plane,1970-04-26 22:50:57,4885
14658,Check hotel,1970-04-26 22:50:58,4886
14659,Decide,1970-04-26 22:50:59,4886
14660,Book hotel,1970-04-26 22:51:00,4886
14661,Check hotel,1970-04-26 22:51:01,4887
14662,Decide,1970-04-26 22:51:02,4887
14663,Book plane,1970-04-26 22:51:03,4887
14664,Check hotel,1970-04-26 22:51:04,4888
14665,Decide,1970-04-26 22:51:05,4888
14666,Book hotel,1970-04-26 22:51:06,4888
14667,Check plane,1970-04-26 22:51:07,4889
14668,Decide,1970-04-26 22:51:08,4889
14669,Book plane,1970-04-26 22:51:09,4889
14670,Check hotel,1970-04-26 22:51:10,4890
14671,Decide,1970-04-26 22:51:11,4890
14672,Book hotel,1970-04-26 22:51:12,4890
14673,Check plane,1970-04-26 22:51:13,4891
14674,Decide,1970-04-26 22:51:14,4891
14675,Book plane,1970-04-26 22:51:15,4891
14676,Check hotel,1970-04-26 22:51:16,4892
14677,Decide,1970-04-26 22:51:17,4892
14678,Book plane,1970-04-26 22:51:18,4892
14679,Check hotel,1970-04-26 22:51:19,4893
14680,Decide,1970-04-26 22:51:20,4893
14681,Book hotel,1970-04-26 22:51:21,4893
14682,Check plane,1970-04-26 22:51:22,4894
14683,Decide,1970-04-26 22:51:23,4894
14684,Book hotel,1970-04-26 22:51:24,4894
14685,Check plane,1970-04-26 22:51:25,4895
14686,Decide,1970-04-26 22:51:26,4895
14687,Book hotel,1970-04-26 22:51:27,4895
14688,Check hotel,1970-04-26 22:51:28,4896
14689,Decide,1970-04-26 22:51:29,4896
14690,Book hotel,1970-04-26 22:51:30,4896
14691,Check plane,1970-04-26 22:51:31,4897
14692,Decide,1970-04-26 22:51:32,4897
14693,Book hotel,1970-04-26 22:51:33,4897
14694,Check plane,1970-04-26 22:51:34,4898
14695,Decide,1970-04-26 22:51:35,4898
14696,Book hotel,1970-04-26 22:51:36,4898
14697,Check plane,1970-04-26 22:51:37,4899
14698,Decide,1970-04-26 22:51:38,4899
14699,Book plane,1970-04-26 22:51:39,4899
14700,Check plane,1970-04-26 22:51:40,4900
14701,Decide,1970-04-26 22:51:41,4900
14702,Book hotel,1970-04-26 22:51:42,4900
14703,Check plane,1970-04-26 22:51:43,4901
14704,Decide,1970-04-26 22:51:44,4901
14705,Book plane,1970-04-26 22:51:45,4901
14706,Check plane,1970-04-26 22:51:46,4902
14707,Decide,1970-04-26 22:51:47,4902
14708,Book plane,1970-04-26 22:51:48,4902
14709,Check plane,1970-04-26 22:51:49,4903
14710,Decide,1970-04-26 22:51:50,4903
14711,Book plane,1970-04-26 22:51:51,4903
14712,Check plane,1970-04-26 22:51:52,4904
14713,Decide,1970-04-26 22:51:53,4904
14714,Book hotel,1970-04-26 22:51:54,4904
14715,Check plane,1970-04-26 22:51:55,4905
14716,Decide,1970-04-26 22:51:56,4905
14717,Book plane,1970-04-26 22:51:57,4905
14718,Check plane,1970-04-26 22:51:58,4906
14719,Decide,1970-04-26 22:51:59,4906
14720,Book hotel,1970-04-26 22:52:00,4906
14721,Check hotel,1970-04-26 22:52:01,4907
14722,Decide,1970-04-26 22:52:02,4907
14723,Book plane,1970-04-26 22:52:03,4907
14724,Check plane,1970-04-26 22:52:04,4908
14725,Decide,1970-04-26 22:52:05,4908
14726,Book plane,1970-04-26 22:52:06,4908
14727,Check plane,1970-04-26 22:52:07,4909
14728,Decide,1970-04-26 22:52:08,4909
14729,Book hotel,1970-04-26 22:52:09,4909
14730,Check plane,1970-04-26 22:52:10,4910
14731,Decide,1970-04-26 22:52:11,4910
14732,Book hotel,1970-04-26 22:52:12,4910
14733,Check hotel,1970-04-26 22:52:13,4911
14734,Decide,1970-04-26 22:52:14,4911
14735,Book plane,1970-04-26 22:52:15,4911
14736,Check plane,1970-04-26 22:52:16,4912
14737,Decide,1970-04-26 22:52:17,4912
14738,Book plane,1970-04-26 22:52:18,4912
14739,Check plane,1970-04-26 22:52:19,4913
14740,Decide,1970-04-26 22:52:20,4913
14741,Book plane,1970-04-26 22:52:21,4913
14742,Check plane,1970-04-26 22:52:22,4914
14743,Decide,1970-04-26 22:52:23,4914
14744,Book hotel,1970-04-26 22:52:24,4914
14745,Check plane,1970-04-26 22:52:25,4915
14746,Decide,1970-04-26 22:52:26,4915
14747,Book plane,1970-04-26 22:52:27,4915
14748,Check plane,1970-04-26 22:52:28,4916
14749,Decide,1970-04-26 22:52:29,4916
14750,Book plane,1970-04-26 22:52:30,4916
14751,Check hotel,1970-04-26 22:52:31,4917
14752,Decide,1970-04-26 22:52:32,4917
14753,Book plane,1970-04-26 22:52:33,4917
14754,Check hotel,1970-04-26 22:52:34,4918
14755,Decide,1970-04-26 22:52:35,4918
14756,Book hotel,1970-04-26 22:52:36,4918
14757,Check hotel,1970-04-26 22:52:37,4919
14758,Decide,1970-04-26 22:52:38,4919
14759,Book hotel,1970-04-26 22:52:39,4919
14760,Check hotel,1970-04-26 22:52:40,4920
14761,Decide,1970-04-26 22:52:41,4920
14762,Book plane,1970-04-26 22:52:42,4920
14763,Check hotel,1970-04-26 22:52:43,4921
14764,Decide,1970-04-26 22:52:44,4921
14765,Book plane,1970-04-26 22:52:45,4921
14766,Check hotel,1970-04-26 22:52:46,4922
14767,Decide,1970-04-26 22:52:47,4922
14768,Book hotel,1970-04-26 22:52:48,4922
14769,Check hotel,1970-04-26 22:52:49,4923
14770,Decide,1970-04-26 22:52:50,4923
14771,Book plane,1970-04-26 22:52:51,4923
14772,Check hotel,1970-04-26 22:52:52,4924
14773,Decide,1970-04-26 22:52:53,4924
14774,Book plane,1970-04-26 22:52:54,4924
14775,Check plane,1970-04-26 22:52:55,4925
14776,Decide,1970-04-26 22:52:56,4925
14777,Book plane,1970-04-26 22:52:57,4925
14778,Check plane,1970-04-26 22:52:58,4926
14779,Decide,1970-04-26 22:52:59,4926
14780,Book hotel,1970-04-26 22:53:00,4926
14781,Check plane,1970-04-26 22:53:01,4927
14782,Decide,1970-04-26 22:53:02,4927
14783,Book hotel,1970-04-26 22:53:03,4927
14784,Check plane,1970-04-26 22:53:04,4928
14785,Decide,1970-04-26 22:53:05,4928
14786,Book hotel,1970-04-26 22:53:06,4928
14787,Check hotel,1970-04-26 22:53:07,4929
14788,Decide,1970-04-26 22:53:08,4929
14789,Book plane,1970-04-26 22:53:09,4929
14790,Check plane,1970-04-26 22:53:10,4930
14791,Decide,1970-04-26 22:53:11,4930
14792,Book plane,1970-04-26 22:53:12,4930
14793,Check plane,1970-04-26 22:53:13,4931
14794,Decide,1970-04-26 22:53:14,4931
14795,Book hotel,1970-04-26 22:53:15,4931
14796,Check plane,1970-04-26 22:53:16,4932
14797,Decide,1970-04-26 22:53:17,4932
14798,Book plane,1970-04-26 22:53:18,4932
14799,Check hotel,1970-04-26 22:53:19,4933
14800,Decide,1970-04-26 22:53:20,4933
14801,Book plane,1970-04-26 22:53:21,4933
14802,Check plane,1970-04-26 22:53:22,4934
14803,Decide,1970-04-26 22:53:23,4934
14804,Book plane,1970-04-26 22:53:24,4934
14805,Check hotel,1970-04-26 22:53:25,4935
14806,Decide,1970-04-26 22:53:26,4935
14807,Book plane,1970-04-26 22:53:27,4935
14808,Check hotel,1970-04-26 22:53:28,4936
14809,Decide,1970-04-26 22:53:29,4936
14810,Book plane,1970-04-26 22:53:30,4936
14811,Check plane,1970-04-26 22:53:31,4937
14812,Decide,1970-04-26 22:53:32,4937
14813,Book hotel,1970-04-26 22:53:33,4937
14814,Check plane,1970-04-26 22:53:34,4938
14815,Decide,1970-04-26 22:53:35,4938
14816,Book hotel,1970-04-26 22:53:36,4938
14817,Check hotel,1970-04-26 22:53:37,4939
14818,Decide,1970-04-26 22:53:38,4939
14819,Book plane,1970-04-26 22:53:39,4939
14820,Check plane,1970-04-26 22:53:40,4940
14821,Decide,1970-04-26 22:53:41,4940
14822,Book plane,1970-04-26 22:53:42,4940
14823,Check plane,1970-04-26 22:53:43,4941
14824,Decide,1970-04-26 22:53:44,4941
14825,Book hotel,1970-04-26 22:53:45,4941
14826,Check hotel,1970-04-26 22:53:46,4942
14827,Decide,1970-04-26 22:53:47,4942
14828,Book hotel,1970-04-26 22:53:48,4942
14829,Check plane,1970-04-26 22:53:49,4943
14830,Decide,1970-04-26 22:53:50,4943
14831,Book plane,1970-04-26 22:53:51,4943
14832,Check hotel,1970-04-26 22:53:52,4944
14833,Decide,1970-04-26 22:53:53,4944
14834,Book hotel,1970-04-26 22:53:54,4944
14835,Check plane,1970-04-26 22:53:55,4945
14836,Decide,1970-04-26 22:53:56,4945
14837,Book hotel,1970-04-26 22:53:57,4945
14838,Check plane,1970-04-26 22:53:58,4946
14839,Decide,1970-04-26 22:53:59,4946
14840,Book plane,1970-04-26 22:54:00,4946
14841,Check hotel,1970-04-26 22:54:01,4947
14842,Decide,1970-04-26 22:54:02,4947
14843,Book hotel,1970-04-26 22:54:03,4947
14844,Check plane,1970-04-26 22:54:04,4948
14845,Decide,1970-04-26 22:54:05,4948
14846,Book plane,1970-04-26 22:54:06,4948
14847,Check plane,1970-04-26 22:54:07,4949
14848,Decide,1970-04-26 22:54:08,4949
14849,Book hotel,1970-04-26 22:54:09,4949
14850,Check hotel,1970-04-26 22:54:10,4950
14851,Decide,1970-04-26 22:54:11,4950
14852,Book hotel,1970-04-26 22:54:12,4950
14853,Check plane,1970-04-26 22:54:13,4951
14854,Decide,1970-04-26 22:54:14,4951
14855,Book hotel,1970-04-26 22:54:15,4951
14856,Check hotel,1970-04-26 22:54:16,4952
14857,Decide,1970-04-26 22:54:17,4952
14858,Book plane,1970-04-26 22:54:18,4952
14859,Check hotel,1970-04-26 22:54:19,4953
14860,Decide,1970-04-26 22:54:20,4953
14861,Book hotel,1970-04-26 22:54:21,4953
14862,Check hotel,1970-04-26 22:54:22,4954
14863,Decide,1970-04-26 22:54:23,4954
14864,Book hotel,1970-04-26 22:54:24,4954
14865,Check hotel,1970-04-26 22:54:25,4955
14866,Decide,1970-04-26 22:54:26,4955
14867,Book plane,1970-04-26 22:54:27,4955
14868,Check hotel,1970-04-26 22:54:28,4956
14869,Decide,1970-04-26 22:54:29,4956
14870,Book plane,1970-04-26 22:54:30,4956
14871,Check hotel,1970-04-26 22:54:31,4957
14872,Decide,1970-04-26 22:54:32,4957
14873,Book plane,1970-04-26 22:54:33,4957
14874,Check plane,1970-04-26 22:54:34,4958
14875,Decide,1970-04-26 22:54:35,4958
14876,Book hotel,1970-04-26 22:54:36,4958
14877,Check plane,1970-04-26 22:54:37,4959
14878,Decide,1970-04-26 22:54:38,4959
14879,Book hotel,1970-04-26 22:54:39,4959
14880,Check hotel,1970-04-26 22:54:40,4960
14881,Decide,1970-04-26 22:54:41,4960
14882,Book hotel,1970-04-26 22:54:42,4960
14883,Check plane,1970-04-26 22:54:43,4961
14884,Decide,1970-04-26 22:54:44,4961
14885,Book hotel,1970-04-26 22:54:45,4961
14886,Check plane,1970-04-26 22:54:46,4962
14887,Decide,1970-04-26 22:54:47,4962
14888,Book plane,1970-04-26 22:54:48,4962
14889,Check plane,1970-04-26 22:54:49,4963
14890,Decide,1970-04-26 22:54:50,4963
14891,Book hotel,1970-04-26 22:54:51,4963
14892,Check hotel,1970-04-26 22:54:52,4964
14893,Decide,1970-04-26 22:54:53,4964
14894,Book hotel,1970-04-26 22:54:54,4964
14895,Check plane,1970-04-26 22:54:55,4965
14896,Decide,1970-04-26 22:54:56,4965
14897,Book hotel,1970-04-26 22:54:57,4965
14898,Check hotel,1970-04-26 22:54:58,4966
14899,Decide,1970-04-26 22:54:59,4966
14900,Book hotel,1970-04-26 22:55:00,4966
14901,Check hotel,1970-04-26 22:55:01,4967
14902,Decide,1970-04-26 22:55:02,4967
14903,Book hotel,1970-04-26 22:55:03,4967
14904,Check plane,1970-04-26 22:55:04,4968
14905,Decide,1970-04-26 22:55:05,4968
14906,Book hotel,1970-04-26 22:55:06,4968
14907,Check plane,1970-04-26 22:55:07,4969
14908,Decide,1970-04-26 22:55:08,4969
14909,Book hotel,1970-04-26 22:55:09,4969
14910,Check plane,1970-04-26 22:55:10,4970
14911,Decide,1970-04-26 22:55:11,4970
14912,Book hotel,1970-04-26 22:55:12,4970
14913,Check hotel,1970-04-26 22:55:13,4971
14914,Decide,1970-04-26 22:55:14,4971
14915,Book plane,1970-04-26 22:55:15,4971
14916,Check plane,1970-04-26 22:55:16,4972
14917,Decide,1970-04-26 22:55:17,4972
14918,Book hotel,1970-04-26 22:55:18,4972
14919,Check hotel,1970-04-26 22:55:19,4973
14920,Decide,1970-04-26 22:55:20,4973
14921,Book hotel,1970-04-26 22:55:21,4973
14922,Check plane,1970-04-26 22:55:22,4974
14923,Decide,1970-04-26 22:55:23,4974
14924,Book hotel,1970-04-26 22:55:24,4974
14925,Check hotel,1970-04-26 22:55:25,4975
14926,Decide,1970-04-26 22:55:26,4975
14927,Book plane,1970-04-26 22:55:27,4975
14928,Check hotel,1970-04-26 22:55:28,4976
14929,Decide,1970-04-26 22:55:29,4976
14930,Book plane,1970-04-26 22:55:30,4976
14931,Check plane,1970-04-26 22:55:31,4977
14932,Decide,1970-04-26 22:55:32,4977
14933,Book hotel,1970-04-26 22:55:33,4977
14934,Check hotel,1970-04-26 22:55:34,4978
14935,Decide,1970-04-26 22:55:35,4978
14936,Book plane,1970-04-26 22:55:36,4978
14937,Check hotel,1970-04-26 22:55:37,4979
14938,Decide,1970-04-26 22:55:38,4979
14939,Book plane,1970-04-26 22:55:39,4979
14940,Check plane,1970-04-26 22:55:40,4980
14941,Decide,1970-04-26 22:55:41,4980
14942,Book hotel,1970-04-26 22:55:42,4980
14943,Check hotel,1970-04-26 22:55:43,4981
14944,Decide,1970-04-26 22:55:44,4981
14945,Book plane,1970-04-26 22:55:45,4981
14946,Check plane,1970-04-26 22:55:46,4982
14947,Decide,1970-04-26 22:55:47,4982
14948,Book plane,1970-04-26 22:55:48,4982
14949,Check plane,1970-04-26 22:55:49,4983
14950,Decide,1970-04-26 22:55:50,4983
14951,Book plane,1970-04-26 22:55:51,4983
14952,Check hotel,1970-04-26 22:55:52,4984
14953,Decide,1970-04-26 22:55:53,4984
14954,Book plane,1970-04-26 22:55:54,4984
14955,Check plane,1970-04-26 22:55:55,4985
14956,Decide,1970-04-26 22:55:56,4985
14957,Book plane,1970-04-26 22:55:57,4985
14958,Check plane,1970-04-26 22:55:58,4986
14959,Decide,1970-04-26 22:55:59,4986
14960,Book hotel,1970-04-26 22:56:00,4986
14961,Check plane,1970-04-26 22:56:01,4987
14962,Decide,1970-04-26 22:56:02,4987
14963,Book plane,1970-04-26 22:56:03,4987
14964,Check plane,1970-04-26 22:56:04,4988
14965,Decide,1970-04-26 22:56:05,4988
14966,Book hotel,1970-04-26 22:56:06,4988
14967,Check hotel,1970-04-26 22:56:07,4989
14968,Decide,1970-04-26 22:56:08,4989
14969,Book plane,1970-04-26 22:56:09,4989
14970,Check plane,1970-04-26 22:56:10,4990
14971,Decide,1970-04-26 22:56:11,4990
14972,Book hotel,1970-04-26 22:56:12,4990
14973,Check plane,1970-04-26 22:56:13,4991
14974,Decide,1970-04-26 22:56:14,4991
14975,Book hotel,1970-04-26 22:56:15,4991
14976,Check plane,1970-04-26 22:56:16,4992
14977,Decide,1970-04-26 22:56:17,4992
14978,Book plane,1970-04-26 22:56:18,4992
14979,Check plane,1970-04-26 22:56:19,4993
14980,Decide,1970-04-26 22:56:20,4993
14981,Book plane,1970-04-26 22:56:21,4993
14982,Check plane,1970-04-26 22:56:22,4994
14983,Decide,1970-04-26 22:56:23,4994
14984,Book plane,1970-04-26 22:56:24,4994
14985,Check plane,1970-04-26 22:56:25,4995
14986,Decide,1970-04-26 22:56:26,4995
14987,Book hotel,1970-04-26 22:56:27,4995
14988,Check plane,1970-04-26 22:56:28,4996
14989,Decide,1970-04-26 22:56:29,4996
14990,Book plane,1970-04-26 22:56:30,4996
14991,Check hotel,1970-04-26 22:56:31,4997
14992,Decide,1970-04-26 22:56:32,4997
14993,Book hotel,1970-04-26 22:56:33,4997
14994,Check plane,1970-04-26 22:56:34,4998
14995,Decide,1970-04-26 22:56:35,4998
14996,Book hotel,1970-04-26 22:56:36,4998
14997,Check hotel,1970-04-26 22:56:37,4999
14998,Decide,1970-04-26 22:56:38,4999
14999,Book hotel,1970-04-26 22:56:39,4999
15000,Check hotel,1970-04-26 22:56:40,5000
15001,Decide,1970-04-26 22:56:41,5000
15002,Book hotel,1970-04-26 22:56:42,5000
15003,Check plane,1970-04-26 22:56:43,5001
15004,Decide,1970-04-26 22:56:44,5001
15005,Book plane,1970-04-26 22:56:45,5001
15006,Check hotel,1970-04-26 22:56:46,5002
15007,Decide,1970-04-26 22:56:47,5002
15008,Book hotel,1970-04-26 22:56:48,5002
15009,Check hotel,1970-04-26 22:56:49,5003
15010,Decide,1970-04-26 22:56:50,5003
15011,Book plane,1970-04-26 22:56:51,5003
15012,Check plane,1970-04-26 22:56:52,5004
15013,Decide,1970-04-26 22:56:53,5004
15014,Book plane,1970-04-26 22:56:54,5004
15015,Check plane,1970-04-26 22:56:55,5005
15016,Decide,1970-04-26 22:56:56,5005
15017,Book plane,1970-04-26 22:56:57,5005
15018,Check plane,1970-04-26 22:56:58,5006
15019,Decide,1970-04-26 22:56:59,5006
15020,Book hotel,1970-04-26 22:57:00,5006
15021,Check hotel,1970-04-26 22:57:01,5007
15022,Decide,1970-04-26 22:57:02,5007
15023,Book hotel,1970-04-26 22:57:03,5007
15024,Check plane,1970-04-26 22:57:04,5008
15025,Decide,1970-04-26 22:57:05,5008
15026,Book plane,1970-04-26 22:57:06,5008
15027,Check hotel,1970-04-26 22:57:07,5009
15028,Decide,1970-04-26 22:57:08,5009
15029,Book hotel,1970-04-26 22:57:09,5009
15030,Check plane,1970-04-26 22:57:10,5010
15031,Decide,1970-04-26 22:57:11,5010
15032,Book plane,1970-04-26 22:57:12,5010
15033,Check plane,1970-04-26 22:57:13,5011
15034,Decide,1970-04-26 22:57:14,5011
15035,Book hotel,1970-04-26 22:57:15,5011
15036,Check hotel,1970-04-26 22:57:16,5012
15037,Decide,1970-04-26 22:57:17,5012
15038,Book hotel,1970-04-26 22:57:18,5012
15039,Check plane,1970-04-26 22:57:19,5013
15040,Decide,1970-04-26 22:57:20,5013
15041,Book plane,1970-04-26 22:57:21,5013
15042,Check plane,1970-04-26 22:57:22,5014
15043,Decide,1970-04-26 22:57:23,5014
15044,Book hotel,1970-04-26 22:57:24,5014
15045,Check plane,1970-04-26 22:57:25,5015
15046,Decide,1970-04-26 22:57:26,5015
15047,Book plane,1970-04-26 22:57:27,5015
15048,Check plane,1970-04-26 22:57:28,5016
15049,Decide,1970-04-26 22:57:29,5016
15050,Book plane,1970-04-26 22:57:30,5016
15051,Check hotel,1970-04-26 22:57:31,5017
15052,Decide,1970-04-26 22:57:32,5017
15053,Book hotel,1970-04-26 22:57:33,5017
15054,Check plane,1970-04-26 22:57:34,5018
15055,Decide,1970-04-26 22:57:35,5018
15056,Book plane,1970-04-26 22:57:36,5018
15057,Check hotel,1970-04-26 22:57:37,5019
15058,Decide,1970-04-26 22:57:38,5019
15059,Book plane,1970-04-26 22:57:39,5019
15060,Check plane,1970-04-26 22:57:40,5020
15061,Decide,1970-04-26 22:57:41,5020
15062,Book hotel,1970-04-26 22:57:42,5020
15063,Check plane,1970-04-26 22:57:43,5021
15064,Decide,1970-04-26 22:57:44,5021
15065,Book hotel,1970-04-26 22:57:45,5021
15066,Check hotel,1970-04-26 22:57:46,5022
15067,Decide,1970-04-26 22:57:47,5022
15068,Book hotel,1970-04-26 22:57:48,5022
15069,Check plane,1970-04-26 22:57:49,5023
15070,Decide,1970-04-26 22:57:50,5023
15071,Book plane,1970-04-26 22:57:51,5023
15072,Check plane,1970-04-26 22:57:52,5024
15073,Decide,1970-04-26 22:57:53,5024
15074,Book plane,1970-04-26 22:57:54,5024
15075,Check plane,1970-04-26 22:57:55,5025
15076,Decide,1970-04-26 22:57:56,5025
15077,Book plane,1970-04-26 22:57:57,5025
15078,Check plane,1970-04-26 22:57:58,5026
15079,Decide,1970-04-26 22:57:59,5026
15080,Book plane,1970-04-26 22:58:00,5026
15081,Check hotel,1970-04-26 22:58:01,5027
15082,Decide,1970-04-26 22:58:02,5027
15083,Book plane,1970-04-26 22:58:03,5027
15084,Check hotel,1970-04-26 22:58:04,5028
15085,Decide,1970-04-26 22:58:05,5028
15086,Book hotel,1970-04-26 22:58:06,5028
15087,Check hotel,1970-04-26 22:58:07,5029
15088,Decide,1970-04-26 22:58:08,5029
15089,Book hotel,1970-04-26 22:58:09,5029
15090,Check hotel,1970-04-26 22:58:10,5030
15091,Decide,1970-04-26 22:58:11,5030
15092,Book hotel,1970-04-26 22:58:12,5030
15093,Check hotel,1970-04-26 22:58:13,5031
15094,Decide,1970-04-26 22:58:14,5031
15095,Book hotel,1970-04-26 22:58:15,5031
15096,Check plane,1970-04-26 22:58:16,5032
15097,Decide,1970-04-26 22:58:17,5032
15098,Book plane,1970-04-26 22:58:18,5032
15099,Check plane,1970-04-26 22:58:19,5033
15100,Decide,1970-04-26 22:58:20,5033
15101,Book plane,1970-04-26 22:58:21,5033
15102,Check hotel,1970-04-26 22:58:22,5034
15103,Decide,1970-04-26 22:58:23,5034
15104,Book hotel,1970-04-26 22:58:24,5034
15105,Check plane,1970-04-26 22:58:25,5035
15106,Decide,1970-04-26 22:58:26,5035
15107,Book plane,1970-04-26 22:58:27,5035
15108,Check plane,1970-04-26 22:58:28,5036
15109,Decide,1970-04-26 22:58:29,5036
15110,Book plane,1970-04-26 22:58:30,5036
15111,Check plane,1970-04-26 22:58:31,5037
15112,Decide,1970-04-26 22:58:32,5037
15113,Book plane,1970-04-26 22:58:33,5037
15114,Check plane,1970-04-26 22:58:34,5038
15115,Decide,1970-04-26 22:58:35,5038
15116,Book plane,1970-04-26 22:58:36,5038
15117,Check hotel,1970-04-26 22:58:37,5039
15118,Decide,1970-04-26 22:58:38,5039
15119,Book hotel,1970-04-26 22:58:39,5039
15120,Check plane,1970-04-26 22:58:40,5040
15121,Decide,1970-04-26 22:58:41,5040
15122,Book plane,1970-04-26 22:58:42,5040
15123,Check hotel,1970-04-26 22:58:43,5041
15124,Decide,1970-04-26 22:58:44,5041
15125,Book hotel,1970-04-26 22:58:45,5041
15126,Check plane,1970-04-26 22:58:46,5042
15127,Decide,1970-04-26 22:58:47,5042
15128,Book hotel,1970-04-26 22:58:48,5042
15129,Check hotel,1970-04-26 22:58:49,5043
15130,Decide,1970-04-26 22:58:50,5043
15131,Book plane,1970-04-26 22:58:51,5043
15132,Check hotel,1970-04-26 22:58:52,5044
15133,Decide,1970-04-26 22:58:53,5044
15134,Book hotel,1970-04-26 22:58:54,5044
15135,Check hotel,1970-04-26 22:58:55,5045
15136,Decide,1970-04-26 22:58:56,5045
15137,Book plane,1970-04-26 22:58:57,5045
15138,Check hotel,1970-04-26 22:58:58,5046
15139,Decide,1970-04-26 22:58:59,5046
15140,Book plane,1970-04-26 22:59:00,5046
15141,Check plane,1970-04-26 22:59:01,5047
15142,Decide,1970-04-26 22:59:02,5047
15143,Book plane,1970-04-26 22:59:03,5047
15144,Check plane,1970-04-26 22:59:04,5048
15145,Decide,1970-04-26 22:59:05,5048
15146,Book hotel,1970-04-26 22:59:06,5048
15147,Check plane,1970-04-26 22:59:07,5049
15148,Decide,1970-04-26 22:59:08,5049
15149,Book hotel,1970-04-26 22:59:09,5049
15150,Check plane,1970-04-26 22:59:10,5050
15151,Decide,1970-04-26 22:59:11,5050
15152,Book hotel,1970-04-26 22:59:12,5050
15153,Check hotel,1970-04-26 22:59:13,5051
15154,Decide,1970-04-26 22:59:14,5051
15155,Book plane,1970-04-26 22:59:15,5051
15156,Check plane,1970-04-26 22:59:16,5052
15157,Decide,1970-04-26 22:59:17,5052
15158,Book plane,1970-04-26 22:59:18,5052
15159,Check hotel,1970-04-26 22:59:19,5053
15160,Decide,1970-04-26 22:59:20,5053
15161,Book hotel,1970-04-26 22:59:21,5053
15162,Check hotel,1970-04-26 22:59:22,5054
15163,Decide,1970-04-26 22:59:23,5054
15164,Book hotel,1970-04-26 22:59:24,5054
15165,Check plane,1970-04-26 22:59:25,5055
15166,Decide,1970-04-26 22:59:26,5055
15167,Book hotel,1970-04-26 22:59:27,5055
15168,Check hotel,1970-04-26 22:59:28,5056
15169,Decide,1970-04-26 22:59:29,5056
15170,Book hotel,1970-04-26 22:59:30,5056
15171,Check hotel,1970-04-26 22:59:31,5057
15172,Decide,1970-04-26 22:59:32,5057
15173,Book plane,1970-04-26 22:59:33,5057
15174,Check plane,1970-04-26 22:59:34,5058
15175,Decide,1970-04-26 22:59:35,5058
15176,Book plane,1970-04-26 22:59:36,5058
15177,Check hotel,1970-04-26 22:59:37,5059
15178,Decide,1970-04-26 22:59:38,5059
15179,Book plane,1970-04-26 22:59:39,5059
15180,Check hotel,1970-04-26 22:59:40,5060
15181,Decide,1970-04-26 22:59:41,5060
15182,Book hotel,1970-04-26 22:59:42,5060
15183,Check plane,1970-04-26 22:59:43,5061
15184,Decide,1970-04-26 22:59:44,5061
15185,Book hotel,1970-04-26 22:59:45,5061
15186,Check plane,1970-04-26 22:59:46,5062
15187,Decide,1970-04-26 22:59:47,5062
15188,Book plane,1970-04-26 22:59:48,5062
15189,Check plane,1970-04-26 22:59:49,5063
15190,Decide,1970-04-26 22:59:50,5063
15191,Book hotel,1970-04-26 22:59:51,5063
15192,Check plane,1970-04-26 22:59:52,5064
15193,Decide,1970-04-26 22:59:53,5064
15194,Book hotel,1970-04-26 22:59:54,5064
15195,Check hotel,1970-04-26 22:59:55,5065
15196,Decide,1970-04-26 22:59:56,5065
15197,Book hotel,1970-04-26 22:59:57,5065
15198,Check plane,1970-04-26 22:59:58,5066
15199,Decide,1970-04-26 22:59:59,5066
15200,Book plane,1970-04-26 23:00:00,5066
15201,Check hotel,1970-04-26 23:00:01,5067
15202,Decide,1970-04-26 23:00:02,5067
15203,Book plane,1970-04-26 23:00:03,5067
15204,Check plane,1970-04-26 23:00:04,5068
15205,Decide,1970-04-26 23:00:05,5068
15206,Book plane,1970-04-26 23:00:06,5068
15207,Check plane,1970-04-26 23:00:07,5069
15208,Decide,1970-04-26 23:00:08,5069
15209,Book plane,1970-04-26 23:00:09,5069
15210,Check hotel,1970-04-26 23:00:10,5070
15211,Decide,1970-04-26 23:00:11,5070
15212,Book hotel,1970-04-26 23:00:12,5070
15213,Check hotel,1970-04-26 23:00:13,5071
15214,Decide,1970-04-26 23:00:14,5071
15215,Book hotel,1970-04-26 23:00:15,5071
15216,Check hotel,1970-04-26 23:00:16,5072
15217,Decide,1970-04-26 23:00:17,5072
15218,Book plane,1970-04-26 23:00:18,5072
15219,Check hotel,1970-04-26 23:00:19,5073
15220,Decide,1970-04-26 23:00:20,5073
15221,Book hotel,1970-04-26 23:00:21,5073
15222,Check hotel,1970-04-26 23:00:22,5074
15223,Decide,1970-04-26 23:00:23,5074
15224,Book hotel,1970-04-26 23:00:24,5074
15225,Check plane,1970-04-26 23:00:25,5075
15226,Decide,1970-04-26 23:00:26,5075
15227,Book hotel,1970-04-26 23:00:27,5075
15228,Check plane,1970-04-26 23:00:28,5076
15229,Decide,1970-04-26 23:00:29,5076
15230,Book hotel,1970-04-26 23:00:30,5076
15231,Check plane,1970-04-26 23:00:31,5077
15232,Decide,1970-04-26 23:00:32,5077
15233,Book hotel,1970-04-26 23:00:33,5077
15234,Check plane,1970-04-26 23:00:34,5078
15235,Decide,1970-04-26 23:00:35,5078
15236,Book hotel,1970-04-26 23:00:36,5078
15237,Check plane,1970-04-26 23:00:37,5079
15238,Decide,1970-04-26 23:00:38,5079
15239,Book plane,1970-04-26 23:00:39,5079
15240,Check plane,1970-04-26 23:00:40,5080
15241,Decide,1970-04-26 23:00:41,5080
15242,Book hotel,1970-04-26 23:00:42,5080
15243,Check plane,1970-04-26 23:00:43,5081
15244,Decide,1970-04-26 23:00:44,5081
15245,Book plane,1970-04-26 23:00:45,5081
15246,Check plane,1970-04-26 23:00:46,5082
15247,Decide,1970-04-26 23:00:47,5082
15248,Book hotel,1970-04-26 23:00:48,5082
15249,Check hotel,1970-04-26 23:00:49,5083
15250,Decide,1970-04-26 23:00:50,5083
15251,Book plane,1970-04-26 23:00:51,5083
15252,Check hotel,1970-04-26 23:00:52,5084
15253,Decide,1970-04-26 23:00:53,5084
15254,Book plane,1970-04-26 23:00:54,5084
15255,Check hotel,1970-04-26 23:00:55,5085
15256,Decide,1970-04-26 23:00:56,5085
15257,Book plane,1970-04-26 23:00:57,5085
15258,Check hotel,1970-04-26 23:00:58,5086
15259,Decide,1970-04-26 23:00:59,5086
15260,Book hotel,1970-04-26 23:01:00,5086
15261,Check plane,1970-04-26 23:01:01,5087
15262,Decide,1970-04-26 23:01:02,5087
15263,Book plane,1970-04-26 23:01:03,5087
15264,Check plane,1970-04-26 23:01:04,5088
15265,Decide,1970-04-26 23:01:05,5088
15266,Book plane,1970-04-26 23:01:06,5088
15267,Check plane,1970-04-26 23:01:07,5089
15268,Decide,1970-04-26 23:01:08,5089
15269,Book plane,1970-04-26 23:01:09,5089
15270,Check hotel,1970-04-26 23:01:10,5090
15271,Decide,1970-04-26 23:01:11,5090
15272,Book plane,1970-04-26 23:01:12,5090
15273,Check hotel,1970-04-26 23:01:13,5091
15274,Decide,1970-04-26 23:01:14,5091
15275,Book hotel,1970-04-26 23:01:15,5091
15276,Check hotel,1970-04-26 23:01:16,5092
15277,Decide,1970-04-26 23:01:17,5092
15278,Book hotel,1970-04-26 23:01:18,5092
15279,Check plane,1970-04-26 23:01:19,5093
15280,Decide,1970-04-26 23:01:20,5093
15281,Book hotel,1970-04-26 23:01:21,5093
15282,Check hotel,1970-04-26 23:01:22,5094
15283,Decide,1970-04-26 23:01:23,5094
15284,Book hotel,1970-04-26 23:01:24,5094
15285,Check hotel,1970-04-26 23:01:25,5095
15286,Decide,1970-04-26 23:01:26,5095
15287,Book plane,1970-04-26 23:01:27,5095
15288,Check hotel,1970-04-26 23:01:28,5096
15289,Decide,1970-04-26 23:01:29,5096
15290,Book hotel,1970-04-26 23:01:30,5096
15291,Check hotel,1970-04-26 23:01:31,5097
15292,Decide,1970-04-26 23:01:32,5097
15293,Book hotel,1970-04-26 23:01:33,5097
15294,Check hotel,1970-04-26 23:01:34,5098
15295,Decide,1970-04-26 23:01:35,5098
15296,Book plane,1970-04-26 23:01:36,5098
15297,Check hotel,1970-04-26 23:01:37,5099
15298,Decide,1970-04-26 23:01:38,5099
15299,Book plane,1970-04-26 23:01:39,5099
15300,Check plane,1970-04-26 23:01:40,5100
15301,Decide,1970-04-26 23:01:41,5100
15302,Book plane,1970-04-26 23:01:42,5100
15303,Check plane,1970-04-26 23:01:43,5101
15304,Decide,1970-04-26 23:01:44,5101
15305,Book plane,1970-04-26 23:01:45,5101
15306,Check plane,1970-04-26 23:01:46,5102
15307,Decide,1970-04-26 23:01:47,5102
15308,Book hotel,1970-04-26 23:01:48,5102
15309,Check hotel,1970-04-26 23:01:49,5103
15310,Decide,1970-04-26 23:01:50,5103
15311,Book hotel,1970-04-26 23:01:51,5103
15312,Check plane,1970-04-26 23:01:52,5104
15313,Decide,1970-04-26 23:01:53,5104
15314,Book plane,1970-04-26 23:01:54,5104
15315,Check hotel,1970-04-26 23:01:55,5105
15316,Decide,1970-04-26 23:01:56,5105
15317,Book plane,1970-04-26 23:01:57,5105
15318,Check hotel,1970-04-26 23:01:58,5106
15319,Decide,1970-04-26 23:01:59,5106
15320,Book hotel,1970-04-26 23:02:00,5106
15321,Check plane,1970-04-26 23:02:01,5107
15322,Decide,1970-04-26 23:02:02,5107
15323,Book plane,1970-04-26 23:02:03,5107
15324,Check plane,1970-04-26 23:02:04,5108
15325,Decide,1970-04-26 23:02:05,5108
15326,Book plane,1970-04-26 23:02:06,5108
15327,Check hotel,1970-04-26 23:02:07,5109
15328,Decide,1970-04-26 23:02:08,5109
15329,Book hotel,1970-04-26 23:02:09,5109
15330,Check hotel,1970-04-26 23:02:10,5110
15331,Decide,1970-04-26 23:02:11,5110
15332,Book hotel,1970-04-26 23:02:12,5110
15333,Check plane,1970-04-26 23:02:13,5111
15334,Decide,1970-04-26 23:02:14,5111
15335,Book hotel,1970-04-26 23:02:15,5111
15336,Check plane,1970-04-26 23:02:16,5112
15337,Decide,1970-04-26 23:02:17,5112
15338,Book hotel,1970-04-26 23:02:18,5112
15339,Check hotel,1970-04-26 23:02:19,5113
15340,Decide,1970-04-26 23:02:20,5113
15341,Book plane,1970-04-26 23:02:21,5113
15342,Check hotel,1970-04-26 23:02:22,5114
15343,Decide,1970-04-26 23:02:23,5114
15344,Book plane,1970-04-26 23:02:24,5114
15345,Check plane,1970-04-26 23:02:25,5115
15346,Decide,1970-04-26 23:02:26,5115
15347,Book plane,1970-04-26 23:02:27,5115
15348,Check hotel,1970-04-26 23:02:28,5116
15349,Decide,1970-04-26 23:02:29,5116
15350,Book plane,1970-04-26 23:02:30,5116
15351,Check plane,1970-04-26 23:02:31,5117
15352,Decide,1970-04-26 23:02:32,5117
15353,Book plane,1970-04-26 23:02:33,5117
15354,Check hotel,1970-04-26 23:02:34,5118
15355,Decide,1970-04-26 23:02:35,5118
15356,Book plane,1970-04-26 23:02:36,5118
15357,Check plane,1970-04-26 23:02:37,5119
15358,Decide,1970-04-26 23:02:38,5119
15359,Book plane,1970-04-26 23:02:39,5119
15360,Check plane,1970-04-26 23:02:40,5120
15361,Decide,1970-04-26 23:02:41,5120
15362,Book hotel,1970-04-26 23:02:42,5120
15363,Check hotel,1970-04-26 23:02:43,5121
15364,Decide,1970-04-26 23:02:44,5121
15365,Book plane,1970-04-26 23:02:45,5121
15366,Check hotel,1970-04-26 23:02:46,5122
15367,Decide,1970-04-26 23:02:47,5122
15368,Book hotel,1970-04-26 23:02:48,5122
15369,Check hotel,1970-04-26 23:02:49,5123
15370,Decide,1970-04-26 23:02:50,5123
15371,Book hotel,1970-04-26 23:02:51,5123
15372,Check plane,1970-04-26 23:02:52,5124
15373,Decide,1970-04-26 23:02:53,5124
15374,Book hotel,1970-04-26 23:02:54,5124
15375,Check plane,1970-04-26 23:02:55,5125
15376,Decide,1970-04-26 23:02:56,5125
15377,Book hotel,1970-04-26 23:02:57,5125
15378,Check plane,1970-04-26 23:02:58,5126
15379,Decide,1970-04-26 23:02:59,5126
15380,Book hotel,1970-04-26 23:03:00,5126
15381,Check plane,1970-04-26 23:03:01,5127
15382,Decide,1970-04-26 23:03:02,5127
15383,Book hotel,1970-04-26 23:03:03,5127
15384,Check hotel,1970-04-26 23:03:04,5128
15385,Decide,1970-04-26 23:03:05,5128
15386,Book hotel,1970-04-26 23:03:06,5128
15387,Check hotel,1970-04-26 23:03:07,5129
15388,Decide,1970-04-26 23:03:08,5129
15389,Book plane,1970-04-26 23:03:09,5129
15390,Check plane,1970-04-26 23:03:10,5130
15391,Decide,1970-04-26 23:03:11,5130
15392,Book plane,1970-04-26 23:03:12,5130
15393,Check hotel,1970-04-26 23:03:13,5131
15394,Decide,1970-04-26 23:03:14,5131
15395,Book plane,1970-04-26 23:03:15,5131
15396,Check hotel,1970-04-26 23:03:16,5132
15397,Decide,1970-04-26 23:03:17,5132
15398,Book plane,1970-04-26 23:03:18,5132
15399,Check hotel,1970-04-26 23:03:19,5133
15400,Decide,1970-04-26 23:03:20,5133
15401,Book hotel,1970-04-26 23:03:21,5133
15402,Check hotel,1970-04-26 23:03:22,5134
15403,Decide,1970-04-26 23:03:23,5134
15404,Book hotel,1970-04-26 23:03:24,5134
15405,Check plane,1970-04-26 23:03:25,5135
15406,Decide,1970-04-26 23:03:26,5135
15407,Book hotel,1970-04-26 23:03:27,5135
15408,Check plane,1970-04-26 23:03:28,5136
15409,Decide,1970-04-26 23:03:29,5136
15410,Book plane,1970-04-26 23:03:30,5136
15411,Check hotel,1970-04-26 23:03:31,5137
15412,Decide,1970-04-26 23:03:32,5137
15413,Book hotel,1970-04-26 23:03:33,5137
15414,Check hotel,1970-04-26 23:03:34,5138
15415,Decide,1970-04-26 23:03:35,5138
15416,Book hotel,1970-04-26 23:03:36,5138
15417,Check plane,1970-04-26 23:03:37,5139
15418,Decide,1970-04-26 23:03:38,5139
15419,Book hotel,1970-04-26 23:03:39,5139
15420,Check plane,1970-04-26 23:03:40,5140
15421,Decide,1970-04-26 23:03:41,5140
15422,Book plane,1970-04-26 23:03:42,5140
15423,Check hotel,1970-04-26 23:03:43,5141
15424,Decide,1970-04-26 23:03:44,5141
15425,Book plane,1970-04-26 23:03:45,5141
15426,Check hotel,1970-04-26 23:03:46,5142
15427,Decide,1970-04-26 23:03:47,5142
15428,Book plane,1970-04-26 23:03:48,5142
15429,Check plane,1970-04-26 23:03:49,5143
15430,Decide,1970-04-26 23:03:50,5143
15431,Book plane,1970-04-26 23:03:51,5143
15432,Check plane,1970-04-26 23:03:52,5144
15433,Decide,1970-04-26 23:03:53,5144
15434,Book plane,1970-04-26 23:03:54,5144
15435,Check plane,1970-04-26 23:03:55,5145
15436,Decide,1970-04-26 23:03:56,5145
15437,Book hotel,1970-04-26 23:03:57,5145
15438,Check hotel,1970-04-26 23:03:58,5146
15439,Decide,1970-04-26 23:03:59,5146
15440,Book plane,1970-04-26 23:04:00,5146
15441,Check plane,1970-04-26 23:04:01,5147
15442,Decide,1970-04-26 23:04:02,5147
15443,Book hotel,1970-04-26 23:04:03,5147
15444,Check hotel,1970-04-26 23:04:04,5148
15445,Decide,1970-04-26 23:04:05,5148
15446,Book plane,1970-04-26 23:04:06,5148
15447,Check hotel,1970-04-26 23:04:07,5149
15448,Decide,1970-04-26 23:04:08,5149
15449,Book hotel,1970-04-26 23:04:09,5149
15450,Check hotel,1970-04-26 23:04:10,5150
15451,Decide,1970-04-26 23:04:11,5150
15452,Book plane,1970-04-26 23:04:12,5150
15453,Check hotel,1970-04-26 23:04:13,5151
15454,Decide,1970-04-26 23:04:14,5151
15455,Book plane,1970-04-26 23:04:15,5151
15456,Check plane,1970-04-26 23:04:16,5152
15457,Decide,1970-04-26 23:04:17,5152
15458,Book hotel,1970-04-26 23:04:18,5152
15459,Check plane,1970-04-26 23:04:19,5153
15460,Decide,1970-04-26 23:04:20,5153
15461,Book plane,1970-04-26 23:04:21,5153
15462,Check plane,1970-04-26 23:04:22,5154
15463,Decide,1970-04-26 23:04:23,5154
15464,Book plane,1970-04-26 23:04:24,5154
15465,Check hotel,1970-04-26 23:04:25,5155
15466,Decide,1970-04-26 23:04:26,5155
15467,Book plane,1970-04-26 23:04:27,5155
15468,Check plane,1970-04-26 23:04:28,5156
15469,Decide,1970-04-26 23:04:29,5156
15470,Book plane,1970-04-26 23:04:30,5156
15471,Check plane,1970-04-26 23:04:31,5157
15472,Decide,1970-04-26 23:04:32,5157
15473,Book plane,1970-04-26 23:04:33,5157
15474,Check hotel,1970-04-26 23:04:34,5158
15475,Decide,1970-04-26 23:04:35,5158
15476,Book plane,1970-04-26 23:04:36,5158
15477,Check hotel,1970-04-26 23:04:37,5159
15478,Decide,1970-04-26 23:04:38,5159
15479,Book plane,1970-04-26 23:04:39,5159
15480,Check hotel,1970-04-26 23:04:40,5160
15481,Decide,1970-04-26 23:04:41,5160
15482,Book plane,1970-04-26 23:04:42,5160
15483,Check plane,1970-04-26 23:04:43,5161
15484,Decide,1970-04-26 23:04:44,5161
15485,Book plane,1970-04-26 23:04:45,5161
15486,Check hotel,1970-04-26 23:04:46,5162
15487,Decide,1970-04-26 23:04:47,5162
15488,Book plane,1970-04-26 23:04:48,5162
15489,Check hotel,1970-04-26 23:04:49,5163
15490,Decide,1970-04-26 23:04:50,5163
15491,Book plane,1970-04-26 23:04:51,5163
15492,Check hotel,1970-04-26 23:04:52,5164
15493,Decide,1970-04-26 23:04:53,5164
15494,Book plane,1970-04-26 23:04:54,5164
15495,Check hotel,1970-04-26 23:04:55,5165
15496,Decide,1970-04-26 23:04:56,5165
15497,Book plane,1970-04-26 23:04:57,5165
15498,Check hotel,1970-04-26 23:04:58,5166
15499,Decide,1970-04-26 23:04:59,5166
15500,Book hotel,1970-04-26 23:05:00,5166
15501,Check hotel,1970-04-26 23:05:01,5167
15502,Decide,1970-04-26 23:05:02,5167
15503,Book hotel,1970-04-26 23:05:03,5167
15504,Check plane,1970-04-26 23:05:04,5168
15505,Decide,1970-04-26 23:05:05,5168
15506,Book hotel,1970-04-26 23:05:06,5168
15507,Check plane,1970-04-26 23:05:07,5169
15508,Decide,1970-04-26 23:05:08,5169
15509,Book plane,1970-04-26 23:05:09,5169
15510,Check plane,1970-04-26 23:05:10,5170
15511,Decide,1970-04-26 23:05:11,5170
15512,Book hotel,1970-04-26 23:05:12,5170
15513,Check plane,1970-04-26 23:05:13,5171
15514,Decide,1970-04-26 23:05:14,5171
15515,Book hotel,1970-04-26 23:05:15,5171
15516,Check plane,1970-04-26 23:05:16,5172
15517,Decide,1970-04-26 23:05:17,5172
15518,Book hotel,1970-04-26 23:05:18,5172
15519,Check plane,1970-04-26 23:05:19,5173
15520,Decide,1970-04-26 23:05:20,5173
15521,Book hotel,1970-04-26 23:05:21,5173
15522,Check hotel,1970-04-26 23:05:22,5174
15523,Decide,1970-04-26 23:05:23,5174
15524,Book plane,1970-04-26 23:05:24,5174
15525,Check plane,1970-04-26 23:05:25,5175
15526,Decide,1970-04-26 23:05:26,5175
15527,Book plane,1970-04-26 23:05:27,5175
15528,Check hotel,1970-04-26 23:05:28,5176
15529,Decide,1970-04-26 23:05:29,5176
15530,Book plane,1970-04-26 23:05:30,5176
15531,Check plane,1970-04-26 23:05:31,5177
15532,Decide,1970-04-26 23:05:32,5177
15533,Book hotel,1970-04-26 23:05:33,5177
15534,Check hotel,1970-04-26 23:05:34,5178
15535,Decide,1970-04-26 23:05:35,5178
15536,Book hotel,1970-04-26 23:05:36,5178
15537,Check plane,1970-04-26 23:05:37,5179
15538,Decide,1970-04-26 23:05:38,5179
15539,Book plane,1970-04-26 23:05:39,5179
15540,Check hotel,1970-04-26 23:05:40,5180
15541,Decide,1970-04-26 23:05:41,5180
15542,Book hotel,1970-04-26 23:05:42,5180
15543,Check hotel,1970-04-26 23:05:43,5181
15544,Decide,1970-04-26 23:05:44,5181
15545,Book plane,1970-04-26 23:05:45,5181
15546,Check plane,1970-04-26 23:05:46,5182
15547,Decide,1970-04-26 23:05:47,5182
15548,Book hotel,1970-04-26 23:05:48,5182
15549,Check plane,1970-04-26 23:05:49,5183
15550,Decide,1970-04-26 23:05:50,5183
15551,Book plane,1970-04-26 23:05:51,5183
15552,Check plane,1970-04-26 23:05:52,5184
15553,Decide,1970-04-26 23:05:53,5184
15554,Book hotel,1970-04-26 23:05:54,5184
15555,Check plane,1970-04-26 23:05:55,5185
15556,Decide,1970-04-26 23:05:56,5185
15557,Book hotel,1970-04-26 23:05:57,5185
15558,Check hotel,1970-04-26 23:05:58,5186
15559,Decide,1970-04-26 23:05:59,5186
15560,Book hotel,1970-04-26 23:06:00,5186
15561,Check plane,1970-04-26 23:06:01,5187
15562,Decide,1970-04-26 23:06:02,5187
15563,Book plane,1970-04-26 23:06:03,5187
15564,Check plane,1970-04-26 23:06:04,5188
15565,Decide,1970-04-26 23:06:05,5188
15566,Book hotel,1970-04-26 23:06:06,5188
15567,Check plane,1970-04-26 23:06:07,5189
15568,Decide,1970-04-26 23:06:08,5189
15569,Book plane,1970-04-26 23:06:09,5189
15570,Check hotel,1970-04-26 23:06:10,5190
15571,Decide,1970-04-26 23:06:11,5190
15572,Book plane,1970-04-26 23:06:12,5190
15573,Check plane,1970-04-26 23:06:13,5191
15574,Decide,1970-04-26 23:06:14,5191
15575,Book hotel,1970-04-26 23:06:15,5191
15576,Check plane,1970-04-26 23:06:16,5192
15577,Decide,1970-04-26 23:06:17,5192
15578,Book hotel,1970-04-26 23:06:18,5192
15579,Check plane,1970-04-26 23:06:19,5193
15580,Decide,1970-04-26 23:06:20,5193
15581,Book hotel,1970-04-26 23:06:21,5193
15582,Check plane,1970-04-26 23:06:22,5194
15583,Decide,1970-04-26 23:06:23,5194
15584,Book plane,1970-04-26 23:06:24,5194
15585,Check plane,1970-04-26 23:06:25,5195
15586,Decide,1970-04-26 23:06:26,5195
15587,Book plane,1970-04-26 23:06:27,5195
15588,Check plane,1970-04-26 23:06:28,5196
15589,Decide,1970-04-26 23:06:29,5196
15590,Book plane,1970-04-26 23:06:30,5196
15591,Check plane,1970-04-26 23:06:31,5197
15592,Decide,1970-04-26 23:06:32,5197
15593,Book plane,1970-04-26 23:06:33,5197
15594,Check hotel,1970-04-26 23:06:34,5198
15595,Decide,1970-04-26 23:06:35,5198
15596,Book hotel,1970-04-26 23:06:36,5198
15597,Check plane,1970-04-26 23:06:37,5199
15598,Decide,1970-04-26 23:06:38,5199
15599,Book plane,1970-04-26 23:06:39,5199
15600,Check plane,1970-04-26 23:06:40,5200
15601,Decide,1970-04-26 23:06:41,5200
15602,Book hotel,1970-04-26 23:06:42,5200
15603,Check plane,1970-04-26 23:06:43,5201
15604,Decide,1970-04-26 23:06:44,5201
15605,Book hotel,1970-04-26 23:06:45,5201
15606,Check hotel,1970-04-26 23:06:46,5202
15607,Decide,1970-04-26 23:06:47,5202
15608,Book hotel,1970-04-26 23:06:48,5202
15609,Check hotel,1970-04-26 23:06:49,5203
15610,Decide,1970-04-26 23:06:50,5203
15611,Book hotel,1970-04-26 23:06:51,5203
15612,Check plane,1970-04-26 23:06:52,5204
15613,Decide,1970-04-26 23:06:53,5204
15614,Book plane,1970-04-26 23:06:54,5204
15615,Check hotel,1970-04-26 23:06:55,5205
15616,Decide,1970-04-26 23:06:56,5205
15617,Book hotel,1970-04-26 23:06:57,5205
15618,Check plane,1970-04-26 23:06:58,5206
15619,Decide,1970-04-26 23:06:59,5206
15620,Book plane,1970-04-26 23:07:00,5206
15621,Check hotel,1970-04-26 23:07:01,5207
15622,Decide,1970-04-26 23:07:02,5207
15623,Book plane,1970-04-26 23:07:03,5207
15624,Check hotel,1970-04-26 23:07:04,5208
15625,Decide,1970-04-26 23:07:05,5208
15626,Book plane,1970-04-26 23:07:06,5208
15627,Check plane,1970-04-26 23:07:07,5209
15628,Decide,1970-04-26 23:07:08,5209
15629,Book plane,1970-04-26 23:07:09,5209
15630,Check plane,1970-04-26 23:07:10,5210
15631,Decide,1970-04-26 23:07:11,5210
15632,Book hotel,1970-04-26 23:07:12,5210
15633,Check hotel,1970-04-26 23:07:13,5211
15634,Decide,1970-04-26 23:07:14,5211
15635,Book plane,1970-04-26 23:07:15,5211
15636,Check plane,1970-04-26 23:07:16,5212
15637,Decide,1970-04-26 23:07:17,5212
15638,Book plane,1970-04-26 23:07:18,5212
15639,Check plane,1970-04-26 23:07:19,5213
15640,Decide,1970-04-26 23:07:20,5213
15641,Book hotel,1970-04-26 23:07:21,5213
15642,Check hotel,1970-04-26 23:07:22,5214
15643,Decide,1970-04-26 23:07:23,5214
15644,Book hotel,1970-04-26 23:07:24,5214
15645,Check hotel,1970-04-26 23:07:25,5215
15646,Decide,1970-04-26 23:07:26,5215
15647,Book hotel,1970-04-26 23:07:27,5215
15648,Check hotel,1970-04-26 23:07:28,5216
15649,Decide,1970-04-26 23:07:29,5216
15650,Book hotel,1970-04-26 23:07:30,5216
15651,Check hotel,1970-04-26 23:07:31,5217
15652,Decide,1970-04-26 23:07:32,5217
15653,Book plane,1970-04-26 23:07:33,5217
15654,Check plane,1970-04-26 23:07:34,5218
15655,Decide,1970-04-26 23:07:35,5218
15656,Book plane,1970-04-26 23:07:36,5218
15657,Check hotel,1970-04-26 23:07:37,5219
15658,Decide,1970-04-26 23:07:38,5219
15659,Book plane,1970-04-26 23:07:39,5219
15660,Check hotel,1970-04-26 23:07:40,5220
15661,Decide,1970-04-26 23:07:41,5220
15662,Book hotel,1970-04-26 23:07:42,5220
15663,Check hotel,1970-04-26 23:07:43,5221
15664,Decide,1970-04-26 23:07:44,5221
15665,Book plane,1970-04-26 23:07:45,5221
15666,Check plane,1970-04-26 23:07:46,5222
15667,Decide,1970-04-26 23:07:47,5222
15668,Book plane,1970-04-26 23:07:48,5222
15669,Check hotel,1970-04-26 23:07:49,5223
15670,Decide,1970-04-26 23:07:50,5223
15671,Book plane,1970-04-26 23:07:51,5223
15672,Check plane,1970-04-26 23:07:52,5224
15673,Decide,1970-04-26 23:07:53,5224
15674,Book plane,1970-04-26 23:07:54,5224
15675,Check hotel,1970-04-26 23:07:55,5225
15676,Decide,1970-04-26 23:07:56,5225
15677,Book plane,1970-04-26 23:07:57,5225
15678,Check hotel,1970-04-26 23:07:58,5226
15679,Decide,1970-04-26 23:07:59,5226
15680,Book hotel,1970-04-26 23:08:00,5226
15681,Check plane,1970-04-26 23:08:01,5227
15682,Decide,1970-04-26 23:08:02,5227
15683,Book hotel,1970-04-26 23:08:03,5227
15684,Check plane,1970-04-26 23:08:04,5228
15685,Decide,1970-04-26 23:08:05,5228
15686,Book hotel,1970-04-26 23:08:06,5228
15687,Check plane,1970-04-26 23:08:07,5229
15688,Decide,1970-04-26 23:08:08,5229
15689,Book plane,1970-04-26 23:08:09,5229
15690,Check plane,1970-04-26 23:08:10,5230
15691,Decide,1970-04-26 23:08:11,5230
15692,Book plane,1970-04-26 23:08:12,5230
15693,Check plane,1970-04-26 23:08:13,5231
15694,Decide,1970-04-26 23:08:14,5231
15695,Book plane,1970-04-26 23:08:15,5231
15696,Check plane,1970-04-26 23:08:16,5232
15697,Decide,1970-04-26 23:08:17,5232
15698,Book plane,1970-04-26 23:08:18,5232
15699,Check hotel,1970-04-26 23:08:19,5233
15700,Decide,1970-04-26 23:08:20,5233
15701,Book hotel,1970-04-26 23:08:21,5233
15702,Check hotel,1970-04-26 23:08:22,5234
15703,Decide,1970-04-26 23:08:23,5234
15704,Book hotel,1970-04-26 23:08:24,5234
15705,Check hotel,1970-04-26 23:08:25,5235
15706,Decide,1970-04-26 23:08:26,5235
15707,Book hotel,1970-04-26 23:08:27,5235
15708,Check plane,1970-04-26 23:08:28,5236
15709,Decide,1970-04-26 23:08:29,5236
15710,Book plane,1970-04-26 23:08:30,5236
15711,Check hotel,1970-04-26 23:08:31,5237
15712,Decide,1970-04-26 23:08:32,5237
15713,Book hotel,1970-04-26 23:08:33,5237
15714,Check plane,1970-04-26 23:08:34,5238
15715,Decide,1970-04-26 23:08:35,5238
15716,Book plane,1970-04-26 23:08:36,5238
15717,Check hotel,1970-04-26 23:08:37,5239
15718,Decide,1970-04-26 23:08:38,5239
15719,Book hotel,1970-04-26 23:08:39,5239
15720,Check plane,1970-04-26 23:08:40,5240
15721,Decide,1970-04-26 23:08:41,5240
15722,Book hotel,1970-04-26 23:08:42,5240
15723,Check plane,1970-04-26 23:08:43,5241
15724,Decide,1970-04-26 23:08:44,5241
15725,Book plane,1970-04-26 23:08:45,5241
15726,Check hotel,1970-04-26 23:08:46,5242
15727,Decide,1970-04-26 23:08:47,5242
15728,Book plane,1970-04-26 23:08:48,5242
15729,Check plane,1970-04-26 23:08:49,5243
15730,Decide,1970-04-26 23:08:50,5243
15731,Book plane,1970-04-26 23:08:51,5243
15732,Check hotel,1970-04-26 23:08:52,5244
15733,Decide,1970-04-26 23:08:53,5244
15734,Book plane,1970-04-26 23:08:54,5244
15735,Check plane,1970-04-26 23:08:55,5245
15736,Decide,1970-04-26 23:08:56,5245
15737,Book hotel,1970-04-26 23:08:57,5245
15738,Check hotel,1970-04-26 23:08:58,5246
15739,Decide,1970-04-26 23:08:59,5246
15740,Book plane,1970-04-26 23:09:00,5246
15741,Check hotel,1970-04-26 23:09:01,5247
15742,Decide,1970-04-26 23:09:02,5247
15743,Book plane,1970-04-26 23:09:03,5247
15744,Check plane,1970-04-26 23:09:04,5248
15745,Decide,1970-04-26 23:09:05,5248
15746,Book hotel,1970-04-26 23:09:06,5248
15747,Check hotel,1970-04-26 23:09:07,5249
15748,Decide,1970-04-26 23:09:08,5249
15749,Book plane,1970-04-26 23:09:09,5249
15750,Check plane,1970-04-26 23:09:10,5250
15751,Decide,1970-04-26 23:09:11,5250
15752,Book plane,1970-04-26 23:09:12,5250
15753,Check plane,1970-04-26 23:09:13,5251
15754,Decide,1970-04-26 23:09:14,5251
15755,Book plane,1970-04-26 23:09:15,5251
15756,Check plane,1970-04-26 23:09:16,5252
15757,Decide,1970-04-26 23:09:17,5252
15758,Book plane,1970-04-26 23:09:18,5252
15759,Check plane,1970-04-26 23:09:19,5253
15760,Decide,1970-04-26 23:09:20,5253
15761,Book plane,1970-04-26 23:09:21,5253
15762,Check hotel,1970-04-26 23:09:22,5254
15763,Decide,1970-04-26 23:09:23,5254
15764,Book plane,1970-04-26 23:09:24,5254
15765,Check plane,1970-04-26 23:09:25,5255
15766,Decide,1970-04-26 23:09:26,5255
15767,Book plane,1970-04-26 23:09:27,5255
15768,Check hotel,1970-04-26 23:09:28,5256
15769,Decide,1970-04-26 23:09:29,5256
15770,Book hotel,1970-04-26 23:09:30,5256
15771,Check hotel,1970-04-26 23:09:31,5257
15772,Decide,1970-04-26 23:09:32,5257
15773,Book plane,1970-04-26 23:09:33,5257
15774,Check hotel,1970-04-26 23:09:34,5258
15775,Decide,1970-04-26 23:09:35,5258
15776,Book hotel,1970-04-26 23:09:36,5258
15777,Check plane,1970-04-26 23:09:37,5259
15778,Decide,1970-04-26 23:09:38,5259
15779,Book hotel,1970-04-26 23:09:39,5259
15780,Check plane,1970-04-26 23:09:40,5260
15781,Decide,1970-04-26 23:09:41,5260
15782,Book plane,1970-04-26 23:09:42,5260
15783,Check hotel,1970-04-26 23:09:43,5261
15784,Decide,1970-04-26 23:09:44,5261
15785,Book hotel,1970-04-26 23:09:45,5261
15786,Check hotel,1970-04-26 23:09:46,5262
15787,Decide,1970-04-26 23:09:47,5262
15788,Book plane,1970-04-26 23:09:48,5262
15789,Check hotel,1970-04-26 23:09:49,5263
15790,Decide,1970-04-26 23:09:50,5263
15791,Book hotel,1970-04-26 23:09:51,5263
15792,Check hotel,1970-04-26 23:09:52,5264
15793,Decide,1970-04-26 23:09:53,5264
15794,Book hotel,1970-04-26 23:09:54,5264
15795,Check plane,1970-04-26 23:09:55,5265
15796,Decide,1970-04-26 23:09:56,5265
15797,Book hotel,1970-04-26 23:09:57,5265
15798,Check plane,1970-04-26 23:09:58,5266
15799,Decide,1970-04-26 23:09:59,5266
15800,Book hotel,1970-04-26 23:10:00,5266
15801,Check plane,1970-04-26 23:10:01,5267
15802,Decide,1970-04-26 23:10:02,5267
15803,Book plane,1970-04-26 23:10:03,5267
15804,Check hotel,1970-04-26 23:10:04,5268
15805,Decide,1970-04-26 23:10:05,5268
15806,Book plane,1970-04-26 23:10:06,5268
15807,Check hotel,1970-04-26 23:10:07,5269
15808,Decide,1970-04-26 23:10:08,5269
15809,Book plane,1970-04-26 23:10:09,5269
15810,Check plane,1970-04-26 23:10:10,5270
15811,Decide,1970-04-26 23:10:11,5270
15812,Book hotel,1970-04-26 23:10:12,5270
15813,Check hotel,1970-04-26 23:10:13,5271
15814,Decide,1970-04-26 23:10:14,5271
15815,Book hotel,1970-04-26 23:10:15,5271
15816,Check plane,1970-04-26 23:10:16,5272
15817,Decide,1970-04-26 23:10:17,5272
15818,Book hotel,1970-04-26 23:10:18,5272
15819,Check hotel,1970-04-26 23:10:19,5273
15820,Decide,1970-04-26 23:10:20,5273
15821,Book hotel,1970-04-26 23:10:21,5273
15822,Check hotel,1970-04-26 23:10:22,5274
15823,Decide,1970-04-26 23:10:23,5274
15824,Book hotel,1970-04-26 23:10:24,5274
15825,Check hotel,1970-04-26 23:10:25,5275
15826,Decide,1970-04-26 23:10:26,5275
15827,Book plane,1970-04-26 23:10:27,5275
15828,Check hotel,1970-04-26 23:10:28,5276
15829,Decide,1970-04-26 23:10:29,5276
15830,Book plane,1970-04-26 23:10:30,5276
15831,Check plane,1970-04-26 23:10:31,5277
15832,Decide,1970-04-26 23:10:32,5277
15833,Book plane,1970-04-26 23:10:33,5277
15834,Check hotel,1970-04-26 23:10:34,5278
15835,Decide,1970-04-26 23:10:35,5278
15836,Book hotel,1970-04-26 23:10:36,5278
15837,Check hotel,1970-04-26 23:10:37,5279
15838,Decide,1970-04-26 23:10:38,5279
15839,Book plane,1970-04-26 23:10:39,5279
15840,Check hotel,1970-04-26 23:10:40,5280
15841,Decide,1970-04-26 23:10:41,5280
15842,Book plane,1970-04-26 23:10:42,5280
15843,Check hotel,1970-04-26 23:10:43,5281
15844,Decide,1970-04-26 23:10:44,5281
15845,Book plane,1970-04-26 23:10:45,5281
15846,Check hotel,1970-04-26 23:10:46,5282
15847,Decide,1970-04-26 23:10:47,5282
15848,Book plane,1970-04-26 23:10:48,5282
15849,Check plane,1970-04-26 23:10:49,5283
15850,Decide,1970-04-26 23:10:50,5283
15851,Book hotel,1970-04-26 23:10:51,5283
15852,Check plane,1970-04-26 23:10:52,5284
15853,Decide,1970-04-26 23:10:53,5284
15854,Book hotel,1970-04-26 23:10:54,5284
15855,Check hotel,1970-04-26 23:10:55,5285
15856,Decide,1970-04-26 23:10:56,5285
15857,Book hotel,1970-04-26 23:10:57,5285
15858,Check plane,1970-04-26 23:10:58,5286
15859,Decide,1970-04-26 23:10:59,5286
15860,Book plane,1970-04-26 23:11:00,5286
15861,Check plane,1970-04-26 23:11:01,5287
15862,Decide,1970-04-26 23:11:02,5287
15863,Book hotel,1970-04-26 23:11:03,5287
15864,Check plane,1970-04-26 23:11:04,5288
15865,Decide,1970-04-26 23:11:05,5288
15866,Book hotel,1970-04-26 23:11:06,5288
15867,Check hotel,1970-04-26 23:11:07,5289
15868,Decide,1970-04-26 23:11:08,5289
15869,Book hotel,1970-04-26 23:11:09,5289
15870,Check plane,1970-04-26 23:11:10,5290
15871,Decide,1970-04-26 23:11:11,5290
15872,Book plane,1970-04-26 23:11:12,5290
15873,Check hotel,1970-04-26 23:11:13,5291
15874,Decide,1970-04-26 23:11:14,5291
15875,Book hotel,1970-04-26 23:11:15,5291
15876,Check plane,1970-04-26 23:11:16,5292
15877,Decide,1970-04-26 23:11:17,5292
15878,Book plane,1970-04-26 23:11:18,5292
15879,Check plane,1970-04-26 23:11:19,5293
15880,Decide,1970-04-26 23:11:20,5293
15881,Book hotel,1970-04-26 23:11:21,5293
15882,Check plane,1970-04-26 23:11:22,5294
15883,Decide,1970-04-26 23:11:23,5294
15884,Book plane,1970-04-26 23:11:24,5294
15885,Check plane,1970-04-26 23:11:25,5295
15886,Decide,1970-04-26 23:11:26,5295
15887,Book hotel,1970-04-26 23:11:27,5295
15888,Check plane,1970-04-26 23:11:28,5296
15889,Decide,1970-04-26 23:11:29,5296
15890,Book plane,1970-04-26 23:11:30,5296
15891,Check plane,1970-04-26 23:11:31,5297
15892,Decide,1970-04-26 23:11:32,5297
15893,Book hotel,1970-04-26 23:11:33,5297
15894,Check hotel,1970-04-26 23:11:34,5298
15895,Decide,1970-04-26 23:11:35,5298
15896,Book plane,1970-04-26 23:11:36,5298
15897,Check plane,1970-04-26 23:11:37,5299
15898,Decide,1970-04-26 23:11:38,5299
15899,Book hotel,1970-04-26 23:11:39,5299
15900,Check hotel,1970-04-26 23:11:40,5300
15901,Decide,1970-04-26 23:11:41,5300
15902,Book hotel,1970-04-26 23:11:42,5300
15903,Check plane,1970-04-26 23:11:43,5301
15904,Decide,1970-04-26 23:11:44,5301
15905,Book plane,1970-04-26 23:11:45,5301
15906,Check plane,1970-04-26 23:11:46,5302
15907,Decide,1970-04-26 23:11:47,5302
15908,Book hotel,1970-04-26 23:11:48,5302
15909,Check plane,1970-04-26 23:11:49,5303
15910,Decide,1970-04-26 23:11:50,5303
15911,Book hotel,1970-04-26 23:11:51,5303
15912,Check plane,1970-04-26 23:11:52,5304
15913,Decide,1970-04-26 23:11:53,5304
15914,Book hotel,1970-04-26 23:11:54,5304
15915,Check hotel,1970-04-26 23:11:55,5305
15916,Decide,1970-04-26 23:11:56,5305
15917,Book hotel,1970-04-26 23:11:57,5305
15918,Check plane,1970-04-26 23:11:58,5306
15919,Decide,1970-04-26 23:11:59,5306
15920,Book plane,1970-04-26 23:12:00,5306
15921,Check plane,1970-04-26 23:12:01,5307
15922,Decide,1970-04-26 23:12:02,5307
15923,Book plane,1970-04-26 23:12:03,5307
15924,Check plane,1970-04-26 23:12:04,5308
15925,Decide,1970-04-26 23:12:05,5308
15926,Book hotel,1970-04-26 23:12:06,5308
15927,Check hotel,1970-04-26 23:12:07,5309
15928,Decide,1970-04-26 23:12:08,5309
15929,Book plane,1970-04-26 23:12:09,5309
15930,Check hotel,1970-04-26 23:12:10,5310
15931,Decide,1970-04-26 23:12:11,5310
15932,Book plane,1970-04-26 23:12:12,5310
15933,Check plane,1970-04-26 23:12:13,5311
15934,Decide,1970-04-26 23:12:14,5311
15935,Book hotel,1970-04-26 23:12:15,5311
15936,Check plane,1970-04-26 23:12:16,5312
15937,Decide,1970-04-26 23:12:17,5312
15938,Book hotel,1970-04-26 23:12:18,5312
15939,Check plane,1970-04-26 23:12:19,5313
15940,Decide,1970-04-26 23:12:20,5313
15941,Book hotel,1970-04-26 23:12:21,5313
15942,Check hotel,1970-04-26 23:12:22,5314
15943,Decide,1970-04-26 23:12:23,5314
15944,Book hotel,1970-04-26 23:12:24,5314
15945,Check plane,1970-04-26 23:12:25,5315
15946,Decide,1970-04-26 23:12:26,5315
15947,Book plane,1970-04-26 23:12:27,5315
15948,Check plane,1970-04-26 23:12:28,5316
15949,Decide,1970-04-26 23:12:29,5316
15950,Book hotel,1970-04-26 23:12:30,5316
15951,Check plane,1970-04-26 23:12:31,5317
15952,Decide,1970-04-26 23:12:32,5317
15953,Book hotel,1970-04-26 23:12:33,5317
15954,Check plane,1970-04-26 23:12:34,5318
15955,Decide,1970-04-26 23:12:35,5318
15956,Book plane,1970-04-26 23:12:36,5318
15957,Check hotel,1970-04-26 23:12:37,5319
15958,Decide,1970-04-26 23:12:38,5319
15959,Book plane,1970-04-26 23:12:39,5319
15960,Check hotel,1970-04-26 23:12:40,5320
15961,Decide,1970-04-26 23:12:41,5320
15962,Book plane,1970-04-26 23:12:42,5320
15963,Check plane,1970-04-26 23:12:43,5321
15964,Decide,1970-04-26 23:12:44,5321
15965,Book plane,1970-04-26 23:12:45,5321
15966,Check hotel,1970-04-26 23:12:46,5322
15967,Decide,1970-04-26 23:12:47,5322
15968,Book hotel,1970-04-26 23:12:48,5322
15969,Check plane,1970-04-26 23:12:49,5323
15970,Decide,1970-04-26 23:12:50,5323
15971,Book hotel,1970-04-26 23:12:51,5323
15972,Check hotel,1970-04-26 23:12:52,5324
15973,Decide,1970-04-26 23:12:53,5324
15974,Book plane,1970-04-26 23:12:54,5324
15975,Check plane,1970-04-26 23:12:55,5325
15976,Decide,1970-04-26 23:12:56,5325
15977,Book hotel,1970-04-26 23:12:57,5325
15978,Check hotel,1970-04-26 23:12:58,5326
15979,Decide,1970-04-26 23:12:59,5326
15980,Book plane,1970-04-26 23:13:00,5326
15981,Check hotel,1970-04-26 23:13:01,5327
15982,Decide,1970-04-26 23:13:02,5327
15983,Book plane,1970-04-26 23:13:03,5327
15984,Check hotel,1970-04-26 23:13:04,5328
15985,Decide,1970-04-26 23:13:05,5328
15986,Book hotel,1970-04-26 23:13:06,5328
15987,Check plane,1970-04-26 23:13:07,5329
15988,Decide,1970-04-26 23:13:08,5329
15989,Book plane,1970-04-26 23:13:09,5329
15990,Check plane,1970-04-26 23:13:10,5330
15991,Decide,1970-04-26 23:13:11,5330
15992,Book hotel,1970-04-26 23:13:12,5330
15993,Check hotel,1970-04-26 23:13:13,5331
15994,Decide,1970-04-26 23:13:14,5331
15995,Book plane,1970-04-26 23:13:15,5331
15996,Check hotel,1970-04-26 23:13:16,5332
15997,Decide,1970-04-26 23:13:17,5332
15998,Book plane,1970-04-26 23:13:18,5332
15999,Check plane,1970-04-26 23:13:19,5333
16000,Decide,1970-04-26 23:13:20,5333
16001,Book plane,1970-04-26 23:13:21,5333
16002,Check hotel,1970-04-26 23:13:22,5334
16003,Decide,1970-04-26 23:13:23,5334
16004,Book plane,1970-04-26 23:13:24,5334
16005,Check hotel,1970-04-26 23:13:25,5335
16006,Decide,1970-04-26 23:13:26,5335
16007,Book plane,1970-04-26 23:13:27,5335
16008,Check hotel,1970-04-26 23:13:28,5336
16009,Decide,1970-04-26 23:13:29,5336
16010,Book plane,1970-04-26 23:13:30,5336
16011,Check plane,1970-04-26 23:13:31,5337
16012,Decide,1970-04-26 23:13:32,5337
16013,Book plane,1970-04-26 23:13:33,5337
16014,Check plane,1970-04-26 23:13:34,5338
16015,Decide,1970-04-26 23:13:35,5338
16016,Book hotel,1970-04-26 23:13:36,5338
16017,Check hotel,1970-04-26 23:13:37,5339
16018,Decide,1970-04-26 23:13:38,5339
16019,Book plane,1970-04-26 23:13:39,5339
16020,Check plane,1970-04-26 23:13:40,5340
16021,Decide,1970-04-26 23:13:41,5340
16022,Book hotel,1970-04-26 23:13:42,5340
16023,Check hotel,1970-04-26 23:13:43,5341
16024,Decide,1970-04-26 23:13:44,5341
16025,Book hotel,1970-04-26 23:13:45,5341
16026,Check hotel,1970-04-26 23:13:46,5342
16027,Decide,1970-04-26 23:13:47,5342
16028,Book hotel,1970-04-26 23:13:48,5342
16029,Check plane,1970-04-26 23:13:49,5343
16030,Decide,1970-04-26 23:13:50,5343
16031,Book hotel,1970-04-26 23:13:51,5343
16032,Check plane,1970-04-26 23:13:52,5344
16033,Decide,1970-04-26 23:13:53,5344
16034,Book plane,1970-04-26 23:13:54,5344
16035,Check plane,1970-04-26 23:13:55,5345
16036,Decide,1970-04-26 23:13:56,5345
16037,Book plane,1970-04-26 23:13:57,5345
16038,Check plane,1970-04-26 23:13:58,5346
16039,Decide,1970-04-26 23:13:59,5346
16040,Book hotel,1970-04-26 23:14:00,5346
16041,Check hotel,1970-04-26 23:14:01,5347
16042,Decide,1970-04-26 23:14:02,5347
16043,Book hotel,1970-04-26 23:14:03,5347
16044,Check plane,1970-04-26 23:14:04,5348
16045,Decide,1970-04-26 23:14:05,5348
16046,Book plane,1970-04-26 23:14:06,5348
16047,Check plane,1970-04-26 23:14:07,5349
16048,Decide,1970-04-26 23:14:08,5349
16049,Book hotel,1970-04-26 23:14:09,5349
16050,Check hotel,1970-04-26 23:14:10,5350
16051,Decide,1970-04-26 23:14:11,5350
16052,Book plane,1970-04-26 23:14:12,5350
16053,Check plane,1970-04-26 23:14:13,5351
16054,Decide,1970-04-26 23:14:14,5351
16055,Book hotel,1970-04-26 23:14:15,5351
16056,Check plane,1970-04-26 23:14:16,5352
16057,Decide,1970-04-26 23:14:17,5352
16058,Book plane,1970-04-26 23:14:18,5352
16059,Check hotel,1970-04-26 23:14:19,5353
16060,Decide,1970-04-26 23:14:20,5353
16061,Book hotel,1970-04-26 23:14:21,5353
16062,Check plane,1970-04-26 23:14:22,5354
16063,Decide,1970-04-26 23:14:23,5354
16064,Book hotel,1970-04-26 23:14:24,5354
16065,Check hotel,1970-04-26 23:14:25,5355
16066,Decide,1970-04-26 23:14:26,5355
16067,Book plane,1970-04-26 23:14:27,5355
16068,Check plane,1970-04-26 23:14:28,5356
16069,Decide,1970-04-26 23:14:29,5356
16070,Book plane,1970-04-26 23:14:30,5356
16071,Check plane,1970-04-26 23:14:31,5357
16072,Decide,1970-04-26 23:14:32,5357
16073,Book plane,1970-04-26 23:14:33,5357
16074,Check plane,1970-04-26 23:14:34,5358
16075,Decide,1970-04-26 23:14:35,5358
16076,Book plane,1970-04-26 23:14:36,5358
16077,Check plane,1970-04-26 23:14:37,5359
16078,Decide,1970-04-26 23:14:38,5359
16079,Book hotel,1970-04-26 23:14:39,5359
16080,Check plane,1970-04-26 23:14:40,5360
16081,Decide,1970-04-26 23:14:41,5360
16082,Book hotel,1970-04-26 23:14:42,5360
16083,Check plane,1970-04-26 23:14:43,5361
16084,Decide,1970-04-26 23:14:44,5361
16085,Book hotel,1970-04-26 23:14:45,5361
16086,Check hotel,1970-04-26 23:14:46,5362
16087,Decide,1970-04-26 23:14:47,5362
16088,Book plane,1970-04-26 23:14:48,5362
16089,Check plane,1970-04-26 23:14:49,5363
16090,Decide,1970-04-26 23:14:50,5363
16091,Book plane,1970-04-26 23:14:51,5363
16092,Check plane,1970-04-26 23:14:52,5364
16093,Decide,1970-04-26 23:14:53,5364
16094,Book plane,1970-04-26 23:14:54,5364
16095,Check hotel,1970-04-26 23:14:55,5365
16096,Decide,1970-04-26 23:14:56,5365
16097,Book hotel,1970-04-26 23:14:57,5365
16098,Check plane,1970-04-26 23:14:58,5366
16099,Decide,1970-04-26 23:14:59,5366
16100,Book hotel,1970-04-26 23:15:00,5366
16101,Check plane,1970-04-26 23:15:01,5367
16102,Decide,1970-04-26 23:15:02,5367
16103,Book plane,1970-04-26 23:15:03,5367
16104,Check plane,1970-04-26 23:15:04,5368
16105,Decide,1970-04-26 23:15:05,5368
16106,Book plane,1970-04-26 23:15:06,5368
16107,Check plane,1970-04-26 23:15:07,5369
16108,Decide,1970-04-26 23:15:08,5369
16109,Book plane,1970-04-26 23:15:09,5369
16110,Check hotel,1970-04-26 23:15:10,5370
16111,Decide,1970-04-26 23:15:11,5370
16112,Book plane,1970-04-26 23:15:12,5370
16113,Check hotel,1970-04-26 23:15:13,5371
16114,Decide,1970-04-26 23:15:14,5371
16115,Book hotel,1970-04-26 23:15:15,5371
16116,Check plane,1970-04-26 23:15:16,5372
16117,Decide,1970-04-26 23:15:17,5372
16118,Book plane,1970-04-26 23:15:18,5372
16119,Check plane,1970-04-26 23:15:19,5373
16120,Decide,1970-04-26 23:15:20,5373
16121,Book hotel,1970-04-26 23:15:21,5373
16122,Check plane,1970-04-26 23:15:22,5374
16123,Decide,1970-04-26 23:15:23,5374
16124,Book plane,1970-04-26 23:15:24,5374
16125,Check plane,1970-04-26 23:15:25,5375
16126,Decide,1970-04-26 23:15:26,5375
16127,Book plane,1970-04-26 23:15:27,5375
16128,Check hotel,1970-04-26 23:15:28,5376
16129,Decide,1970-04-26 23:15:29,5376
16130,Book hotel,1970-04-26 23:15:30,5376
16131,Check hotel,1970-04-26 23:15:31,5377
16132,Decide,1970-04-26 23:15:32,5377
16133,Book hotel,1970-04-26 23:15:33,5377
16134,Check hotel,1970-04-26 23:15:34,5378
16135,Decide,1970-04-26 23:15:35,5378
16136,Book hotel,1970-04-26 23:15:36,5378
16137,Check hotel,1970-04-26 23:15:37,5379
16138,Decide,1970-04-26 23:15:38,5379
16139,Book plane,1970-04-26 23:15:39,5379
16140,Check hotel,1970-04-26 23:15:40,5380
16141,Decide,1970-04-26 23:15:41,5380
16142,Book plane,1970-04-26 23:15:42,5380
16143,Check plane,1970-04-26 23:15:43,5381
16144,Decide,1970-04-26 23:15:44,5381
16145,Book hotel,1970-04-26 23:15:45,5381
16146,Check hotel,1970-04-26 23:15:46,5382
16147,Decide,1970-04-26 23:15:47,5382
16148,Book hotel,1970-04-26 23:15:48,5382
16149,Check plane,1970-04-26 23:15:49,5383
16150,Decide,1970-04-26 23:15:50,5383
16151,Book plane,1970-04-26 23:15:51,5383
16152,Check hotel,1970-04-26 23:15:52,5384
16153,Decide,1970-04-26 23:15:53,5384
16154,Book plane,1970-04-26 23:15:54,5384
16155,Check hotel,1970-04-26 23:15:55,5385
16156,Decide,1970-04-26 23:15:56,5385
16157,Book hotel,1970-04-26 23:15:57,5385
16158,Check hotel,1970-04-26 23:15:58,5386
16159,Decide,1970-04-26 23:15:59,5386
16160,Book plane,1970-04-26 23:16:00,5386
16161,Check hotel,1970-04-26 23:16:01,5387
16162,Decide,1970-04-26 23:16:02,5387
16163,Book plane,1970-04-26 23:16:03,5387
16164,Check plane,1970-04-26 23:16:04,5388
16165,Decide,1970-04-26 23:16:05,5388
16166,Book hotel,1970-04-26 23:16:06,5388
16167,Check plane,1970-04-26 23:16:07,5389
16168,Decide,1970-04-26 23:16:08,5389
16169,Book hotel,1970-04-26 23:16:09,5389
16170,Check hotel,1970-04-26 23:16:10,5390
16171,Decide,1970-04-26 23:16:11,5390
16172,Book hotel,1970-04-26 23:16:12,5390
16173,Check plane,1970-04-26 23:16:13,5391
16174,Decide,1970-04-26 23:16:14,5391
16175,Book hotel,1970-04-26 23:16:15,5391
16176,Check plane,1970-04-26 23:16:16,5392
16177,Decide,1970-04-26 23:16:17,5392
16178,Book plane,1970-04-26 23:16:18,5392
16179,Check plane,1970-04-26 23:16:19,5393
16180,Decide,1970-04-26 23:16:20,5393
16181,Book plane,1970-04-26 23:16:21,5393
16182,Check hotel,1970-04-26 23:16:22,5394
16183,Decide,1970-04-26 23:16:23,5394
16184,Book plane,1970-04-26 23:16:24,5394
16185,Check plane,1970-04-26 23:16:25,5395
16186,Decide,1970-04-26 23:16:26,5395
16187,Book plane,1970-04-26 23:16:27,5395
16188,Check plane,1970-04-26 23:16:28,5396
16189,Decide,1970-04-26 23:16:29,5396
16190,Book plane,1970-04-26 23:16:30,5396
16191,Check plane,1970-04-26 23:16:31,5397
16192,Decide,1970-04-26 23:16:32,5397
16193,Book plane,1970-04-26 23:16:33,5397
16194,Check plane,1970-04-26 23:16:34,5398
16195,Decide,1970-04-26 23:16:35,5398
16196,Book plane,1970-04-26 23:16:36,5398
16197,Check plane,1970-04-26 23:16:37,5399
16198,Decide,1970-04-26 23:16:38,5399
16199,Book hotel,1970-04-26 23:16:39,5399
16200,Check hotel,1970-04-26 23:16:40,5400
16201,Decide,1970-04-26 23:16:41,5400
16202,Book plane,1970-04-26 23:16:42,5400
16203,Check plane,1970-04-26 23:16:43,5401
16204,Decide,1970-04-26 23:16:44,5401
16205,Book plane,1970-04-26 23:16:45,5401
16206,Check plane,1970-04-26 23:16:46,5402
16207,Decide,1970-04-26 23:16:47,5402
16208,Book hotel,1970-04-26 23:16:48,5402
16209,Check plane,1970-04-26 23:16:49,5403
16210,Decide,1970-04-26 23:16:50,5403
16211,Book plane,1970-04-26 23:16:51,5403
16212,Check hotel,1970-04-26 23:16:52,5404
16213,Decide,1970-04-26 23:16:53,5404
16214,Book hotel,1970-04-26 23:16:54,5404
16215,Check hotel,1970-04-26 23:16:55,5405
16216,Decide,1970-04-26 23:16:56,5405
16217,Book plane,1970-04-26 23:16:57,5405
16218,Check hotel,1970-04-26 23:16:58,5406
16219,Decide,1970-04-26 23:16:59,5406
16220,Book hotel,1970-04-26 23:17:00,5406
16221,Check plane,1970-04-26 23:17:01,5407
16222,Decide,1970-04-26 23:17:02,5407
16223,Book plane,1970-04-26 23:17:03,5407
16224,Check plane,1970-04-26 23:17:04,5408
16225,Decide,1970-04-26 23:17:05,5408
16226,Book plane,1970-04-26 23:17:06,5408
16227,Check plane,1970-04-26 23:17:07,5409
16228,Decide,1970-04-26 23:17:08,5409
16229,Book hotel,1970-04-26 23:17:09,5409
16230,Check hotel,1970-04-26 23:17:10,5410
16231,Decide,1970-04-26 23:17:11,5410
16232,Book hotel,1970-04-26 23:17:12,5410
16233,Check hotel,1970-04-26 23:17:13,5411
16234,Decide,1970-04-26 23:17:14,5411
16235,Book plane,1970-04-26 23:17:15,5411
16236,Check hotel,1970-04-26 23:17:16,5412
16237,Decide,1970-04-26 23:17:17,5412
16238,Book plane,1970-04-26 23:17:18,5412
16239,Check plane,1970-04-26 23:17:19,5413
16240,Decide,1970-04-26 23:17:20,5413
16241,Book plane,1970-04-26 23:17:21,5413
16242,Check plane,1970-04-26 23:17:22,5414
16243,Decide,1970-04-26 23:17:23,5414
16244,Book plane,1970-04-26 23:17:24,5414
16245,Check plane,1970-04-26 23:17:25,5415
16246,Decide,1970-04-26 23:17:26,5415
16247,Book plane,1970-04-26 23:17:27,5415
16248,Check plane,1970-04-26 23:17:28,5416
16249,Decide,1970-04-26 23:17:29,5416
16250,Book hotel,1970-04-26 23:17:30,5416
16251,Check hotel,1970-04-26 23:17:31,5417
16252,Decide,1970-04-26 23:17:32,5417
16253,Book hotel,1970-04-26 23:17:33,5417
16254,Check hotel,1970-04-26 23:17:34,5418
16255,Decide,1970-04-26 23:17:35,5418
16256,Book hotel,1970-04-26 23:17:36,5418
16257,Check plane,1970-04-26 23:17:37,5419
16258,Decide,1970-04-26 23:17:38,5419
16259,Book hotel,1970-04-26 23:17:39,5419
16260,Check hotel,1970-04-26 23:17:40,5420
16261,Decide,1970-04-26 23:17:41,5420
16262,Book plane,1970-04-26 23:17:42,5420
16263,Check hotel,1970-04-26 23:17:43,5421
16264,Decide,1970-04-26 23:17:44,5421
16265,Book hotel,1970-04-26 23:17:45,5421
16266,Check plane,1970-04-26 23:17:46,5422
16267,Decide,1970-04-26 23:17:47,5422
16268,Book plane,1970-04-26 23:17:48,5422
16269,Check hotel,1970-04-26 23:17:49,5423
16270,Decide,1970-04-26 23:17:50,5423
16271,Book hotel,1970-04-26 23:17:51,5423
16272,Check hotel,1970-04-26 23:17:52,5424
16273,Decide,1970-04-26 23:17:53,5424
16274,Book plane,1970-04-26 23:17:54,5424
16275,Check plane,1970-04-26 23:17:55,5425
16276,Decide,1970-04-26 23:17:56,5425
16277,Book hotel,1970-04-26 23:17:57,5425
16278,Check hotel,1970-04-26 23:17:58,5426
16279,Decide,1970-04-26 23:17:59,5426
16280,Book hotel,1970-04-26 23:18:00,5426
16281,Check plane,1970-04-26 23:18:01,5427
16282,Decide,1970-04-26 23:18:02,5427
16283,Book hotel,1970-04-26 23:18:03,5427
16284,Check plane,1970-04-26 23:18:04,5428
16285,Decide,1970-04-26 23:18:05,5428
16286,Book plane,1970-04-26 23:18:06,5428
16287,Check hotel,1970-04-26 23:18:07,5429
16288,Decide,1970-04-26 23:18:08,5429
16289,Book hotel,1970-04-26 23:18:09,5429
16290,Check plane,1970-04-26 23:18:10,5430
16291,Decide,1970-04-26 23:18:11,5430
16292,Book plane,1970-04-26 23:18:12,5430
16293,Check plane,1970-04-26 23:18:13,5431
16294,Decide,1970-04-26 23:18:14,5431
16295,Book plane,1970-04-26 23:18:15,5431
16296,Check hotel,1970-04-26 23:18:16,5432
16297,Decide,1970-04-26 23:18:17,5432
16298,Book plane,1970-04-26 23:18:18,5432
16299,Check hotel,1970-04-26 23:18:19,5433
16300,Decide,1970-04-26 23:18:20,5433
16301,Book plane,1970-04-26 23:18:21,5433
16302,Check plane,1970-04-26 23:18:22,5434
16303,Decide,1970-04-26 23:18:23,5434
16304,Book plane,1970-04-26 23:18:24,5434
16305,Check hotel,1970-04-26 23:18:25,5435
16306,Decide,1970-04-26 23:18:26,5435
16307,Book hotel,1970-04-26 23:18:27,5435
16308,Check hotel,1970-04-26 23:18:28,5436
16309,Decide,1970-04-26 23:18:29,5436
16310,Book plane,1970-04-26 23:18:30,5436
16311,Check hotel,1970-04-26 23:18:31,5437
16312,Decide,1970-04-26 23:18:32,5437
16313,Book plane,1970-04-26 23:18:33,5437
16314,Check plane,1970-04-26 23:18:34,5438
16315,Decide,1970-04-26 23:18:35,5438
16316,Book hotel,1970-04-26 23:18:36,5438
16317,Check hotel,1970-04-26 23:18:37,5439
16318,Decide,1970-04-26 23:18:38,5439
16319,Book plane,1970-04-26 23:18:39,5439
16320,Check hotel,1970-04-26 23:18:40,5440
16321,Decide,1970-04-26 23:18:41,5440
16322,Book hotel,1970-04-26 23:18:42,5440
16323,Check plane,1970-04-26 23:18:43,5441
16324,Decide,1970-04-26 23:18:44,5441
16325,Book hotel,1970-04-26 23:18:45,5441
16326,Check plane,1970-04-26 23:18:46,5442
16327,Decide,1970-04-26 23:18:47,5442
16328,Book hotel,1970-04-26 23:18:48,5442
16329,Check hotel,1970-04-26 23:18:49,5443
16330,Decide,1970-04-26 23:18:50,5443
16331,Book plane,1970-04-26 23:18:51,5443
16332,Check hotel,1970-04-26 23:18:52,5444
16333,Decide,1970-04-26 23:18:53,5444
16334,Book hotel,1970-04-26 23:18:54,5444
16335,Check hotel,1970-04-26 23:18:55,5445
16336,Decide,1970-04-26 23:18:56,5445
16337,Book plane,1970-04-26 23:18:57,5445
16338,Check hotel,1970-04-26 23:18:58,5446
16339,Decide,1970-04-26 23:18:59,5446
16340,Book hotel,1970-04-26 23:19:00,5446
16341,Check hotel,1970-04-26 23:19:01,5447
16342,Decide,1970-04-26 23:19:02,5447
16343,Book plane,1970-04-26 23:19:03,5447
16344,Check hotel,1970-04-26 23:19:04,5448
16345,Decide,1970-04-26 23:19:05,5448
16346,Book hotel,1970-04-26 23:19:06,5448
16347,Check hotel,1970-04-26 23:19:07,5449
16348,Decide,1970-04-26 23:19:08,5449
16349,Book hotel,1970-04-26 23:19:09,5449
16350,Check plane,1970-04-26 23:19:10,5450
16351,Decide,1970-04-26 23:19:11,5450
16352,Book plane,1970-04-26 23:19:12,5450
16353,Check hotel,1970-04-26 23:19:13,5451
16354,Decide,1970-04-26 23:19:14,5451
16355,Book plane,1970-04-26 23:19:15,5451
16356,Check hotel,1970-04-26 23:19:16,5452
16357,Decide,1970-04-26 23:19:17,5452
16358,Book hotel,1970-04-26 23:19:18,5452
16359,Check plane,1970-04-26 23:19:19,5453
16360,Decide,1970-04-26 23:19:20,5453
16361,Book plane,1970-04-26 23:19:21,5453
16362,Check plane,1970-04-26 23:19:22,5454
16363,Decide,1970-04-26 23:19:23,5454
16364,Book hotel,1970-04-26 23:19:24,5454
16365,Check plane,1970-04-26 23:19:25,5455
16366,Decide,1970-04-26 23:19:26,5455
16367,Book hotel,1970-04-26 23:19:27,5455
16368,Check plane,1970-04-26 23:19:28,5456
16369,Decide,1970-04-26 23:19:29,5456
16370,Book hotel,1970-04-26 23:19:30,5456
16371,Check hotel,1970-04-26 23:19:31,5457
16372,Decide,1970-04-26 23:19:32,5457
16373,Book plane,1970-04-26 23:19:33,5457
16374,Check plane,1970-04-26 23:19:34,5458
16375,Decide,1970-04-26 23:19:35,5458
16376,Book plane,1970-04-26 23:19:36,5458
16377,Check hotel,1970-04-26 23:19:37,5459
16378,Decide,1970-04-26 23:19:38,5459
16379,Book hotel,1970-04-26 23:19:39,5459
16380,Check plane,1970-04-26 23:19:40,5460
16381,Decide,1970-04-26 23:19:41,5460
16382,Book plane,1970-04-26 23:19:42,5460
16383,Check hotel,1970-04-26 23:19:43,5461
16384,Decide,1970-04-26 23:19:44,5461
16385,Book plane,1970-04-26 23:19:45,5461
16386,Check hotel,1970-04-26 23:19:46,5462
16387,Decide,1970-04-26 23:19:47,5462
16388,Book hotel,1970-04-26 23:19:48,5462
16389,Check plane,1970-04-26 23:19:49,5463
16390,Decide,1970-04-26 23:19:50,5463
16391,Book plane,1970-04-26 23:19:51,5463
16392,Check hotel,1970-04-26 23:19:52,5464
16393,Decide,1970-04-26 23:19:53,5464
16394,Book hotel,1970-04-26 23:19:54,5464
16395,Check plane,1970-04-26 23:19:55,5465
16396,Decide,1970-04-26 23:19:56,5465
16397,Book plane,1970-04-26 23:19:57,5465
16398,Check plane,1970-04-26 23:19:58,5466
16399,Decide,1970-04-26 23:19:59,5466
16400,Book hotel,1970-04-26 23:20:00,5466
16401,Check plane,1970-04-26 23:20:01,5467
16402,Decide,1970-04-26 23:20:02,5467
16403,Book plane,1970-04-26 23:20:03,5467
16404,Check plane,1970-04-26 23:20:04,5468
16405,Decide,1970-04-26 23:20:05,5468
16406,Book plane,1970-04-26 23:20:06,5468
16407,Check plane,1970-04-26 23:20:07,5469
16408,Decide,1970-04-26 23:20:08,5469
16409,Book plane,1970-04-26 23:20:09,5469
16410,Check plane,1970-04-26 23:20:10,5470
16411,Decide,1970-04-26 23:20:11,5470
16412,Book plane,1970-04-26 23:20:12,5470
16413,Check hotel,1970-04-26 23:20:13,5471
16414,Decide,1970-04-26 23:20:14,5471
16415,Book hotel,1970-04-26 23:20:15,5471
16416,Check plane,1970-04-26 23:20:16,5472
16417,Decide,1970-04-26 23:20:17,5472
16418,Book plane,1970-04-26 23:20:18,5472
16419,Check hotel,1970-04-26 23:20:19,5473
16420,Decide,1970-04-26 23:20:20,5473
16421,Book plane,1970-04-26 23:20:21,5473
16422,Check plane,1970-04-26 23:20:22,5474
16423,Decide,1970-04-26 23:20:23,5474
16424,Book hotel,1970-04-26 23:20:24,5474
16425,Check plane,1970-04-26 23:20:25,5475
16426,Decide,1970-04-26 23:20:26,5475
16427,Book plane,1970-04-26 23:20:27,5475
16428,Check plane,1970-04-26 23:20:28,5476
16429,Decide,1970-04-26 23:20:29,5476
16430,Book hotel,1970-04-26 23:20:30,5476
16431,Check hotel,1970-04-26 23:20:31,5477
16432,Decide,1970-04-26 23:20:32,5477
16433,Book plane,1970-04-26 23:20:33,5477
16434,Check plane,1970-04-26 23:20:34,5478
16435,Decide,1970-04-26 23:20:35,5478
16436,Book plane,1970-04-26 23:20:36,5478
16437,Check plane,1970-04-26 23:20:37,5479
16438,Decide,1970-04-26 23:20:38,5479
16439,Book plane,1970-04-26 23:20:39,5479
16440,Check plane,1970-04-26 23:20:40,5480
16441,Decide,1970-04-26 23:20:41,5480
16442,Book hotel,1970-04-26 23:20:42,5480
16443,Check plane,1970-04-26 23:20:43,5481
16444,Decide,1970-04-26 23:20:44,5481
16445,Book hotel,1970-04-26 23:20:45,5481
16446,Check hotel,1970-04-26 23:20:46,5482
16447,Decide,1970-04-26 23:20:47,5482
16448,Book plane,1970-04-26 23:20:48,5482
16449,Check plane,1970-04-26 23:20:49,5483
16450,Decide,1970-04-26 23:20:50,5483
16451,Book plane,1970-04-26 23:20:51,5483
16452,Check hotel,1970-04-26 23:20:52,5484
16453,Decide,1970-04-26 23:20:53,5484
16454,Book plane,1970-04-26 23:20:54,5484
16455,Check hotel,1970-04-26 23:20:55,5485
16456,Decide,1970-04-26 23:20:56,5485
16457,Book plane,1970-04-26 23:20:57,5485
16458,Check plane,1970-04-26 23:20:58,5486
16459,Decide,1970-04-26 23:20:59,5486
16460,Book plane,1970-04-26 23:21:00,5486
16461,Check plane,1970-04-26 23:21:01,5487
16462,Decide,1970-04-26 23:21:02,5487
16463,Book plane,1970-04-26 23:21:03,5487
16464,Check hotel,1970-04-26 23:21:04,5488
16465,Decide,1970-04-26 23:21:05,5488
16466,Book plane,1970-04-26 23:21:06,5488
16467,Check hotel,1970-04-26 23:21:07,5489
16468,Decide,1970-04-26 23:21:08,5489
16469,Book hotel,1970-04-26 23:21:09,5489
16470,Check hotel,1970-04-26 23:21:10,5490
16471,Decide,1970-04-26 23:21:11,5490
16472,Book hotel,1970-04-26 23:21:12,5490
16473,Check hotel,1970-04-26 23:21:13,5491
16474,Decide,1970-04-26 23:21:14,5491
16475,Book hotel,1970-04-26 23:21:15,5491
16476,Check plane,1970-04-26 23:21:16,5492
16477,Decide,1970-04-26 23:21:17,5492
16478,Book hotel,1970-04-26 23:21:18,5492
16479,Check plane,1970-04-26 23:21:19,5493
16480,Decide,1970-04-26 23:21:20,5493
16481,Book hotel,1970-04-26 23:21:21,5493
16482,Check plane,1970-04-26 23:21:22,5494
16483,Decide,1970-04-26 23:21:23,5494
16484,Book plane,1970-04-26 23:21:24,5494
16485,Check hotel,1970-04-26 23:21:25,5495
16486,Decide,1970-04-26 23:21:26,5495
16487,Book hotel,1970-04-26 23:21:27,5495
16488,Check plane,1970-04-26 23:21:28,5496
16489,Decide,1970-04-26 23:21:29,5496
16490,Book hotel,1970-04-26 23:21:30,5496
16491,Check plane,1970-04-26 23:21:31,5497
16492,Decide,1970-04-26 23:21:32,5497
16493,Book plane,1970-04-26 23:21:33,5497
16494,Check plane,1970-04-26 23:21:34,5498
16495,Decide,1970-04-26 23:21:35,5498
16496,Book hotel,1970-04-26 23:21:36,5498
16497,Check hotel,1970-04-26 23:21:37,5499
16498,Decide,1970-04-26 23:21:38,5499
16499,Book plane,1970-04-26 23:21:39,5499
16500,Check plane,1970-04-26 23:21:40,5500
16501,Decide,1970-04-26 23:21:41,5500
16502,Book hotel,1970-04-26 23:21:42,5500
16503,Check plane,1970-04-26 23:21:43,5501
16504,Decide,1970-04-26 23:21:44,5501
16505,Book plane,1970-04-26 23:21:45,5501
16506,Check plane,1970-04-26 23:21:46,5502
16507,Decide,1970-04-26 23:21:47,5502
16508,Book hotel,1970-04-26 23:21:48,5502
16509,Check hotel,1970-04-26 23:21:49,5503
16510,Decide,1970-04-26 23:21:50,5503
16511,Book plane,1970-04-26 23:21:51,5503
16512,Check plane,1970-04-26 23:21:52,5504
16513,Decide,1970-04-26 23:21:53,5504
16514,Book hotel,1970-04-26 23:21:54,5504
16515,Check plane,1970-04-26 23:21:55,5505
16516,Decide,1970-04-26 23:21:56,5505
16517,Book hotel,1970-04-26 23:21:57,5505
16518,Check plane,1970-04-26 23:21:58,5506
16519,Decide,1970-04-26 23:21:59,5506
16520,Book plane,1970-04-26 23:22:00,5506
16521,Check hotel,1970-04-26 23:22:01,5507
16522,Decide,1970-04-26 23:22:02,5507
16523,Book hotel,1970-04-26 23:22:03,5507
16524,Check hotel,1970-04-26 23:22:04,5508
16525,Decide,1970-04-26 23:22:05,5508
16526,Book hotel,1970-04-26 23:22:06,5508
16527,Check plane,1970-04-26 23:22:07,5509
16528,Decide,1970-04-26 23:22:08,5509
16529,Book plane,1970-04-26 23:22:09,5509
16530,Check hotel,1970-04-26 23:22:10,5510
16531,Decide,1970-04-26 23:22:11,5510
16532,Book plane,1970-04-26 23:22:12,5510
16533,Check hotel,1970-04-26 23:22:13,5511
16534,Decide,1970-04-26 23:22:14,5511
16535,Book plane,1970-04-26 23:22:15,5511
16536,Check plane,1970-04-26 23:22:16,5512
16537,Decide,1970-04-26 23:22:17,5512
16538,Book hotel,1970-04-26 23:22:18,5512
16539,Check plane,1970-04-26 23:22:19,5513
16540,Decide,1970-04-26 23:22:20,5513
16541,Book hotel,1970-04-26 23:22:21,5513
16542,Check plane,1970-04-26 23:22:22,5514
16543,Decide,1970-04-26 23:22:23,5514
16544,Book hotel,1970-04-26 23:22:24,5514
16545,Check hotel,1970-04-26 23:22:25,5515
16546,Decide,1970-04-26 23:22:26,5515
16547,Book hotel,1970-04-26 23:22:27,5515
16548,Check plane,1970-04-26 23:22:28,5516
16549,Decide,1970-04-26 23:22:29,5516
16550,Book hotel,1970-04-26 23:22:30,5516
16551,Check hotel,1970-04-26 23:22:31,5517
16552,Decide,1970-04-26 23:22:32,5517
16553,Book plane,1970-04-26 23:22:33,5517
16554,Check hotel,1970-04-26 23:22:34,5518
16555,Decide,1970-04-26 23:22:35,5518
16556,Book hotel,1970-04-26 23:22:36,5518
16557,Check hotel,1970-04-26 23:22:37,5519
16558,Decide,1970-04-26 23:22:38,5519
16559,Book plane,1970-04-26 23:22:39,5519
16560,Check plane,1970-04-26 23:22:40,5520
16561,Decide,1970-04-26 23:22:41,5520
16562,Book hotel,1970-04-26 23:22:42,5520
16563,Check plane,1970-04-26 23:22:43,5521
16564,Decide,1970-04-26 23:22:44,5521
16565,Book hotel,1970-04-26 23:22:45,5521
16566,Check hotel,1970-04-26 23:22:46,5522
16567,Decide,1970-04-26 23:22:47,5522
16568,Book plane,1970-04-26 23:22:48,5522
16569,Check plane,1970-04-26 23:22:49,5523
16570,Decide,1970-04-26 23:22:50,5523
16571,Book plane,1970-04-26 23:22:51,5523
16572,Check hotel,1970-04-26 23:22:52,5524
16573,Decide,1970-04-26 23:22:53,5524
16574,Book plane,1970-04-26 23:22:54,5524
16575,Check plane,1970-04-26 23:22:55,5525
16576,Decide,1970-04-26 23:22:56,5525
16577,Book hotel,1970-04-26 23:22:57,5525
16578,Check plane,1970-04-26 23:22:58,5526
16579,Decide,1970-04-26 23:22:59,5526
16580,Book hotel,1970-04-26 23:23:00,5526
16581,Check plane,1970-04-26 23:23:01,5527
16582,Decide,1970-04-26 23:23:02,5527
16583,Book plane,1970-04-26 23:23:03,5527
16584,Check hotel,1970-04-26 23:23:04,5528
16585,Decide,1970-04-26 23:23:05,5528
16586,Book hotel,1970-04-26 23:23:06,5528
16587,Check hotel,1970-04-26 23:23:07,5529
16588,Decide,1970-04-26 23:23:08,5529
16589,Book plane,1970-04-26 23:23:09,5529
16590,Check hotel,1970-04-26 23:23:10,5530
16591,Decide,1970-04-26 23:23:11,5530
16592,Book hotel,1970-04-26 23:23:12,5530
16593,Check hotel,1970-04-26 23:23:13,5531
16594,Decide,1970-04-26 23:23:14,5531
16595,Book hotel,1970-04-26 23:23:15,5531
16596,Check plane,1970-04-26 23:23:16,5532
16597,Decide,1970-04-26 23:23:17,5532
16598,Book hotel,1970-04-26 23:23:18,5532
16599,Check hotel,1970-04-26 23:23:19,5533
16600,Decide,1970-04-26 23:23:20,5533
16601,Book plane,1970-04-26 23:23:21,5533
16602,Check hotel,1970-04-26 23:23:22,5534
16603,Decide,1970-04-26 23:23:23,5534
16604,Book hotel,1970-04-26 23:23:24,5534
16605,Check plane,1970-04-26 23:23:25,5535
16606,Decide,1970-04-26 23:23:26,5535
16607,Book plane,1970-04-26 23:23:27,5535
16608,Check plane,1970-04-26 23:23:28,5536
16609,Decide,1970-04-26 23:23:29,5536
16610,Book plane,1970-04-26 23:23:30,5536
16611,Check hotel,1970-04-26 23:23:31,5537
16612,Decide,1970-04-26 23:23:32,5537
16613,Book plane,1970-04-26 23:23:33,5537
16614,Check hotel,1970-04-26 23:23:34,5538
16615,Decide,1970-04-26 23:23:35,5538
16616,Book plane,1970-04-26 23:23:36,5538
16617,Check hotel,1970-04-26 23:23:37,5539
16618,Decide,1970-04-26 23:23:38,5539
16619,Book hotel,1970-04-26 23:23:39,5539
16620,Check hotel,1970-04-26 23:23:40,5540
16621,Decide,1970-04-26 23:23:41,5540
16622,Book hotel,1970-04-26 23:23:42,5540
16623,Check hotel,1970-04-26 23:23:43,5541
16624,Decide,1970-04-26 23:23:44,5541
16625,Book plane,1970-04-26 23:23:45,5541
16626,Check plane,1970-04-26 23:23:46,5542
16627,Decide,1970-04-26 23:23:47,5542
16628,Book plane,1970-04-26 23:23:48,5542
16629,Check plane,1970-04-26 23:23:49,5543
16630,Decide,1970-04-26 23:23:50,5543
16631,Book hotel,1970-04-26 23:23:51,5543
16632,Check plane,1970-04-26 23:23:52,5544
16633,Decide,1970-04-26 23:23:53,5544
16634,Book plane,1970-04-26 23:23:54,5544
16635,Check plane,1970-04-26 23:23:55,5545
16636,Decide,1970-04-26 23:23:56,5545
16637,Book hotel,1970-04-26 23:23:57,5545
16638,Check hotel,1970-04-26 23:23:58,5546
16639,Decide,1970-04-26 23:23:59,5546
16640,Book plane,1970-04-26 23:24:00,5546
16641,Check hotel,1970-04-26 23:24:01,5547
16642,Decide,1970-04-26 23:24:02,5547
16643,Book plane,1970-04-26 23:24:03,5547
16644,Check plane,1970-04-26 23:24:04,5548
16645,Decide,1970-04-26 23:24:05,5548
16646,Book plane,1970-04-26 23:24:06,5548
16647,Check hotel,1970-04-26 23:24:07,5549
16648,Decide,1970-04-26 23:24:08,5549
16649,Book hotel,1970-04-26 23:24:09,5549
16650,Check plane,1970-04-26 23:24:10,5550
16651,Decide,1970-04-26 23:24:11,5550
16652,Book hotel,1970-04-26 23:24:12,5550
16653,Check hotel,1970-04-26 23:24:13,5551
16654,Decide,1970-04-26 23:24:14,5551
16655,Book plane,1970-04-26 23:24:15,5551
16656,Check hotel,1970-04-26 23:24:16,5552
16657,Decide,1970-04-26 23:24:17,5552
16658,Book plane,1970-04-26 23:24:18,5552
16659,Check hotel,1970-04-26 23:24:19,5553
16660,Decide,1970-04-26 23:24:20,5553
16661,Book plane,1970-04-26 23:24:21,5553
16662,Check hotel,1970-04-26 23:24:22,5554
16663,Decide,1970-04-26 23:24:23,5554
16664,Book hotel,1970-04-26 23:24:24,5554
16665,Check plane,1970-04-26 23:24:25,5555
16666,Decide,1970-04-26 23:24:26,5555
16667,Book plane,1970-04-26 23:24:27,5555
16668,Check hotel,1970-04-26 23:24:28,5556
16669,Decide,1970-04-26 23:24:29,5556
16670,Book hotel,1970-04-26 23:24:30,5556
16671,Check hotel,1970-04-26 23:24:31,5557
16672,Decide,1970-04-26 23:24:32,5557
16673,Book hotel,1970-04-26 23:24:33,5557
16674,Check hotel,1970-04-26 23:24:34,5558
16675,Decide,1970-04-26 23:24:35,5558
16676,Book plane,1970-04-26 23:24:36,5558
16677,Check hotel,1970-04-26 23:24:37,5559
16678,Decide,1970-04-26 23:24:38,5559
16679,Book hotel,1970-04-26 23:24:39,5559
16680,Check plane,1970-04-26 23:24:40,5560
16681,Decide,1970-04-26 23:24:41,5560
16682,Book plane,1970-04-26 23:24:42,5560
16683,Check plane,1970-04-26 23:24:43,5561
16684,Decide,1970-04-26 23:24:44,5561
16685,Book hotel,1970-04-26 23:24:45,5561
16686,Check hotel,1970-04-26 23:24:46,5562
16687,Decide,1970-04-26 23:24:47,5562
16688,Book plane,1970-04-26 23:24:48,5562
16689,Check plane,1970-04-26 23:24:49,5563
16690,Decide,1970-04-26 23:24:50,5563
16691,Book hotel,1970-04-26 23:24:51,5563
16692,Check plane,1970-04-26 23:24:52,5564
16693,Decide,1970-04-26 23:24:53,5564
16694,Book hotel,1970-04-26 23:24:54,5564
16695,Check plane,1970-04-26 23:24:55,5565
16696,Decide,1970-04-26 23:24:56,5565
16697,Book hotel,1970-04-26 23:24:57,5565
16698,Check hotel,1970-04-26 23:24:58,5566
16699,Decide,1970-04-26 23:24:59,5566
16700,Book hotel,1970-04-26 23:25:00,5566
16701,Check hotel,1970-04-26 23:25:01,5567
16702,Decide,1970-04-26 23:25:02,5567
16703,Book hotel,1970-04-26 23:25:03,5567
16704,Check plane,1970-04-26 23:25:04,5568
16705,Decide,1970-04-26 23:25:05,5568
16706,Book hotel,1970-04-26 23:25:06,5568
16707,Check plane,1970-04-26 23:25:07,5569
16708,Decide,1970-04-26 23:25:08,5569
16709,Book hotel,1970-04-26 23:25:09,5569
16710,Check plane,1970-04-26 23:25:10,5570
16711,Decide,1970-04-26 23:25:11,5570
16712,Book plane,1970-04-26 23:25:12,5570
16713,Check hotel,1970-04-26 23:25:13,5571
16714,Decide,1970-04-26 23:25:14,5571
16715,Book plane,1970-04-26 23:25:15,5571
16716,Check hotel,1970-04-26 23:25:16,5572
16717,Decide,1970-04-26 23:25:17,5572
16718,Book plane,1970-04-26 23:25:18,5572
16719,Check hotel,1970-04-26 23:25:19,5573
16720,Decide,1970-04-26 23:25:20,5573
16721,Book plane,1970-04-26 23:25:21,5573
16722,Check hotel,1970-04-26 23:25:22,5574
16723,Decide,1970-04-26 23:25:23,5574
16724,Book plane,1970-04-26 23:25:24,5574
16725,Check plane,1970-04-26 23:25:25,5575
16726,Decide,1970-04-26 23:25:26,5575
16727,Book hotel,1970-04-26 23:25:27,5575
16728,Check hotel,1970-04-26 23:25:28,5576
16729,Decide,1970-04-26 23:25:29,5576
16730,Book plane,1970-04-26 23:25:30,5576
16731,Check plane,1970-04-26 23:25:31,5577
16732,Decide,1970-04-26 23:25:32,5577
16733,Book hotel,1970-04-26 23:25:33,5577
16734,Check plane,1970-04-26 23:25:34,5578
16735,Decide,1970-04-26 23:25:35,5578
16736,Book plane,1970-04-26 23:25:36,5578
16737,Check plane,1970-04-26 23:25:37,5579
16738,Decide,1970-04-26 23:25:38,5579
16739,Book plane,1970-04-26 23:25:39,5579
16740,Check plane,1970-04-26 23:25:40,5580
16741,Decide,1970-04-26 23:25:41,5580
16742,Book plane,1970-04-26 23:25:42,5580
16743,Check hotel,1970-04-26 23:25:43,5581
16744,Decide,1970-04-26 23:25:44,5581
16745,Book plane,1970-04-26 23:25:45,5581
16746,Check plane,1970-04-26 23:25:46,5582
16747,Decide,1970-04-26 23:25:47,5582
16748,Book hotel,1970-04-26 23:25:48,5582
16749,Check plane,1970-04-26 23:25:49,5583
16750,Decide,1970-04-26 23:25:50,5583
16751,Book hotel,1970-04-26 23:25:51,5583
16752,Check hotel,1970-04-26 23:25:52,5584
16753,Decide,1970-04-26 23:25:53,5584
16754,Book hotel,1970-04-26 23:25:54,5584
16755,Check plane,1970-04-26 23:25:55,5585
16756,Decide,1970-04-26 23:25:56,5585
16757,Book hotel,1970-04-26 23:25:57,5585
16758,Check plane,1970-04-26 23:25:58,5586
16759,Decide,1970-04-26 23:25:59,5586
16760,Book plane,1970-04-26 23:26:00,5586
16761,Check hotel,1970-04-26 23:26:01,5587
16762,Decide,1970-04-26 23:26:02,5587
16763,Book plane,1970-04-26 23:26:03,5587
16764,Check hotel,1970-04-26 23:26:04,5588
16765,Decide,1970-04-26 23:26:05,5588
16766,Book hotel,1970-04-26 23:26:06,5588
16767,Check plane,1970-04-26 23:26:07,5589
16768,Decide,1970-04-26 23:26:08,5589
16769,Book hotel,1970-04-26 23:26:09,5589
16770,Check hotel,1970-04-26 23:26:10,5590
16771,Decide,1970-04-26 23:26:11,5590
16772,Book hotel,1970-04-26 23:26:12,5590
16773,Check plane,1970-04-26 23:26:13,5591
16774,Decide,1970-04-26 23:26:14,5591
16775,Book hotel,1970-04-26 23:26:15,5591
16776,Check hotel,1970-04-26 23:26:16,5592
16777,Decide,1970-04-26 23:26:17,5592
16778,Book hotel,1970-04-26 23:26:18,5592
16779,Check plane,1970-04-26 23:26:19,5593
16780,Decide,1970-04-26 23:26:20,5593
16781,Book plane,1970-04-26 23:26:21,5593
16782,Check hotel,1970-04-26 23:26:22,5594
16783,Decide,1970-04-26 23:26:23,5594
16784,Book plane,1970-04-26 23:26:24,5594
16785,Check plane,1970-04-26 23:26:25,5595
16786,Decide,1970-04-26 23:26:26,5595
16787,Book hotel,1970-04-26 23:26:27,5595
16788,Check plane,1970-04-26 23:26:28,5596
16789,Decide,1970-04-26 23:26:29,5596
16790,Book plane,1970-04-26 23:26:30,5596
16791,Check plane,1970-04-26 23:26:31,5597
16792,Decide,1970-04-26 23:26:32,5597
16793,Book hotel,1970-04-26 23:26:33,5597
16794,Check hotel,1970-04-26 23:26:34,5598
16795,Decide,1970-04-26 23:26:35,5598
16796,Book hotel,1970-04-26 23:26:36,5598
16797,Check plane,1970-04-26 23:26:37,5599
16798,Decide,1970-04-26 23:26:38,5599
16799,Book hotel,1970-04-26 23:26:39,5599
16800,Check plane,1970-04-26 23:26:40,5600
16801,Decide,1970-04-26 23:26:41,5600
16802,Book plane,1970-04-26 23:26:42,5600
16803,Check plane,1970-04-26 23:26:43,5601
16804,Decide,1970-04-26 23:26:44,5601
16805,Book hotel,1970-04-26 23:26:45,5601
16806,Check plane,1970-04-26 23:26:46,5602
16807,Decide,1970-04-26 23:26:47,5602
16808,Book hotel,1970-04-26 23:26:48,5602
16809,Check hotel,1970-04-26 23:26:49,5603
16810,Decide,1970-04-26 23:26:50,5603
16811,Book hotel,1970-04-26 23:26:51,5603
16812,Check hotel,1970-04-26 23:26:52,5604
16813,Decide,1970-04-26 23:26:53,5604
16814,Book plane,1970-04-26 23:26:54,5604
16815,Check plane,1970-04-26 23:26:55,5605
16816,Decide,1970-04-26 23:26:56,5605
16817,Book hotel,1970-04-26 23:26:57,5605
16818,Check plane,1970-04-26 23:26:58,5606
16819,Decide,1970-04-26 23:26:59,5606
16820,Book hotel,1970-04-26 23:27:00,5606
16821,Check plane,1970-04-26 23:27:01,5607
16822,Decide,1970-04-26 23:27:02,5607
16823,Book plane,1970-04-26 23:27:03,5607
16824,Check hotel,1970-04-26 23:27:04,5608
16825,Decide,1970-04-26 23:27:05,5608
16826,Book plane,1970-04-26 23:27:06,5608
16827,Check hotel,1970-04-26 23:27:07,5609
16828,Decide,1970-04-26 23:27:08,5609
16829,Book hotel,1970-04-26 23:27:09,5609
16830,Check hotel,1970-04-26 23:27:10,5610
16831,Decide,1970-04-26 23:27:11,5610
16832,Book hotel,1970-04-26 23:27:12,5610
16833,Check hotel,1970-04-26 23:27:13,5611
16834,Decide,1970-04-26 23:27:14,5611
16835,Book hotel,1970-04-26 23:27:15,5611
16836,Check plane,1970-04-26 23:27:16,5612
16837,Decide,1970-04-26 23:27:17,5612
16838,Book plane,1970-04-26 23:27:18,5612
16839,Check plane,1970-04-26 23:27:19,5613
16840,Decide,1970-04-26 23:27:20,5613
16841,Book hotel,1970-04-26 23:27:21,5613
16842,Check plane,1970-04-26 23:27:22,5614
16843,Decide,1970-04-26 23:27:23,5614
16844,Book hotel,1970-04-26 23:27:24,5614
16845,Check plane,1970-04-26 23:27:25,5615
16846,Decide,1970-04-26 23:27:26,5615
16847,Book plane,1970-04-26 23:27:27,5615
16848,Check plane,1970-04-26 23:27:28,5616
16849,Decide,1970-04-26 23:27:29,5616
16850,Book hotel,1970-04-26 23:27:30,5616
16851,Check hotel,1970-04-26 23:27:31,5617
16852,Decide,1970-04-26 23:27:32,5617
16853,Book hotel,1970-04-26 23:27:33,5617
16854,Check plane,1970-04-26 23:27:34,5618
16855,Decide,1970-04-26 23:27:35,5618
16856,Book hotel,1970-04-26 23:27:36,5618
16857,Check hotel,1970-04-26 23:27:37,5619
16858,Decide,1970-04-26 23:27:38,5619
16859,Book hotel,1970-04-26 23:27:39,5619
16860,Check plane,1970-04-26 23:27:40,5620
16861,Decide,1970-04-26 23:27:41,5620
16862,Book plane,1970-04-26 23:27:42,5620
16863,Check plane,1970-04-26 23:27:43,5621
16864,Decide,1970-04-26 23:27:44,5621
16865,Book plane,1970-04-26 23:27:45,5621
16866,Check hotel,1970-04-26 23:27:46,5622
16867,Decide,1970-04-26 23:27:47,5622
16868,Book hotel,1970-04-26 23:27:48,5622
16869,Check hotel,1970-04-26 23:27:49,5623
16870,Decide,1970-04-26 23:27:50,5623
16871,Book hotel,1970-04-26 23:27:51,5623
16872,Check hotel,1970-04-26 23:27:52,5624
16873,Decide,1970-04-26 23:27:53,5624
16874,Book hotel,1970-04-26 23:27:54,5624
16875,Check plane,1970-04-26 23:27:55,5625
16876,Decide,1970-04-26 23:27:56,5625
16877,Book plane,1970-04-26 23:27:57,5625
16878,Check plane,1970-04-26 23:27:58,5626
16879,Decide,1970-04-26 23:27:59,5626
16880,Book plane,1970-04-26 23:28:00,5626
16881,Check plane,1970-04-26 23:28:01,5627
16882,Decide,1970-04-26 23:28:02,5627
16883,Book hotel,1970-04-26 23:28:03,5627
16884,Check hotel,1970-04-26 23:28:04,5628
16885,Decide,1970-04-26 23:28:05,5628
16886,Book plane,1970-04-26 23:28:06,5628
16887,Check hotel,1970-04-26 23:28:07,5629
16888,Decide,1970-04-26 23:28:08,5629
16889,Book plane,1970-04-26 23:28:09,5629
16890,Check plane,1970-04-26 23:28:10,5630
16891,Decide,1970-04-26 23:28:11,5630
16892,Book plane,1970-04-26 23:28:12,5630
16893,Check plane,1970-04-26 23:28:13,5631
16894,Decide,1970-04-26 23:28:14,5631
16895,Book hotel,1970-04-26 23:28:15,5631
16896,Check plane,1970-04-26 23:28:16,5632
16897,Decide,1970-04-26 23:28:17,5632
16898,Book hotel,1970-04-26 23:28:18,5632
16899,Check plane,1970-04-26 23:28:19,5633
16900,Decide,1970-04-26 23:28:20,5633
16901,Book hotel,1970-04-26 23:28:21,5633
16902,Check hotel,1970-04-26 23:28:22,5634
16903,Decide,1970-04-26 23:28:23,5634
16904,Book hotel,1970-04-26 23:28:24,5634
16905,Check plane,1970-04-26 23:28:25,5635
16906,Decide,1970-04-26 23:28:26,5635
16907,Book plane,1970-04-26 23:28:27,5635
16908,Check hotel,1970-04-26 23:28:28,5636
16909,Decide,1970-04-26 23:28:29,5636
16910,Book hotel,1970-04-26 23:28:30,5636
16911,Check plane,1970-04-26 23:28:31,5637
16912,Decide,1970-04-26 23:28:32,5637
16913,Book hotel,1970-04-26 23:28:33,5637
16914,Check hotel,1970-04-26 23:28:34,5638
16915,Decide,1970-04-26 23:28:35,5638
16916,Book plane,1970-04-26 23:28:36,5638
16917,Check hotel,1970-04-26 23:28:37,5639
16918,Decide,1970-04-26 23:28:38,5639
16919,Book hotel,1970-04-26 23:28:39,5639
16920,Check plane,1970-04-26 23:28:40,5640
16921,Decide,1970-04-26 23:28:41,5640
16922,Book plane,1970-04-26 23:28:42,5640
16923,Check hotel,1970-04-26 23:28:43,5641
16924,Decide,1970-04-26 23:28:44,5641
16925,Book hotel,1970-04-26 23:28:45,5641
16926,Check plane,1970-04-26 23:28:46,5642
16927,Decide,1970-04-26 23:28:47,5642
16928,Book hotel,1970-04-26 23:28:48,5642
16929,Check plane,1970-04-26 23:28:49,5643
16930,Decide,1970-04-26 23:28:50,5643
16931,Book plane,1970-04-26 23:28:51,5643
16932,Check hotel,1970-04-26 23:28:52,5644
16933,Decide,1970-04-26 23:28:53,5644
16934,Book hotel,1970-04-26 23:28:54,5644
16935,Check hotel,1970-04-26 23:28:55,5645
16936,Decide,1970-04-26 23:28:56,5645
16937,Book plane,1970-04-26 23:28:57,5645
16938,Check plane,1970-04-26 23:28:58,5646
16939,Decide,1970-04-26 23:28:59,5646
16940,Book plane,1970-04-26 23:29:00,5646
16941,Check hotel,1970-04-26 23:29:01,5647
16942,Decide,1970-04-26 23:29:02,5647
16943,Book hotel,1970-04-26 23:29:03,5647
16944,Check hotel,1970-04-26 23:29:04,5648
16945,Decide,1970-04-26 23:29:05,5648
16946,Book plane,1970-04-26 23:29:06,5648
16947,Check plane,1970-04-26 23:29:07,5649
16948,Decide,1970-04-26 23:29:08,5649
16949,Book hotel,1970-04-26 23:29:09,5649
16950,Check hotel,1970-04-26 23:29:10,5650
16951,Decide,1970-04-26 23:29:11,5650
16952,Book hotel,1970-04-26 23:29:12,5650
16953,Check hotel,1970-04-26 23:29:13,5651
16954,Decide,1970-04-26 23:29:14,5651
16955,Book plane,1970-04-26 23:29:15,5651
16956,Check plane,1970-04-26 23:29:16,5652
16957,Decide,1970-04-26 23:29:17,5652
16958,Book plane,1970-04-26 23:29:18,5652
16959,Check hotel,1970-04-26 23:29:19,5653
16960,Decide,1970-04-26 23:29:20,5653
16961,Book hotel,1970-04-26 23:29:21,5653
16962,Check hotel,1970-04-26 23:29:22,5654
16963,Decide,1970-04-26 23:29:23,5654
16964,Book plane,1970-04-26 23:29:24,5654
16965,Check plane,1970-04-26 23:29:25,5655
16966,Decide,1970-04-26 23:29:26,5655
16967,Book plane,1970-04-26 23:29:27,5655
16968,Check hotel,1970-04-26 23:29:28,5656
16969,Decide,1970-04-26 23:29:29,5656
16970,Book plane,1970-04-26 23:29:30,5656
16971,Check plane,1970-04-26 23:29:31,5657
16972,Decide,1970-04-26 23:29:32,5657
16973,Book plane,1970-04-26 23:29:33,5657
16974,Check hotel,1970-04-26 23:29:34,5658
16975,Decide,1970-04-26 23:29:35,5658
16976,Book hotel,1970-04-26 23:29:36,5658
16977,Check plane,1970-04-26 23:29:37,5659
16978,Decide,1970-04-26 23:29:38,5659
16979,Book plane,1970-04-26 23:29:39,5659
16980,Check hotel,1970-04-26 23:29:40,5660
16981,Decide,1970-04-26 23:29:41,5660
16982,Book hotel,1970-04-26 23:29:42,5660
16983,Check hotel,1970-04-26 23:29:43,5661
16984,Decide,1970-04-26 23:29:44,5661
16985,Book hotel,1970-04-26 23:29:45,5661
16986,Check hotel,1970-04-26 23:29:46,5662
16987,Decide,1970-04-26 23:29:47,5662
16988,Book hotel,1970-04-26 23:29:48,5662
16989,Check plane,1970-04-26 23:29:49,5663
16990,Decide,1970-04-26 23:29:50,5663
16991,Book plane,1970-04-26 23:29:51,5663
16992,Check plane,1970-04-26 23:29:52,5664
16993,Decide,1970-04-26 23:29:53,5664
16994,Book plane,1970-04-26 23:29:54,5664
16995,Check hotel,1970-04-26 23:29:55,5665
16996,Decide,1970-04-26 23:29:56,5665
16997,Book hotel,1970-04-26 23:29:57,5665
16998,Check hotel,1970-04-26 23:29:58,5666
16999,Decide,1970-04-26 23:29:59,5666
17000,Book hotel,1970-04-26 23:30:00,5666
17001,Check hotel,1970-04-26 23:30:01,5667
17002,Decide,1970-04-26 23:30:02,5667
17003,Book plane,1970-04-26 23:30:03,5667
17004,Check plane,1970-04-26 23:30:04,5668
17005,Decide,1970-04-26 23:30:05,5668
17006,Book hotel,1970-04-26 23:30:06,5668
17007,Check hotel,1970-04-26 23:30:07,5669
17008,Decide,1970-04-26 23:30:08,5669
17009,Book hotel,1970-04-26 23:30:09,5669
17010,Check hotel,1970-04-26 23:30:10,5670
17011,Decide,1970-04-26 23:30:11,5670
17012,Book plane,1970-04-26 23:30:12,5670
17013,Check hotel,1970-04-26 23:30:13,5671
17014,Decide,1970-04-26 23:30:14,5671
17015,Book hotel,1970-04-26 23:30:15,5671
17016,Check hotel,1970-04-26 23:30:16,5672
17017,Decide,1970-04-26 23:30:17,5672
17018,Book plane,1970-04-26 23:30:18,5672
17019,Check plane,1970-04-26 23:30:19,5673
17020,Decide,1970-04-26 23:30:20,5673
17021,Book hotel,1970-04-26 23:30:21,5673
17022,Check plane,1970-04-26 23:30:22,5674
17023,Decide,1970-04-26 23:30:23,5674
17024,Book plane,1970-04-26 23:30:24,5674
17025,Check hotel,1970-04-26 23:30:25,5675
17026,Decide,1970-04-26 23:30:26,5675
17027,Book plane,1970-04-26 23:30:27,5675
17028,Check hotel,1970-04-26 23:30:28,5676
17029,Decide,1970-04-26 23:30:29,5676
17030,Book hotel,1970-04-26 23:30:30,5676
17031,Check plane,1970-04-26 23:30:31,5677
17032,Decide,1970-04-26 23:30:32,5677
17033,Book plane,1970-04-26 23:30:33,5677
17034,Check hotel,1970-04-26 23:30:34,5678
17035,Decide,1970-04-26 23:30:35,5678
17036,Book hotel,1970-04-26 23:30:36,5678
17037,Check hotel,1970-04-26 23:30:37,5679
17038,Decide,1970-04-26 23:30:38,5679
17039,Book plane,1970-04-26 23:30:39,5679
17040,Check plane,1970-04-26 23:30:40,5680
17041,Decide,1970-04-26 23:30:41,5680
17042,Book plane,1970-04-26 23:30:42,5680
17043,Check hotel,1970-04-26 23:30:43,5681
17044,Decide,1970-04-26 23:30:44,5681
17045,Book plane,1970-04-26 23:30:45,5681
17046,Check hotel,1970-04-26 23:30:46,5682
17047,Decide,1970-04-26 23:30:47,5682
17048,Book plane,1970-04-26 23:30:48,5682
17049,Check hotel,1970-04-26 23:30:49,5683
17050,Decide,1970-04-26 23:30:50,5683
17051,Book hotel,1970-04-26 23:30:51,5683
17052,Check plane,1970-04-26 23:30:52,5684
17053,Decide,1970-04-26 23:30:53,5684
17054,Book hotel,1970-04-26 23:30:54,5684
17055,Check plane,1970-04-26 23:30:55,5685
17056,Decide,1970-04-26 23:30:56,5685
17057,Book hotel,1970-04-26 23:30:57,5685
17058,Check hotel,1970-04-26 23:30:58,5686
17059,Decide,1970-04-26 23:30:59,5686
17060,Book hotel,1970-04-26 23:31:00,5686
17061,Check hotel,1970-04-26 23:31:01,5687
17062,Decide,1970-04-26 23:31:02,5687
17063,Book plane,1970-04-26 23:31:03,5687
17064,Check plane,1970-04-26 23:31:04,5688
17065,Decide,1970-04-26 23:31:05,5688
17066,Book hotel,1970-04-26 23:31:06,5688
17067,Check plane,1970-04-26 23:31:07,5689
17068,Decide,1970-04-26 23:31:08,5689
17069,Book plane,1970-04-26 23:31:09,5689
17070,Check hotel,1970-04-26 23:31:10,5690
17071,Decide,1970-04-26 23:31:11,5690
17072,Book plane,1970-04-26 23:31:12,5690
17073,Check hotel,1970-04-26 23:31:13,5691
17074,Decide,1970-04-26 23:31:14,5691
17075,Book hotel,1970-04-26 23:31:15,5691
17076,Check hotel,1970-04-26 23:31:16,5692
17077,Decide,1970-04-26 23:31:17,5692
17078,Book plane,1970-04-26 23:31:18,5692
17079,Check hotel,1970-04-26 23:31:19,5693
17080,Decide,1970-04-26 23:31:20,5693
17081,Book hotel,1970-04-26 23:31:21,5693
17082,Check plane,1970-04-26 23:31:22,5694
17083,Decide,1970-04-26 23:31:23,5694
17084,Book hotel,1970-04-26 23:31:24,5694
17085,Check hotel,1970-04-26 23:31:25,5695
17086,Decide,1970-04-26 23:31:26,5695
17087,Book plane,1970-04-26 23:31:27,5695
17088,Check hotel,1970-04-26 23:31:28,5696
17089,Decide,1970-04-26 23:31:29,5696
17090,Book plane,1970-04-26 23:31:30,5696
17091,Check hotel,1970-04-26 23:31:31,5697
17092,Decide,1970-04-26 23:31:32,5697
17093,Book hotel,1970-04-26 23:31:33,5697
17094,Check plane,1970-04-26 23:31:34,5698
17095,Decide,1970-04-26 23:31:35,5698
17096,Book plane,1970-04-26 23:31:36,5698
17097,Check hotel,1970-04-26 23:31:37,5699
17098,Decide,1970-04-26 23:31:38,5699
17099,Book hotel,1970-04-26 23:31:39,5699
17100,Check plane,1970-04-26 23:31:40,5700
17101,Decide,1970-04-26 23:31:41,5700
17102,Book hotel,1970-04-26 23:31:42,5700
17103,Check hotel,1970-04-26 23:31:43,5701
17104,Decide,1970-04-26 23:31:44,5701
17105,Book plane,1970-04-26 23:31:45,5701
17106,Check plane,1970-04-26 23:31:46,5702
17107,Decide,1970-04-26 23:31:47,5702
17108,Book hotel,1970-04-26 23:31:48,5702
17109,Check plane,1970-04-26 23:31:49,5703
17110,Decide,1970-04-26 23:31:50,5703
17111,Book hotel,1970-04-26 23:31:51,5703
17112,Check plane,1970-04-26 23:31:52,5704
17113,Decide,1970-04-26 23:31:53,5704
17114,Book plane,1970-04-26 23:31:54,5704
17115,Check plane,1970-04-26 23:31:55,5705
17116,Decide,1970-04-26 23:31:56,5705
17117,Book plane,1970-04-26 23:31:57,5705
17118,Check plane,1970-04-26 23:31:58,5706
17119,Decide,1970-04-26 23:31:59,5706
17120,Book plane,1970-04-26 23:32:00,5706
17121,Check plane,1970-04-26 23:32:01,5707
17122,Decide,1970-04-26 23:32:02,5707
17123,Book hotel,1970-04-26 23:32:03,5707
17124,Check plane,1970-04-26 23:32:04,5708
17125,Decide,1970-04-26 23:32:05,5708
17126,Book plane,1970-04-26 23:32:06,5708
17127,Check plane,1970-04-26 23:32:07,5709
17128,Decide,1970-04-26 23:32:08,5709
17129,Book plane,1970-04-26 23:32:09,5709
17130,Check plane,1970-04-26 23:32:10,5710
17131,Decide,1970-04-26 23:32:11,5710
17132,Book plane,1970-04-26 23:32:12,5710
17133,Check plane,1970-04-26 23:32:13,5711
17134,Decide,1970-04-26 23:32:14,5711
17135,Book plane,1970-04-26 23:32:15,5711
17136,Check plane,1970-04-26 23:32:16,5712
17137,Decide,1970-04-26 23:32:17,5712
17138,Book hotel,1970-04-26 23:32:18,5712
17139,Check hotel,1970-04-26 23:32:19,5713
17140,Decide,1970-04-26 23:32:20,5713
17141,Book hotel,1970-04-26 23:32:21,5713
17142,Check hotel,1970-04-26 23:32:22,5714
17143,Decide,1970-04-26 23:32:23,5714
17144,Book plane,1970-04-26 23:32:24,5714
17145,Check plane,1970-04-26 23:32:25,5715
17146,Decide,1970-04-26 23:32:26,5715
17147,Book hotel,1970-04-26 23:32:27,5715
17148,Check plane,1970-04-26 23:32:28,5716
17149,Decide,1970-04-26 23:32:29,5716
17150,Book hotel,1970-04-26 23:32:30,5716
17151,Check hotel,1970-04-26 23:32:31,5717
17152,Decide,1970-04-26 23:32:32,5717
17153,Book hotel,1970-04-26 23:32:33,5717
17154,Check plane,1970-04-26 23:32:34,5718
17155,Decide,1970-04-26 23:32:35,5718
17156,Book hotel,1970-04-26 23:32:36,5718
17157,Check plane,1970-04-26 23:32:37,5719
17158,Decide,1970-04-26 23:32:38,5719
17159,Book hotel,1970-04-26 23:32:39,5719
17160,Check plane,1970-04-26 23:32:40,5720
17161,Decide,1970-04-26 23:32:41,5720
17162,Book plane,1970-04-26 23:32:42,5720
17163,Check plane,1970-04-26 23:32:43,5721
17164,Decide,1970-04-26 23:32:44,5721
17165,Book plane,1970-04-26 23:32:45,5721
17166,Check plane,1970-04-26 23:32:46,5722
17167,Decide,1970-04-26 23:32:47,5722
17168,Book plane,1970-04-26 23:32:48,5722
17169,Check plane,1970-04-26 23:32:49,5723
17170,Decide,1970-04-26 23:32:50,5723
17171,Book hotel,1970-04-26 23:32:51,5723
17172,Check hotel,1970-04-26 23:32:52,5724
17173,Decide,1970-04-26 23:32:53,5724
17174,Book hotel,1970-04-26 23:32:54,5724
17175,Check plane,1970-04-26 23:32:55,5725
17176,Decide,1970-04-26 23:32:56,5725
17177,Book plane,1970-04-26 23:32:57,5725
17178,Check hotel,1970-04-26 23:32:58,5726
17179,Decide,1970-04-26 23:32:59,5726
17180,Book hotel,1970-04-26 23:33:00,5726
17181,Check hotel,1970-04-26 23:33:01,5727
17182,Decide,1970-04-26 23:33:02,5727
17183,Book plane,1970-04-26 23:33:03,5727
17184,Check hotel,1970-04-26 23:33:04,5728
17185,Decide,1970-04-26 23:33:05,5728
17186,Book plane,1970-04-26 23:33:06,5728
17187,Check plane,1970-04-26 23:33:07,5729
17188,Decide,1970-04-26 23:33:08,5729
17189,Book hotel,1970-04-26 23:33:09,5729
17190,Check hotel,1970-04-26 23:33:10,5730
17191,Decide,1970-04-26 23:33:11,5730
17192,Book plane,1970-04-26 23:33:12,5730
17193,Check hotel,1970-04-26 23:33:13,5731
17194,Decide,1970-04-26 23:33:14,5731
17195,Book hotel,1970-04-26 23:33:15,5731
17196,Check plane,1970-04-26 23:33:16,5732
17197,Decide,1970-04-26 23:33:17,5732
17198,Book plane,1970-04-26 23:33:18,5732
17199,Check hotel,1970-04-26 23:33:19,5733
17200,Decide,1970-04-26 23:33:20,5733
17201,Book hotel,1970-04-26 23:33:21,5733
17202,Check plane,1970-04-26 23:33:22,5734
17203,Decide,1970-04-26 23:33:23,5734
17204,Book hotel,1970-04-26 23:33:24,5734
17205,Check plane,1970-04-26 23:33:25,5735
17206,Decide,1970-04-26 23:33:26,5735
17207,Book hotel,1970-04-26 23:33:27,5735
17208,Check plane,1970-04-26 23:33:28,5736
17209,Decide,1970-04-26 23:33:29,5736
17210,Book hotel,1970-04-26 23:33:30,5736
17211,Check plane,1970-04-26 23:33:31,5737
17212,Decide,1970-04-26 23:33:32,5737
17213,Book hotel,1970-04-26 23:33:33,5737
17214,Check hotel,1970-04-26 23:33:34,5738
17215,Decide,1970-04-26 23:33:35,5738
17216,Book hotel,1970-04-26 23:33:36,5738
17217,Check hotel,1970-04-26 23:33:37,5739
17218,Decide,1970-04-26 23:33:38,5739
17219,Book plane,1970-04-26 23:33:39,5739
17220,Check plane,1970-04-26 23:33:40,5740
17221,Decide,1970-04-26 23:33:41,5740
17222,Book plane,1970-04-26 23:33:42,5740
17223,Check plane,1970-04-26 23:33:43,5741
17224,Decide,1970-04-26 23:33:44,5741
17225,Book plane,1970-04-26 23:33:45,5741
17226,Check hotel,1970-04-26 23:33:46,5742
17227,Decide,1970-04-26 23:33:47,5742
17228,Book plane,1970-04-26 23:33:48,5742
17229,Check plane,1970-04-26 23:33:49,5743
17230,Decide,1970-04-26 23:33:50,5743
17231,Book plane,1970-04-26 23:33:51,5743
17232,Check hotel,1970-04-26 23:33:52,5744
17233,Decide,1970-04-26 23:33:53,5744
17234,Book plane,1970-04-26 23:33:54,5744
17235,Check plane,1970-04-26 23:33:55,5745
17236,Decide,1970-04-26 23:33:56,5745
17237,Book plane,1970-04-26 23:33:57,5745
17238,Check hotel,1970-04-26 23:33:58,5746
17239,Decide,1970-04-26 23:33:59,5746
17240,Book hotel,1970-04-26 23:34:00,5746
17241,Check hotel,1970-04-26 23:34:01,5747
17242,Decide,1970-04-26 23:34:02,5747
17243,Book hotel,1970-04-26 23:34:03,5747
17244,Check plane,1970-04-26 23:34:04,5748
17245,Decide,1970-04-26 23:34:05,5748
17246,Book plane,1970-04-26 23:34:06,5748
17247,Check plane,1970-04-26 23:34:07,5749
17248,Decide,1970-04-26 23:34:08,5749
17249,Book hotel,1970-04-26 23:34:09,5749
17250,Check plane,1970-04-26 23:34:10,5750
17251,Decide,1970-04-26 23:34:11,5750
17252,Book plane,1970-04-26 23:34:12,5750
17253,Check plane,1970-04-26 23:34:13,5751
17254,Decide,1970-04-26 23:34:14,5751
17255,Book hotel,1970-04-26 23:34:15,5751
17256,Check hotel,1970-04-26 23:34:16,5752
17257,Decide,1970-04-26 23:34:17,5752
17258,Book plane,1970-04-26 23:34:18,5752
17259,Check hotel,1970-04-26 23:34:19,5753
17260,Decide,1970-04-26 23:34:20,5753
17261,Book hotel,1970-04-26 23:34:21,5753
17262,Check hotel,1970-04-26 23:34:22,5754
17263,Decide,1970-04-26 23:34:23,5754
17264,Book hotel,1970-04-26 23:34:24,5754
17265,Check hotel,1970-04-26 23:34:25,5755
17266,Decide,1970-04-26 23:34:26,5755
17267,Book hotel,1970-04-26 23:34:27,5755
17268,Check plane,1970-04-26 23:34:28,5756
17269,Decide,1970-04-26 23:34:29,5756
17270,Book hotel,1970-04-26 23:34:30,5756
17271,Check hotel,1970-04-26 23:34:31,5757
17272,Decide,1970-04-26 23:34:32,5757
17273,Book plane,1970-04-26 23:34:33,5757
17274,Check hotel,1970-04-26 23:34:34,5758
17275,Decide,1970-04-26 23:34:35,5758
17276,Book hotel,1970-04-26 23:34:36,5758
17277,Check plane,1970-04-26 23:34:37,5759
17278,Decide,1970-04-26 23:34:38,5759
17279,Book plane,1970-04-26 23:34:39,5759
17280,Check hotel,1970-04-26 23:34:40,5760
17281,Decide,1970-04-26 23:34:41,5760
17282,Book plane,1970-04-26 23:34:42,5760
17283,Check plane,1970-04-26 23:34:43,5761
17284,Decide,1970-04-26 23:34:44,5761
17285,Book plane,1970-04-26 23:34:45,5761
17286,Check plane,1970-04-26 23:34:46,5762
17287,Decide,1970-04-26 23:34:47,5762
17288,Book plane,1970-04-26 23:34:48,5762
17289,Check plane,1970-04-26 23:34:49,5763
17290,Decide,1970-04-26 23:34:50,5763
17291,Book plane,1970-04-26 23:34:51,5763
17292,Check hotel,1970-04-26 23:34:52,5764
17293,Decide,1970-04-26 23:34:53,5764
17294,Book plane,1970-04-26 23:34:54,5764
17295,Check plane,1970-04-26 23:34:55,5765
17296,Decide,1970-04-26 23:34:56,5765
17297,Book hotel,1970-04-26 23:34:57,5765
17298,Check hotel,1970-04-26 23:34:58,5766
17299,Decide,1970-04-26 23:34:59,5766
17300,Book plane,1970-04-26 23:35:00,5766
17301,Check hotel,1970-04-26 23:35:01,5767
17302,Decide,1970-04-26 23:35:02,5767
17303,Book plane,1970-04-26 23:35:03,5767
17304,Check plane,1970-04-26 23:35:04,5768
17305,Decide,1970-04-26 23:35:05,5768
17306,Book hotel,1970-04-26 23:35:06,5768
17307,Check hotel,1970-04-26 23:35:07,5769
17308,Decide,1970-04-26 23:35:08,5769
17309,Book hotel,1970-04-26 23:35:09,5769
17310,Check plane,1970-04-26 23:35:10,5770
17311,Decide,1970-04-26 23:35:11,5770
17312,Book plane,1970-04-26 23:35:12,5770
17313,Check hotel,1970-04-26 23:35:13,5771
17314,Decide,1970-04-26 23:35:14,5771
17315,Book hotel,1970-04-26 23:35:15,5771
17316,Check hotel,1970-04-26 23:35:16,5772
17317,Decide,1970-04-26 23:35:17,5772
17318,Book hotel,1970-04-26 23:35:18,5772
17319,Check plane,1970-04-26 23:35:19,5773
17320,Decide,1970-04-26 23:35:20,5773
17321,Book hotel,1970-04-26 23:35:21,5773
17322,Check hotel,1970-04-26 23:35:22,5774
17323,Decide,1970-04-26 23:35:23,5774
17324,Book plane,1970-04-26 23:35:24,5774
17325,Check hotel,1970-04-26 23:35:25,5775
17326,Decide,1970-04-26 23:35:26,5775
17327,Book hotel,1970-04-26 23:35:27,5775
17328,Check hotel,1970-04-26 23:35:28,5776
17329,Decide,1970-04-26 23:35:29,5776
17330,Book hotel,1970-04-26 23:35:30,5776
17331,Check plane,1970-04-26 23:35:31,5777
17332,Decide,1970-04-26 23:35:32,5777
17333,Book hotel,1970-04-26 23:35:33,5777
17334,Check plane,1970-04-26 23:35:34,5778
17335,Decide,1970-04-26 23:35:35,5778
17336,Book plane,1970-04-26 23:35:36,5778
17337,Check plane,1970-04-26 23:35:37,5779
17338,Decide,1970-04-26 23:35:38,5779
17339,Book hotel,1970-04-26 23:35:39,5779
17340,Check hotel,1970-04-26 23:35:40,5780
17341,Decide,1970-04-26 23:35:41,5780
17342,Book plane,1970-04-26 23:35:42,5780
17343,Check hotel,1970-04-26 23:35:43,5781
17344,Decide,1970-04-26 23:35:44,5781
17345,Book hotel,1970-04-26 23:35:45,5781
17346,Check hotel,1970-04-26 23:35:46,5782
17347,Decide,1970-04-26 23:35:47,5782
17348,Book plane,1970-04-26 23:35:48,5782
17349,Check plane,1970-04-26 23:35:49,5783
17350,Decide,1970-04-26 23:35:50,5783
17351,Book hotel,1970-04-26 23:35:51,5783
17352,Check hotel,1970-04-26 23:35:52,5784
17353,Decide,1970-04-26 23:35:53,5784
17354,Book plane,1970-04-26 23:35:54,5784
17355,Check plane,1970-04-26 23:35:55,5785
17356,Decide,1970-04-26 23:35:56,5785
17357,Book hotel,1970-04-26 23:35:57,5785
17358,Check plane,1970-04-26 23:35:58,5786
17359,Decide,1970-04-26 23:35:59,5786
17360,Book hotel,1970-04-26 23:36:00,5786
17361,Check hotel,1970-04-26 23:36:01,5787
17362,Decide,1970-04-26 23:36:02,5787
17363,Book hotel,1970-04-26 23:36:03,5787
17364,Check plane,1970-04-26 23:36:04,5788
17365,Decide,1970-04-26 23:36:05,5788
17366,Book plane,1970-04-26 23:36:06,5788
17367,Check hotel,1970-04-26 23:36:07,5789
17368,Decide,1970-04-26 23:36:08,5789
17369,Book hotel,1970-04-26 23:36:09,5789
17370,Check hotel,1970-04-26 23:36:10,5790
17371,Decide,1970-04-26 23:36:11,5790
17372,Book hotel,1970-04-26 23:36:12,5790
17373,Check hotel,1970-04-26 23:36:13,5791
17374,Decide,1970-04-26 23:36:14,5791
17375,Book plane,1970-04-26 23:36:15,5791
17376,Check plane,1970-04-26 23:36:16,5792
17377,Decide,1970-04-26 23:36:17,5792
17378,Book plane,1970-04-26 23:36:18,5792
17379,Check hotel,1970-04-26 23:36:19,5793
17380,Decide,1970-04-26 23:36:20,5793
17381,Book plane,1970-04-26 23:36:21,5793
17382,Check plane,1970-04-26 23:36:22,5794
17383,Decide,1970-04-26 23:36:23,5794
17384,Book hotel,1970-04-26 23:36:24,5794
17385,Check plane,1970-04-26 23:36:25,5795
17386,Decide,1970-04-26 23:36:26,5795
17387,Book plane,1970-04-26 23:36:27,5795
17388,Check plane,1970-04-26 23:36:28,5796
17389,Decide,1970-04-26 23:36:29,5796
17390,Book hotel,1970-04-26 23:36:30,5796
17391,Check plane,1970-04-26 23:36:31,5797
17392,Decide,1970-04-26 23:36:32,5797
17393,Book plane,1970-04-26 23:36:33,5797
17394,Check hotel,1970-04-26 23:36:34,5798
17395,Decide,1970-04-26 23:36:35,5798
17396,Book hotel,1970-04-26 23:36:36,5798
17397,Check hotel,1970-04-26 23:36:37,5799
17398,Decide,1970-04-26 23:36:38,5799
17399,Book hotel,1970-04-26 23:36:39,5799
17400,Check plane,1970-04-26 23:36:40,5800
17401,Decide,1970-04-26 23:36:41,5800
17402,Book plane,1970-04-26 23:36:42,5800
17403,Check plane,1970-04-26 23:36:43,5801
17404,Decide,1970-04-26 23:36:44,5801
17405,Book hotel,1970-04-26 23:36:45,5801
17406,Check plane,1970-04-26 23:36:46,5802
17407,Decide,1970-04-26 23:36:47,5802
17408,Book hotel,1970-04-26 23:36:48,5802
17409,Check hotel,1970-04-26 23:36:49,5803
17410,Decide,1970-04-26 23:36:50,5803
17411,Book plane,1970-04-26 23:36:51,5803
17412,Check hotel,1970-04-26 23:36:52,5804
17413,Decide,1970-04-26 23:36:53,5804
17414,Book hotel,1970-04-26 23:36:54,5804
17415,Check plane,1970-04-26 23:36:55,5805
17416,Decide,1970-04-26 23:36:56,5805
17417,Book hotel,1970-04-26 23:36:57,5805
17418,Check hotel,1970-04-26 23:36:58,5806
17419,Decide,1970-04-26 23:36:59,5806
17420,Book plane,1970-04-26 23:37:00,5806
17421,Check hotel,1970-04-26 23:37:01,5807
17422,Decide,1970-04-26 23:37:02,5807
17423,Book hotel,1970-04-26 23:37:03,5807
17424,Check plane,1970-04-26 23:37:04,5808
17425,Decide,1970-04-26 23:37:05,5808
17426,Book hotel,1970-04-26 23:37:06,5808
17427,Check plane,1970-04-26 23:37:07,5809
17428,Decide,1970-04-26 23:37:08,5809
17429,Book hotel,1970-04-26 23:37:09,5809
17430,Check plane,1970-04-26 23:37:10,5810
17431,Decide,1970-04-26 23:37:11,5810
17432,Book plane,1970-04-26 23:37:12,5810
17433,Check plane,1970-04-26 23:37:13,5811
17434,Decide,1970-04-26 23:37:14,5811
17435,Book plane,1970-04-26 23:37:15,5811
17436,Check hotel,1970-04-26 23:37:16,5812
17437,Decide,1970-04-26 23:37:17,5812
17438,Book plane,1970-04-26 23:37:18,5812
17439,Check plane,1970-04-26 23:37:19,5813
17440,Decide,1970-04-26 23:37:20,5813
17441,Book hotel,1970-04-26 23:37:21,5813
17442,Check hotel,1970-04-26 23:37:22,5814
17443,Decide,1970-04-26 23:37:23,5814
17444,Book plane,1970-04-26 23:37:24,5814
17445,Check plane,1970-04-26 23:37:25,5815
17446,Decide,1970-04-26 23:37:26,5815
17447,Book plane,1970-04-26 23:37:27,5815
17448,Check hotel,1970-04-26 23:37:28,5816
17449,Decide,1970-04-26 23:37:29,5816
17450,Book hotel,1970-04-26 23:37:30,5816
17451,Check plane,1970-04-26 23:37:31,5817
17452,Decide,1970-04-26 23:37:32,5817
17453,Book hotel,1970-04-26 23:37:33,5817
17454,Check plane,1970-04-26 23:37:34,5818
17455,Decide,1970-04-26 23:37:35,5818
17456,Book hotel,1970-04-26 23:37:36,5818
17457,Check plane,1970-04-26 23:37:37,5819
17458,Decide,1970-04-26 23:37:38,5819
17459,Book hotel,1970-04-26 23:37:39,5819
17460,Check plane,1970-04-26 23:37:40,5820
17461,Decide,1970-04-26 23:37:41,5820
17462,Book plane,1970-04-26 23:37:42,5820
17463,Check plane,1970-04-26 23:37:43,5821
17464,Decide,1970-04-26 23:37:44,5821
17465,Book hotel,1970-04-26 23:37:45,5821
17466,Check hotel,1970-04-26 23:37:46,5822
17467,Decide,1970-04-26 23:37:47,5822
17468,Book plane,1970-04-26 23:37:48,5822
17469,Check plane,1970-04-26 23:37:49,5823
17470,Decide,1970-04-26 23:37:50,5823
17471,Book plane,1970-04-26 23:37:51,5823
17472,Check hotel,1970-04-26 23:37:52,5824
17473,Decide,1970-04-26 23:37:53,5824
17474,Book plane,1970-04-26 23:37:54,5824
17475,Check hotel,1970-04-26 23:37:55,5825
17476,Decide,1970-04-26 23:37:56,5825
17477,Book hotel,1970-04-26 23:37:57,5825
17478,Check plane,1970-04-26 23:37:58,5826
17479,Decide,1970-04-26 23:37:59,5826
17480,Book plane,1970-04-26 23:38:00,5826
17481,Check plane,1970-04-26 23:38:01,5827
17482,Decide,1970-04-26 23:38:02,5827
17483,Book plane,1970-04-26 23:38:03,5827
17484,Check plane,1970-04-26 23:38:04,5828
17485,Decide,1970-04-26 23:38:05,5828
17486,Book plane,1970-04-26 23:38:06,5828
17487,Check hotel,1970-04-26 23:38:07,5829
17488,Decide,1970-04-26 23:38:08,5829
17489,Book plane,1970-04-26 23:38:09,5829
17490,Check plane,1970-04-26 23:38:10,5830
17491,Decide,1970-04-26 23:38:11,5830
17492,Book hotel,1970-04-26 23:38:12,5830
17493,Check hotel,1970-04-26 23:38:13,5831
17494,Decide,1970-04-26 23:38:14,5831
17495,Book plane,1970-04-26 23:38:15,5831
17496,Check plane,1970-04-26 23:38:16,5832
17497,Decide,1970-04-26 23:38:17,5832
17498,Book hotel,1970-04-26 23:38:18,5832
17499,Check plane,1970-04-26 23:38:19,5833
17500,Decide,1970-04-26 23:38:20,5833
17501,Book hotel,1970-04-26 23:38:21,5833
17502,Check hotel,1970-04-26 23:38:22,5834
17503,Decide,1970-04-26 23:38:23,5834
17504,Book plane,1970-04-26 23:38:24,5834
17505,Check hotel,1970-04-26 23:38:25,5835
17506,Decide,1970-04-26 23:38:26,5835
17507,Book hotel,1970-04-26 23:38:27,5835
17508,Check hotel,1970-04-26 23:38:28,5836
17509,Decide,1970-04-26 23:38:29,5836
17510,Book plane,1970-04-26 23:38:30,5836
17511,Check plane,1970-04-26 23:38:31,5837
17512,Decide,1970-04-26 23:38:32,5837
17513,Book hotel,1970-04-26 23:38:33,5837
17514,Check hotel,1970-04-26 23:38:34,5838
17515,Decide,1970-04-26 23:38:35,5838
17516,Book plane,1970-04-26 23:38:36,5838
17517,Check hotel,1970-04-26 23:38:37,5839
17518,Decide,1970-04-26 23:38:38,5839
17519,Book hotel,1970-04-26 23:38:39,5839
17520,Check hotel,1970-04-26 23:38:40,5840
17521,Decide,1970-04-26 23:38:41,5840
17522,Book plane,1970-04-26 23:38:42,5840
17523,Check hotel,1970-04-26 23:38:43,5841
17524,Decide,1970-04-26 23:38:44,5841
17525,Book plane,1970-04-26 23:38:45,5841
17526,Check plane,1970-04-26 23:38:46,5842
17527,Decide,1970-04-26 23:38:47,5842
17528,Book plane,1970-04-26 23:38:48,5842
17529,Check plane,1970-04-26 23:38:49,5843
17530,Decide,1970-04-26 23:38:50,5843
17531,Book plane,1970-04-26 23:38:51,5843
17532,Check plane,1970-04-26 23:38:52,5844
17533,Decide,1970-04-26 23:38:53,5844
17534,Book plane,1970-04-26 23:38:54,5844
17535,Check plane,1970-04-26 23:38:55,5845
17536,Decide,1970-04-26 23:38:56,5845
17537,Book hotel,1970-04-26 23:38:57,5845
17538,Check hotel,1970-04-26 23:38:58,5846
17539,Decide,1970-04-26 23:38:59,5846
17540,Book plane,1970-04-26 23:39:00,5846
17541,Check hotel,1970-04-26 23:39:01,5847
17542,Decide,1970-04-26 23:39:02,5847
17543,Book hotel,1970-04-26 23:39:03,5847
17544,Check hotel,1970-04-26 23:39:04,5848
17545,Decide,1970-04-26 23:39:05,5848
17546,Book hotel,1970-04-26 23:39:06,5848
17547,Check hotel,1970-04-26 23:39:07,5849
17548,Decide,1970-04-26 23:39:08,5849
17549,Book plane,1970-04-26 23:39:09,5849
17550,Check plane,1970-04-26 23:39:10,5850
17551,Decide,1970-04-26 23:39:11,5850
17552,Book hotel,1970-04-26 23:39:12,5850
17553,Check plane,1970-04-26 23:39:13,5851
17554,Decide,1970-04-26 23:39:14,5851
17555,Book hotel,1970-04-26 23:39:15,5851
17556,Check plane,1970-04-26 23:39:16,5852
17557,Decide,1970-04-26 23:39:17,5852
17558,Book plane,1970-04-26 23:39:18,5852
17559,Check hotel,1970-04-26 23:39:19,5853
17560,Decide,1970-04-26 23:39:20,5853
17561,Book hotel,1970-04-26 23:39:21,5853
17562,Check plane,1970-04-26 23:39:22,5854
17563,Decide,1970-04-26 23:39:23,5854
17564,Book hotel,1970-04-26 23:39:24,5854
17565,Check plane,1970-04-26 23:39:25,5855
17566,Decide,1970-04-26 23:39:26,5855
17567,Book plane,1970-04-26 23:39:27,5855
17568,Check plane,1970-04-26 23:39:28,5856
17569,Decide,1970-04-26 23:39:29,5856
17570,Book plane,1970-04-26 23:39:30,5856
17571,Check plane,1970-04-26 23:39:31,5857
17572,Decide,1970-04-26 23:39:32,5857
17573,Book hotel,1970-04-26 23:39:33,5857
17574,Check plane,1970-04-26 23:39:34,5858
17575,Decide,1970-04-26 23:39:35,5858
17576,Book plane,1970-04-26 23:39:36,5858
17577,Check hotel,1970-04-26 23:39:37,5859
17578,Decide,1970-04-26 23:39:38,5859
17579,Book hotel,1970-04-26 23:39:39,5859
17580,Check hotel,1970-04-26 23:39:40,5860
17581,Decide,1970-04-26 23:39:41,5860
17582,Book hotel,1970-04-26 23:39:42,5860
17583,Check hotel,1970-04-26 23:39:43,5861
17584,Decide,1970-04-26 23:39:44,5861
17585,Book plane,1970-04-26 23:39:45,5861
17586,Check hotel,1970-04-26 23:39:46,5862
17587,Decide,1970-04-26 23:39:47,5862
17588,Book plane,1970-04-26 23:39:48,5862
17589,Check plane,1970-04-26 23:39:49,5863
17590,Decide,1970-04-26 23:39:50,5863
17591,Book hotel,1970-04-26 23:39:51,5863
17592,Check plane,1970-04-26 23:39:52,5864
17593,Decide,1970-04-26 23:39:53,5864
17594,Book plane,1970-04-26 23:39:54,5864
17595,Check hotel,1970-04-26 23:39:55,5865
17596,Decide,1970-04-26 23:39:56,5865
17597,Book hotel,1970-04-26 23:39:57,5865
17598,Check hotel,1970-04-26 23:39:58,5866
17599,Decide,1970-04-26 23:39:59,5866
17600,Book plane,1970-04-26 23:40:00,5866
17601,Check plane,1970-04-26 23:40:01,5867
17602,Decide,1970-04-26 23:40:02,5867
17603,Book hotel,1970-04-26 23:40:03,5867
17604,Check plane,1970-04-26 23:40:04,5868
17605,Decide,1970-04-26 23:40:05,5868
17606,Book plane,1970-04-26 23:40:06,5868
17607,Check plane,1970-04-26 23:40:07,5869
17608,Decide,1970-04-26 23:40:08,5869
17609,Book hotel,1970-04-26 23:40:09,5869
17610,Check hotel,1970-04-26 23:40:10,5870
17611,Decide,1970-04-26 23:40:11,5870
17612,Book hotel,1970-04-26 23:40:12,5870
17613,Check plane,1970-04-26 23:40:13,5871
17614,Decide,1970-04-26 23:40:14,5871
17615,Book plane,1970-04-26 23:40:15,5871
17616,Check hotel,1970-04-26 23:40:16,5872
17617,Decide,1970-04-26 23:40:17,5872
17618,Book plane,1970-04-26 23:40:18,5872
17619,Check plane,1970-04-26 23:40:19,5873
17620,Decide,1970-04-26 23:40:20,5873
17621,Book hotel,1970-04-26 23:40:21,5873
17622,Check plane,1970-04-26 23:40:22,5874
17623,Decide,1970-04-26 23:40:23,5874
17624,Book hotel,1970-04-26 23:40:24,5874
17625,Check hotel,1970-04-26 23:40:25,5875
17626,Decide,1970-04-26 23:40:26,5875
17627,Book plane,1970-04-26 23:40:27,5875
17628,Check plane,1970-04-26 23:40:28,5876
17629,Decide,1970-04-26 23:40:29,5876
17630,Book plane,1970-04-26 23:40:30,5876
17631,Check hotel,1970-04-26 23:40:31,5877
17632,Decide,1970-04-26 23:40:32,5877
17633,Book plane,1970-04-26 23:40:33,5877
17634,Check plane,1970-04-26 23:40:34,5878
17635,Decide,1970-04-26 23:40:35,5878
17636,Book plane,1970-04-26 23:40:36,5878
17637,Check hotel,1970-04-26 23:40:37,5879
17638,Decide,1970-04-26 23:40:38,5879
17639,Book plane,1970-04-26 23:40:39,5879
17640,Check hotel,1970-04-26 23:40:40,5880
17641,Decide,1970-04-26 23:40:41,5880
17642,Book hotel,1970-04-26 23:40:42,5880
17643,Check plane,1970-04-26 23:40:43,5881
17644,Decide,1970-04-26 23:40:44,5881
17645,Book hotel,1970-04-26 23:40:45,5881
17646,Check hotel,1970-04-26 23:40:46,5882
17647,Decide,1970-04-26 23:40:47,5882
17648,Book plane,1970-04-26 23:40:48,5882
17649,Check plane,1970-04-26 23:40:49,5883
17650,Decide,1970-04-26 23:40:50,5883
17651,Book plane,1970-04-26 23:40:51,5883
17652,Check hotel,1970-04-26 23:40:52,5884
17653,Decide,1970-04-26 23:40:53,5884
17654,Book plane,1970-04-26 23:40:54,5884
17655,Check hotel,1970-04-26 23:40:55,5885
17656,Decide,1970-04-26 23:40:56,5885
17657,Book hotel,1970-04-26 23:40:57,5885
17658,Check plane,1970-04-26 23:40:58,5886
17659,Decide,1970-04-26 23:40:59,5886
17660,Book hotel,1970-04-26 23:41:00,5886
17661,Check hotel,1970-04-26 23:41:01,5887
17662,Decide,1970-04-26 23:41:02,5887
17663,Book hotel,1970-04-26 23:41:03,5887
17664,Check plane,1970-04-26 23:41:04,5888
17665,Decide,1970-04-26 23:41:05,5888
17666,Book plane,1970-04-26 23:41:06,5888
17667,Check hotel,1970-04-26 23:41:07,5889
17668,Decide,1970-04-26 23:41:08,5889
17669,Book plane,1970-04-26 23:41:09,5889
17670,Check hotel,1970-04-26 23:41:10,5890
17671,Decide,1970-04-26 23:41:11,5890
17672,Book hotel,1970-04-26 23:41:12,5890
17673,Check hotel,1970-04-26 23:41:13,5891
17674,Decide,1970-04-26 23:41:14,5891
17675,Book plane,1970-04-26 23:41:15,5891
17676,Check hotel,1970-04-26 23:41:16,5892
17677,Decide,1970-04-26 23:41:17,5892
17678,Book plane,1970-04-26 23:41:18,5892
17679,Check hotel,1970-04-26 23:41:19,5893
17680,Decide,1970-04-26 23:41:20,5893
17681,Book hotel,1970-04-26 23:41:21,5893
17682,Check hotel,1970-04-26 23:41:22,5894
17683,Decide,1970-04-26 23:41:23,5894
17684,Book hotel,1970-04-26 23:41:24,5894
17685,Check hotel,1970-04-26 23:41:25,5895
17686,Decide,1970-04-26 23:41:26,5895
17687,Book plane,1970-04-26 23:41:27,5895
17688,Check plane,1970-04-26 23:41:28,5896
17689,Decide,1970-04-26 23:41:29,5896
17690,Book plane,1970-04-26 23:41:30,5896
17691,Check plane,1970-04-26 23:41:31,5897
17692,Decide,1970-04-26 23:41:32,5897
17693,Book plane,1970-04-26 23:41:33,5897
17694,Check plane,1970-04-26 23:41:34,5898
17695,Decide,1970-04-26 23:41:35,5898
17696,Book hotel,1970-04-26 23:41:36,5898
17697,Check hotel,1970-04-26 23:41:37,5899
17698,Decide,1970-04-26 23:41:38,5899
17699,Book hotel,1970-04-26 23:41:39,5899
17700,Check hotel,1970-04-26 23:41:40,5900
17701,Decide,1970-04-26 23:41:41,5900
17702,Book hotel,1970-04-26 23:41:42,5900
17703,Check plane,1970-04-26 23:41:43,5901
17704,Decide,1970-04-26 23:41:44,5901
17705,Book plane,1970-04-26 23:41:45,5901
17706,Check plane,1970-04-26 23:41:46,5902
17707,Decide,1970-04-26 23:41:47,5902
17708,Book hotel,1970-04-26 23:41:48,5902
17709,Check hotel,1970-04-26 23:41:49,5903
17710,Decide,1970-04-26 23:41:50,5903
17711,Book plane,1970-04-26 23:41:51,5903
17712,Check plane,1970-04-26 23:41:52,5904
17713,Decide,1970-04-26 23:41:53,5904
17714,Book hotel,1970-04-26 23:41:54,5904
17715,Check hotel,1970-04-26 23:41:55,5905
17716,Decide,1970-04-26 23:41:56,5905
17717,Book plane,1970-04-26 23:41:57,5905
17718,Check hotel,1970-04-26 23:41:58,5906
17719,Decide,1970-04-26 23:41:59,5906
17720,Book plane,1970-04-26 23:42:00,5906
17721,Check plane,1970-04-26 23:42:01,5907
17722,Decide,1970-04-26 23:42:02,5907
17723,Book plane,1970-04-26 23:42:03,5907
17724,Check plane,1970-04-26 23:42:04,5908
17725,Decide,1970-04-26 23:42:05,5908
17726,Book hotel,1970-04-26 23:42:06,5908
17727,Check plane,1970-04-26 23:42:07,5909
17728,Decide,1970-04-26 23:42:08,5909
17729,Book hotel,1970-04-26 23:42:09,5909
17730,Check hotel,1970-04-26 23:42:10,5910
17731,Decide,1970-04-26 23:42:11,5910
17732,Book plane,1970-04-26 23:42:12,5910
17733,Check plane,1970-04-26 23:42:13,5911
17734,Decide,1970-04-26 23:42:14,5911
17735,Book plane,1970-04-26 23:42:15,5911
17736,Check plane,1970-04-26 23:42:16,5912
17737,Decide,1970-04-26 23:42:17,5912
17738,Book hotel,1970-04-26 23:42:18,5912
17739,Check plane,1970-04-26 23:42:19,5913
17740,Decide,1970-04-26 23:42:20,5913
17741,Book hotel,1970-04-26 23:42:21,5913
17742,Check plane,1970-04-26 23:42:22,5914
17743,Decide,1970-04-26 23:42:23,5914
17744,Book hotel,1970-04-26 23:42:24,5914
17745,Check plane,1970-04-26 23:42:25,5915
17746,Decide,1970-04-26 23:42:26,5915
17747,Book hotel,1970-04-26 23:42:27,5915
17748,Check plane,1970-04-26 23:42:28,5916
17749,Decide,1970-04-26 23:42:29,5916
17750,Book hotel,1970-04-26 23:42:30,5916
17751,Check hotel,1970-04-26 23:42:31,5917
17752,Decide,1970-04-26 23:42:32,5917
17753,Book plane,1970-04-26 23:42:33,5917
17754,Check plane,1970-04-26 23:42:34,5918
17755,Decide,1970-04-26 23:42:35,5918
17756,Book plane,1970-04-26 23:42:36,5918
17757,Check hotel,1970-04-26 23:42:37,5919
17758,Decide,1970-04-26 23:42:38,5919
17759,Book hotel,1970-04-26 23:42:39,5919
17760,Check hotel,1970-04-26 23:42:40,5920
17761,Decide,1970-04-26 23:42:41,5920
17762,Book hotel,1970-04-26 23:42:42,5920
17763,Check hotel,1970-04-26 23:42:43,5921
17764,Decide,1970-04-26 23:42:44,5921
17765,Book plane,1970-04-26 23:42:45,5921
17766,Check hotel,1970-04-26 23:42:46,5922
17767,Decide,1970-04-26 23:42:47,5922
17768,Book plane,1970-04-26 23:42:48,5922
17769,Check hotel,1970-04-26 23:42:49,5923
17770,Decide,1970-04-26 23:42:50,5923
17771,Book plane,1970-04-26 23:42:51,5923
17772,Check plane,1970-04-26 23:42:52,5924
17773,Decide,1970-04-26 23:42:53,5924
17774,Book hotel,1970-04-26 23:42:54,5924
17775,Check hotel,1970-04-26 23:42:55,5925
17776,Decide,1970-04-26 23:42:56,5925
17777,Book hotel,1970-04-26 23:42:57,5925
17778,Check hotel,1970-04-26 23:42:58,5926
17779,Decide,1970-04-26 23:42:59,5926
17780,Book plane,1970-04-26 23:43:00,5926
17781,Check hotel,1970-04-26 23:43:01,5927
17782,Decide,1970-04-26 23:43:02,5927
17783,Book hotel,1970-04-26 23:43:03,5927
17784,Check plane,1970-04-26 23:43:04,5928
17785,Decide,1970-04-26 23:43:05,5928
17786,Book plane,1970-04-26 23:43:06,5928
17787,Check plane,1970-04-26 23:43:07,5929
17788,Decide,1970-04-26 23:43:08,5929
17789,Book plane,1970-04-26 23:43:09,5929
17790,Check plane,1970-04-26 23:43:10,5930
17791,Decide,1970-04-26 23:43:11,5930
17792,Book plane,1970-04-26 23:43:12,5930
17793,Check hotel,1970-04-26 23:43:13,5931
17794,Decide,1970-04-26 23:43:14,5931
17795,Book hotel,1970-04-26 23:43:15,5931
17796,Check plane,1970-04-26 23:43:16,5932
17797,Decide,1970-04-26 23:43:17,5932
17798,Book hotel,1970-04-26 23:43:18,5932
17799,Check plane,1970-04-26 23:43:19,5933
17800,Decide,1970-04-26 23:43:20,5933
17801,Book hotel,1970-04-26 23:43:21,5933
17802,Check hotel,1970-04-26 23:43:22,5934
17803,Decide,1970-04-26 23:43:23,5934
17804,Book plane,1970-04-26 23:43:24,5934
17805,Check hotel,1970-04-26 23:43:25,5935
17806,Decide,1970-04-26 23:43:26,5935
17807,Book hotel,1970-04-26 23:43:27,5935
17808,Check plane,1970-04-26 23:43:28,5936
17809,Decide,1970-04-26 23:43:29,5936
17810,Book plane,1970-04-26 23:43:30,5936
17811,Check plane,1970-04-26 23:43:31,5937
17812,Decide,1970-04-26 23:43:32,5937
17813,Book hotel,1970-04-26 23:43:33,5937
17814,Check hotel,1970-04-26 23:43:34,5938
17815,Decide,1970-04-26 23:43:35,5938
17816,Book plane,1970-04-26 23:43:36,5938
17817,Check hotel,1970-04-26 23:43:37,5939
17818,Decide,1970-04-26 23:43:38,5939
17819,Book plane,1970-04-26 23:43:39,5939
17820,Check hotel,1970-04-26 23:43:40,5940
17821,Decide,1970-04-26 23:43:41,5940
17822,Book hotel,1970-04-26 23:43:42,5940
17823,Check plane,1970-04-26 23:43:43,5941
17824,Decide,1970-04-26 23:43:44,5941
17825,Book plane,1970-04-26 23:43:45,5941
17826,Check plane,1970-04-26 23:43:46,5942
17827,Decide,1970-04-26 23:43:47,5942
17828,Book hotel,1970-04-26 23:43:48,5942
17829,Check hotel,1970-04-26 23:43:49,5943
17830,Decide,1970-04-26 23:43:50,5943
17831,Book plane,1970-04-26 23:43:51,5943
17832,Check plane,1970-04-26 23:43:52,5944
17833,Decide,1970-04-26 23:43:53,5944
17834,Book plane,1970-04-26 23:43:54,5944
17835,Check hotel,1970-04-26 23:43:55,5945
17836,Decide,1970-04-26 23:43:56,5945
17837,Book hotel,1970-04-26 23:43:57,5945
17838,Check plane,1970-04-26 23:43:58,5946
17839,Decide,1970-04-26 23:43:59,5946
17840,Book hotel,1970-04-26 23:44:00,5946
17841,Check hotel,1970-04-26 23:44:01,5947
17842,Decide,1970-04-26 23:44:02,5947
17843,Book plane,1970-04-26 23:44:03,5947
17844,Check hotel,1970-04-26 23:44:04,5948
17845,Decide,1970-04-26 23:44:05,5948
17846,Book hotel,1970-04-26 23:44:06,5948
17847,Check plane,1970-04-26 23:44:07,5949
17848,Decide,1970-04-26 23:44:08,5949
17849,Book hotel,1970-04-26 23:44:09,5949
17850,Check plane,1970-04-26 23:44:10,5950
17851,Decide,1970-04-26 23:44:11,5950
17852,Book hotel,1970-04-26 23:44:12,5950
17853,Check hotel,1970-04-26 23:44:13,5951
17854,Decide,1970-04-26 23:44:14,5951
17855,Book plane,1970-04-26 23:44:15,5951
17856,Check hotel,1970-04-26 23:44:16,5952
17857,Decide,1970-04-26 23:44:17,5952
17858,Book hotel,1970-04-26 23:44:18,5952
17859,Check hotel,1970-04-26 23:44:19,5953
17860,Decide,1970-04-26 23:44:20,5953
17861,Book plane,1970-04-26 23:44:21,5953
17862,Check plane,1970-04-26 23:44:22,5954
17863,Decide,1970-04-26 23:44:23,5954
17864,Book hotel,1970-04-26 23:44:24,5954
17865,Check plane,1970-04-26 23:44:25,5955
17866,Decide,1970-04-26 23:44:26,5955
17867,Book plane,1970-04-26 23:44:27,5955
17868,Check hotel,1970-04-26 23:44:28,5956
17869,Decide,1970-04-26 23:44:29,5956
17870,Book plane,1970-04-26 23:44:30,5956
17871,Check hotel,1970-04-26 23:44:31,5957
17872,Decide,1970-04-26 23:44:32,5957
17873,Book plane,1970-04-26 23:44:33,5957
17874,Check plane,1970-04-26 23:44:34,5958
17875,Decide,1970-04-26 23:44:35,5958
17876,Book plane,1970-04-26 23:44:36,5958
17877,Check hotel,1970-04-26 23:44:37,5959
17878,Decide,1970-04-26 23:44:38,5959
17879,Book hotel,1970-04-26 23:44:39,5959
17880,Check plane,1970-04-26 23:44:40,5960
17881,Decide,1970-04-26 23:44:41,5960
17882,Book hotel,1970-04-26 23:44:42,5960
17883,Check plane,1970-04-26 23:44:43,5961
17884,Decide,1970-04-26 23:44:44,5961
17885,Book plane,1970-04-26 23:44:45,5961
17886,Check plane,1970-04-26 23:44:46,5962
17887,Decide,1970-04-26 23:44:47,5962
17888,Book hotel,1970-04-26 23:44:48,5962
17889,Check hotel,1970-04-26 23:44:49,5963
17890,Decide,1970-04-26 23:44:50,5963
17891,Book hotel,1970-04-26 23:44:51,5963
17892,Check plane,1970-04-26 23:44:52,5964
17893,Decide,1970-04-26 23:44:53,5964
17894,Book hotel,1970-04-26 23:44:54,5964
17895,Check plane,1970-04-26 23:44:55,5965
17896,Decide,1970-04-26 23:44:56,5965
17897,Book hotel,1970-04-26 23:44:57,5965
17898,Check plane,1970-04-26 23:44:58,5966
17899,Decide,1970-04-26 23:44:59,5966
17900,Book hotel,1970-04-26 23:45:00,5966
17901,Check plane,1970-04-26 23:45:01,5967
17902,Decide,1970-04-26 23:45:02,5967
17903,Book hotel,1970-04-26 23:45:03,5967
17904,Check plane,1970-04-26 23:45:04,5968
17905,Decide,1970-04-26 23:45:05,5968
17906,Book plane,1970-04-26 23:45:06,5968
17907,Check hotel,1970-04-26 23:45:07,5969
17908,Decide,1970-04-26 23:45:08,5969
17909,Book plane,1970-04-26 23:45:09,5969
17910,Check hotel,1970-04-26 23:45:10,5970
17911,Decide,1970-04-26 23:45:11,5970
17912,Book hotel,1970-04-26 23:45:12,5970
17913,Check hotel,1970-04-26 23:45:13,5971
17914,Decide,1970-04-26 23:45:14,5971
17915,Book hotel,1970-04-26 23:45:15,5971
17916,Check plane,1970-04-26 23:45:16,5972
17917,Decide,1970-04-26 23:45:17,5972
17918,Book plane,1970-04-26 23:45:18,5972
17919,Check plane,1970-04-26 23:45:19,5973
17920,Decide,1970-04-26 23:45:20,5973
17921,Book plane,1970-04-26 23:45:21,5973
17922,Check hotel,1970-04-26 23:45:22,5974
17923,Decide,1970-04-26 23:45:23,5974
17924,Book hotel,1970-04-26 23:45:24,5974
17925,Check hotel,1970-04-26 23:45:25,5975
17926,Decide,1970-04-26 23:45:26,5975
17927,Book hotel,1970-04-26 23:45:27,5975
17928,Check hotel,1970-04-26 23:45:28,5976
17929,Decide,1970-04-26 23:45:29,5976
17930,Book hotel,1970-04-26 23:45:30,5976
17931,Check plane,1970-04-26 23:45:31,5977
17932,Decide,1970-04-26 23:45:32,5977
17933,Book plane,1970-04-26 23:45:33,5977
17934,Check hotel,1970-04-26 23:45:34,5978
17935,Decide,1970-04-26 23:45:35,5978
17936,Book hotel,1970-04-26 23:45:36,5978
17937,Check plane,1970-04-26 23:45:37,5979
17938,Decide,1970-04-26 23:45:38,5979
17939,Book hotel,1970-04-26 23:45:39,5979
17940,Check hotel,1970-04-26 23:45:40,5980
17941,Decide,1970-04-26 23:45:41,5980
17942,Book plane,1970-04-26 23:45:42,5980
17943,Check plane,1970-04-26 23:45:43,5981
17944,Decide,1970-04-26 23:45:44,5981
17945,Book plane,1970-04-26 23:45:45,5981
17946,Check hotel,1970-04-26 23:45:46,5982
17947,Decide,1970-04-26 23:45:47,5982
17948,Book plane,1970-04-26 23:45:48,5982
17949,Check plane,1970-04-26 23:45:49,5983
17950,Decide,1970-04-26 23:45:50,5983
17951,Book plane,1970-04-26 23:45:51,5983
17952,Check hotel,1970-04-26 23:45:52,5984
17953,Decide,1970-04-26 23:45:53,5984
17954,Book hotel,1970-04-26 23:45:54,5984
17955,Check hotel,1970-04-26 23:45:55,5985
17956,Decide,1970-04-26 23:45:56,5985
17957,Book plane,1970-04-26 23:45:57,5985
17958,Check hotel,1970-04-26 23:45:58,5986
17959,Decide,1970-04-26 23:45:59,5986
17960,Book plane,1970-04-26 23:46:00,5986
17961,Check hotel,1970-04-26 23:46:01,5987
17962,Decide,1970-04-26 23:46:02,5987
17963,Book plane,1970-04-26 23:46:03,5987
17964,Check hotel,1970-04-26 23:46:04,5988
17965,Decide,1970-04-26 23:46:05,5988
17966,Book plane,1970-04-26 23:46:06,5988
17967,Check hotel,1970-04-26 23:46:07,5989
17968,Decide,1970-04-26 23:46:08,5989
17969,Book hotel,1970-04-26 23:46:09,5989
17970,Check hotel,1970-04-26 23:46:10,5990
17971,Decide,1970-04-26 23:46:11,5990
17972,Book plane,1970-04-26 23:46:12,5990
17973,Check plane,1970-04-26 23:46:13,5991
17974,Decide,1970-04-26 23:46:14,5991
17975,Book hotel,1970-04-26 23:46:15,5991
17976,Check hotel,1970-04-26 23:46:16,5992
17977,Decide,1970-04-26 23:46:17,5992
17978,Book plane,1970-04-26 23:46:18,5992
17979,Check plane,1970-04-26 23:46:19,5993
17980,Decide,1970-04-26 23:46:20,5993
17981,Book hotel,1970-04-26 23:46:21,5993
17982,Check plane,1970-04-26 23:46:22,5994
17983,Decide,1970-04-26 23:46:23,5994
17984,Book plane,1970-04-26 23:46:24,5994
17985,Check plane,1970-04-26 23:46:25,5995
17986,Decide,1970-04-26 23:46:26,5995
17987,Book plane,1970-04-26 23:46:27,5995
17988,Check hotel,1970-04-26 23:46:28,5996
17989,Decide,1970-04-26 23:46:29,5996
17990,Book plane,1970-04-26 23:46:30,5996
17991,Check plane,1970-04-26 23:46:31,5997
17992,Decide,1970-04-26 23:46:32,5997
17993,Book hotel,1970-04-26 23:46:33,5997
17994,Check plane,1970-04-26 23:46:34,5998
17995,Decide,1970-04-26 23:46:35,5998
17996,Book plane,1970-04-26 23:46:36,5998
17997,Check hotel,1970-04-26 23:46:37,5999
17998,Decide,1970-04-26 23:46:38,5999
17999,Book plane,1970-04-26 23:46:39,5999
18000,Check hotel,1970-04-26 23:46:40,6000
18001,Decide,1970-04-26 23:46:41,6000
18002,Book hotel,1970-04-26 23:46:42,6000
18003,Check plane,1970-04-26 23:46:43,6001
18004,Decide,1970-04-26 23:46:44,6001
18005,Book hotel,1970-04-26 23:46:45,6001
18006,Check plane,1970-04-26 23:46:46,6002
18007,Decide,1970-04-26 23:46:47,6002
18008,Book hotel,1970-04-26 23:46:48,6002
18009,Check plane,1970-04-26 23:46:49,6003
18010,Decide,1970-04-26 23:46:50,6003
18011,Book hotel,1970-04-26 23:46:51,6003
18012,Check plane,1970-04-26 23:46:52,6004
18013,Decide,1970-04-26 23:46:53,6004
18014,Book hotel,1970-04-26 23:46:54,6004
18015,Check plane,1970-04-26 23:46:55,6005
18016,Decide,1970-04-26 23:46:56,6005
18017,Book plane,1970-04-26 23:46:57,6005
18018,Check plane,1970-04-26 23:46:58,6006
18019,Decide,1970-04-26 23:46:59,6006
18020,Book hotel,1970-04-26 23:47:00,6006
18021,Check hotel,1970-04-26 23:47:01,6007
18022,Decide,1970-04-26 23:47:02,6007
18023,Book hotel,1970-04-26 23:47:03,6007
18024,Check plane,1970-04-26 23:47:04,6008
18025,Decide,1970-04-26 23:47:05,6008
18026,Book plane,1970-04-26 23:47:06,6008
18027,Check hotel,1970-04-26 23:47:07,6009
18028,Decide,1970-04-26 23:47:08,6009
18029,Book plane,1970-04-26 23:47:09,6009
18030,Check hotel,1970-04-26 23:47:10,6010
18031,Decide,1970-04-26 23:47:11,6010
18032,Book hotel,1970-04-26 23:47:12,6010
18033,Check plane,1970-04-26 23:47:13,6011
18034,Decide,1970-04-26 23:47:14,6011
18035,Book plane,1970-04-26 23:47:15,6011
18036,Check hotel,1970-04-26 23:47:16,6012
18037,Decide,1970-04-26 23:47:17,6012
18038,Book plane,1970-04-26 23:47:18,6012
18039,Check plane,1970-04-26 23:47:19,6013
18040,Decide,1970-04-26 23:47:20,6013
18041,Book hotel,1970-04-26 23:47:21,6013
18042,Check hotel,1970-04-26 23:47:22,6014
18043,Decide,1970-04-26 23:47:23,6014
18044,Book plane,1970-04-26 23:47:24,6014
18045,Check hotel,1970-04-26 23:47:25,6015
18046,Decide,1970-04-26 23:47:26,6015
18047,Book plane,1970-04-26 23:47:27,6015
18048,Check plane,1970-04-26 23:47:28,6016
18049,Decide,1970-04-26 23:47:29,6016
18050,Book plane,1970-04-26 23:47:30,6016
18051,Check plane,1970-04-26 23:47:31,6017
18052,Decide,1970-04-26 23:47:32,6017
18053,Book hotel,1970-04-26 23:47:33,6017
18054,Check plane,1970-04-26 23:47:34,6018
18055,Decide,1970-04-26 23:47:35,6018
18056,Book plane,1970-04-26 23:47:36,6018
18057,Check hotel,1970-04-26 23:47:37,6019
18058,Decide,1970-04-26 23:47:38,6019
18059,Book plane,1970-04-26 23:47:39,6019
18060,Check hotel,1970-04-26 23:47:40,6020
18061,Decide,1970-04-26 23:47:41,6020
18062,Book hotel,1970-04-26 23:47:42,6020
18063,Check hotel,1970-04-26 23:47:43,6021
18064,Decide,1970-04-26 23:47:44,6021
18065,Book plane,1970-04-26 23:47:45,6021
18066,Check plane,1970-04-26 23:47:46,6022
18067,Decide,1970-04-26 23:47:47,6022
18068,Book hotel,1970-04-26 23:47:48,6022
18069,Check plane,1970-04-26 23:47:49,6023
18070,Decide,1970-04-26 23:47:50,6023
18071,Book plane,1970-04-26 23:47:51,6023
18072,Check hotel,1970-04-26 23:47:52,6024
18073,Decide,1970-04-26 23:47:53,6024
18074,Book plane,1970-04-26 23:47:54,6024
18075,Check hotel,1970-04-26 23:47:55,6025
18076,Decide,1970-04-26 23:47:56,6025
18077,Book hotel,1970-04-26 23:47:57,6025
18078,Check hotel,1970-04-26 23:47:58,6026
18079,Decide,1970-04-26 23:47:59,6026
18080,Book hotel,1970-04-26 23:48:00,6026
18081,Check hotel,1970-04-26 23:48:01,6027
18082,Decide,1970-04-26 23:48:02,6027
18083,Book plane,1970-04-26 23:48:03,6027
18084,Check hotel,1970-04-26 23:48:04,6028
18085,Decide,1970-04-26 23:48:05,6028
18086,Book hotel,1970-04-26 23:48:06,6028
18087,Check plane,1970-04-26 23:48:07,6029
18088,Decide,1970-04-26 23:48:08,6029
18089,Book hotel,1970-04-26 23:48:09,6029
18090,Check plane,1970-04-26 23:48:10,6030
18091,Decide,1970-04-26 23:48:11,6030
18092,Book hotel,1970-04-26 23:48:12,6030
18093,Check plane,1970-04-26 23:48:13,6031
18094,Decide,1970-04-26 23:48:14,6031
18095,Book plane,1970-04-26 23:48:15,6031
18096,Check hotel,1970-04-26 23:48:16,6032
18097,Decide,1970-04-26 23:48:17,6032
18098,Book hotel,1970-04-26 23:48:18,6032
18099,Check hotel,1970-04-26 23:48:19,6033
18100,Decide,1970-04-26 23:48:20,6033
18101,Book hotel,1970-04-26 23:48:21,6033
18102,Check plane,1970-04-26 23:48:22,6034
18103,Decide,1970-04-26 23:48:23,6034
18104,Book hotel,1970-04-26 23:48:24,6034
18105,Check plane,1970-04-26 23:48:25,6035
18106,Decide,1970-04-26 23:48:26,6035
18107,Book plane,1970-04-26 23:48:27,6035
18108,Check plane,1970-04-26 23:48:28,6036
18109,Decide,1970-04-26 23:48:29,6036
18110,Book hotel,1970-04-26 23:48:30,6036
18111,Check hotel,1970-04-26 23:48:31,6037
18112,Decide,1970-04-26 23:48:32,6037
18113,Book hotel,1970-04-26 23:48:33,6037
18114,Check hotel,1970-04-26 23:48:34,6038
18115,Decide,1970-04-26 23:48:35,6038
18116,Book plane,1970-04-26 23:48:36,6038
18117,Check hotel,1970-04-26 23:48:37,6039
18118,Decide,1970-04-26 23:48:38,6039
18119,Book hotel,1970-04-26 23:48:39,6039
18120,Check plane,1970-04-26 23:48:40,6040
18121,Decide,1970-04-26 23:48:41,6040
18122,Book hotel,1970-04-26 23:48:42,6040
18123,Check plane,1970-04-26 23:48:43,6041
18124,Decide,1970-04-26 23:48:44,6041
18125,Book hotel,1970-04-26 23:48:45,6041
18126,Check plane,1970-04-26 23:48:46,6042
18127,Decide,1970-04-26 23:48:47,6042
18128,Book plane,1970-04-26 23:48:48,6042
18129,Check hotel,1970-04-26 23:48:49,6043
18130,Decide,1970-04-26 23:48:50,6043
18131,Book plane,1970-04-26 23:48:51,6043
18132,Check plane,1970-04-26 23:48:52,6044
18133,Decide,1970-04-26 23:48:53,6044
18134,Book hotel,1970-04-26 23:48:54,6044
18135,Check plane,1970-04-26 23:48:55,6045
18136,Decide,1970-04-26 23:48:56,6045
18137,Book plane,1970-04-26 23:48:57,6045
18138,Check hotel,1970-04-26 23:48:58,6046
18139,Decide,1970-04-26 23:48:59,6046
18140,Book hotel,1970-04-26 23:49:00,6046
18141,Check plane,1970-04-26 23:49:01,6047
18142,Decide,1970-04-26 23:49:02,6047
18143,Book plane,1970-04-26 23:49:03,6047
18144,Check plane,1970-04-26 23:49:04,6048
18145,Decide,1970-04-26 23:49:05,6048
18146,Book hotel,1970-04-26 23:49:06,6048
18147,Check plane,1970-04-26 23:49:07,6049
18148,Decide,1970-04-26 23:49:08,6049
18149,Book hotel,1970-04-26 23:49:09,6049
18150,Check hotel,1970-04-26 23:49:10,6050
18151,Decide,1970-04-26 23:49:11,6050
18152,Book plane,1970-04-26 23:49:12,6050
18153,Check plane,1970-04-26 23:49:13,6051
18154,Decide,1970-04-26 23:49:14,6051
18155,Book plane,1970-04-26 23:49:15,6051
18156,Check hotel,1970-04-26 23:49:16,6052
18157,Decide,1970-04-26 23:49:17,6052
18158,Book plane,1970-04-26 23:49:18,6052
18159,Check hotel,1970-04-26 23:49:19,6053
18160,Decide,1970-04-26 23:49:20,6053
18161,Book hotel,1970-04-26 23:49:21,6053
18162,Check hotel,1970-04-26 23:49:22,6054
18163,Decide,1970-04-26 23:49:23,6054
18164,Book plane,1970-04-26 23:49:24,6054
18165,Check plane,1970-04-26 23:49:25,6055
18166,Decide,1970-04-26 23:49:26,6055
18167,Book plane,1970-04-26 23:49:27,6055
18168,Check plane,1970-04-26 23:49:28,6056
18169,Decide,1970-04-26 23:49:29,6056
18170,Book plane,1970-04-26 23:49:30,6056
18171,Check plane,1970-04-26 23:49:31,6057
18172,Decide,1970-04-26 23:49:32,6057
18173,Book plane,1970-04-26 23:49:33,6057
18174,Check hotel,1970-04-26 23:49:34,6058
18175,Decide,1970-04-26 23:49:35,6058
18176,Book plane,1970-04-26 23:49:36,6058
18177,Check hotel,1970-04-26 23:49:37,6059
18178,Decide,1970-04-26 23:49:38,6059
18179,Book hotel,1970-04-26 23:49:39,6059
18180,Check plane,1970-04-26 23:49:40,6060
18181,Decide,1970-04-26 23:49:41,6060
18182,Book hotel,1970-04-26 23:49:42,6060
18183,Check plane,1970-04-26 23:49:43,6061
18184,Decide,1970-04-26 23:49:44,6061
18185,Book hotel,1970-04-26 23:49:45,6061
18186,Check plane,1970-04-26 23:49:46,6062
18187,Decide,1970-04-26 23:49:47,6062
18188,Book plane,1970-04-26 23:49:48,6062
18189,Check hotel,1970-04-26 23:49:49,6063
18190,Decide,1970-04-26 23:49:50,6063
18191,Book hotel,1970-04-26 23:49:51,6063
18192,Check plane,1970-04-26 23:49:52,6064
18193,Decide,1970-04-26 23:49:53,6064
18194,Book hotel,1970-04-26 23:49:54,6064
18195,Check plane,1970-04-26 23:49:55,6065
18196,Decide,1970-04-26 23:49:56,6065
18197,Book hotel,1970-04-26 23:49:57,6065
18198,Check plane,1970-04-26 23:49:58,6066
18199,Decide,1970-04-26 23:49:59,6066
18200,Book plane,1970-04-26 23:50:00,6066
18201,Check hotel,1970-04-26 23:50:01,6067
18202,Decide,1970-04-26 23:50:02,6067
18203,Book hotel,1970-04-26 23:50:03,6067
18204,Check hotel,1970-04-26 23:50:04,6068
18205,Decide,1970-04-26 23:50:05,6068
18206,Book plane,1970-04-26 23:50:06,6068
18207,Check plane,1970-04-26 23:50:07,6069
18208,Decide,1970-04-26 23:50:08,6069
18209,Book plane,1970-04-26 23:50:09,6069
18210,Check hotel,1970-04-26 23:50:10,6070
18211,Decide,1970-04-26 23:50:11,6070
18212,Book hotel,1970-04-26 23:50:12,6070
18213,Check hotel,1970-04-26 23:50:13,6071
18214,Decide,1970-04-26 23:50:14,6071
18215,Book plane,1970-04-26 23:50:15,6071
18216,Check hotel,1970-04-26 23:50:16,6072
18217,Decide,1970-04-26 23:50:17,6072
18218,Book plane,1970-04-26 23:50:18,6072
18219,Check hotel,1970-04-26 23:50:19,6073
18220,Decide,1970-04-26 23:50:20,6073
18221,Book hotel,1970-04-26 23:50:21,6073
18222,Check hotel,1970-04-26 23:50:22,6074
18223,Decide,1970-04-26 23:50:23,6074
18224,Book hotel,1970-04-26 23:50:24,6074
18225,Check hotel,1970-04-26 23:50:25,6075
18226,Decide,1970-04-26 23:50:26,6075
18227,Book plane,1970-04-26 23:50:27,6075
18228,Check hotel,1970-04-26 23:50:28,6076
18229,Decide,1970-04-26 23:50:29,6076
18230,Book plane,1970-04-26 23:50:30,6076
18231,Check hotel,1970-04-26 23:50:31,6077
18232,Decide,1970-04-26 23:50:32,6077
18233,Book plane,1970-04-26 23:50:33,6077
18234,Check hotel,1970-04-26 23:50:34,6078
18235,Decide,1970-04-26 23:50:35,6078
18236,Book hotel,1970-04-26 23:50:36,6078
18237,Check hotel,1970-04-26 23:50:37,6079
18238,Decide,1970-04-26 23:50:38,6079
18239,Book hotel,1970-04-26 23:50:39,6079
18240,Check hotel,1970-04-26 23:50:40,6080
18241,Decide,1970-04-26 23:50:41,6080
18242,Book hotel,1970-04-26 23:50:42,6080
18243,Check plane,1970-04-26 23:50:43,6081
18244,Decide,1970-04-26 23:50:44,6081
18245,Book hotel,1970-04-26 23:50:45,6081
18246,Check plane,1970-04-26 23:50:46,6082
18247,Decide,1970-04-26 23:50:47,6082
18248,Book hotel,1970-04-26 23:50:48,6082
18249,Check plane,1970-04-26 23:50:49,6083
18250,Decide,1970-04-26 23:50:50,6083
18251,Book plane,1970-04-26 23:50:51,6083
18252,Check hotel,1970-04-26 23:50:52,6084
18253,Decide,1970-04-26 23:50:53,6084
18254,Book plane,1970-04-26 23:50:54,6084
18255,Check hotel,1970-04-26 23:50:55,6085
18256,Decide,1970-04-26 23:50:56,6085
18257,Book hotel,1970-04-26 23:50:57,6085
18258,Check plane,1970-04-26 23:50:58,6086
18259,Decide,1970-04-26 23:50:59,6086
18260,Book plane,1970-04-26 23:51:00,6086
18261,Check plane,1970-04-26 23:51:01,6087
18262,Decide,1970-04-26 23:51:02,6087
18263,Book hotel,1970-04-26 23:51:03,6087
18264,Check hotel,1970-04-26 23:51:04,6088
18265,Decide,1970-04-26 23:51:05,6088
18266,Book plane,1970-04-26 23:51:06,6088
18267,Check plane,1970-04-26 23:51:07,6089
18268,Decide,1970-04-26 23:51:08,6089
18269,Book hotel,1970-04-26 23:51:09,6089
18270,Check hotel,1970-04-26 23:51:10,6090
18271,Decide,1970-04-26 23:51:11,6090
18272,Book hotel,1970-04-26 23:51:12,6090
18273,Check hotel,1970-04-26 23:51:13,6091
18274,Decide,1970-04-26 23:51:14,6091
18275,Book hotel,1970-04-26 23:51:15,6091
18276,Check plane,1970-04-26 23:51:16,6092
18277,Decide,1970-04-26 23:51:17,6092
18278,Book plane,1970-04-26 23:51:18,6092
18279,Check hotel,1970-04-26 23:51:19,6093
18280,Decide,1970-04-26 23:51:20,6093
18281,Book plane,1970-04-26 23:51:21,6093
18282,Check plane,1970-04-26 23:51:22,6094
18283,Decide,1970-04-26 23:51:23,6094
18284,Book plane,1970-04-26 23:51:24,6094
18285,Check hotel,1970-04-26 23:51:25,6095
18286,Decide,1970-04-26 23:51:26,6095
18287,Book plane,1970-04-26 23:51:27,6095
18288,Check plane,1970-04-26 23:51:28,6096
18289,Decide,1970-04-26 23:51:29,6096
18290,Book plane,1970-04-26 23:51:30,6096
18291,Check plane,1970-04-26 23:51:31,6097
18292,Decide,1970-04-26 23:51:32,6097
18293,Book hotel,1970-04-26 23:51:33,6097
18294,Check hotel,1970-04-26 23:51:34,6098
18295,Decide,1970-04-26 23:51:35,6098
18296,Book plane,1970-04-26 23:51:36,6098
18297,Check plane,1970-04-26 23:51:37,6099
18298,Decide,1970-04-26 23:51:38,6099
18299,Book plane,1970-04-26 23:51:39,6099
18300,Check plane,1970-04-26 23:51:40,6100
18301,Decide,1970-04-26 23:51:41,6100
18302,Book hotel,1970-04-26 23:51:42,6100
18303,Check hotel,1970-04-26 23:51:43,6101
18304,Decide,1970-04-26 23:51:44,6101
18305,Book hotel,1970-04-26 23:51:45,6101
18306,Check plane,1970-04-26 23:51:46,6102
18307,Decide,1970-04-26 23:51:47,6102
18308,Book hotel,1970-04-26 23:51:48,6102
18309,Check plane,1970-04-26 23:51:49,6103
18310,Decide,1970-04-26 23:51:50,6103
18311,Book hotel,1970-04-26 23:51:51,6103
18312,Check plane,1970-04-26 23:51:52,6104
18313,Decide,1970-04-26 23:51:53,6104
18314,Book hotel,1970-04-26 23:51:54,6104
18315,Check hotel,1970-04-26 23:51:55,6105
18316,Decide,1970-04-26 23:51:56,6105
18317,Book plane,1970-04-26 23:51:57,6105
18318,Check hotel,1970-04-26 23:51:58,6106
18319,Decide,1970-04-26 23:51:59,6106
18320,Book hotel,1970-04-26 23:52:00,6106
18321,Check plane,1970-04-26 23:52:01,6107
18322,Decide,1970-04-26 23:52:02,6107
18323,Book hotel,1970-04-26 23:52:03,6107
18324,Check hotel,1970-04-26 23:52:04,6108
18325,Decide,1970-04-26 23:52:05,6108
18326,Book plane,1970-04-26 23:52:06,6108
18327,Check hotel,1970-04-26 23:52:07,6109
18328,Decide,1970-04-26 23:52:08,6109
18329,Book plane,1970-04-26 23:52:09,6109
18330,Check plane,1970-04-26 23:52:10,6110
18331,Decide,1970-04-26 23:52:11,6110
18332,Book hotel,1970-04-26 23:52:12,6110
18333,Check plane,1970-04-26 23:52:13,6111
18334,Decide,1970-04-26 23:52:14,6111
18335,Book hotel,1970-04-26 23:52:15,6111
18336,Check hotel,1970-04-26 23:52:16,6112
18337,Decide,1970-04-26 23:52:17,6112
18338,Book hotel,1970-04-26 23:52:18,6112
18339,Check hotel,1970-04-26 23:52:19,6113
18340,Decide,1970-04-26 23:52:20,6113
18341,Book plane,1970-04-26 23:52:21,6113
18342,Check hotel,1970-04-26 23:52:22,6114
18343,Decide,1970-04-26 23:52:23,6114
18344,Book plane,1970-04-26 23:52:24,6114
18345,Check plane,1970-04-26 23:52:25,6115
18346,Decide,1970-04-26 23:52:26,6115
18347,Book hotel,1970-04-26 23:52:27,6115
18348,Check plane,1970-04-26 23:52:28,6116
18349,Decide,1970-04-26 23:52:29,6116
18350,Book plane,1970-04-26 23:52:30,6116
18351,Check plane,1970-04-26 23:52:31,6117
18352,Decide,1970-04-26 23:52:32,6117
18353,Book plane,1970-04-26 23:52:33,6117
18354,Check hotel,1970-04-26 23:52:34,6118
18355,Decide,1970-04-26 23:52:35,6118
18356,Book hotel,1970-04-26 23:52:36,6118
18357,Check hotel,1970-04-26 23:52:37,6119
18358,Decide,1970-04-26 23:52:38,6119
18359,Book plane,1970-04-26 23:52:39,6119
18360,Check plane,1970-04-26 23:52:40,6120
18361,Decide,1970-04-26 23:52:41,6120
18362,Book plane,1970-04-26 23:52:42,6120
18363,Check hotel,1970-04-26 23:52:43,6121
18364,Decide,1970-04-26 23:52:44,6121
18365,Book hotel,1970-04-26 23:52:45,6121
18366,Check hotel,1970-04-26 23:52:46,6122
18367,Decide,1970-04-26 23:52:47,6122
18368,Book hotel,1970-04-26 23:52:48,6122
18369,Check hotel,1970-04-26 23:52:49,6123
18370,Decide,1970-04-26 23:52:50,6123
18371,Book plane,1970-04-26 23:52:51,6123
18372,Check plane,1970-04-26 23:52:52,6124
18373,Decide,1970-04-26 23:52:53,6124
18374,Book plane,1970-04-26 23:52:54,6124
18375,Check plane,1970-04-26 23:52:55,6125
18376,Decide,1970-04-26 23:52:56,6125
18377,Book plane,1970-04-26 23:52:57,6125
18378,Check hotel,1970-04-26 23:52:58,6126
18379,Decide,1970-04-26 23:52:59,6126
18380,Book plane,1970-04-26 23:53:00,6126
18381,Check plane,1970-04-26 23:53:01,6127
18382,Decide,1970-04-26 23:53:02,6127
18383,Book hotel,1970-04-26 23:53:03,6127
18384,Check hotel,1970-04-26 23:53:04,6128
18385,Decide,1970-04-26 23:53:05,6128
18386,Book hotel,1970-04-26 23:53:06,6128
18387,Check hotel,1970-04-26 23:53:07,6129
18388,Decide,1970-04-26 23:53:08,6129
18389,Book plane,1970-04-26 23:53:09,6129
18390,Check hotel,1970-04-26 23:53:10,6130
18391,Decide,1970-04-26 23:53:11,6130
18392,Book plane,1970-04-26 23:53:12,6130
18393,Check hotel,1970-04-26 23:53:13,6131
18394,Decide,1970-04-26 23:53:14,6131
18395,Book hotel,1970-04-26 23:53:15,6131
18396,Check hotel,1970-04-26 23:53:16,6132
18397,Decide,1970-04-26 23:53:17,6132
18398,Book hotel,1970-04-26 23:53:18,6132
18399,Check plane,1970-04-26 23:53:19,6133
18400,Decide,1970-04-26 23:53:20,6133
18401,Book plane,1970-04-26 23:53:21,6133
18402,Check hotel,1970-04-26 23:53:22,6134
18403,Decide,1970-04-26 23:53:23,6134
18404,Book plane,1970-04-26 23:53:24,6134
18405,Check plane,1970-04-26 23:53:25,6135
18406,Decide,1970-04-26 23:53:26,6135
18407,Book plane,1970-04-26 23:53:27,6135
18408,Check plane,1970-04-26 23:53:28,6136
18409,Decide,1970-04-26 23:53:29,6136
18410,Book plane,1970-04-26 23:53:30,6136
18411,Check hotel,1970-04-26 23:53:31,6137
18412,Decide,1970-04-26 23:53:32,6137
18413,Book plane,1970-04-26 23:53:33,6137
18414,Check plane,1970-04-26 23:53:34,6138
18415,Decide,1970-04-26 23:53:35,6138
18416,Book hotel,1970-04-26 23:53:36,6138
18417,Check hotel,1970-04-26 23:53:37,6139
18418,Decide,1970-04-26 23:53:38,6139
18419,Book hotel,1970-04-26 23:53:39,6139
18420,Check hotel,1970-04-26 23:53:40,6140
18421,Decide,1970-04-26 23:53:41,6140
18422,Book hotel,1970-04-26 23:53:42,6140
18423,Check plane,1970-04-26 23:53:43,6141
18424,Decide,1970-04-26 23:53:44,6141
18425,Book hotel,1970-04-26 23:53:45,6141
18426,Check hotel,1970-04-26 23:53:46,6142
18427,Decide,1970-04-26 23:53:47,6142
18428,Book hotel,1970-04-26 23:53:48,6142
18429,Check plane,1970-04-26 23:53:49,6143
18430,Decide,1970-04-26 23:53:50,6143
18431,Book plane,1970-04-26 23:53:51,6143
18432,Check hotel,1970-04-26 23:53:52,6144
18433,Decide,1970-04-26 23:53:53,6144
18434,Book plane,1970-04-26 23:53:54,6144
18435,Check plane,1970-04-26 23:53:55,6145
18436,Decide,1970-04-26 23:53:56,6145
18437,Book hotel,1970-04-26 23:53:57,6145
18438,Check hotel,1970-04-26 23:53:58,6146
18439,Decide,1970-04-26 23:53:59,6146
18440,Book plane,1970-04-26 23:54:00,6146
18441,Check plane,1970-04-26 23:54:01,6147
18442,Decide,1970-04-26 23:54:02,6147
18443,Book hotel,1970-04-26 23:54:03,6147
18444,Check plane,1970-04-26 23:54:04,6148
18445,Decide,1970-04-26 23:54:05,6148
18446,Book plane,1970-04-26 23:54:06,6148
18447,Check plane,1970-04-26 23:54:07,6149
18448,Decide,1970-04-26 23:54:08,6149
18449,Book plane,1970-04-26 23:54:09,6149
18450,Check hotel,1970-04-26 23:54:10,6150
18451,Decide,1970-04-26 23:54:11,6150
18452,Book hotel,1970-04-26 23:54:12,6150
18453,Check hotel,1970-04-26 23:54:13,6151
18454,Decide,1970-04-26 23:54:14,6151
18455,Book hotel,1970-04-26 23:54:15,6151
18456,Check plane,1970-04-26 23:54:16,6152
18457,Decide,1970-04-26 23:54:17,6152
18458,Book plane,1970-04-26 23:54:18,6152
18459,Check plane,1970-04-26 23:54:19,6153
18460,Decide,1970-04-26 23:54:20,6153
18461,Book plane,1970-04-26 23:54:21,6153
18462,Check hotel,1970-04-26 23:54:22,6154
18463,Decide,1970-04-26 23:54:23,6154
18464,Book hotel,1970-04-26 23:54:24,6154
18465,Check hotel,1970-04-26 23:54:25,6155
18466,Decide,1970-04-26 23:54:26,6155
18467,Book plane,1970-04-26 23:54:27,6155
18468,Check hotel,1970-04-26 23:54:28,6156
18469,Decide,1970-04-26 23:54:29,6156
18470,Book hotel,1970-04-26 23:54:30,6156
18471,Check plane,1970-04-26 23:54:31,6157
18472,Decide,1970-04-26 23:54:32,6157
18473,Book hotel,1970-04-26 23:54:33,6157
18474,Check plane,1970-04-26 23:54:34,6158
18475,Decide,1970-04-26 23:54:35,6158
18476,Book hotel,1970-04-26 23:54:36,6158
18477,Check hotel,1970-04-26 23:54:37,6159
18478,Decide,1970-04-26 23:54:38,6159
18479,Book plane,1970-04-26 23:54:39,6159
18480,Check plane,1970-04-26 23:54:40,6160
18481,Decide,1970-04-26 23:54:41,6160
18482,Book hotel,1970-04-26 23:54:42,6160
18483,Check plane,1970-04-26 23:54:43,6161
18484,Decide,1970-04-26 23:54:44,6161
18485,Book hotel,1970-04-26 23:54:45,6161
18486,Check hotel,1970-04-26 23:54:46,6162
18487,Decide,1970-04-26 23:54:47,6162
18488,Book hotel,1970-04-26 23:54:48,6162
18489,Check plane,1970-04-26 23:54:49,6163
18490,Decide,1970-04-26 23:54:50,6163
18491,Book plane,1970-04-26 23:54:51,6163
18492,Check hotel,1970-04-26 23:54:52,6164
18493,Decide,1970-04-26 23:54:53,6164
18494,Book plane,1970-04-26 23:54:54,6164
18495,Check plane,1970-04-26 23:54:55,6165
18496,Decide,1970-04-26 23:54:56,6165
18497,Book hotel,1970-04-26 23:54:57,6165
18498,Check plane,1970-04-26 23:54:58,6166
18499,Decide,1970-04-26 23:54:59,6166
18500,Book plane,1970-04-26 23:55:00,6166
18501,Check plane,1970-04-26 23:55:01,6167
18502,Decide,1970-04-26 23:55:02,6167
18503,Book plane,1970-04-26 23:55:03,6167
18504,Check hotel,1970-04-26 23:55:04,6168
18505,Decide,1970-04-26 23:55:05,6168
18506,Book plane,1970-04-26 23:55:06,6168
18507,Check hotel,1970-04-26 23:55:07,6169
18508,Decide,1970-04-26 23:55:08,6169
18509,Book plane,1970-04-26 23:55:09,6169
18510,Check hotel,1970-04-26 23:55:10,6170
18511,Decide,1970-04-26 23:55:11,6170
18512,Book plane,1970-04-26 23:55:12,6170
18513,Check hotel,1970-04-26 23:55:13,6171
18514,Decide,1970-04-26 23:55:14,6171
18515,Book hotel,1970-04-26 23:55:15,6171
18516,Check hotel,1970-04-26 23:55:16,6172
18517,Decide,1970-04-26 23:55:17,6172
18518,Book plane,1970-04-26 23:55:18,6172
18519,Check hotel,1970-04-26 23:55:19,6173
18520,Decide,1970-04-26 23:55:20,6173
18521,Book plane,1970-04-26 23:55:21,6173
18522,Check hotel,1970-04-26 23:55:22,6174
18523,Decide,1970-04-26 23:55:23,6174
18524,Book hotel,1970-04-26 23:55:24,6174
18525,Check plane,1970-04-26 23:55:25,6175
18526,Decide,1970-04-26 23:55:26,6175
18527,Book plane,1970-04-26 23:55:27,6175
18528,Check hotel,1970-04-26 23:55:28,6176
18529,Decide,1970-04-26 23:55:29,6176
18530,Book plane,1970-04-26 23:55:30,6176
18531,Check hotel,1970-04-26 23:55:31,6177
18532,Decide,1970-04-26 23:55:32,6177
18533,Book plane,1970-04-26 23:55:33,6177
18534,Check hotel,1970-04-26 23:55:34,6178
18535,Decide,1970-04-26 23:55:35,6178
18536,Book plane,1970-04-26 23:55:36,6178
18537,Check plane,1970-04-26 23:55:37,6179
18538,Decide,1970-04-26 23:55:38,6179
18539,Book plane,1970-04-26 23:55:39,6179
18540,Check plane,1970-04-26 23:55:40,6180
18541,Decide,1970-04-26 23:55:41,6180
18542,Book plane,1970-04-26 23:55:42,6180
18543,Check hotel,1970-04-26 23:55:43,6181
18544,Decide,1970-04-26 23:55:44,6181
18545,Book hotel,1970-04-26 23:55:45,6181
18546,Check hotel,1970-04-26 23:55:46,6182
18547,Decide,1970-04-26 23:55:47,6182
18548,Book hotel,1970-04-26 23:55:48,6182
18549,Check hotel,1970-04-26 23:55:49,6183
18550,Decide,1970-04-26 23:55:50,6183
18551,Book hotel,1970-04-26 23:55:51,6183
18552,Check plane,1970-04-26 23:55:52,6184
18553,Decide,1970-04-26 23:55:53,6184
18554,Book plane,1970-04-26 23:55:54,6184
18555,Check plane,1970-04-26 23:55:55,6185
18556,Decide,1970-04-26 23:55:56,6185
18557,Book plane,1970-04-26 23:55:57,6185
18558,Check plane,1970-04-26 23:55:58,6186
18559,Decide,1970-04-26 23:55:59,6186
18560,Book plane,1970-04-26 23:56:00,6186
18561,Check plane,1970-04-26 23:56:01,6187
18562,Decide,1970-04-26 23:56:02,6187
18563,Book plane,1970-04-26 23:56:03,6187
18564,Check hotel,1970-04-26 23:56:04,6188
18565,Decide,1970-04-26 23:56:05,6188
18566,Book plane,1970-04-26 23:56:06,6188
18567,Check plane,1970-04-26 23:56:07,6189
18568,Decide,1970-04-26 23:56:08,6189
18569,Book hotel,1970-04-26 23:56:09,6189
18570,Check hotel,1970-04-26 23:56:10,6190
18571,Decide,1970-04-26 23:56:11,6190
18572,Book plane,1970-04-26 23:56:12,6190
18573,Check hotel,1970-04-26 23:56:13,6191
18574,Decide,1970-04-26 23:56:14,6191
18575,Book plane,1970-04-26 23:56:15,6191
18576,Check hotel,1970-04-26 23:56:16,6192
18577,Decide,1970-04-26 23:56:17,6192
18578,Book hotel,1970-04-26 23:56:18,6192
18579,Check hotel,1970-04-26 23:56:19,6193
18580,Decide,1970-04-26 23:56:20,6193
18581,Book plane,1970-04-26 23:56:21,6193
18582,Check hotel,1970-04-26 23:56:22,6194
18583,Decide,1970-04-26 23:56:23,6194
18584,Book plane,1970-04-26 23:56:24,6194
18585,Check plane,1970-04-26 23:56:25,6195
18586,Decide,1970-04-26 23:56:26,6195
18587,Book plane,1970-04-26 23:56:27,6195
18588,Check plane,1970-04-26 23:56:28,6196
18589,Decide,1970-04-26 23:56:29,6196
18590,Book plane,1970-04-26 23:56:30,6196
18591,Check hotel,1970-04-26 23:56:31,6197
18592,Decide,1970-04-26 23:56:32,6197
18593,Book hotel,1970-04-26 23:56:33,6197
18594,Check hotel,1970-04-26 23:56:34,6198
18595,Decide,1970-04-26 23:56:35,6198
18596,Book plane,1970-04-26 23:56:36,6198
18597,Check hotel,1970-04-26 23:56:37,6199
18598,Decide,1970-04-26 23:56:38,6199
18599,Book hotel,1970-04-26 23:56:39,6199
18600,Check hotel,1970-04-26 23:56:40,6200
18601,Decide,1970-04-26 23:56:41,6200
18602,Book hotel,1970-04-26 23:56:42,6200
18603,Check plane,1970-04-26 23:56:43,6201
18604,Decide,1970-04-26 23:56:44,6201
18605,Book plane,1970-04-26 23:56:45,6201
18606,Check plane,1970-04-26 23:56:46,6202
18607,Decide,1970-04-26 23:56:47,6202
18608,Book plane,1970-04-26 23:56:48,6202
18609,Check plane,1970-04-26 23:56:49,6203
18610,Decide,1970-04-26 23:56:50,6203
18611,Book plane,1970-04-26 23:56:51,6203
18612,Check hotel,1970-04-26 23:56:52,6204
18613,Decide,1970-04-26 23:56:53,6204
18614,Book hotel,1970-04-26 23:56:54,6204
18615,Check plane,1970-04-26 23:56:55,6205
18616,Decide,1970-04-26 23:56:56,6205
18617,Book plane,1970-04-26 23:56:57,6205
18618,Check hotel,1970-04-26 23:56:58,6206
18619,Decide,1970-04-26 23:56:59,6206
18620,Book hotel,1970-04-26 23:57:00,6206
18621,Check plane,1970-04-26 23:57:01,6207
18622,Decide,1970-04-26 23:57:02,6207
18623,Book plane,1970-04-26 23:57:03,6207
18624,Check hotel,1970-04-26 23:57:04,6208
18625,Decide,1970-04-26 23:57:05,6208
18626,Book hotel,1970-04-26 23:57:06,6208
18627,Check plane,1970-04-26 23:57:07,6209
18628,Decide,1970-04-26 23:57:08,6209
18629,Book hotel,1970-04-26 23:57:09,6209
18630,Check hotel,1970-04-26 23:57:10,6210
18631,Decide,1970-04-26 23:57:11,6210
18632,Book plane,1970-04-26 23:57:12,6210
18633,Check hotel,1970-04-26 23:57:13,6211
18634,Decide,1970-04-26 23:57:14,6211
18635,Book plane,1970-04-26 23:57:15,6211
18636,Check hotel,1970-04-26 23:57:16,6212
18637,Decide,1970-04-26 23:57:17,6212
18638,Book plane,1970-04-26 23:57:18,6212
18639,Check plane,1970-04-26 23:57:19,6213
18640,Decide,1970-04-26 23:57:20,6213
18641,Book plane,1970-04-26 23:57:21,6213
18642,Check hotel,1970-04-26 23:57:22,6214
18643,Decide,1970-04-26 23:57:23,6214
18644,Book hotel,1970-04-26 23:57:24,6214
18645,Check hotel,1970-04-26 23:57:25,6215
18646,Decide,1970-04-26 23:57:26,6215
18647,Book hotel,1970-04-26 23:57:27,6215
18648,Check plane,1970-04-26 23:57:28,6216
18649,Decide,1970-04-26 23:57:29,6216
18650,Book plane,1970-04-26 23:57:30,6216
18651,Check hotel,1970-04-26 23:57:31,6217
18652,Decide,1970-04-26 23:57:32,6217
18653,Book hotel,1970-04-26 23:57:33,6217
18654,Check hotel,1970-04-26 23:57:34,6218
18655,Decide,1970-04-26 23:57:35,6218
18656,Book hotel,1970-04-26 23:57:36,6218
18657,Check hotel,1970-04-26 23:57:37,6219
18658,Decide,1970-04-26 23:57:38,6219
18659,Book plane,1970-04-26 23:57:39,6219
18660,Check hotel,1970-04-26 23:57:40,6220
18661,Decide,1970-04-26 23:57:41,6220
18662,Book hotel,1970-04-26 23:57:42,6220
18663,Check hotel,1970-04-26 23:57:43,6221
18664,Decide,1970-04-26 23:57:44,6221
18665,Book hotel,1970-04-26 23:57:45,6221
18666,Check plane,1970-04-26 23:57:46,6222
18667,Decide,1970-04-26 23:57:47,6222
18668,Book plane,1970-04-26 23:57:48,6222
18669,Check hotel,1970-04-26 23:57:49,6223
18670,Decide,1970-04-26 23:57:50,6223
18671,Book plane,1970-04-26 23:57:51,6223
18672,Check hotel,1970-04-26 23:57:52,6224
18673,Decide,1970-04-26 23:57:53,6224
18674,Book hotel,1970-04-26 23:57:54,6224
18675,Check plane,1970-04-26 23:57:55,6225
18676,Decide,1970-04-26 23:57:56,6225
18677,Book plane,1970-04-26 23:57:57,6225
18678,Check hotel,1970-04-26 23:57:58,6226
18679,Decide,1970-04-26 23:57:59,6226
18680,Book plane,1970-04-26 23:58:00,6226
18681,Check hotel,1970-04-26 23:58:01,6227
18682,Decide,1970-04-26 23:58:02,6227
18683,Book plane,1970-04-26 23:58:03,6227
18684,Check hotel,1970-04-26 23:58:04,6228
18685,Decide,1970-04-26 23:58:05,6228
18686,Book hotel,1970-04-26 23:58:06,6228
18687,Check plane,1970-04-26 23:58:07,6229
18688,Decide,1970-04-26 23:58:08,6229
18689,Book plane,1970-04-26 23:58:09,6229
18690,Check plane,1970-04-26 23:58:10,6230
18691,Decide,1970-04-26 23:58:11,6230
18692,Book hotel,1970-04-26 23:58:12,6230
18693,Check plane,1970-04-26 23:58:13,6231
18694,Decide,1970-04-26 23:58:14,6231
18695,Book hotel,1970-04-26 23:58:15,6231
18696,Check hotel,1970-04-26 23:58:16,6232
18697,Decide,1970-04-26 23:58:17,6232
18698,Book plane,1970-04-26 23:58:18,6232
18699,Check hotel,1970-04-26 23:58:19,6233
18700,Decide,1970-04-26 23:58:20,6233
18701,Book plane,1970-04-26 23:58:21,6233
18702,Check hotel,1970-04-26 23:58:22,6234
18703,Decide,1970-04-26 23:58:23,6234
18704,Book plane,1970-04-26 23:58:24,6234
18705,Check hotel,1970-04-26 23:58:25,6235
18706,Decide,1970-04-26 23:58:26,6235
18707,Book hotel,1970-04-26 23:58:27,6235
18708,Check plane,1970-04-26 23:58:28,6236
18709,Decide,1970-04-26 23:58:29,6236
18710,Book plane,1970-04-26 23:58:30,6236
18711,Check hotel,1970-04-26 23:58:31,6237
18712,Decide,1970-04-26 23:58:32,6237
18713,Book plane,1970-04-26 23:58:33,6237
18714,Check plane,1970-04-26 23:58:34,6238
18715,Decide,1970-04-26 23:58:35,6238
18716,Book hotel,1970-04-26 23:58:36,6238
18717,Check plane,1970-04-26 23:58:37,6239
18718,Decide,1970-04-26 23:58:38,6239
18719,Book plane,1970-04-26 23:58:39,6239
18720,Check hotel,1970-04-26 23:58:40,6240
18721,Decide,1970-04-26 23:58:41,6240
18722,Book plane,1970-04-26 23:58:42,6240
18723,Check plane,1970-04-26 23:58:43,6241
18724,Decide,1970-04-26 23:58:44,6241
18725,Book plane,1970-04-26 23:58:45,6241
18726,Check plane,1970-04-26 23:58:46,6242
18727,Decide,1970-04-26 23:58:47,6242
18728,Book hotel,1970-04-26 23:58:48,6242
18729,Check hotel,1970-04-26 23:58:49,6243
18730,Decide,1970-04-26 23:58:50,6243
18731,Book plane,1970-04-26 23:58:51,6243
18732,Check hotel,1970-04-26 23:58:52,6244
18733,Decide,1970-04-26 23:58:53,6244
18734,Book plane,1970-04-26 23:58:54,6244
18735,Check hotel,1970-04-26 23:58:55,6245
18736,Decide,1970-04-26 23:58:56,6245
18737,Book plane,1970-04-26 23:58:57,6245
18738,Check hotel,1970-04-26 23:58:58,6246
18739,Decide,1970-04-26 23:58:59,6246
18740,Book plane,1970-04-26 23:59:00,6246
18741,Check hotel,1970-04-26 23:59:01,6247
18742,Decide,1970-04-26 23:59:02,6247
18743,Book plane,1970-04-26 23:59:03,6247
18744,Check hotel,1970-04-26 23:59:04,6248
18745,Decide,1970-04-26 23:59:05,6248
18746,Book plane,1970-04-26 23:59:06,6248
18747,Check plane,1970-04-26 23:59:07,6249
18748,Decide,1970-04-26 23:59:08,6249
18749,Book hotel,1970-04-26 23:59:09,6249
18750,Check hotel,1970-04-26 23:59:10,6250
18751,Decide,1970-04-26 23:59:11,6250
18752,Book hotel,1970-04-26 23:59:12,6250
18753,Check hotel,1970-04-26 23:59:13,6251
18754,Decide,1970-04-26 23:59:14,6251
18755,Book plane,1970-04-26 23:59:15,6251
18756,Check plane,1970-04-26 23:59:16,6252
18757,Decide,1970-04-26 23:59:17,6252
18758,Book plane,1970-04-26 23:59:18,6252
18759,Check hotel,1970-04-26 23:59:19,6253
18760,Decide,1970-04-26 23:59:20,6253
18761,Book plane,1970-04-26 23:59:21,6253
18762,Check hotel,1970-04-26 23:59:22,6254
18763,Decide,1970-04-26 23:59:23,6254
18764,Book plane,1970-04-26 23:59:24,6254
18765,Check hotel,1970-04-26 23:59:25,6255
18766,Decide,1970-04-26 23:59:26,6255
18767,Book plane,1970-04-26 23:59:27,6255
18768,Check hotel,1970-04-26 23:59:28,6256
18769,Decide,1970-04-26 23:59:29,6256
18770,Book hotel,1970-04-26 23:59:30,6256
18771,Check hotel,1970-04-26 23:59:31,6257
18772,Decide,1970-04-26 23:59:32,6257
18773,Book hotel,1970-04-26 23:59:33,6257
18774,Check plane,1970-04-26 23:59:34,6258
18775,Decide,1970-04-26 23:59:35,6258
18776,Book plane,1970-04-26 23:59:36,6258
18777,Check plane,1970-04-26 23:59:37,6259
18778,Decide,1970-04-26 23:59:38,6259
18779,Book plane,1970-04-26 23:59:39,6259
18780,Check hotel,1970-04-26 23:59:40,6260
18781,Decide,1970-04-26 23:59:41,6260
18782,Book plane,1970-04-26 23:59:42,6260
18783,Check hotel,1970-04-26 23:59:43,6261
18784,Decide,1970-04-26 23:59:44,6261
18785,Book plane,1970-04-26 23:59:45,6261
18786,Check plane,1970-04-26 23:59:46,6262
18787,Decide,1970-04-26 23:59:47,6262
18788,Book hotel,1970-04-26 23:59:48,6262
18789,Check plane,1970-04-26 23:59:49,6263
18790,Decide,1970-04-26 23:59:50,6263
18791,Book plane,1970-04-26 23:59:51,6263
18792,Check hotel,1970-04-26 23:59:52,6264
18793,Decide,1970-04-26 23:59:53,6264
18794,Book plane,1970-04-26 23:59:54,6264
18795,Check plane,1970-04-26 23:59:55,6265
18796,Decide,1970-04-26 23:59:56,6265
18797,Book hotel,1970-04-26 23:59:57,6265
18798,Check plane,1970-04-26 23:59:58,6266
18799,Decide,1970-04-26 23:59:59,6266
18800,Book plane,1970-04-27 00:00:00,6266
18801,Check hotel,1970-04-27 00:00:01,6267
18802,Decide,1970-04-27 00:00:02,6267
18803,Book hotel,1970-04-27 00:00:03,6267
18804,Check hotel,1970-04-27 00:00:04,6268
18805,Decide,1970-04-27 00:00:05,6268
18806,Book hotel,1970-04-27 00:00:06,6268
18807,Check hotel,1970-04-27 00:00:07,6269
18808,Decide,1970-04-27 00:00:08,6269
18809,Book hotel,1970-04-27 00:00:09,6269
18810,Check hotel,1970-04-27 00:00:10,6270
18811,Decide,1970-04-27 00:00:11,6270
18812,Book hotel,1970-04-27 00:00:12,6270
18813,Check plane,1970-04-27 00:00:13,6271
18814,Decide,1970-04-27 00:00:14,6271
18815,Book hotel,1970-04-27 00:00:15,6271
18816,Check plane,1970-04-27 00:00:16,6272
18817,Decide,1970-04-27 00:00:17,6272
18818,Book plane,1970-04-27 00:00:18,6272
18819,Check hotel,1970-04-27 00:00:19,6273
18820,Decide,1970-04-27 00:00:20,6273
18821,Book plane,1970-04-27 00:00:21,6273
18822,Check hotel,1970-04-27 00:00:22,6274
18823,Decide,1970-04-27 00:00:23,6274
18824,Book hotel,1970-04-27 00:00:24,6274
18825,Check hotel,1970-04-27 00:00:25,6275
18826,Decide,1970-04-27 00:00:26,6275
18827,Book hotel,1970-04-27 00:00:27,6275
18828,Check hotel,1970-04-27 00:00:28,6276
18829,Decide,1970-04-27 00:00:29,6276
18830,Book hotel,1970-04-27 00:00:30,6276
18831,Check plane,1970-04-27 00:00:31,6277
18832,Decide,1970-04-27 00:00:32,6277
18833,Book hotel,1970-04-27 00:00:33,6277
18834,Check plane,1970-04-27 00:00:34,6278
18835,Decide,1970-04-27 00:00:35,6278
18836,Book hotel,1970-04-27 00:00:36,6278
18837,Check hotel,1970-04-27 00:00:37,6279
18838,Decide,1970-04-27 00:00:38,6279
18839,Book plane,1970-04-27 00:00:39,6279
18840,Check hotel,1970-04-27 00:00:40,6280
18841,Decide,1970-04-27 00:00:41,6280
18842,Book plane,1970-04-27 00:00:42,6280
18843,Check plane,1970-04-27 00:00:43,6281
18844,Decide,1970-04-27 00:00:44,6281
18845,Book hotel,1970-04-27 00:00:45,6281
18846,Check plane,1970-04-27 00:00:46,6282
18847,Decide,1970-04-27 00:00:47,6282
18848,Book plane,1970-04-27 00:00:48,6282
18849,Check plane,1970-04-27 00:00:49,6283
18850,Decide,1970-04-27 00:00:50,6283
18851,Book plane,1970-04-27 00:00:51,6283
18852,Check hotel,1970-04-27 00:00:52,6284
18853,Decide,1970-04-27 00:00:53,6284
18854,Book hotel,1970-04-27 00:00:54,6284
18855,Check hotel,1970-04-27 00:00:55,6285
18856,Decide,1970-04-27 00:00:56,6285
18857,Book hotel,1970-04-27 00:00:57,6285
18858,Check plane,1970-04-27 00:00:58,6286
18859,Decide,1970-04-27 00:00:59,6286
18860,Book plane,1970-04-27 00:01:00,6286
18861,Check hotel,1970-04-27 00:01:01,6287
18862,Decide,1970-04-27 00:01:02,6287
18863,Book hotel,1970-04-27 00:01:03,6287
18864,Check hotel,1970-04-27 00:01:04,6288
18865,Decide,1970-04-27 00:01:05,6288
18866,Book plane,1970-04-27 00:01:06,6288
18867,Check plane,1970-04-27 00:01:07,6289
18868,Decide,1970-04-27 00:01:08,6289
18869,Book hotel,1970-04-27 00:01:09,6289
18870,Check plane,1970-04-27 00:01:10,6290
18871,Decide,1970-04-27 00:01:11,6290
18872,Book plane,1970-04-27 00:01:12,6290
18873,Check plane,1970-04-27 00:01:13,6291
18874,Decide,1970-04-27 00:01:14,6291
18875,Book hotel,1970-04-27 00:01:15,6291
18876,Check plane,1970-04-27 00:01:16,6292
18877,Decide,1970-04-27 00:01:17,6292
18878,Book hotel,1970-04-27 00:01:18,6292
18879,Check plane,1970-04-27 00:01:19,6293
18880,Decide,1970-04-27 00:01:20,6293
18881,Book plane,1970-04-27 00:01:21,6293
18882,Check plane,1970-04-27 00:01:22,6294
18883,Decide,1970-04-27 00:01:23,6294
18884,Book hotel,1970-04-27 00:01:24,6294
18885,Check hotel,1970-04-27 00:01:25,6295
18886,Decide,1970-04-27 00:01:26,6295
18887,Book plane,1970-04-27 00:01:27,6295
18888,Check hotel,1970-04-27 00:01:28,6296
18889,Decide,1970-04-27 00:01:29,6296
18890,Book hotel,1970-04-27 00:01:30,6296
18891,Check hotel,1970-04-27 00:01:31,6297
18892,Decide,1970-04-27 00:01:32,6297
18893,Book hotel,1970-04-27 00:01:33,6297
18894,Check plane,1970-04-27 00:01:34,6298
18895,Decide,1970-04-27 00:01:35,6298
18896,Book plane,1970-04-27 00:01:36,6298
18897,Check plane,1970-04-27 00:01:37,6299
18898,Decide,1970-04-27 00:01:38,6299
18899,Book plane,1970-04-27 00:01:39,6299
18900,Check plane,1970-04-27 00:01:40,6300
18901,Decide,1970-04-27 00:01:41,6300
18902,Book hotel,1970-04-27 00:01:42,6300
18903,Check plane,1970-04-27 00:01:43,6301
18904,Decide,1970-04-27 00:01:44,6301
18905,Book hotel,1970-04-27 00:01:45,6301
18906,Check hotel,1970-04-27 00:01:46,6302
18907,Decide,1970-04-27 00:01:47,6302
18908,Book plane,1970-04-27 00:01:48,6302
18909,Check plane,1970-04-27 00:01:49,6303
18910,Decide,1970-04-27 00:01:50,6303
18911,Book plane,1970-04-27 00:01:51,6303
18912,Check hotel,1970-04-27 00:01:52,6304
18913,Decide,1970-04-27 00:01:53,6304
18914,Book plane,1970-04-27 00:01:54,6304
18915,Check hotel,1970-04-27 00:01:55,6305
18916,Decide,1970-04-27 00:01:56,6305
18917,Book hotel,1970-04-27 00:01:57,6305
18918,Check plane,1970-04-27 00:01:58,6306
18919,Decide,1970-04-27 00:01:59,6306
18920,Book plane,1970-04-27 00:02:00,6306
18921,Check hotel,1970-04-27 00:02:01,6307
18922,Decide,1970-04-27 00:02:02,6307
18923,Book hotel,1970-04-27 00:02:03,6307
18924,Check plane,1970-04-27 00:02:04,6308
18925,Decide,1970-04-27 00:02:05,6308
18926,Book hotel,1970-04-27 00:02:06,6308
18927,Check hotel,1970-04-27 00:02:07,6309
18928,Decide,1970-04-27 00:02:08,6309
18929,Book hotel,1970-04-27 00:02:09,6309
18930,Check hotel,1970-04-27 00:02:10,6310
18931,Decide,1970-04-27 00:02:11,6310
18932,Book hotel,1970-04-27 00:02:12,6310
18933,Check hotel,1970-04-27 00:02:13,6311
18934,Decide,1970-04-27 00:02:14,6311
18935,Book plane,1970-04-27 00:02:15,6311
18936,Check hotel,1970-04-27 00:02:16,6312
18937,Decide,1970-04-27 00:02:17,6312
18938,Book plane,1970-04-27 00:02:18,6312
18939,Check plane,1970-04-27 00:02:19,6313
18940,Decide,1970-04-27 00:02:20,6313
18941,Book hotel,1970-04-27 00:02:21,6313
18942,Check plane,1970-04-27 00:02:22,6314
18943,Decide,1970-04-27 00:02:23,6314
18944,Book plane,1970-04-27 00:02:24,6314
18945,Check plane,1970-04-27 00:02:25,6315
18946,Decide,1970-04-27 00:02:26,6315
18947,Book plane,1970-04-27 00:02:27,6315
18948,Check plane,1970-04-27 00:02:28,6316
18949,Decide,1970-04-27 00:02:29,6316
18950,Book plane,1970-04-27 00:02:30,6316
18951,Check hotel,1970-04-27 00:02:31,6317
18952,Decide,1970-04-27 00:02:32,6317
18953,Book plane,1970-04-27 00:02:33,6317
18954,Check hotel,1970-04-27 00:02:34,6318
18955,Decide,1970-04-27 00:02:35,6318
18956,Book hotel,1970-04-27 00:02:36,6318
18957,Check hotel,1970-04-27 00:02:37,6319
18958,Decide,1970-04-27 00:02:38,6319
18959,Book plane,1970-04-27 00:02:39,6319
18960,Check plane,1970-04-27 00:02:40,6320
18961,Decide,1970-04-27 00:02:41,6320
18962,Book hotel,1970-04-27 00:02:42,6320
18963,Check plane,1970-04-27 00:02:43,6321
18964,Decide,1970-04-27 00:02:44,6321
18965,Book hotel,1970-04-27 00:02:45,6321
18966,Check hotel,1970-04-27 00:02:46,6322
18967,Decide,1970-04-27 00:02:47,6322
18968,Book plane,1970-04-27 00:02:48,6322
18969,Check plane,1970-04-27 00:02:49,6323
18970,Decide,1970-04-27 00:02:50,6323
18971,Book plane,1970-04-27 00:02:51,6323
18972,Check hotel,1970-04-27 00:02:52,6324
18973,Decide,1970-04-27 00:02:53,6324
18974,Book hotel,1970-04-27 00:02:54,6324
18975,Check hotel,1970-04-27 00:02:55,6325
18976,Decide,1970-04-27 00:02:56,6325
18977,Book hotel,1970-04-27 00:02:57,6325
18978,Check plane,1970-04-27 00:02:58,6326
18979,Decide,1970-04-27 00:02:59,6326
18980,Book hotel,1970-04-27 00:03:00,6326
18981,Check plane,1970-04-27 00:03:01,6327
18982,Decide,1970-04-27 00:03:02,6327
18983,Book hotel,1970-04-27 00:03:03,6327
18984,Check hotel,1970-04-27 00:03:04,6328
18985,Decide,1970-04-27 00:03:05,6328
18986,Book hotel,1970-04-27 00:03:06,6328
18987,Check hotel,1970-04-27 00:03:07,6329
18988,Decide,1970-04-27 00:03:08,6329
18989,Book plane,1970-04-27 00:03:09,6329
18990,Check hotel,1970-04-27 00:03:10,6330
18991,Decide,1970-04-27 00:03:11,6330
18992,Book plane,1970-04-27 00:03:12,6330
18993,Check hotel,1970-04-27 00:03:13,6331
18994,Decide,1970-04-27 00:03:14,6331
18995,Book plane,1970-04-27 00:03:15,6331
18996,Check plane,1970-04-27 00:03:16,6332
18997,Decide,1970-04-27 00:03:17,6332
18998,Book plane,1970-04-27 00:03:18,6332
18999,Check hotel,1970-04-27 00:03:19,6333
19000,Decide,1970-04-27 00:03:20,6333
19001,Book hotel,1970-04-27 00:03:21,6333
19002,Check plane,1970-04-27 00:03:22,6334
19003,Decide,1970-04-27 00:03:23,6334
19004,Book hotel,1970-04-27 00:03:24,6334
19005,Check hotel,1970-04-27 00:03:25,6335
19006,Decide,1970-04-27 00:03:26,6335
19007,Book hotel,1970-04-27 00:03:27,6335
19008,Check hotel,1970-04-27 00:03:28,6336
19009,Decide,1970-04-27 00:03:29,6336
19010,Book plane,1970-04-27 00:03:30,6336
19011,Check hotel,1970-04-27 00:03:31,6337
19012,Decide,1970-04-27 00:03:32,6337
19013,Book hotel,1970-04-27 00:03:33,6337
19014,Check hotel,1970-04-27 00:03:34,6338
19015,Decide,1970-04-27 00:03:35,6338
19016,Book plane,1970-04-27 00:03:36,6338
19017,Check plane,1970-04-27 00:03:37,6339
19018,Decide,1970-04-27 00:03:38,6339
19019,Book hotel,1970-04-27 00:03:39,6339
19020,Check hotel,1970-04-27 00:03:40,6340
19021,Decide,1970-04-27 00:03:41,6340
19022,Book hotel,1970-04-27 00:03:42,6340
19023,Check hotel,1970-04-27 00:03:43,6341
19024,Decide,1970-04-27 00:03:44,6341
19025,Book plane,1970-04-27 00:03:45,6341
19026,Check hotel,1970-04-27 00:03:46,6342
19027,Decide,1970-04-27 00:03:47,6342
19028,Book plane,1970-04-27 00:03:48,6342
19029,Check hotel,1970-04-27 00:03:49,6343
19030,Decide,1970-04-27 00:03:50,6343
19031,Book hotel,1970-04-27 00:03:51,6343
19032,Check plane,1970-04-27 00:03:52,6344
19033,Decide,1970-04-27 00:03:53,6344
19034,Book hotel,1970-04-27 00:03:54,6344
19035,Check plane,1970-04-27 00:03:55,6345
19036,Decide,1970-04-27 00:03:56,6345
19037,Book hotel,1970-04-27 00:03:57,6345
19038,Check plane,1970-04-27 00:03:58,6346
19039,Decide,1970-04-27 00:03:59,6346
19040,Book plane,1970-04-27 00:04:00,6346
19041,Check hotel,1970-04-27 00:04:01,6347
19042,Decide,1970-04-27 00:04:02,6347
19043,Book plane,1970-04-27 00:04:03,6347
19044,Check plane,1970-04-27 00:04:04,6348
19045,Decide,1970-04-27 00:04:05,6348
19046,Book hotel,1970-04-27 00:04:06,6348
19047,Check hotel,1970-04-27 00:04:07,6349
19048,Decide,1970-04-27 00:04:08,6349
19049,Book hotel,1970-04-27 00:04:09,6349
19050,Check hotel,1970-04-27 00:04:10,6350
19051,Decide,1970-04-27 00:04:11,6350
19052,Book hotel,1970-04-27 00:04:12,6350
19053,Check plane,1970-04-27 00:04:13,6351
19054,Decide,1970-04-27 00:04:14,6351
19055,Book plane,1970-04-27 00:04:15,6351
19056,Check hotel,1970-04-27 00:04:16,6352
19057,Decide,1970-04-27 00:04:17,6352
19058,Book plane,1970-04-27 00:04:18,6352
19059,Check plane,1970-04-27 00:04:19,6353
19060,Decide,1970-04-27 00:04:20,6353
19061,Book plane,1970-04-27 00:04:21,6353
19062,Check hotel,1970-04-27 00:04:22,6354
19063,Decide,1970-04-27 00:04:23,6354
19064,Book hotel,1970-04-27 00:04:24,6354
19065,Check hotel,1970-04-27 00:04:25,6355
19066,Decide,1970-04-27 00:04:26,6355
19067,Book plane,1970-04-27 00:04:27,6355
19068,Check hotel,1970-04-27 00:04:28,6356
19069,Decide,1970-04-27 00:04:29,6356
19070,Book hotel,1970-04-27 00:04:30,6356
19071,Check plane,1970-04-27 00:04:31,6357
19072,Decide,1970-04-27 00:04:32,6357
19073,Book plane,1970-04-27 00:04:33,6357
19074,Check hotel,1970-04-27 00:04:34,6358
19075,Decide,1970-04-27 00:04:35,6358
19076,Book plane,1970-04-27 00:04:36,6358
19077,Check hotel,1970-04-27 00:04:37,6359
19078,Decide,1970-04-27 00:04:38,6359
19079,Book hotel,1970-04-27 00:04:39,6359
19080,Check plane,1970-04-27 00:04:40,6360
19081,Decide,1970-04-27 00:04:41,6360
19082,Book hotel,1970-04-27 00:04:42,6360
19083,Check hotel,1970-04-27 00:04:43,6361
19084,Decide,1970-04-27 00:04:44,6361
19085,Book plane,1970-04-27 00:04:45,6361
19086,Check plane,1970-04-27 00:04:46,6362
19087,Decide,1970-04-27 00:04:47,6362
19088,Book hotel,1970-04-27 00:04:48,6362
19089,Check hotel,1970-04-27 00:04:49,6363
19090,Decide,1970-04-27 00:04:50,6363
19091,Book plane,1970-04-27 00:04:51,6363
19092,Check hotel,1970-04-27 00:04:52,6364
19093,Decide,1970-04-27 00:04:53,6364
19094,Book plane,1970-04-27 00:04:54,6364
19095,Check plane,1970-04-27 00:04:55,6365
19096,Decide,1970-04-27 00:04:56,6365
19097,Book plane,1970-04-27 00:04:57,6365
19098,Check plane,1970-04-27 00:04:58,6366
19099,Decide,1970-04-27 00:04:59,6366
19100,Book plane,1970-04-27 00:05:00,6366
19101,Check hotel,1970-04-27 00:05:01,6367
19102,Decide,1970-04-27 00:05:02,6367
19103,Book plane,1970-04-27 00:05:03,6367
19104,Check plane,1970-04-27 00:05:04,6368
19105,Decide,1970-04-27 00:05:05,6368
19106,Book plane,1970-04-27 00:05:06,6368
19107,Check hotel,1970-04-27 00:05:07,6369
19108,Decide,1970-04-27 00:05:08,6369
19109,Book hotel,1970-04-27 00:05:09,6369
19110,Check hotel,1970-04-27 00:05:10,6370
19111,Decide,1970-04-27 00:05:11,6370
19112,Book plane,1970-04-27 00:05:12,6370
19113,Check plane,1970-04-27 00:05:13,6371
19114,Decide,1970-04-27 00:05:14,6371
19115,Book hotel,1970-04-27 00:05:15,6371
19116,Check plane,1970-04-27 00:05:16,6372
19117,Decide,1970-04-27 00:05:17,6372
19118,Book hotel,1970-04-27 00:05:18,6372
19119,Check hotel,1970-04-27 00:05:19,6373
19120,Decide,1970-04-27 00:05:20,6373
19121,Book hotel,1970-04-27 00:05:21,6373
19122,Check plane,1970-04-27 00:05:22,6374
19123,Decide,1970-04-27 00:05:23,6374
19124,Book plane,1970-04-27 00:05:24,6374
19125,Check hotel,1970-04-27 00:05:25,6375
19126,Decide,1970-04-27 00:05:26,6375
19127,Book plane,1970-04-27 00:05:27,6375
19128,Check plane,1970-04-27 00:05:28,6376
19129,Decide,1970-04-27 00:05:29,6376
19130,Book plane,1970-04-27 00:05:30,6376
19131,Check plane,1970-04-27 00:05:31,6377
19132,Decide,1970-04-27 00:05:32,6377
19133,Book plane,1970-04-27 00:05:33,6377
19134,Check plane,1970-04-27 00:05:34,6378
19135,Decide,1970-04-27 00:05:35,6378
19136,Book plane,1970-04-27 00:05:36,6378
19137,Check hotel,1970-04-27 00:05:37,6379
19138,Decide,1970-04-27 00:05:38,6379
19139,Book plane,1970-04-27 00:05:39,6379
19140,Check plane,1970-04-27 00:05:40,6380
19141,Decide,1970-04-27 00:05:41,6380
19142,Book hotel,1970-04-27 00:05:42,6380
19143,Check hotel,1970-04-27 00:05:43,6381
19144,Decide,1970-04-27 00:05:44,6381
19145,Book plane,1970-04-27 00:05:45,6381
19146,Check plane,1970-04-27 00:05:46,6382
19147,Decide,1970-04-27 00:05:47,6382
19148,Book hotel,1970-04-27 00:05:48,6382
19149,Check plane,1970-04-27 00:05:49,6383
19150,Decide,1970-04-27 00:05:50,6383
19151,Book plane,1970-04-27 00:05:51,6383
19152,Check plane,1970-04-27 00:05:52,6384
19153,Decide,1970-04-27 00:05:53,6384
19154,Book hotel,1970-04-27 00:05:54,6384
19155,Check hotel,1970-04-27 00:05:55,6385
19156,Decide,1970-04-27 00:05:56,6385
19157,Book hotel,1970-04-27 00:05:57,6385
19158,Check hotel,1970-04-27 00:05:58,6386
19159,Decide,1970-04-27 00:05:59,6386
19160,Book hotel,1970-04-27 00:06:00,6386
19161,Check plane,1970-04-27 00:06:01,6387
19162,Decide,1970-04-27 00:06:02,6387
19163,Book hotel,1970-04-27 00:06:03,6387
19164,Check hotel,1970-04-27 00:06:04,6388
19165,Decide,1970-04-27 00:06:05,6388
19166,Book plane,1970-04-27 00:06:06,6388
19167,Check plane,1970-04-27 00:06:07,6389
19168,Decide,1970-04-27 00:06:08,6389
19169,Book hotel,1970-04-27 00:06:09,6389
19170,Check hotel,1970-04-27 00:06:10,6390
19171,Decide,1970-04-27 00:06:11,6390
19172,Book plane,1970-04-27 00:06:12,6390
19173,Check plane,1970-04-27 00:06:13,6391
19174,Decide,1970-04-27 00:06:14,6391
19175,Book hotel,1970-04-27 00:06:15,6391
19176,Check plane,1970-04-27 00:06:16,6392
19177,Decide,1970-04-27 00:06:17,6392
19178,Book plane,1970-04-27 00:06:18,6392
19179,Check plane,1970-04-27 00:06:19,6393
19180,Decide,1970-04-27 00:06:20,6393
19181,Book hotel,1970-04-27 00:06:21,6393
19182,Check plane,1970-04-27 00:06:22,6394
19183,Decide,1970-04-27 00:06:23,6394
19184,Book hotel,1970-04-27 00:06:24,6394
19185,Check hotel,1970-04-27 00:06:25,6395
19186,Decide,1970-04-27 00:06:26,6395
19187,Book hotel,1970-04-27 00:06:27,6395
19188,Check hotel,1970-04-27 00:06:28,6396
19189,Decide,1970-04-27 00:06:29,6396
19190,Book plane,1970-04-27 00:06:30,6396
19191,Check plane,1970-04-27 00:06:31,6397
19192,Decide,1970-04-27 00:06:32,6397
19193,Book plane,1970-04-27 00:06:33,6397
19194,Check hotel,1970-04-27 00:06:34,6398
19195,Decide,1970-04-27 00:06:35,6398
19196,Book plane,1970-04-27 00:06:36,6398
19197,Check hotel,1970-04-27 00:06:37,6399
19198,Decide,1970-04-27 00:06:38,6399
19199,Book hotel,1970-04-27 00:06:39,6399
19200,Check hotel,1970-04-27 00:06:40,6400
19201,Decide,1970-04-27 00:06:41,6400
19202,Book plane,1970-04-27 00:06:42,6400
19203,Check plane,1970-04-27 00:06:43,6401
19204,Decide,1970-04-27 00:06:44,6401
19205,Book plane,1970-04-27 00:06:45,6401
19206,Check hotel,1970-04-27 00:06:46,6402
19207,Decide,1970-04-27 00:06:47,6402
19208,Book plane,1970-04-27 00:06:48,6402
19209,Check hotel,1970-04-27 00:06:49,6403
19210,Decide,1970-04-27 00:06:50,6403
19211,Book plane,1970-04-27 00:06:51,6403
19212,Check plane,1970-04-27 00:06:52,6404
19213,Decide,1970-04-27 00:06:53,6404
19214,Book plane,1970-04-27 00:06:54,6404
19215,Check plane,1970-04-27 00:06:55,6405
19216,Decide,1970-04-27 00:06:56,6405
19217,Book plane,1970-04-27 00:06:57,6405
19218,Check hotel,1970-04-27 00:06:58,6406
19219,Decide,1970-04-27 00:06:59,6406
19220,Book hotel,1970-04-27 00:07:00,6406
19221,Check plane,1970-04-27 00:07:01,6407
19222,Decide,1970-04-27 00:07:02,6407
19223,Book plane,1970-04-27 00:07:03,6407
19224,Check plane,1970-04-27 00:07:04,6408
19225,Decide,1970-04-27 00:07:05,6408
19226,Book hotel,1970-04-27 00:07:06,6408
19227,Check hotel,1970-04-27 00:07:07,6409
19228,Decide,1970-04-27 00:07:08,6409
19229,Book plane,1970-04-27 00:07:09,6409
19230,Check hotel,1970-04-27 00:07:10,6410
19231,Decide,1970-04-27 00:07:11,6410
19232,Book hotel,1970-04-27 00:07:12,6410
19233,Check hotel,1970-04-27 00:07:13,6411
19234,Decide,1970-04-27 00:07:14,6411
19235,Book plane,1970-04-27 00:07:15,6411
19236,Check plane,1970-04-27 00:07:16,6412
19237,Decide,1970-04-27 00:07:17,6412
19238,Book hotel,1970-04-27 00:07:18,6412
19239,Check hotel,1970-04-27 00:07:19,6413
19240,Decide,1970-04-27 00:07:20,6413
19241,Book hotel,1970-04-27 00:07:21,6413
19242,Check plane,1970-04-27 00:07:22,6414
19243,Decide,1970-04-27 00:07:23,6414
19244,Book plane,1970-04-27 00:07:24,6414
19245,Check plane,1970-04-27 00:07:25,6415
19246,Decide,1970-04-27 00:07:26,6415
19247,Book plane,1970-04-27 00:07:27,6415
19248,Check plane,1970-04-27 00:07:28,6416
19249,Decide,1970-04-27 00:07:29,6416
19250,Book hotel,1970-04-27 00:07:30,6416
19251,Check hotel,1970-04-27 00:07:31,6417
19252,Decide,1970-04-27 00:07:32,6417
19253,Book hotel,1970-04-27 00:07:33,6417
19254,Check plane,1970-04-27 00:07:34,6418
19255,Decide,1970-04-27 00:07:35,6418
19256,Book plane,1970-04-27 00:07:36,6418
19257,Check plane,1970-04-27 00:07:37,6419
19258,Decide,1970-04-27 00:07:38,6419
19259,Book plane,1970-04-27 00:07:39,6419
19260,Check plane,1970-04-27 00:07:40,6420
19261,Decide,1970-04-27 00:07:41,6420
19262,Book plane,1970-04-27 00:07:42,6420
19263,Check plane,1970-04-27 00:07:43,6421
19264,Decide,1970-04-27 00:07:44,6421
19265,Book hotel,1970-04-27 00:07:45,6421
19266,Check plane,1970-04-27 00:07:46,6422
19267,Decide,1970-04-27 00:07:47,6422
19268,Book hotel,1970-04-27 00:07:48,6422
19269,Check hotel,1970-04-27 00:07:49,6423
19270,Decide,1970-04-27 00:07:50,6423
19271,Book hotel,1970-04-27 00:07:51,6423
19272,Check plane,1970-04-27 00:07:52,6424
19273,Decide,1970-04-27 00:07:53,6424
19274,Book plane,1970-04-27 00:07:54,6424
19275,Check plane,1970-04-27 00:07:55,6425
19276,Decide,1970-04-27 00:07:56,6425
19277,Book plane,1970-04-27 00:07:57,6425
19278,Check plane,1970-04-27 00:07:58,6426
19279,Decide,1970-04-27 00:07:59,6426
19280,Book hotel,1970-04-27 00:08:00,6426
19281,Check plane,1970-04-27 00:08:01,6427
19282,Decide,1970-04-27 00:08:02,6427
19283,Book plane,1970-04-27 00:08:03,6427
19284,Check plane,1970-04-27 00:08:04,6428
19285,Decide,1970-04-27 00:08:05,6428
19286,Book plane,1970-04-27 00:08:06,6428
19287,Check hotel,1970-04-27 00:08:07,6429
19288,Decide,1970-04-27 00:08:08,6429
19289,Book plane,1970-04-27 00:08:09,6429
19290,Check plane,1970-04-27 00:08:10,6430
19291,Decide,1970-04-27 00:08:11,6430
19292,Book plane,1970-04-27 00:08:12,6430
19293,Check plane,1970-04-27 00:08:13,6431
19294,Decide,1970-04-27 00:08:14,6431
19295,Book plane,1970-04-27 00:08:15,6431
19296,Check plane,1970-04-27 00:08:16,6432
19297,Decide,1970-04-27 00:08:17,6432
19298,Book plane,1970-04-27 00:08:18,6432
19299,Check hotel,1970-04-27 00:08:19,6433
19300,Decide,1970-04-27 00:08:20,6433
19301,Book plane,1970-04-27 00:08:21,6433
19302,Check plane,1970-04-27 00:08:22,6434
19303,Decide,1970-04-27 00:08:23,6434
19304,Book plane,1970-04-27 00:08:24,6434
19305,Check hotel,1970-04-27 00:08:25,6435
19306,Decide,1970-04-27 00:08:26,6435
19307,Book hotel,1970-04-27 00:08:27,6435
19308,Check plane,1970-04-27 00:08:28,6436
19309,Decide,1970-04-27 00:08:29,6436
19310,Book hotel,1970-04-27 00:08:30,6436
19311,Check hotel,1970-04-27 00:08:31,6437
19312,Decide,1970-04-27 00:08:32,6437
19313,Book hotel,1970-04-27 00:08:33,6437
19314,Check hotel,1970-04-27 00:08:34,6438
19315,Decide,1970-04-27 00:08:35,6438
19316,Book plane,1970-04-27 00:08:36,6438
19317,Check plane,1970-04-27 00:08:37,6439
19318,Decide,1970-04-27 00:08:38,6439
19319,Book plane,1970-04-27 00:08:39,6439
19320,Check hotel,1970-04-27 00:08:40,6440
19321,Decide,1970-04-27 00:08:41,6440
19322,Book hotel,1970-04-27 00:08:42,6440
19323,Check hotel,1970-04-27 00:08:43,6441
19324,Decide,1970-04-27 00:08:44,6441
19325,Book plane,1970-04-27 00:08:45,6441
19326,Check hotel,1970-04-27 00:08:46,6442
19327,Decide,1970-04-27 00:08:47,6442
19328,Book plane,1970-04-27 00:08:48,6442
19329,Check hotel,1970-04-27 00:08:49,6443
19330,Decide,1970-04-27 00:08:50,6443
19331,Book plane,1970-04-27 00:08:51,6443
19332,Check hotel,1970-04-27 00:08:52,6444
19333,Decide,1970-04-27 00:08:53,6444
19334,Book plane,1970-04-27 00:08:54,6444
19335,Check plane,1970-04-27 00:08:55,6445
19336,Decide,1970-04-27 00:08:56,6445
19337,Book hotel,1970-04-27 00:08:57,6445
19338,Check plane,1970-04-27 00:08:58,6446
19339,Decide,1970-04-27 00:08:59,6446
19340,Book hotel,1970-04-27 00:09:00,6446
19341,Check plane,1970-04-27 00:09:01,6447
19342,Decide,1970-04-27 00:09:02,6447
19343,Book plane,1970-04-27 00:09:03,6447
19344,Check hotel,1970-04-27 00:09:04,6448
19345,Decide,1970-04-27 00:09:05,6448
19346,Book hotel,1970-04-27 00:09:06,6448
19347,Check plane,1970-04-27 00:09:07,6449
19348,Decide,1970-04-27 00:09:08,6449
19349,Book plane,1970-04-27 00:09:09,6449
19350,Check hotel,1970-04-27 00:09:10,6450
19351,Decide,1970-04-27 00:09:11,6450
19352,Book plane,1970-04-27 00:09:12,6450
19353,Check hotel,1970-04-27 00:09:13,6451
19354,Decide,1970-04-27 00:09:14,6451
19355,Book plane,1970-04-27 00:09:15,6451
19356,Check hotel,1970-04-27 00:09:16,6452
19357,Decide,1970-04-27 00:09:17,6452
19358,Book hotel,1970-04-27 00:09:18,6452
19359,Check plane,1970-04-27 00:09:19,6453
19360,Decide,1970-04-27 00:09:20,6453
19361,Book hotel,1970-04-27 00:09:21,6453
19362,Check plane,1970-04-27 00:09:22,6454
19363,Decide,1970-04-27 00:09:23,6454
19364,Book plane,1970-04-27 00:09:24,6454
19365,Check plane,1970-04-27 00:09:25,6455
19366,Decide,1970-04-27 00:09:26,6455
19367,Book hotel,1970-04-27 00:09:27,6455
19368,Check plane,1970-04-27 00:09:28,6456
19369,Decide,1970-04-27 00:09:29,6456
19370,Book plane,1970-04-27 00:09:30,6456
19371,Check plane,1970-04-27 00:09:31,6457
19372,Decide,1970-04-27 00:09:32,6457
19373,Book plane,1970-04-27 00:09:33,6457
19374,Check plane,1970-04-27 00:09:34,6458
19375,Decide,1970-04-27 00:09:35,6458
19376,Book plane,1970-04-27 00:09:36,6458
19377,Check hotel,1970-04-27 00:09:37,6459
19378,Decide,1970-04-27 00:09:38,6459
19379,Book plane,1970-04-27 00:09:39,6459
19380,Check hotel,1970-04-27 00:09:40,6460
19381,Decide,1970-04-27 00:09:41,6460
19382,Book plane,1970-04-27 00:09:42,6460
19383,Check plane,1970-04-27 00:09:43,6461
19384,Decide,1970-04-27 00:09:44,6461
19385,Book hotel,1970-04-27 00:09:45,6461
19386,Check hotel,1970-04-27 00:09:46,6462
19387,Decide,1970-04-27 00:09:47,6462
19388,Book plane,1970-04-27 00:09:48,6462
19389,Check hotel,1970-04-27 00:09:49,6463
19390,Decide,1970-04-27 00:09:50,6463
19391,Book plane,1970-04-27 00:09:51,6463
19392,Check plane,1970-04-27 00:09:52,6464
19393,Decide,1970-04-27 00:09:53,6464
19394,Book hotel,1970-04-27 00:09:54,6464
19395,Check plane,1970-04-27 00:09:55,6465
19396,Decide,1970-04-27 00:09:56,6465
19397,Book hotel,1970-04-27 00:09:57,6465
19398,Check hotel,1970-04-27 00:09:58,6466
19399,Decide,1970-04-27 00:09:59,6466
19400,Book hotel,1970-04-27 00:10:00,6466
19401,Check hotel,1970-04-27 00:10:01,6467
19402,Decide,1970-04-27 00:10:02,6467
19403,Book plane,1970-04-27 00:10:03,6467
19404,Check plane,1970-04-27 00:10:04,6468
19405,Decide,1970-04-27 00:10:05,6468
19406,Book plane,1970-04-27 00:10:06,6468
19407,Check plane,1970-04-27 00:10:07,6469
19408,Decide,1970-04-27 00:10:08,6469
19409,Book hotel,1970-04-27 00:10:09,6469
19410,Check hotel,1970-04-27 00:10:10,6470
19411,Decide,1970-04-27 00:10:11,6470
19412,Book plane,1970-04-27 00:10:12,6470
19413,Check plane,1970-04-27 00:10:13,6471
19414,Decide,1970-04-27 00:10:14,6471
19415,Book hotel,1970-04-27 00:10:15,6471
19416,Check plane,1970-04-27 00:10:16,6472
19417,Decide,1970-04-27 00:10:17,6472
19418,Book hotel,1970-04-27 00:10:18,6472
19419,Check hotel,1970-04-27 00:10:19,6473
19420,Decide,1970-04-27 00:10:20,6473
19421,Book hotel,1970-04-27 00:10:21,6473
19422,Check plane,1970-04-27 00:10:22,6474
19423,Decide,1970-04-27 00:10:23,6474
19424,Book plane,1970-04-27 00:10:24,6474
19425,Check hotel,1970-04-27 00:10:25,6475
19426,Decide,1970-04-27 00:10:26,6475
19427,Book plane,1970-04-27 00:10:27,6475
19428,Check plane,1970-04-27 00:10:28,6476
19429,Decide,1970-04-27 00:10:29,6476
19430,Book hotel,1970-04-27 00:10:30,6476
19431,Check hotel,1970-04-27 00:10:31,6477
19432,Decide,1970-04-27 00:10:32,6477
19433,Book plane,1970-04-27 00:10:33,6477
19434,Check hotel,1970-04-27 00:10:34,6478
19435,Decide,1970-04-27 00:10:35,6478
19436,Book hotel,1970-04-27 00:10:36,6478
19437,Check plane,1970-04-27 00:10:37,6479
19438,Decide,1970-04-27 00:10:38,6479
19439,Book plane,1970-04-27 00:10:39,6479
19440,Check plane,1970-04-27 00:10:40,6480
19441,Decide,1970-04-27 00:10:41,6480
19442,Book plane,1970-04-27 00:10:42,6480
19443,Check plane,1970-04-27 00:10:43,6481
19444,Decide,1970-04-27 00:10:44,6481
19445,Book hotel,1970-04-27 00:10:45,6481
19446,Check plane,1970-04-27 00:10:46,6482
19447,Decide,1970-04-27 00:10:47,6482
19448,Book plane,1970-04-27 00:10:48,6482
19449,Check plane,1970-04-27 00:10:49,6483
19450,Decide,1970-04-27 00:10:50,6483
19451,Book hotel,1970-04-27 00:10:51,6483
19452,Check hotel,1970-04-27 00:10:52,6484
19453,Decide,1970-04-27 00:10:53,6484
19454,Book plane,1970-04-27 00:10:54,6484
19455,Check hotel,1970-04-27 00:10:55,6485
19456,Decide,1970-04-27 00:10:56,6485
19457,Book hotel,1970-04-27 00:10:57,6485
19458,Check hotel,1970-04-27 00:10:58,6486
19459,Decide,1970-04-27 00:10:59,6486
19460,Book hotel,1970-04-27 00:11:00,6486
19461,Check hotel,1970-04-27 00:11:01,6487
19462,Decide,1970-04-27 00:11:02,6487
19463,Book hotel,1970-04-27 00:11:03,6487
19464,Check hotel,1970-04-27 00:11:04,6488
19465,Decide,1970-04-27 00:11:05,6488
19466,Book hotel,1970-04-27 00:11:06,6488
19467,Check hotel,1970-04-27 00:11:07,6489
19468,Decide,1970-04-27 00:11:08,6489
19469,Book plane,1970-04-27 00:11:09,6489
19470,Check plane,1970-04-27 00:11:10,6490
19471,Decide,1970-04-27 00:11:11,6490
19472,Book hotel,1970-04-27 00:11:12,6490
19473,Check hotel,1970-04-27 00:11:13,6491
19474,Decide,1970-04-27 00:11:14,6491
19475,Book plane,1970-04-27 00:11:15,6491
19476,Check plane,1970-04-27 00:11:16,6492
19477,Decide,1970-04-27 00:11:17,6492
19478,Book plane,1970-04-27 00:11:18,6492
19479,Check hotel,1970-04-27 00:11:19,6493
19480,Decide,1970-04-27 00:11:20,6493
19481,Book plane,1970-04-27 00:11:21,6493
19482,Check hotel,1970-04-27 00:11:22,6494
19483,Decide,1970-04-27 00:11:23,6494
19484,Book hotel,1970-04-27 00:11:24,6494
19485,Check plane,1970-04-27 00:11:25,6495
19486,Decide,1970-04-27 00:11:26,6495
19487,Book plane,1970-04-27 00:11:27,6495
19488,Check plane,1970-04-27 00:11:28,6496
19489,Decide,1970-04-27 00:11:29,6496
19490,Book plane,1970-04-27 00:11:30,6496
19491,Check plane,1970-04-27 00:11:31,6497
19492,Decide,1970-04-27 00:11:32,6497
19493,Book plane,1970-04-27 00:11:33,6497
19494,Check plane,1970-04-27 00:11:34,6498
19495,Decide,1970-04-27 00:11:35,6498
19496,Book plane,1970-04-27 00:11:36,6498
19497,Check plane,1970-04-27 00:11:37,6499
19498,Decide,1970-04-27 00:11:38,6499
19499,Book hotel,1970-04-27 00:11:39,6499
